,3prime,tAI,max_5_UTR_length,TCGA-BH-A0AV,TCGA-BH-A0AV.1
AAK1,17874.0,0.380718848,505.0,0.151457,0.244313067
AATF,207.0,0.367011205,251.0,-0.077962,0.174619025
ABCC1,1793.0,0.393368456,175.0,0.836395,-0.104810218
ABCF3,5726.0,0.387768135,869.0,-0.984631,-0.250783238
ABHD12,654.0,0.374654709,279.0,-0.825838,-0.246869033
ABHD6,1639.0,0.384216096,505.0,-0.102805,0.517620191
ABR,2562.0,0.39474042,600.0,0.200409,0.151769631
ABT1,2092.0,0.423473096,40.0,1.051955,0.373504166
ACADVL,176.0,0.46877374,457.0,-1.201616,0.394360989
ACBD6,155.0,0.433964845,621.0,-0.243584,0.092117855
ACIN1,584.0,0.404933544,328.0,-0.698843,-0.327531048
ACO1,4661.0,0.37721508,227.0,0.415045,0.890311493
ACOT11,1220.0,0.392289045,176.0,0.30358,-0.191040925
ACOT9,4514.0,0.358892202,225.0,-0.050657,0.008400004
ACP2,814.0,0.411581374,548.0,-0.03475,-0.109774323
ACSF2,1484.0,0.405139059,501.0,-0.88875,0.140483964
ACSL1,1530.0,0.417966714,990.0,-0.18068,0.87485645
ACSL5,1022.0,0.380976548,307.0,-0.190768,0.204967114
ACTB,613.0,0.469768794,192.0,0.915329,0.120158027
ACTL6A,452.0,0.409046191,387.0,-0.17051,-0.016990451
ACTR1A,3151.0,0.432463663,108.0,0.233716,0.315878809
ADA,312.0,0.444091501,440.0,-0.282756,0.955426377
ADAMDEC1,715.0,0.41564171,547.0,2.956317,0.481088172
ADD1,1928.0,0.439806775,863.0,0.391972,0.466717912
ADPRH,2067.0,0.380088169,541.0,0.246666,0.30686008
ADSSL1,320.0,0.393141878,776.0,-1.811528,-0.198542724
AGAP3,508.0,0.436856677,1584.0,-0.389301,-0.216849714
AHNAK,842.0,0.382138706,300.0,-0.292795,0.119733761
AHSA1,225.0,0.374296292,431.0,-0.094179,-0.080663427
AIF1,121.0,0.4069451,222.0,-0.184722,0.378856028
AIFM2,1911.0,0.447982482,217.0,-0.600094,0.806962251
AK1,1528.0,0.389481519,153.0,-0.640718,0.091686762
AK2,2893.0,0.384271636,345.0,1.246704,0.16985278
AKR1C2,3804.0,0.449591167,413.0,-0.70304,1.291346728
AKR7A2,10996.0,0.385600504,22.0,-1.030499,-0.261099609
ALDH18A1,838.0,0.380333742,511.0,0.650372,-0.154465029
ALDH3A2,2525.0,0.42484639,221.0,-0.918396,-0.243871953
ALDH6A1,4647.0,0.38708374,724.0,-0.736459,-0.332172784
ALG1,2498.0,0.432230555,181.0,-0.234855,-0.496910081
ALG5,380.0,0.362014155,67.0,-0.083482,0.007012162
ALG9,4217.0,0.365461171,1107.0,-0.139678,-1.336708356
ALOX5AP,976.0,0.392577632,248.0,1.725618,0.323519287
AMBRA1,1041.0,0.36170155,362.0,0.01651,0.60498891
AMPD2,903.0,0.389224108,566.0,0.548768,0.067650363
AMPD3,1695.0,0.423686063,472.0,0.479768,0.528894124
ANAPC13,1361.0,0.393644021,731.0,0.145631,-0.294484434
ANAPC5,235.0,0.390209877,197.0,-0.437156,-0.167402338
ANKLE2,1737.0,0.418251419,90.0,0.287363,0.198326192
ANKRD16,135.0,0.465649334,543.0,-0.815205,-0.58241827
ANKRD35,249.0,0.402949835,108.0,-0.681553,-0.541971231
ANXA2,496.0,0.429738522,160.0,1.301474,0.425822699
ANXA5,1441.0,0.418050335,165.0,1.038626,0.381768336
AP1B1,1153.0,0.424070668,187.0,0.393941,0.08417137
AP1M1,914.0,0.463388599,173.0,-0.161705,-0.013952275
APBA1,3797.0,0.387421148,276.0,1.805074,-0.22275475
APIP,427.0,0.433104693,127.0,-0.521756,-0.300217575
APOBEC3B,339.0,0.43450554,55.0,2.140023,-0.137791523
APOBEC3C,1979.0,0.381716897,103.0,1.436623,0.630455817
APOBEC3G,322.0,0.410940579,404.0,-1.496638,0.065501533
APOL2,1195.0,0.42932248,477.0,-0.736232,-0.600545895
ARF6,2971.0,0.462806813,621.0,0.354143,0.139374912
ARFIP2,2430.0,0.403729309,291.0,-1.064148,-0.525101042
ARHGAP17,2624.0,0.371011524,117.0,0.272725,0.611909779
ARHGAP30,773.0,0.384451823,645.0,-0.53814,0.64357581
ARHGEF10,1378.0,0.370244255,202.0,-0.575076,0.304513493
ARID2,3145.0,0.362288628,128.0,-0.406705,-0.120017874
ARID3A,3881.0,0.411693449,290.0,-0.115969,0.434582481
ARIH2,3112.0,0.397061561,878.0,0.436383,0.366129877
ARL8A,1065.0,0.409602486,171.0,0.274981,0.194728944
ARRB1,6041.0,0.39512759,224.0,-1.5633,-0.085571592
ASF1B,950.0,0.395794233,172.0,-0.098482,-0.47941451
ASS1,1357.0,0.394201053,356.0,1.259695,0.390054149
ATPAF1,3039.0,0.439253133,510.0,-0.159962,0.047555204
ATRIP,162.0,0.417082642,462.0,-0.115982,0.060490533
B4GALT7,4483.0,0.433879574,93.0,-0.867279,-0.249088693
BAG1,2764.0,0.431693656,501.0,-0.334614,0.015064139
BAG3,537.0,0.387438444,306.0,0.648527,-0.019326302
BASP1,971.0,0.520859146,259.0,1.018428,0.384803581
BBS7,1531.0,0.408023089,184.0,0.689275,0.47179569
BCAT2,364.0,0.445598481,657.0,-0.727977,-0.101932532
BCKDHB,3082.0,0.419736544,88.0,-0.550637,0.071645563
BCL2,5279.0,0.374049285,493.0,-3.20153,0.443371647
BCL2L13,4109.0,0.411790332,769.0,0.725295,-0.089935883
BID,4193.0,0.428633517,498.0,-0.151467,0.076338072
BLVRA,3376.0,0.414260839,177.0,-2.204927,-0.410472273
BOLA2,40.0,0.43059393,513.0,-0.388605,-0.350112078
BOLA3,383.0,0.406657227,38.0,-0.516432,-0.518935558
BRD2,787.0,0.377809737,2066.0,0.342139,0.134576298
BRD3,3285.0,0.401150236,188.0,0.28262,0.162333285
BSPRY,1091.0,0.380011644,48.0,0.004146,-0.414843137
BST2,411.0,0.444557266,81.0,-1.346592,-0.483086563
BUB3,1535.0,0.421992618,242.0,-0.012117,0.040576529
C1QB,152.0,0.436596666,340.0,-1.007962,0.523845406
C1QC,327.0,0.41150294,283.0,-0.707261,0.416738117
C2CD3,671.0,0.360398895,227.0,-0.188053,0.12026717
C3,5088.0,0.430632158,93.0,-0.908157,1.131883176
CAP1,1134.0,0.406948565,416.0,1.011316,0.229314047
CAPN1,720.0,0.455130071,197.0,-0.378909,-0.066993344
CAPRIN1,5632.0,0.374918508,189.0,-0.079322,-0.276625719
CAPZB,5180.0,0.446052528,622.0,0.335661,0.19758466
CARD16,437.0,0.41300235,27.0,-0.555147,0.913141613
CARHSP1,4898.0,0.362100245,360.0,1.248084,-0.062799504
CASC3,1778.0,0.370720542,295.0,-0.31107,-0.727526713
CASP1,750.0,0.424742838,44.0,0.045501,0.437359431
CASP8,1794.0,0.376118708,303.0,0.01308,0.258868021
CAT,629.0,0.397270122,89.0,0.059384,0.455197231
CBL,8368.0,0.375957197,142.0,0.356939,0.407921962
CBLL1,3286.0,0.400851504,467.0,-0.649435,-0.012271985
CBR3,54.0,0.445176236,228.0,0.855174,-0.076178402
CBS,4385.0,0.477784031,626.0,2.821441,-0.146798266
CBX5,10815.0,0.390902295,318.0,0.199269,0.130927014
CBX8,2504.0,0.36735217,118.0,-1.006267,-0.455692046
CCDC115,2169.0,0.385110507,452.0,0.127442,-0.193115205
CCDC58,2462.0,0.421830022,75.0,-0.108231,-0.282976685
CCDC88C,1302.0,0.396031427,154.0,-1.453973,-0.504837836
CCL5,886.0,0.462166288,68.0,-0.495117,-0.039052714
CCNA2,1206.0,0.409154498,373.0,1.375585,-2.25155118
CCNDBP1,2336.0,0.44393643,231.0,-0.230321,-0.245341175
CCS,4244.0,0.460896681,43.0,-1.342137,-0.198033291
CCT3,238.0,0.457984718,231.0,-0.210892,-0.173190538
CCT4,1361.0,0.393363555,164.0,1.759612,-0.124173914
CD14,128.0,0.416321757,392.0,0.568149,0.457408598
CD209,3046.0,0.440000747,67.0,0.005227,1.633635183
CD36,2894.0,0.410517795,414.0,-0.468756,1.355478299
CD40,982.0,0.429065654,90.0,0.101023,0.537550508
CD44,3115.0,0.39995987,434.0,0.219394,-0.447550794
CD63,923.0,0.512738356,403.0,-0.406996,-0.683555947
CD74,635.0,0.427357309,187.0,-0.61569,0.226806649
CDC25C,437.0,0.364786128,387.0,0.812055,-0.084417977
CDC26,271.0,0.395637029,359.0,-0.067172,-0.153958418
CDC34,560.0,0.46431386,199.0,-0.683041,-0.511473749
CDC42EP3,3941.0,0.420378821,1009.0,1.310802,0.369967158
CDCA8,1353.0,0.384295288,290.0,1.774007,0.128248044
CDIPT,1864.0,0.442654716,541.0,-0.109077,-0.879592575
CDK1,2313.0,0.398329505,154.0,0.099679,-0.593831985
CDK19,4557.0,0.421511824,180.0,1.689469,0.270328035
CDK2AP1,766.0,0.439144625,522.0,0.310111,0.05362947
CDK5RAP2,367.0,0.371069462,192.0,0.505686,-0.001676036
CDK5RAP3,284.0,0.469750898,1791.0,-1.058127,-0.014044105
CDKAL1,1365.0,0.417875209,167.0,1.861397,0.275842741
CDKN2AIPNL,3639.0,0.409801696,53.0,-0.723805,-0.411368365
CDKN2C,2247.0,0.381912025,1216.0,0.997977,0.597585059
CEBPD,1714.0,0.430497143,44.0,1.026736,0.581092449
CENPV,301.0,0.385948267,62.0,-2.086841,-0.606352857
CEP55,939.0,0.397841874,304.0,2.301374,-0.064673122
CES3,2100.0,0.377378956,446.0,-2.884497,-0.125128978
CETN2,868.0,0.433727498,47.0,-0.487596,-0.187516836
CFL1,677.0,0.502791,234.0,-0.239328,-0.331447725
CHAC2,786.0,0.395629742,277.0,1.258202,0.508128019
CHCHD4,3528.0,0.445497334,326.0,0.082609,-0.065556865
CHMP4A,296.0,0.447100154,262.0,-0.882532,-0.240569956
CHMP5,1241.0,0.442987983,200.0,-0.440931,-0.242840945
CHMP6,980.0,0.489861105,78.0,0.229114,0.281085596
CHTF8,2425.0,0.424551152,142.0,0.587236,0.112964585
CIAPIN1,1024.0,0.451663323,242.0,0.183739,-0.258390161
CISD2,5376.0,0.433298698,107.0,-0.103358,-0.816895138
CKAP4,2872.0,0.386259817,84.0,0.237308,-0.284735544
CKS2,300.0,0.317949998,98.0,0.962327,-0.385068402
CLCC1,5185.0,0.369704467,150.0,0.093582,-0.943101218
CLCN7,1698.0,0.459147749,110.0,-1.1932,-0.489748843
CLIC1,290.0,0.4571302,573.0,0.824858,0.319833959
CLK3,1233.0,0.4268607,461.0,0.322603,-0.089854025
CLPTM1,458.0,0.383990827,351.0,-0.514359,-0.239555879
CLTA,288.0,0.450950874,514.0,0.666308,-0.207598438
CLTB,319.0,0.48548545,210.0,-1.03562,-0.062939778
CLTC,3104.0,0.384957863,443.0,0.545296,-0.079643389
CNBP,6850.0,0.433298698,206.0,0.646971,-0.107501388
CNPY2,123.0,0.392778455,553.0,-0.613802,-0.112912182
CNPY3,1042.0,0.459231502,584.0,0.020711,0.112595432
COG3,1967.0,0.414689223,142.0,-0.269792,-0.30015622
COMMD1,306.0,0.423842833,138.0,0.764557,0.421773613
COMMD3,431.0,0.360487018,35.0,-0.662608,0.376511466
COMMD5,498.0,0.445713337,399.0,-0.609329,0.317000487
COMMD6,1375.0,0.396967837,328.0,0.675323,0.509367117
COMMD9,2340.0,0.418062772,89.0,0.162441,0.290227727
COPB1,446.0,0.381738818,307.0,0.196721,-0.214514882
COPE,165.0,0.478760693,55.0,-0.825817,0.125536495
COQ6,671.0,0.374062527,159.0,-0.835858,0.325716646
COQ7,5700.0,0.42379098,133.0,-0.284072,0.208953937
CORO1A,112.0,0.457388252,435.0,-0.827669,0.660981239
COX17,1735.0,0.484254073,86.0,-0.560563,-0.525286053
COX5A,860.0,0.429944966,140.0,0.737717,-0.269587543
COX7A2,302.0,0.441893926,98.0,0.256959,-0.022929727
CPM,5262.0,0.406054343,75.0,0.184474,-0.442087839
CPSF4,923.0,0.452412439,277.0,-0.883745,0.063489873
CPT1A,2761.0,0.374132033,170.0,-1.152204,-0.532639391
CPT2,602.0,0.431256564,515.0,0.079263,-0.262244132
CRCP,8457.0,0.390198146,145.0,-0.650799,-1.027357948
CRKL,3904.0,0.422225684,509.0,0.702458,0.233702065
CRTAP,5601.0,0.446308827,120.0,0.242565,0.583125904
CRTC3,3205.0,0.355982524,186.0,1.065962,0.276804662
CRY2,2337.0,0.383442872,132.0,-0.212244,0.403836347
CRYL1,462.0,0.386242786,79.0,-0.770087,0.350464999
CSRP1,1183.0,0.493833101,217.0,1.022305,0.207066696
CST3,2762.0,0.475763324,186.0,-0.95427,0.369138345
CSTF2,1931.0,0.372934478,58.0,0.284231,-0.024435084
CTBP1,800.0,0.464034004,393.0,-0.024656,0.186908932
CTNNA1,1216.0,0.412513324,1103.0,0.142313,-0.232540961
CTNNB1,1106.0,0.432073699,448.0,1.282493,-0.30155419
CTNNBIP1,2448.0,0.394834327,307.0,0.008928,0.209972888
CTPS2,1870.0,0.416273085,744.0,-0.416404,-0.291689561
CTSG,119.0,0.369503415,37.0,-0.561103,0.691044853
CTSH,1072.0,0.446467856,1192.0,-1.077593,0.162075344
CUEDC1,2047.0,0.374410739,719.0,-0.197527,-0.273074942
CUX1,1040.0,0.395555213,127.0,0.598818,0.075370761
CXCL10,814.0,0.410287201,105.0,-1.157006,-0.539648922
CXCL9,2323.0,0.403736618,74.0,-1.817768,-0.349833285
CYBB,2544.0,0.418993019,61.0,0.456504,-0.321684611
CYP2S1,1051.0,0.420869286,58.0,0.283544,-0.096134282
CYTH4,1837.0,0.406296106,377.0,-0.269339,0.808279274
DAB2,1757.0,0.368483127,531.0,0.834023,0.612537705
DAGLB,721.0,0.377719723,170.0,0.050799,-0.436087216
DAP3,768.0,0.366492687,184.0,-0.368479,-0.102307887
DAPP1,2082.0,0.348655603,90.0,1.816987,0.664984335
DBI,233.0,0.467027529,479.0,0.048431,-0.070442738
DCAF8,1877.0,0.380310979,212.0,-0.768657,-0.347531954
DCP1A,4153.0,0.411936399,381.0,0.740869,0.491953655
DCPS,4731.0,0.375605648,329.0,-0.198778,0.200944683
DCTN5,10597.0,0.443116252,177.0,0.66392,-0.03506866
DDAH2,653.0,0.361046801,1104.0,-0.436237,0.176551185
DDB2,1223.0,0.43604051,195.0,0.656914,0.304506189
DDX23,713.0,0.445931172,91.0,0.090068,0.058372029
DDX31,1870.0,0.361830896,544.0,0.611091,-0.020129481
DDX47,438.0,0.379294484,22.0,1.383353,0.219308729
DDX54,1704.0,0.467316231,28.0,-1.0874,0.012620166
DDX56,586.0,0.438032149,643.0,0.113006,0.126984976
DDX59,217.0,0.413095257,243.0,0.181845,0.140300638
DHODH,3463.0,0.371608285,21.0,-0.961127,0.074953906
DHPS,121.0,0.474111752,121.0,-0.618082,-0.169123223
DHX15,459.0,0.379133957,168.0,0.321885,0.083057344
DHX34,591.0,0.384465978,349.0,-0.233329,-0.120509076
DHX58,357.0,0.440330409,223.0,-1.830427,-0.722705795
DIABLO,719.0,0.425893605,1182.0,-0.063915,-0.135290988
DMAP1,63.0,0.471306,301.0,-0.46817,-0.021158143
DMXL2,1274.0,0.389901613,225.0,-0.088881,0.128912639
DNAJA4,1736.0,0.398301408,169.0,0.470067,-0.085755859
DNAJC19,1326.0,0.403482491,259.0,-1.169413,-0.297055144
DNAJC25,1212.0,0.430964931,56.0,0.116528,0.115430717
DNAJC8,969.0,0.416719859,33.0,0.207122,-0.050905466
DNM1,1255.0,0.393835111,116.0,0.884006,0.772413183
DNTTIP2,3564.0,0.408096853,58.0,0.651255,0.304854599
DOCK11,3681.0,0.373818855,63.0,1.439942,0.692266448
DOCK2,524.0,0.446250827,52.0,-0.054334,0.900602603
DOK2,438.0,0.384043737,481.0,-0.662843,0.714060737
DPCD,197.0,0.459155016,389.0,-0.771279,-0.647830205
DPF2,2501.0,0.393394442,133.0,-0.600823,-0.077071825
DPH1,1310.0,0.448716064,341.0,-0.795501,-0.248058162
DPH5,784.0,0.413363166,165.0,-0.261546,0.185734993
DPY30,562.0,0.438431353,279.0,0.641149,0.139621426
DPYSL2,2472.0,0.430530829,431.0,1.932783,0.813809951
DRAP1,142.0,0.432809908,245.0,-1.277212,0.14819973
DRG1,4594.0,0.444150091,131.0,0.604902,0.217841776
DSN1,5330.0,0.392894937,373.0,0.166104,0.157545584
DSTN,2786.0,0.375776803,438.0,-0.368634,-0.42624436
DTL,2265.0,0.372315747,921.0,-0.426296,0.04918777
DTX3L,3456.0,0.408848169,89.0,0.207057,-0.294549522
DUSP12,374.0,0.419884133,34.0,-0.381202,-0.006279311
DUT,1937.0,0.36471409,109.0,0.091749,-0.327770582
DYNLT1,514.0,0.420362019,78.0,-0.117327,0.241996346
EBAG9,1437.0,0.39438748,402.0,-0.227516,-0.057666265
ECH1,191.0,0.389477111,85.0,-1.133473,-0.078674915
ECHDC2,2269.0,0.400166641,752.0,-1.327508,-0.029626012
ECM1,322.0,0.43792189,199.0,1.868709,0.765912131
EDEM2,76.0,0.379021051,100.0,-0.439651,0.440413651
EEA1,5374.0,0.405861636,265.0,-0.103245,0.378920195
EEF1A2,286.0,0.417272363,329.0,-6.741986,-0.22398863
EFTUD2,1331.0,0.444646836,398.0,0.409292,0.018396333
EHD1,3363.0,0.446314898,447.0,-0.29995,0.283622712
EIF2AK2,8063.0,0.394727306,557.0,0.717105,-0.06936716
EIF2B3,1058.0,0.383118637,239.0,0.014193,0.002366157
EIF3F,5840.0,0.435728237,33.0,0.005435,0.221659908
EIF3L,1718.0,0.380710116,245.0,0.971702,0.134731441
EIF4A3,1120.0,0.381528282,222.0,0.431634,0.027882674
ELAVL1,4910.0,0.437605432,167.0,0.116337,-0.146710582
EMG1,248.0,0.433768095,143.0,1.25912,0.422043535
EMILIN2,2605.0,0.379592019,159.0,0.676982,0.051935978
ENDOD1,7728.0,0.376426787,118.0,0.633894,-0.003693766
ENOSF1,2904.0,0.382279782,622.0,-1.330764,-0.235689171
ENY2,2576.0,0.41756619,146.0,0.304161,-0.180846962
EPSTI1,2106.0,0.391777705,469.0,0.584901,0.012348187
ERCC1,2342.0,0.45058755,188.0,-0.287955,-0.097199644
ERCC6L,4809.0,0.354829683,623.0,0.740029,-0.601032566
ERH,415.0,0.383837906,71.0,-0.394746,-0.069265064
ERLIN1,2041.0,0.444737514,478.0,1.167766,-0.131871857
ERP29,1277.0,0.401191178,118.0,-1.118544,-0.154746041
ETV6,4356.0,0.398240844,274.0,1.426936,0.169391085
EXOC4,1232.0,0.388187525,35.0,0.299612,0.016043167
EXOC8,6907.0,0.436106501,127.0,0.20492,-0.058536604
EXOSC1,536.0,0.430105347,451.0,0.116759,0.279453527
EXOSC2,3902.0,0.431273517,32.0,0.52676,-0.079795518
F8A1,571.0,0.46317284,15.0,-0.151006,0.083328286
FAAH,2043.0,0.384592892,82.0,-1.176331,-0.64028102
FAF1,4425.0,0.401181969,453.0,1.200742,0.281559501
FAM122A,4542.0,0.40477622,33.0,0.098446,0.414323136
FAM168A,6285.0,0.395008865,285.0,0.535521,0.359603809
FAM177A1,2165.0,0.411149627,459.0,0.452899,-0.099737568
FAM192A,1824.0,0.379195199,1475.0,-0.26876,-0.614035516
FAM20B,4428.0,0.4357945,293.0,-0.012109,-0.23282334
FAM32A,1091.0,0.408676074,42.0,-0.127821,0.009439812
FAM50A,286.0,0.482889735,110.0,-0.553159,-0.027706363
FBP1,248.0,0.397353747,331.0,-3.214087,-0.818765936
FBXL20,9338.0,0.383104745,254.0,-0.341182,-0.145474411
FBXO4,526.0,0.393825218,58.0,-0.160994,0.080367262
FBXO6,503.0,0.42307306,166.0,-1.248379,-1.008650821
FCER1G,305.0,0.4202976,25.0,0.723453,-0.557025766
FCGRT,309.0,0.433069976,486.0,-0.688196,0.394565221
FCHO1,270.0,0.372951657,283.0,0.504074,0.97999701
FDPS,72.0,0.456397562,392.0,1.538247,0.181755568
FDXR,596.0,0.384661194,188.0,-1.380392,-0.434172589
FEN1,1340.0,0.407867196,413.0,0.632607,0.285342694
FERMT3,399.0,0.435119014,149.0,-0.095566,0.44267925
FGD2,907.0,0.441856308,171.0,0.626638,0.751533039
FGFR1OP2,1663.0,0.396595515,353.0,0.986722,0.18265814
FGL2,3460.0,0.40966218,40.0,-0.902594,0.508421192
FKBP1A,1132.0,0.428443098,174.0,0.376485,0.455225096
FKBPL,24.0,0.377510344,270.0,0.97421,0.03701542
FLOT1,422.0,0.472159534,339.0,0.379094,-0.157363191
FN3K,442.0,0.389857108,61.0,-0.624726,-0.743651527
FN3KRP,3667.0,0.380720834,50.0,-0.131281,-0.470333679
FOXJ3,3176.0,0.401878681,312.0,0.3483,-0.181974803
FOXK2,3108.0,0.440496276,171.0,0.726948,-0.253306812
FOXRED1,443.0,0.438630908,167.0,-0.49592,0.031292495
FSCN1,1184.0,0.396100853,132.0,2.624692,0.616837864
FTH1,530.0,0.425357612,235.0,0.163903,0.182904575
FTL,1031.0,0.428438948,199.0,0.65495,0.387700853
FTSJ1,638.0,0.457521275,569.0,0.57949,0.266943943
FTSJ3,698.0,0.388239396,646.0,0.212061,0.144119052
FXN,6365.0,0.40465004,220.0,0.234948,-0.010654336
GABARAPL2,564.0,0.431291441,136.0,-0.069276,0.353190787
GABPB1,1320.0,0.423118524,469.0,0.181374,-0.441156796
GALK1,292.0,0.455574511,63.0,-0.08712,0.035049802
GANAB,989.0,0.425909644,1027.0,-0.029278,-0.044480153
GAS6,315.0,0.393865445,183.0,0.433064,0.008927554
GAS7,6619.0,0.423630168,311.0,0.241589,0.379624302
GBE1,708.0,0.404013874,283.0,1.108707,0.112964943
GBP1,1735.0,0.42614962,220.0,1.065283,-0.440992346
GBP2,5058.0,0.440134196,314.0,-0.272585,-0.095694199
GBP4,4106.0,0.42983554,116.0,-1.967542,-0.231420051
GBP5,1753.0,0.421901204,537.0,0.260984,-0.329559775
GCH1,2011.0,0.419329122,161.0,-1.198247,-0.54470076
GFOD2,622.0,0.396604754,295.0,-0.582893,0.001718975
GGA2,5408.0,0.377812588,83.0,0.91394,0.127620517
GGCX,5211.0,0.417836117,106.0,0.22016,-0.655038206
GIGYF1,2212.0,0.443456438,1210.0,-1.534936,0.128503875
GINS3,1415.0,0.387351931,208.0,0.587511,-0.582977187
GLA,1699.0,0.378726947,110.0,-0.620503,-0.037521032
GLE1,1357.0,0.383457083,114.0,0.35356,0.018075032
GLRX,1188.0,0.430296645,211.0,-0.409995,0.201151403
GLRX3,3557.0,0.41418463,539.0,0.310322,0.029343406
GLUD1,1558.0,0.392454008,1132.0,-0.853706,0.104919323
GLYR1,2033.0,0.39940414,57.0,-0.550546,0.319914613
GMEB1,4582.0,0.43446142,142.0,1.222682,0.314637093
GMPPA,198.0,0.434966364,375.0,-0.564334,-0.186602778
GMPR,3984.0,0.435743929,114.0,0.02377,-0.185143432
GMPR2,464.0,0.453637396,704.0,-0.643068,-0.030020379
GNAI1,1947.0,0.435804474,356.0,0.256932,0.274434337
GNG7,3803.0,0.398730372,237.0,0.359071,0.358861043
GNPDA1,1360.0,0.395964134,67.0,-0.251057,0.332600161
GOLGA2,1243.0,0.401070546,13.0,0.329099,-0.38630439
GON4L,926.0,0.418089888,175.0,-0.339017,-0.454310314
GOSR1,5968.0,0.408103421,237.0,-0.212317,-0.578454934
GOSR2,3258.0,0.374298057,541.0,0.138359,-0.641253127
GOT2,1054.0,0.444803236,129.0,-0.912633,-0.250488683
GPS2,97.0,0.431122181,76.0,-0.172311,0.486322043
GPSM2,4697.0,0.401967226,496.0,2.586064,1.330086369
GPX7,626.0,0.395840774,39.0,2.239724,1.054458051
GRAMD1A,299.0,0.411657297,748.0,-0.23794,-0.64038711
GRB2,2292.0,0.4413596,358.0,-0.126844,-0.062521224
GSTM4,2467.0,0.390909061,314.0,-0.618083,0.025579404
GTF2A2,1070.0,0.420716795,404.0,0.239782,-0.152928366
GTF2E2,604.0,0.365750105,273.0,0.173316,-0.131616046
GTF3C2,932.0,0.372227001,397.0,0.554233,0.023516178
GTPBP1,2894.0,0.424954603,154.0,0.382056,0.139202462
GTPBP3,1032.0,0.436547413,95.0,-1.379877,-0.263982365
GTSE1,680.0,0.368527868,212.0,1.68247,0.660936031
HADH,818.0,0.383558671,219.0,-0.801377,-0.104247138
HADHA,615.0,0.383558671,130.0,0.076247,0.226166313
HAUS5,3319.0,0.378752573,51.0,0.381461,0.040940235
HAUS8,346.0,0.37535995,111.0,0.150053,-0.462221185
HCCS,1274.0,0.398607648,275.0,0.362458,-0.180332814
HCK,337.0,0.440224323,364.0,-0.015214,0.19664579
HDAC1,591.0,0.390040122,63.0,0.038433,0.009570903
HDDC3,763.0,0.387287166,29.0,0.442599,0.134650582
HDGF,1342.0,0.465394593,322.0,0.293241,-0.35521444
HDLBP,2343.0,0.397687311,375.0,0.424417,0.127865046
HEATR3,1385.0,0.384091545,883.0,-0.216981,-0.294666597
HEBP2,9119.0,0.359416339,297.0,1.270582,0.46732198
HECA,3704.0,0.443714129,285.0,1.055621,0.284623228
HECTD3,3914.0,0.446742268,98.0,-0.555191,0.075649808
HERC2,726.0,0.429958504,109.0,-0.23331,-0.382634439
HERC5,379.0,0.393838904,153.0,0.142033,-0.039039847
HIP1,4874.0,0.430847644,52.0,0.173735,0.132481141
HLA-A,4150.0,0.424443523,84.0,0.034415,0.194295938
HLA-C,420.0,0.421684519,65.0,-0.776571,-0.154555872
HLA-DRA,409.0,0.420807891,109.0,-0.288197,0.359536718
HLA-E,1459.0,0.413523771,126.0,-0.269808,0.135186254
HLA-F,121.0,0.407256461,124.0,-0.311863,-0.877070478
HMBS,266.0,0.451934812,299.0,-0.650525,-0.02911641
HMGB2,3775.0,0.450826504,193.0,0.281958,-0.554702559
HMGCS1,3661.0,0.374424323,345.0,0.768809,-0.231226942
HMOX1,616.0,0.436401717,107.0,1.586729,0.036186443
HNRNPA0,7504.0,0.386421138,284.0,-0.161099,-0.156708753
HNRNPD,1688.0,0.420386111,318.0,-0.048764,-0.213142805
HNRNPL,1102.0,0.449817015,176.0,-0.204673,-0.085902029
HNRNPU,4156.0,0.432126199,218.0,0.237142,0.014167977
HNRNPUL1,2135.0,0.394022965,339.0,-0.018496,0.275990016
HNRNPUL2,2674.0,0.436897081,229.0,-0.234295,-0.03032583
HSBP1,3274.0,0.4454546,174.0,-0.333812,0.218426692
HSD17B7,398.0,0.431983247,99.0,-1.063596,-0.440960397
HSP90AB1,313.0,0.39509298,251.0,0.447352,-0.331613256
HSPA1L,428.0,0.464100714,183.0,0.415298,0.328626091
HSPA4L,7877.0,0.413794867,342.0,-0.42197,-0.620233353
HSPB11,107.0,0.34538245,284.0,-0.439292,0.264119866
HTRA2,571.0,0.421976635,602.0,0.096203,0.474138338
HTT,3901.0,0.373695076,145.0,0.388543,0.025165214
HUS1,2068.0,0.374612864,131.0,0.371784,0.199938677
HYI,310.0,0.378597605,196.0,-0.584677,0.335694246
HYOU1,1409.0,0.403839016,234.0,-0.281757,-0.251542411
ICAM1,1537.0,0.426062071,319.0,1.577939,0.125053363
IER3IP1,3342.0,0.438740024,97.0,0.255063,-0.025389227
IFI16,254.0,0.415211655,290.0,1.370314,0.631272154
IFI30,213.0,0.431523306,62.0,-0.018776,-0.568358143
IFI35,160.0,0.418462024,223.0,-1.452201,-0.23223287
IFI44,267.0,0.403888008,124.0,0.484031,-0.972863743
IFI44L,5058.0,0.403608012,200.0,-0.802577,-0.886501436
IFIH1,121.0,0.412344512,377.0,0.900855,0.174136522
IFIT1,2775.0,0.411248073,495.0,-0.173977,-0.537446115
IFIT2,1901.0,0.420797646,175.0,0.848109,-0.259878506
IFIT3,843.0,0.417440574,529.0,-0.717684,-0.278832424
IFIT5,2354.0,0.414819429,231.0,-0.053303,-0.094779092
IFT27,109.0,0.4030938,426.0,-1.015978,0.060034062
IGFBP3,1605.0,0.43060006,132.0,1.529546,0.556788415
IGFBP7,558.0,0.392734536,34.0,0.81375,0.096358941
IKBKE,745.0,0.435100597,714.0,-0.509679,0.490924116
IL16,3965.0,0.367979445,2395.0,-0.148111,0.990327171
IL17RA,5874.0,0.376798811,133.0,0.599622,0.180562463
IL1RN,1145.0,0.411881061,408.0,-1.141115,-0.560923362
IL4I1,16.0,0.4139018,621.0,1.511751,0.051385162
ILF2,656.0,0.426220446,239.0,1.901445,-0.127633611
IMPA2,2898.0,0.383680893,242.0,0.982902,-0.806913875
INO80,5209.0,0.374025479,351.0,-0.222924,-0.183176115
INPP1,263.0,0.395712795,700.0,-0.04708,0.535051349
INPP5D,1195.0,0.436077769,512.0,-0.827204,0.885187299
INSR,4801.0,0.380857973,411.0,-0.554908,-0.484049358
IPO5,2508.0,0.381335948,180.0,0.984975,0.0826522
IRF7,92.0,0.423538356,367.0,-1.015606,0.180238503
IRF8,1327.0,0.384714127,507.0,-0.703625,1.012658029
IRF9,369.0,0.432057622,127.0,-0.883371,-0.353198577
IRGQ,7659.0,0.399674011,156.0,-0.594177,-0.300652757
ISCU,607.0,0.454630229,1331.0,-0.862344,-0.175752
ISG15,62.0,0.419522688,77.0,-1.179962,-0.890453449
ISG20,952.0,0.419932377,2368.0,0.744952,0.643382694
ISOC1,1056.0,0.418535314,18.0,-1.206903,-0.216671419
ITGB2,415.0,0.457304004,395.0,0.624442,-0.056186048
ITPKB,2981.0,0.440250717,340.0,2.109875,0.756879173
ITPRIP,5382.0,0.396785481,453.0,1.505521,-0.081780876
JUNB,496.0,0.414023332,276.0,-0.098309,0.680275351
JUP,157.0,0.458302936,298.0,0.201554,-0.336599518
KANK2,2291.0,0.394238955,361.0,0.128386,0.337058764
KARS,4202.0,0.383913431,144.0,0.259793,0.03215632
KCNN4,560.0,0.425737469,396.0,1.779856,-1.320157731
KDM1A,327.0,0.428444011,149.0,0.204956,-0.132294607
KDM2A,3716.0,0.372295488,864.0,0.074651,-0.17811359
KDM2B,2488.0,0.393022165,407.0,-0.141227,0.09906299
KDM3B,1327.0,0.37791414,200.0,-0.275533,-0.001152576
KDM4A,1148.0,0.378142374,166.0,0.15675,-0.247284534
KHSRP,1024.0,0.456900489,110.0,-0.004944,-0.262982204
KIAA2013,727.0,0.385456054,191.0,0.237617,0.223474968
KIF20A,757.0,0.371463873,496.0,1.680224,0.342859741
KIF22,75.0,0.392489541,388.0,0.059241,0.101309697
KIF2C,588.0,0.387865377,395.0,1.466403,-0.007161467
KIF3B,3792.0,0.390782105,180.0,-0.664073,-0.192571734
KIF3C,2392.0,0.403852971,657.0,1.636965,-0.121899268
KIF5B,3198.0,0.418236129,470.0,0.271572,-0.187608368
KLHL7,3616.0,0.41595405,521.0,1.098428,0.340606199
KTI12,594.0,0.370414154,39.0,0.760153,0.400177127
LAMP1,1311.0,0.390985106,281.0,0.547938,-0.003380596
LANCL2,2422.0,0.433733517,578.0,0.743719,-0.344299303
LAP3,503.0,0.426841798,162.0,-0.357256,0.182917451
LDHD,1826.0,0.398770776,52.0,-1.185193,0.196014824
LENG1,560.0,0.445950324,48.0,-0.836169,-0.750987127
LGALS3,159.0,0.420172221,88.0,-0.23408,-0.208395901
LGALS3BP,1225.0,0.419930622,179.0,0.245426,0.054948811
LGALS9,641.0,0.410654931,118.0,-0.956186,0.113700186
LIN54,4893.0,0.441729058,383.0,-0.091109,0.177173293
LPCAT1,2228.0,0.380803123,133.0,2.321227,0.190258047
LPXN,1776.0,0.432350833,254.0,0.273217,0.699233789
LRPPRC,2376.0,0.377375074,58.0,1.65789,-0.106278863
LRRC41,465.0,0.438391248,44.0,0.584721,-0.076458888
LRRC59,1755.0,0.423067849,236.0,0.269679,-0.421885629
LSM1,486.0,0.409616526,410.0,-0.499253,0.175079655
LSM6,1871.0,0.435100303,139.0,-0.11934,0.390208634
LTA4H,391.0,0.355044638,145.0,-0.137377,0.054487389
LYN,4058.0,0.418972994,282.0,1.523393,0.491156077
LYPLAL1,1137.0,0.3973742,157.0,-1.621659,-0.079315309
LYRM4,6830.0,0.366844497,217.0,0.313854,-0.370167075
LYSMD2,596.0,0.394037378,501.0,-0.106793,0.666189395
M6PR,1457.0,0.379162834,275.0,0.640096,-0.283035326
MAD2L1,4528.0,0.407191351,124.0,0.298249,-0.273162108
MAFB,2032.0,0.405989564,390.0,-0.09769,0.819445529
MAGED2,327.0,0.466698843,233.0,-0.842591,-0.810119668
MAGOH,153.0,0.416054235,162.0,0.428588,0.389525699
MAN2B1,128.0,0.381728903,76.0,-0.099466,0.077159458
MANF,717.0,0.420319188,97.0,0.469193,0.109561801
MAP4K1,170.0,0.374128007,140.0,0.909403,0.939958628
MARCKSL1,768.0,0.468216312,206.0,-1.043076,-0.627409977
MAX,2676.0,0.337149475,479.0,-0.506879,-0.55627605
MBD2,3723.0,0.420256858,229.0,0.427058,0.192466348
MBP,4041.0,0.393290432,264.0,1.689424,-0.465015925
MCM2,662.0,0.460999542,110.0,2.150316,0.484332348
MCM4,2618.0,0.371821308,942.0,2.11989,0.493127968
MCM5,3214.0,0.470488076,94.0,1.075899,0.497422419
MDC1,658.0,0.415783633,440.0,1.718529,0.20355407
MDH1,210.0,0.381672323,435.0,1.326381,0.061733115
ME1,1535.0,0.411214685,265.0,-0.423908,0.155707771
ME3,171.0,0.395156177,377.0,-0.462461,0.756825357
MECR,1365.0,0.445670958,612.0,0.069509,0.011341355
MED17,2631.0,0.366528813,275.0,1.259871,0.310219821
MED19,934.0,0.439623042,93.0,-0.381822,0.014169117
MED28,10307.0,0.440157501,27.0,0.330372,0.177924004
MED29,4550.0,0.464327351,57.0,-0.211742,-0.147414907
MEF2C,6848.0,0.41426337,654.0,0.162779,0.989653465
MEN1,824.0,0.454590692,504.0,-0.775234,0.125596862
METTL13,961.0,0.396264071,347.0,-0.180138,0.071703902
MGST3,1295.0,0.374563048,428.0,0.230589,-0.377653933
MIF4GD,787.0,0.397877071,137.0,-0.073546,0.026778475
MINK1,774.0,0.455972684,525.0,0.017139,-0.246925805
MIS12,1334.0,0.420723459,745.0,0.092282,-0.338679944
MLEC,5319.0,0.43043384,173.0,-0.754719,-0.326839444
MLLT10,2252.0,0.36295117,1568.0,0.266182,0.012638799
MLX,1636.0,0.386664187,65.0,-0.269631,0.63994373
MMACHC,1852.0,0.382684622,371.0,0.194988,0.116913124
MMADHC,5382.0,0.406207656,205.0,0.956889,0.463266702
MMGT1,4451.0,0.406300672,388.0,1.106299,-0.292969668
MMP1,502.0,0.392399458,189.0,5.330653,1.213734568
MMP14,1722.0,0.419367787,285.0,1.952624,0.746701769
MMP9,193.0,0.404253633,19.0,3.460356,-0.04024685
MORC3,2052.0,0.406702124,375.0,0.144998,0.245861155
MORF4L1,1066.0,0.420719378,454.0,1.418674,0.243111053
MOV10,619.0,0.412681236,1415.0,-0.172071,0.015550667
MPDU1,797.0,0.440676037,216.0,-0.506506,-0.297147988
MPHOSPH10,87.0,0.404440607,352.0,-0.059949,-0.210610978
MRI1,2018.0,0.459301832,75.0,-0.747941,-0.35568204
MRPL13,1075.0,0.395373051,313.0,0.005116,-0.129590363
MRPL15,1888.0,0.407701507,63.0,1.022125,-0.334512719
MRPL16,212.0,0.368940255,214.0,-0.371109,-0.251641246
MRPL17,6554.0,0.424450505,105.0,-0.342423,-0.102123006
MRPL2,580.0,0.458698472,164.0,0.718331,-0.421326652
MRPL20,187.0,0.445765675,96.0,-0.648235,-0.563884575
MRPL21,55.0,0.417448467,293.0,0.320875,-0.224445822
MRPL27,2133.0,0.436300758,31.0,-0.804035,-0.506693868
MRPL40,113.0,0.406843086,653.0,-0.075703,-0.128642468
MRPL46,1889.0,0.422788385,25.0,0.763054,-0.025523777
MRPL48,1284.0,0.368940255,212.0,-0.132898,-0.569491822
MRPL51,2069.0,0.35376587,169.0,0.913062,-0.439992111
MRPL53,198.0,0.441261883,155.0,-0.715153,-0.312701673
MRPL9,407.0,0.432679379,437.0,0.603845,-0.136067129
MRPS11,2793.0,0.477818717,1491.0,0.382981,-0.133445158
MRPS15,468.0,0.440649404,164.0,-1.5e-05,-0.307250907
MRPS17,1334.0,0.413812124,30.0,0.120177,-0.173166914
MRPS18B,936.0,0.408462865,157.0,0.584035,-0.241456593
MRPS36,933.0,0.3748339,84.0,-0.916413,-0.000665953
MRPS7,453.0,0.455992019,233.0,0.149485,-0.515199359
MSI2,5168.0,0.366385762,173.0,-1.788362,-0.530270125
MSTO1,694.0,0.421389639,1152.0,-0.200814,-0.130863753
MT2A,316.0,0.576670685,123.0,0.928236,-0.300401124
MTA2,684.0,0.459443446,761.0,-0.331933,0.2637239
MTFMT,1550.0,0.414190941,26.0,0.256328,0.163184463
MTHFS,1663.0,0.434592403,179.0,-0.467673,-0.272292032
MTMR1,2442.0,0.424163835,319.0,0.156578,-0.20041483
MTMR14,421.0,0.371137969,151.0,0.062277,0.20513787
MVP,50.0,0.435053297,193.0,-0.210162,0.27353286
MX1,456.0,0.433488503,982.0,-0.320383,-0.64821639
MX2,1812.0,0.430094961,104.0,0.663544,0.430693128
MYADM,2833.0,0.384589896,681.0,0.677515,-0.234774602
MYCBP,3972.0,0.381803634,73.0,-1.201523,-0.426512383
MYL12A,812.0,0.453450746,478.0,0.504348,0.302813765
MYO18A,3647.0,0.395788337,484.0,-0.808347,0.080935301
MYO9B,1401.0,0.398943925,152.0,0.156086,0.220181331
N6AMT1,5137.0,0.427535625,28.0,-0.956287,-0.449275203
NAA40,3212.0,0.389371031,261.0,-0.837199,-0.560940532
NAB1,2433.0,0.361024962,572.0,-0.103308,0.156558583
NADK,1672.0,0.3959688,563.0,-0.607168,-0.076804219
NADSYN1,464.0,0.447848979,126.0,-0.774805,0.045075903
NAGK,1297.0,0.42527382,474.0,-0.793103,0.092653987
NANS,37.0,0.458552255,132.0,-0.510378,-0.309653283
NAPA,1862.0,0.477781443,318.0,-0.024263,0.187573787
NAT10,4915.0,0.387474071,245.0,-0.470517,-0.086937989
NBAS,140.0,0.414580543,44.0,-0.128053,-0.003352685
NCALD,2767.0,0.374888213,460.0,1.016327,0.372032968
NCAPD3,2971.0,0.431957579,606.0,0.112687,0.258819359
NCAPG2,3501.0,0.41630572,200.0,1.650997,0.255821648
NCF1,2381.0,0.415579251,70.0,0.634561,0.494820641
NCK2,1267.0,0.457831152,276.0,1.197485,0.335195924
NCKIPSD,4981.0,0.449411541,126.0,0.443521,0.182679197
NCOA5,1332.0,0.416761948,402.0,-0.375514,-0.04002613
NCOA7,3259.0,0.404217869,470.0,2.010031,0.523607577
NDC80,61.0,0.356199389,182.0,1.211309,-0.24164893
NDRG2,841.0,0.376266446,941.0,-0.054833,-0.182285369
NDUFA4,1685.0,0.439642808,129.0,0.250227,-0.124456583
NEU1,667.0,0.413226082,156.0,0.125716,-0.138973527
NFATC2IP,3242.0,0.412267479,15.0,-0.163278,0.261091576
NFKB1,708.0,0.4099683,467.0,0.192468,0.354813607
NFKB2,153.0,0.424806573,563.0,-0.191589,0.140186782
NFKBIE,1053.0,0.409138176,25.0,0.649251,0.30000724
NGDN,1255.0,0.423783924,27.0,-0.271779,0.015987277
NGRN,1679.0,0.414477409,50.0,0.522379,-0.54368474
NINJ1,5217.0,0.455972644,71.0,-1.192745,-0.344843027
NIP7,1593.0,0.443769116,318.0,0.24899,0.160038821
NIT2,2351.0,0.432361565,74.0,-0.568868,-0.102083912
NMNAT3,2689.0,0.397393877,1228.0,-1.629691,-0.735801493
NMT1,3377.0,0.454689408,31.0,-0.008632,-0.058489106
NONO,1092.0,0.432928506,710.0,0.655569,-0.106731086
NOP14,912.0,0.38067473,187.0,0.37852,-0.113497655
NOP2,785.0,0.393538298,198.0,1.022247,-0.065538255
NOTCH2,6062.0,0.409327653,297.0,0.980343,0.073423962
NPTN,1068.0,0.388989686,197.0,0.544003,-0.072500894
NR2C2,6271.0,0.390767743,362.0,1.012055,0.196076864
NRBF2,883.0,0.43605128,224.0,0.615222,0.51640551
NRF1,1901.0,0.447602651,500.0,-0.214008,0.27660029
NRGN,833.0,0.413631862,152.0,0.663022,0.210995832
NRP1,3846.0,0.416817106,523.0,0.754877,0.619663954
NSFL1C,1587.0,0.42738001,868.0,-0.362134,-0.35478439
NSMAF,602.0,0.358586884,214.0,0.279136,0.409261533
NTAN1,178.0,0.344459601,320.0,0.751168,0.183596682
NUBP1,246.0,0.455923678,142.0,-0.576955,-0.020518491
NUCKS1,5461.0,0.359398328,271.0,0.217376,-0.656280606
NUDC,716.0,0.476401948,127.0,-0.164363,-0.291518335
NUDT16,5489.0,0.428387545,75.0,-1.156954,0.060058719
NUMA1,663.0,0.474508115,436.0,-0.820748,-0.365453844
NUP93,5678.0,0.382018893,495.0,0.589735,-0.086539268
NXF1,2943.0,0.375826754,136.0,-0.615712,-0.03654333
OCIAD2,4872.0,0.363821488,322.0,0.713311,-0.380025623
OGDH,1071.0,0.396078149,159.0,-0.063178,0.182456173
OPA3,7233.0,0.475004358,100.0,-0.364393,-0.63986425
OSBPL2,2363.0,0.383456763,571.0,-0.421165,-0.054132488
OSBPL5,1099.0,0.381371042,158.0,-0.41999,-0.034478209
OVCA2,792.0,0.429983078,65.0,-0.002948,0.201154944
P2RX4,573.0,0.442596273,304.0,-1.352453,-1.0883787
PAAF1,509.0,0.376143366,341.0,-1.167126,0.089067831
PACSIN2,1591.0,0.413490434,405.0,0.275254,0.063142797
PARK7,451.0,0.457171775,163.0,-0.932788,-0.210821282
PARP1,769.0,0.460215809,171.0,-0.037349,-0.060157628
PARP10,332.0,0.422654659,200.0,-1.495654,0.049930949
PARP12,816.0,0.416480622,874.0,-1.152874,0.188011674
PARP14,2243.0,0.414355918,59.0,-0.600737,0.035402502
PARP9,451.0,0.418102187,327.0,-0.326126,-0.138353174
PARVG,2043.0,0.383803232,484.0,0.934831,0.32657732
PBK,750.0,0.413339119,464.0,0.702389,-0.404420166
PCNA,338.0,0.425000199,239.0,0.64943,-0.313528714
PDAP1,2007.0,0.464659554,134.0,-0.725409,-0.592306406
PDCD2,155.0,0.440448783,111.0,-0.1164,-0.380663807
PDCD2L,48.0,0.433436103,33.0,-0.372845,-0.044638187
PDCD6IP,3211.0,0.388727459,158.0,0.448703,-0.107759967
PDHA1,2054.0,0.402514578,145.0,0.417387,0.189840593
PDHB,2974.0,0.442593378,43.0,-0.538557,0.348070644
PDLIM1,357.0,0.379179626,233.0,-0.566856,0.243610815
PDXDC1,2055.0,0.375670185,335.0,0.348458,-0.491830185
PDXK,6244.0,0.398158884,198.0,1.739773,0.364238716
PEBP1,796.0,0.360152166,326.0,-0.569009,-0.119942163
PEF1,769.0,0.441759403,424.0,0.007513,0.141565259
PELO,5222.0,0.385240523,985.0,0.671457,0.126640087
PEPD,395.0,0.450896903,133.0,-0.580876,0.501171299
PEX6,946.0,0.370078344,93.0,0.775278,-0.128786235
PEX7,2294.0,0.407005497,102.0,-0.456347,0.010865282
PFDN5,124.0,0.497062947,117.0,-0.473008,0.053355624
PFDN6,574.0,0.470152145,222.0,0.304469,-0.044229095
PGM1,570.0,0.393980016,681.0,1.154731,0.239279396
PHB,988.0,0.45268542,190.0,-0.683457,-0.179915363
PHF10,104.0,0.365149381,79.0,0.276918,-0.02145225
PI4K2A,2692.0,0.385068362,57.0,0.461043,-0.182099747
PIAS1,3626.0,0.396022529,741.0,0.159506,0.289638153
PIGH,1430.0,0.434471606,98.0,-0.752035,-0.769738795
PIK3AP1,3866.0,0.407313024,128.0,-0.11945,0.327606727
PIR,205.0,0.385796208,485.0,-0.220891,-0.336465525
PITPNC1,4686.0,0.369070722,874.0,-0.013262,-0.066226049
PLA2G4C,585.0,0.406173977,398.0,1.017045,0.566947383
PLA2G7,1187.0,0.402486321,269.0,0.345772,0.864250917
PLAUR,323.0,0.418467601,226.0,2.031284,0.372804502
PLCB2,818.0,0.468984469,301.0,-0.950997,0.333157633
PLCG1,3987.0,0.454806205,121.0,-0.417573,0.121965406
PLD4,273.0,0.377985619,192.0,-3.29713,1.387638204
PLEKHO1,5192.0,0.424698037,839.0,0.297107,0.320249013
PLEKHO2,2119.0,0.429714475,134.0,0.447139,0.317294799
PLSCR1,10376.0,0.415598704,388.0,1.016299,-0.36570596
PML,3324.0,0.431306474,140.0,1.230165,0.323878007
POLR1C,1131.0,0.439933821,86.0,0.840491,0.101568513
POLR1D,1469.0,0.427162265,456.0,-0.141905,0.116739741
POLR2F,1600.0,0.47244007,250.0,-0.236456,-0.121803137
POLR2H,1065.0,0.427596015,1167.0,-0.71608,-0.482313577
POLR3H,3481.0,0.444306047,388.0,-0.590097,0.133428197
POLR3K,1023.0,0.473025152,46.0,-2.140421,-0.01149418
PPA2,660.0,0.432735716,20.0,-1.32716,-0.309739404
PPIE,4556.0,0.446406574,56.0,0.097263,0.123584517
PPIL1,1921.0,0.453832883,252.0,1.552982,0.031114807
PPP1R14B,282.0,0.457456004,268.0,0.250274,0.07251213
PRC1,1136.0,0.367783806,234.0,2.589908,0.312629618
PRCC,357.0,0.381841119,290.0,-0.266465,0.004365397
PRDX1,303.0,0.414090753,341.0,-0.630825,-0.419127586
PRDX6,944.0,0.433706552,51.0,-0.161317,-0.168171343
PREB,658.0,0.378530018,403.0,-0.158429,-0.124959517
PREP,579.0,0.425974009,233.0,1.760862,-0.069330062
PRG4,784.0,0.366727173,51.0,0.98795,1.195907911
PRIM2,1166.0,0.350864643,125.0,1.088055,-0.459627214
PRKAB1,1305.0,0.365943644,289.0,-0.772375,0.242497836
PRKAR2A,5019.0,0.427443141,254.0,0.856907,0.189443795
PRKCB,5795.0,0.38010529,197.0,-1.109956,0.958411115
PRKCD,451.0,0.404392693,469.0,-0.533952,-0.076954044
PRKRA,683.0,0.420894136,659.0,0.641208,0.04183092
PRKRIP1,3224.0,0.453589322,55.0,-1.596775,-0.171132108
PRMT5,393.0,0.386451423,508.0,-0.060635,-0.295095546
PRMT7,3655.0,0.450088803,850.0,-1.042956,-0.333968353
PROCR,549.0,0.357872186,218.0,-0.39134,0.027462045
PRPS1,3908.0,0.466551451,409.0,0.084483,0.2771377
PRPSAP1,2056.0,0.390811115,688.0,0.095009,0.18900776
PRRC1,3173.0,0.409170839,188.0,0.218763,-0.186124262
PSMA5,2997.0,0.446573967,225.0,0.163117,0.130118037
PSMA6,187.0,0.423632682,445.0,0.212187,-0.133563949
PSMB10,58.0,0.455018511,128.0,-0.934539,0.141610175
PSMB2,3775.0,0.389848815,412.0,0.562961,-0.016994536
PSMB8,242.0,0.411206622,522.0,-0.68558,-0.001704963
PSMB9,5497.0,0.431095699,69.0,-0.845696,0.239083005
PSMC3,66.0,0.485654947,194.0,0.308449,0.093960151
PSMD11,2567.0,0.390095635,61.0,0.056632,0.132518615
PSMD13,384.0,0.437236365,242.0,-0.260171,-0.143956637
PSMD8,450.0,0.458928351,52.0,0.323473,0.100238468
PSME2,53.0,0.443656162,65.0,-1.056339,-0.41396453
PSMG1,5308.0,0.427553471,578.0,0.039474,-0.302662316
PSTPIP2,1923.0,0.429639796,96.0,0.778844,0.314843314
PTBP1,1504.0,0.473818895,106.0,0.224394,0.111574388
PTDSS1,3765.0,0.367954205,423.0,0.55238,-0.248853111
PTGS1,3346.0,0.37260918,633.0,0.82245,-0.035228526
PTP4A1,3419.0,0.421202001,1153.0,0.483097,0.275705027
PTPMT1,1899.0,0.450492628,193.0,-0.070418,0.246195425
PTPN18,2185.0,0.381656528,101.0,-0.112144,-0.331550175
PTPN7,1593.0,0.440747449,781.0,-0.464788,0.587758268
PTPRE,2994.0,0.426620112,1843.0,0.829294,0.513735114
PTPRF,4571.0,0.452810321,356.0,0.645733,-0.764746398
PTRH2,3186.0,0.370743372,1544.0,0.268507,-0.557642665
PWWP2B,819.0,0.424412275,29.0,-0.679176,-0.036793908
PYCR2,578.0,0.474148407,230.0,-0.830376,-0.222090825
PYGL,175.0,0.392036998,127.0,1.536923,0.324946497
QARS,97.0,0.458996209,396.0,0.507086,-0.006002913
RAB11FIP1,4277.0,0.380614122,56.0,-1.987739,-0.511738877
RAB12,1120.0,0.38483812,283.0,0.540843,-0.191099638
RAB21,5246.0,0.435367738,267.0,-0.415695,-0.142469806
RAB31,3231.0,0.437498832,175.0,1.458113,0.093868884
RAB35,2172.0,0.408841719,189.0,0.096914,-0.256751593
RAB7A,1376.0,0.419395127,232.0,0.597582,0.067891054
RAB8B,4163.0,0.425956778,96.0,0.10359,0.182764536
RAB9A,1716.0,0.417525007,283.0,0.36173,0.117350318
RABGGTA,77.0,0.387342734,512.0,-0.498917,0.040800205
RABGGTB,440.0,0.409412379,78.0,-0.319582,-0.224257272
RABIF,4760.0,0.447399225,159.0,-0.248918,0.042354526
RACGAP1,1895.0,0.366370127,354.0,1.180369,0.122882475
RAD9A,924.0,0.444046557,185.0,-0.625282,-0.395745527
RAE1,1112.0,0.432613552,365.0,-0.708517,0.062125883
RAI1,1472.0,0.455620822,469.0,-0.753158,0.123183926
RAN,2043.0,0.442855294,361.0,0.099781,-0.061274045
RANBP10,3359.0,0.379453562,1256.0,-0.385674,-0.183712964
RANGAP1,3145.0,0.481547647,765.0,0.835231,0.083693077
RAPGEF1,2727.0,0.425793135,159.0,0.8861,0.34135343
RARS,114.0,0.423508657,41.0,0.001706,-0.083459139
RASGRP2,183.0,0.381671176,582.0,-1.087634,1.207472492
RBBP4,6506.0,0.404056961,164.0,0.556039,0.142540731
RBBP5,3098.0,0.421849625,474.0,0.141541,0.047978282
RBKS,251.0,0.392307233,1371.0,-1.321337,-0.437821773
RBM12,3599.0,0.375183789,304.0,0.108808,-0.150721238
RBM14,3443.0,0.468008211,139.0,0.220992,-0.214834975
RBM4B,5277.0,0.396841232,170.0,-0.33913,0.208380943
RBMX,1201.0,0.353737079,210.0,0.041204,-0.195543771
RBPJ,4223.0,0.4178224,518.0,0.903951,0.54908469
RBX1,821.0,0.46562919,52.0,0.151997,0.520317495
RC3H1,7637.0,0.410085914,87.0,-0.079394,0.096509541
RCCD1,1773.0,0.374130224,280.0,1.337774,0.250345117
RCOR1,4070.0,0.439565312,228.0,-0.038567,0.057349884
REEP4,591.0,0.460338979,469.0,-0.141544,-0.849076856
REEP5,2962.0,0.457536941,144.0,-1.178582,-0.859948851
RELB,408.0,0.418226182,131.0,0.321666,0.21834933
REPIN1,2683.0,0.45080531,489.0,-1.274899,-0.962922252
RFC4,89.0,0.411167541,282.0,0.3254,0.197072609
RFK,1882.0,0.429285662,357.0,-0.554137,0.192922548
RFX5,1546.0,0.386685917,221.0,0.489904,0.174858998
RFXAP,1850.0,0.421314391,156.0,-0.449912,-0.220494537
RHBDF2,740.0,0.423256567,294.0,0.351833,-0.52813483
RHOT2,568.0,0.454546166,881.0,-1.586161,-0.410108499
RINL,1279.0,0.357351373,413.0,-1.022103,0.370311141
RNASEH1,4369.0,0.404567903,700.0,-0.26434,0.24110807
RNASEH2B,3930.0,0.37625722,399.0,-0.08774,-0.102694029
RNASET2,1070.0,0.374792559,407.0,-1.0849,-0.096240296
RNF114,1751.0,0.459950313,36.0,-0.45903,-0.143238008
RNF167,289.0,0.375291206,776.0,0.268238,-1.317911725
RNF20,5226.0,0.396317502,92.0,0.751668,-0.058285522
RNF213,5288.0,0.417718743,150.0,-0.080361,-0.371659136
RNF25,102.0,0.375620157,88.0,-0.659236,-0.081618499
RNF31,88.0,0.389352607,358.0,-0.742061,0.124213175
RNLS,1252.0,0.416402283,135.0,-0.571333,0.52646168
RNMT,4581.0,0.415128602,241.0,0.182878,0.061866968
RNPEP,463.0,0.447181346,896.0,-1.236796,-0.481648847
RP9,437.0,0.42869019,18.0,0.456075,0.282819522
RPA1,2907.0,0.381710028,170.0,0.697838,0.214965969
RPA2,639.0,0.400070522,793.0,0.668125,0.250207922
RPAIN,471.0,0.394698889,570.0,-0.608739,0.174296307
RPL11,461.0,0.442317923,45.0,-0.374556,-0.140920646
RPL14,5208.0,0.496792394,133.0,0.188494,-0.134583994
RPL23,3146.0,0.464880603,90.0,-0.484422,0.073966992
RPL26,53.0,0.427802183,389.0,0.116029,-0.523184412
RPL31,1260.0,0.451994935,87.0,0.297546,0.093725799
RPL34,1350.0,0.436455219,198.0,-0.332827,-0.48023758
RPL5,1058.0,0.451564158,75.0,0.415678,0.253769399
RPL7,1077.0,0.460258279,707.0,0.513002,0.283546075
RPS11,373.0,0.483080585,92.0,0.151708,0.063042039
RPS24,4247.0,0.430653047,142.0,-0.191714,0.200876954
RPS25,109.0,0.467193878,63.0,-0.197026,-0.39154272
RPS27A,743.0,0.450449292,321.0,1.338034,-0.281569477
RPS3A,306.0,0.426765211,80.0,-0.052753,-0.047064808
RPS4X,629.0,0.442998752,96.0,0.30037,0.009791925
RPS6,2723.0,0.413925579,42.0,0.819816,-0.386807646
RPS6KA1,828.0,0.389798854,163.0,-0.21393,-0.194343757
RPS6KA4,735.0,0.38455359,226.0,-0.579796,0.094130482
RPS7,66.0,0.428822459,109.0,-0.270482,-0.04054371
RPTOR,2341.0,0.385169267,805.0,-0.155096,-0.213667952
RREB1,3012.0,0.456825357,492.0,-0.984578,-0.612032447
RRM1,2304.0,0.437568848,689.0,0.780725,0.189605502
RRP8,5071.0,0.446233376,148.0,-0.462365,-0.155009517
RRS1,978.0,0.468289248,104.0,-0.608378,-0.07028023
RTN3,1690.0,0.358048129,187.0,-0.129401,-0.327243014
RTN4IP1,1108.0,0.372133716,477.0,0.950336,0.271523185
RUNX1,4334.0,0.416076551,1578.0,1.071944,0.384339751
RUNX3,2611.0,0.405217602,439.0,1.641483,0.148517629
RWDD1,6365.0,0.401367905,746.0,0.24154,0.013952881
S100A8,71.0,0.444112716,170.0,1.905501,-0.849693144
S100A9,189.0,0.439508357,43.0,2.192231,-1.100946684
SAMD9,1815.0,0.395660052,270.0,0.049864,0.06073998
SAMD9L,1162.0,0.396305952,1248.0,-0.851107,-0.02166123
SAMM50,150.0,0.345249646,197.0,0.10256,-0.326341855
SAMSN1,684.0,0.407246581,430.0,-0.232275,0.388188621
SAP18,1754.0,0.427429047,39.0,-0.736143,-0.382223206
SAP30BP,1541.0,0.449617255,257.0,0.722925,0.194788573
SAR1A,5213.0,0.411769389,203.0,0.085633,0.07097226
SAR1B,5806.0,0.392367964,253.0,-0.638977,-0.139542868
SARS,1054.0,0.40098191,100.0,0.45889,0.253612204
SASH3,1369.0,0.387406112,182.0,-0.484925,0.577244716
SCAMP4,1741.0,0.472519575,351.0,-0.918494,-0.032722137
SCO1,8645.0,0.407339367,61.0,-0.057375,-0.134092683
SDCCAG8,307.0,0.360606297,1542.0,0.474416,-0.129112346
SEC11C,205.0,0.423646802,92.0,-0.535606,0.022601882
SEC13,332.0,0.457264526,210.0,0.95254,0.009421527
SEC14L1,2986.0,0.420320088,665.0,0.261098,0.02875452
SEC22A,2559.0,0.422343815,79.0,0.628484,-0.395588922
SEC24B,1221.0,0.400931805,155.0,-0.127075,-0.02155076
SEC24D,2115.0,0.386600041,297.0,0.727779,0.172262806
SEC61B,270.0,0.404562259,76.0,0.218982,-0.408489945
SEMA3F,960.0,0.38837398,318.0,-0.81238,-0.238986061
SEMA4A,755.0,0.412797256,345.0,0.263036,0.690887161
SEMA4D,2318.0,0.393173667,572.0,1.329041,0.033328999
SERPINA1,1707.0,0.420489385,573.0,1.739292,1.037361539
SERPINB8,2096.0,0.38524815,520.0,1.888381,1.004724865
SETMAR,321.0,0.414235412,398.0,0.364523,0.246630168
SEZ6L2,540.0,0.431800162,245.0,0.227769,0.019866188
SF1,2419.0,0.374481437,721.0,0.042343,-0.036067416
SF3B2,563.0,0.453902675,40.0,-0.22055,-0.047959186
SFXN4,500.0,0.402513841,45.0,-0.615627,-0.324162887
SH3BP1,433.0,0.395530944,313.0,1.107674,0.555466007
SH3PXD2B,4870.0,0.420952884,171.0,1.81368,0.760883227
SHMT1,4335.0,0.394510245,509.0,-0.659553,0.301715312
SIGLEC1,1590.0,0.42099348,0.0,-0.60756,0.080822337
SIPA1,2933.0,0.437718847,296.0,-0.447815,0.266021147
SIRPA,3027.0,0.429235057,360.0,0.861986,0.251916275
SKP1,8791.0,0.433886974,179.0,-1.005371,-0.354988787
SLBP,3046.0,0.391438372,553.0,1.046369,-0.103626838
SLC25A10,1929.0,0.386184273,191.0,-0.181758,-0.33638546
SLC25A19,477.0,0.386093473,224.0,0.60515,-0.382266943
SLC25A20,787.0,0.382641976,199.0,0.156923,0.179505635
SLC25A3,504.0,0.383836987,354.0,-0.058865,-0.60550031
SLC25A40,2688.0,0.363984785,375.0,0.236068,-0.231309857
SLC25A42,2156.0,0.366871382,156.0,-0.771132,0.085045263
SLC25A6,450.0,0.487227384,137.0,-0.651979,-0.768856665
SLC27A3,163.0,0.439664345,91.0,-0.339144,-0.018653748
SLC39A10,2661.0,0.346494338,214.0,0.097083,0.251950986
SLC44A1,8291.0,0.4365497,264.0,0.83121,0.069980287
SLC9A3R1,709.0,0.400889529,235.0,-2.856802,-1.287792731
SMAP2,1225.0,0.404145004,415.0,-0.266707,0.466256373
SMC1A,5954.0,0.490702048,340.0,0.528582,-0.037393505
SMG5,1363.0,0.383248033,540.0,0.065166,-0.035360211
SMS,2660.0,0.417677888,252.0,0.290942,-0.406406999
SMYD3,223.0,0.378821529,130.0,-0.163492,-0.153720294
SNRNP200,676.0,0.454045162,132.0,0.801034,-0.074488134
SNRPC,474.0,0.427936125,450.0,0.821605,-0.296806897
SNRPD1,4386.0,0.384326147,161.0,0.008302,0.107702166
SNRPN,279.0,0.390283395,1145.0,-1.778938,0.285390186
SNX24,5071.0,0.338464018,185.0,-0.060499,0.113055969
SNX30,6144.0,0.426743352,148.0,0.470517,0.123899715
SNX33,5086.0,0.383330712,96.0,0.386935,0.468764708
SOD1,353.0,0.438546885,148.0,-0.987352,-0.099112099
SOD2,13436.0,0.435065133,1828.0,1.697263,0.953142193
SP110,3922.0,0.401738483,258.0,-0.781863,0.305487141
SPC24,1691.0,0.381793277,320.0,-0.337416,-0.044819783
SPC25,540.0,0.373816265,131.0,0.944946,-0.424440768
SPCS1,3333.0,0.417439524,205.0,0.013995,-0.323530406
SPI1,383.0,0.406748349,223.0,-0.059807,0.138130576
SPRYD4,1406.0,0.430591965,75.0,-0.77505,-0.249800799
SQSTM1,1485.0,0.412192979,360.0,-0.758873,-0.683693323
SRC,2671.0,0.437602812,449.0,0.608769,0.057894581
SRGAP2,3018.0,0.377689891,542.0,0.471789,0.181729004
SRI,5365.0,0.424260151,79.0,-0.971607,0.010367494
SRP19,2645.0,0.430943803,189.0,-0.14038,-0.124615839
SRPRB,1784.0,0.427990824,285.0,0.445894,-0.13133413
SRR,1392.0,0.393840903,354.0,-0.225619,0.595675791
SRXN1,2099.0,0.37663928,185.0,-0.412797,-0.120224234
SS18L2,777.0,0.45997865,208.0,0.439124,-0.10089883
SSH1,5298.0,0.373517564,146.0,1.056928,0.080471612
SSH3,2595.0,0.376349937,178.0,-1.40869,-0.377824972
SSR2,592.0,0.425839932,80.0,-0.143495,-0.444535762
SSR3,3698.0,0.388415977,156.0,0.594707,-0.307879587
SSR4,87.0,0.444947593,150.0,-0.242001,-0.14515826
SSRP1,422.0,0.394601844,267.0,0.170715,-0.096536144
SSU72,400.0,0.445120823,325.0,-0.240858,-0.169891239
ST13,3666.0,0.439823793,468.0,0.808687,-0.200864665
ST14,553.0,0.454138745,193.0,-0.114729,-0.508501861
ST3GAL4,594.0,0.39537481,557.0,0.414736,-0.315399136
STAP1,541.0,0.398288494,113.0,-2.12785,-0.665403573
STARD10,1682.0,0.427301627,944.0,-2.313354,-0.7909064
STAT1,3294.0,0.408136156,388.0,-0.672651,-0.312357072
STAT2,1791.0,0.409862748,203.0,0.074498,0.238649635
STAT6,1168.0,0.380869476,499.0,-0.658437,0.209664109
STMN1,1138.0,0.394107416,364.0,2.02447,-0.231787516
STOM,2222.0,0.387137797,117.0,0.971723,0.206983432
STOML2,531.0,0.456962681,143.0,0.288874,-0.322661549
STX3,5058.0,0.403902965,547.0,-0.346057,-0.319585106
STX7,14891.0,0.417568039,327.0,0.349461,-0.129568338
STX8,107.0,0.378438911,150.0,0.318312,0.072400139
SUCLG1,223.0,0.43877655,193.0,-0.398067,-0.178485633
SUFU,3380.0,0.361614756,191.0,0.291091,0.136109907
SUMF1,999.0,0.37076871,37.0,0.225642,0.313138788
SUPT4H1,1112.0,0.438747077,103.0,-0.40455,0.56196929
SURF2,1720.0,0.440503417,48.0,-0.209965,0.483989752
SURF4,2281.0,0.385472445,476.0,1.169125,-0.059223679
SURF6,4908.0,0.42467207,78.0,-0.053131,-0.094691572
SYTL1,80.0,0.364244725,197.0,-1.998665,-0.072918013
TACC3,165.0,0.385699108,155.0,1.65843,0.431348601
TADA2B,3064.0,0.464060586,151.0,-0.463426,-0.285668048
TAP2,5256.0,0.374969764,175.0,1.128212,-0.301070488
TATDN2,2040.0,0.415810908,581.0,0.567422,-0.135247897
TBC1D20,3109.0,0.435441414,148.0,-0.190503,0.558889035
TBC1D9B,1396.0,0.395340616,37.0,-0.071215,-0.07178817
TBCC,556.0,0.434161456,73.0,0.820192,0.170487293
TCEAL3,260.0,0.368171822,262.0,-1.398117,-0.543778332
TCEAL4,3020.0,0.432120515,489.0,-1.193127,-0.58710162
TCOF1,1640.0,0.41523122,108.0,-0.024872,-0.329645752
TDP1,1721.0,0.418036689,317.0,-0.152052,0.189342141
TDRD7,242.0,0.375852104,234.0,-0.334125,-0.086217565
TDRKH,973.0,0.419795099,182.0,0.674275,-0.002703358
TEP1,2777.0,0.379550228,40.0,0.678431,0.206228617
TFE3,1431.0,0.379068139,541.0,0.321629,-0.979332304
TFEB,621.0,0.429366592,302.0,0.625532,-0.215925639
THADA,112.0,0.415199561,352.0,0.685841,0.079532835
THUMPD1,2715.0,0.455087735,225.0,0.009989,0.068852337
THYN1,205.0,0.377954149,484.0,-0.360492,0.160714297
TIMM50,3932.0,0.424829064,722.0,0.104823,-0.820946536
TIMM8B,2046.0,0.447942532,30.0,-0.269935,-0.613217262
TK2,3965.0,0.360054507,593.0,0.045391,0.498092457
TLE1,571.0,0.374791795,1295.0,1.044636,0.036392834
TM9SF2,2020.0,0.372522209,233.0,0.670789,-0.405355135
TMED3,1710.0,0.439016102,188.0,0.845184,-0.222657075
TMED9,708.0,0.44685712,67.0,-0.4494,-0.085321592
TMEM126A,52.0,0.406087664,295.0,0.544509,-0.042739961
TMEM199,2431.0,0.370998168,90.0,-0.447355,-0.432524329
TMEM63A,1407.0,0.385482014,622.0,-0.652085,-0.376098077
TMOD1,2050.0,0.392927141,213.0,0.84138,0.442026401
TMSB10,278.0,0.470652003,95.0,0.282228,-0.138209957
TNFAIP1,2409.0,0.451408648,449.0,0.498943,-0.090307414
TNFAIP2,2079.0,0.44214387,131.0,-0.71569,-0.177796151
TNFAIP3,1995.0,0.416242917,370.0,1.557516,0.193681978
TNFAIP8L2,497.0,0.440670719,126.0,-0.444269,0.229159795
TNIP1,770.0,0.448321216,241.0,0.303666,0.333160513
TNK2,822.0,0.420245651,543.0,-0.936999,-0.272286474
TNPO2,2070.0,0.408799881,358.0,-0.305811,-0.145712152
TNRC18,1316.0,0.449521205,349.0,-0.319713,-0.028298783
TOMM5,518.0,0.441712708,107.0,0.702489,-0.838650683
TOP2A,1003.0,0.364102812,159.0,1.361914,-0.355798099
TOR1A,3160.0,0.446121485,77.0,0.20655,0.217586391
TPD52L2,1600.0,0.385071878,138.0,0.163176,0.030471685
TPI1,620.0,0.479135356,527.0,1.399173,0.478131923
TPM1,757.0,0.403626605,257.0,1.723591,0.202359768
TRAF1,7433.0,0.438949906,572.0,1.770005,0.782471176
TRAF3,5716.0,0.386659664,353.0,-0.006357,-0.325335806
TRAF6,6100.0,0.426668941,381.0,0.935482,0.197093213
TRAPPC3,634.0,0.441060625,519.0,0.422574,-0.313199649
TRAPPC5,42.0,0.453352607,241.0,-0.86275,0.134999535
TRAPPC6B,2539.0,0.437369008,335.0,-0.066266,0.308760427
TRAPPC9,3079.0,0.431357199,134.0,-0.017571,0.012497295
TRIM11,3522.0,0.453298916,255.0,-0.618951,-0.212198896
TRIM14,3117.0,0.369225689,165.0,-0.411251,-0.053154062
TRIM22,1215.0,0.424423711,379.0,-0.537209,0.443934772
TRIM26,1431.0,0.384319522,565.0,0.685708,0.10693059
TRIM27,2956.0,0.441704825,359.0,0.752362,0.301383382
TRIM41,1657.0,0.454716896,737.0,-1.13558,-0.502512525
TRIM5,2312.0,0.426412011,303.0,-0.51922,-0.078056204
TRIP12,3739.0,0.40441217,297.0,0.044059,-0.164109823
TRIP13,2852.0,0.433721983,145.0,1.884139,-0.090650912
TRMT5,3660.0,0.405137655,572.0,-0.219291,-0.053777783
TRUB2,4655.0,0.434714666,759.0,-0.37832,0.045314958
TSFM,1390.0,0.429356434,57.0,-0.827631,-0.204997148
TSPAN14,15147.0,0.398868986,305.0,-0.768729,-0.333303902
TSPYL1,7303.0,0.373212405,287.0,-0.266011,0.162070779
TSR2,1366.0,0.464925113,443.0,-0.779754,0.134970075
TTC39C,3394.0,0.378954091,452.0,-1.375519,-0.164566168
TTC7A,2213.0,0.393400181,1272.0,3.160283,0.939496441
TTPAL,5319.0,0.425556123,145.0,-0.033377,0.076335524
TTYH3,3063.0,0.383645273,187.0,1.522676,-1.190560528
TUBA1C,110.0,0.451729991,576.0,0.432557,0.110877375
TUBA4A,644.0,0.402818439,556.0,1.465769,0.518545453
TUBB,1030.0,0.390058461,509.0,1.543511,0.080986738
TUBB6,2302.0,0.468445054,1139.0,0.895853,0.704340066
TUBGCP4,1934.0,0.368175973,296.0,-0.085721,0.24149564
TUSC1,1294.0,0.429789613,537.0,0.399744,0.361146294
TXNL4A,3129.0,0.472736328,466.0,0.014138,0.156668921
TYMP,18.0,0.429537249,376.0,-1.032667,-0.183280496
TYROBP,168.0,0.417048036,81.0,-0.213683,-0.350572771
UBAP2L,353.0,0.367068802,167.0,1.073745,-0.014007041
UBE2B,4002.0,0.405496028,420.0,-0.433847,0.165937394
UBE2E1,1034.0,0.417917446,229.0,0.439045,-0.157073432
UBE2E2,1962.0,0.352966355,180.0,1.002764,-1.535689337
UBE2L3,2365.0,0.455573936,198.0,0.273595,-0.131134635
UBE2L6,703.0,0.431638779,653.0,-1.354078,-0.154341632
UBE4B,1283.0,0.418913915,688.0,0.273172,-0.006243938
UBIAD1,2303.0,0.446280173,334.0,-0.353821,-0.12013007
UBR4,797.0,0.387393976,4.0,0.141642,-0.000126602
UBTF,2209.0,0.400105612,296.0,-0.68218,-0.065790178
UBXN1,220.0,0.422601268,194.0,-1.142573,-0.141627492
UCK2,4043.0,0.447469338,640.0,0.585236,-0.111978621
UGGT1,5935.0,0.374564832,178.0,0.761254,0.14385719
UHRF1BP1,5130.0,0.373569339,234.0,0.603625,-0.440623615
UNC45A,377.0,0.475530537,1022.0,0.477977,-0.085006613
UNG,1024.0,0.368897526,209.0,0.774637,-0.231760288
UNK,1388.0,0.447315534,42.0,0.173917,-0.32759087
UQCR11,4379.0,0.470309826,75.0,-0.934475,-0.186342734
UQCRC1,129.0,0.462829321,45.0,0.269177,-0.006013871
UQCRH,193.0,0.365128489,320.0,0.915682,-0.157395469
UROD,171.0,0.391539164,133.0,-0.52742,0.254602871
UROS,3849.0,0.422413435,266.0,-0.158758,0.146716546
USP18,580.0,0.434940763,338.0,-0.302523,-0.311023756
USP39,571.0,0.39295741,223.0,0.106907,-0.059621327
UTP6,2466.0,0.429918331,83.0,0.288217,0.286356996
VAC14,489.0,0.396517204,827.0,-0.064268,0.080468305
VAMP8,451.0,0.398153421,156.0,-0.497511,-0.592905465
VASP,824.0,0.388921088,342.0,-0.039163,0.026990751
VAT1,1456.0,0.406330787,120.0,0.596006,0.130800066
VDAC3,475.0,0.440388181,210.0,-0.210711,-0.190925014
VDR,3209.0,0.450036866,401.0,1.004538,0.652900848
VGLL4,2489.0,0.432812067,506.0,1.54444,0.458359481
VIM,431.0,0.411136971,462.0,1.66167,0.619687819
VLDLR,6202.0,0.388727284,416.0,2.359742,-0.041193988
VPS28,291.0,0.476756313,109.0,-0.539349,-0.154675835
VPS33B,559.0,0.447669729,583.0,0.686458,0.175618653
VPS39,2053.0,0.440628838,173.0,-0.315486,0.14909346
VPS52,2870.0,0.393546356,887.0,0.458073,0.04907156
WASF2,4090.0,0.365213822,245.0,1.610085,-0.077277533
WBP2,1040.0,0.392225719,515.0,0.012363,0.066776219
WDFY2,7044.0,0.36603015,340.0,-0.652916,0.006810344
WDR1,1039.0,0.393247178,368.0,0.708793,0.13412089
WDR36,3619.0,0.40459335,117.0,-0.148139,-0.052611842
WDR37,8068.0,0.365587877,173.0,0.311103,0.186756111
WDR4,293.0,0.380589271,581.0,0.066485,-0.026734888
WDR47,1216.0,0.402106333,376.0,0.927608,0.195391015
WDR48,1924.0,0.419028298,472.0,0.558185,0.214582879
WDR5,1979.0,0.401607191,171.0,0.625366,0.301159401
WDR54,97.0,0.394793766,128.0,0.20824,-0.411246913
WDR61,197.0,0.411764619,310.0,0.097622,0.247025887
WDR77,4184.0,0.412330102,139.0,0.202363,-0.254058524
WDR91,4946.0,0.380864599,823.0,-0.171409,0.385394246
WDR92,2520.0,0.427217839,117.0,-0.317283,-0.110685664
YTHDF1,1279.0,0.384821843,294.0,-0.610526,-0.467233291
YTHDF3,3082.0,0.406652071,509.0,0.460276,-0.122522339
YY1,5192.0,0.440120149,480.0,0.11875,-0.360608653
ZBED1,2221.0,0.457533868,282.0,0.817612,0.325440901
ZBTB8OS,1087.0,0.406816332,276.0,0.044114,0.455880894
ZC3H12A,768.0,0.421626239,1056.0,-0.745986,-0.151063042
ZC3H4,2169.0,0.436042942,38.0,-0.432482,-0.15323002
ZCCHC2,2006.0,0.404185753,0.0,-0.328341,-0.127228549
ZFP36L1,2846.0,0.395541595,976.0,0.233163,-0.179981328
ZMAT2,1942.0,0.460376067,101.0,-0.21418,-0.499245717
ZMIZ2,4165.0,0.419562196,128.0,0.827333,0.308938767
ZMYM3,1292.0,0.378831729,749.0,0.310112,0.148611998
ZNF207,13817.0,0.386696564,148.0,0.313916,-0.038668226
ZNF414,113.0,0.422835658,118.0,-0.418799,0.020672758
ZNF511,243.0,0.452392726,55.0,-0.458733,0.36692086
ZNF516,4816.0,0.393186692,318.0,-0.400724,-0.351428586
ZNF622,1298.0,0.463753859,120.0,0.285304,-0.053537077
ZNHIT2,49.0,0.440612513,85.0,-1.15508,-0.054355919
ZNHIT3,419.0,0.425204303,73.0,-0.427707,-0.701290471
ZWINT,4585.0,0.411772707,37.0,0.02395,0.026334519
