,3prime,tAI,max_5_UTR_length,TCGA-BH-A18N,TCGA-BH-A18N.1
AAK1,17874.0,0.380718848,505.0,0.378252,0.289384789
AATF,207.0,0.367011205,251.0,0.074629,-0.158136229
ABCC1,1793.0,0.393368456,175.0,1.133382,0.720286701
ABCF3,5726.0,0.387768135,869.0,-0.053308,-0.046240159
ABHD12,654.0,0.374654709,279.0,0.508494,0.365427914
ABHD6,1639.0,0.384216096,505.0,0.502402,-0.1090662
ABR,2562.0,0.39474042,600.0,0.237753,0.179975904
ABT1,2092.0,0.423473096,40.0,-0.303347,-0.489987237
ACADVL,176.0,0.46877374,457.0,0.80877,0.584902677
ACBD6,155.0,0.433964845,621.0,-0.442642,0.088805866
ACIN1,584.0,0.404933544,328.0,-0.075879,-0.026721267
ACO1,4661.0,0.37721508,227.0,0.005843,0.367701067
ACOT11,1220.0,0.392289045,176.0,2.893562,1.192921686
ACOT9,4514.0,0.358892202,225.0,-1.213161,-0.019002413
ACP2,814.0,0.411581374,548.0,-0.529974,-0.132332856
ACSF2,1484.0,0.405139059,501.0,1.007136,1.15132562
ACSL1,1530.0,0.417966714,990.0,-0.74731,-0.359511489
ACSL5,1022.0,0.380976548,307.0,-0.754833,-0.423366813
ACTB,613.0,0.469768794,192.0,-1.247759,-0.070556525
ACTL6A,452.0,0.409046191,387.0,-0.299171,0.178499709
ACTR1A,3151.0,0.432463663,108.0,-0.256405,-0.007448643
ADA,312.0,0.444091501,440.0,-0.751294,-0.219686126
ADD1,1928.0,0.439806775,863.0,0.126774,-0.299482623
ADPRH,2067.0,0.380088169,541.0,0.050001,0.345672385
ADSSL1,320.0,0.393141878,776.0,-0.93564,-0.059056428
AGAP3,508.0,0.436856677,1584.0,-0.238214,-0.144409318
AHNAK,842.0,0.382138706,300.0,0.161965,0.524674715
AHSA1,225.0,0.374296292,431.0,0.118786,-0.12060696
AIF1,121.0,0.4069451,222.0,-0.45246,0.134671404
AIFM2,1911.0,0.447982482,217.0,0.517448,0.013852017
AK1,1528.0,0.389481519,153.0,0.079747,0.142308108
AK2,2893.0,0.384271636,345.0,-0.345257,0.499669118
AKR1C2,3804.0,0.449591167,413.0,-5.029268,-0.787601658
AKR7A2,10996.0,0.385600504,22.0,0.257635,0.134409673
ALDH18A1,838.0,0.380333742,511.0,-0.647299,-0.272849663
ALDH3A2,2525.0,0.42484639,221.0,2.684316,1.566162888
ALDH6A1,4647.0,0.38708374,724.0,0.308234,0.748361267
ALG1,2498.0,0.432230555,181.0,0.706692,0.519297063
ALG5,380.0,0.362014155,67.0,0.517822,0.578082108
ALG9,4217.0,0.365461171,1107.0,-0.156923,-0.229153068
ALOX5AP,976.0,0.392577632,248.0,0.054391,-0.005979958
AMBRA1,1041.0,0.36170155,362.0,0.187038,-0.089249743
AMPD2,903.0,0.389224108,566.0,-0.245682,-0.046836312
AMPD3,1695.0,0.423686063,472.0,1.836874,0.427217124
ANAPC5,235.0,0.390209877,197.0,0.143525,0.013606591
ANKLE2,1737.0,0.418251419,90.0,0.209313,0.215183596
ANKRD16,135.0,0.465649334,543.0,0.223912,0.323825592
ANXA2,496.0,0.429738522,160.0,-0.760132,-0.187574495
ANXA5,1441.0,0.418050335,165.0,-0.373505,-0.080293528
AP1B1,1153.0,0.424070668,187.0,0.126723,0.280756041
AP1M1,914.0,0.463388599,173.0,-0.420551,-0.103373027
APBA1,3797.0,0.387421148,276.0,-0.644296,-0.166433309
APIP,427.0,0.433104693,127.0,0.035697,-0.132199785
APOBEC3B,339.0,0.43450554,55.0,-1.075487,-0.815990896
APOBEC3C,1979.0,0.381716897,103.0,-1.149324,-0.736800956
APOBEC3G,322.0,0.410940579,404.0,-1.073812,-0.685635813
APOL2,1195.0,0.42932248,477.0,-0.942399,-1.032408572
ARF6,2971.0,0.462806813,621.0,-0.787943,-0.430289809
ARFIP2,2430.0,0.403729309,291.0,-0.301436,-0.435525206
ARHGAP17,2624.0,0.371011524,117.0,0.024138,0.067606382
ARHGAP30,773.0,0.384451823,645.0,-0.873025,-0.331943551
ARHGEF10,1378.0,0.370244255,202.0,-1.105801,-0.1543397
ARID2,3145.0,0.362288628,128.0,0.410354,0.102365778
ARID3A,3881.0,0.411693449,290.0,0.318566,-0.332430632
ARIH2,3112.0,0.397061561,878.0,0.344133,-0.039247019
ARL8A,1065.0,0.409602486,171.0,-0.504122,-0.690677657
ARRB1,6041.0,0.39512759,224.0,0.047917,0.02224606
ASF1B,950.0,0.395794233,172.0,-0.464675,-0.992070976
ASS1,1357.0,0.394201053,356.0,1.602139,0.901039789
ATPAF1,3039.0,0.439253133,510.0,0.273354,0.472032656
ATRIP,162.0,0.417082642,462.0,1.718274,-0.013923698
AXL,1863.0,0.417061167,376.0,-0.459151,-0.069028125
B4GALT7,4483.0,0.433879574,93.0,0.895085,0.478629357
BAG1,2764.0,0.431693656,501.0,-0.146836,0.20323083
BAG3,537.0,0.387438444,306.0,1.894323,1.142690268
BASP1,971.0,0.520859146,259.0,2.131944,1.3875245
BBS7,1531.0,0.408023089,184.0,0.051591,0.221901408
BCAT2,364.0,0.445598481,657.0,-0.1193,0.130829204
BCKDHB,3082.0,0.419736544,88.0,0.275366,1.175198422
BCL2,5279.0,0.374049285,493.0,1.013937,0.186859336
BCL2L13,4109.0,0.411790332,769.0,-0.27243,-0.279637535
BID,4193.0,0.428633517,498.0,-0.554413,-0.325020179
BLVRA,3376.0,0.414260839,177.0,0.202023,0.001806598
BOLA2,40.0,0.43059393,513.0,0.338975,-0.125123481
BOLA3,383.0,0.406657227,38.0,-0.726907,0.312000979
BRD2,787.0,0.377809737,2066.0,-0.081371,0.051211159
BRD3,3285.0,0.401150236,188.0,0.170284,0.130925623
BSPRY,1091.0,0.380011644,48.0,-0.6065,-0.405558165
BST2,411.0,0.444557266,81.0,1.174949,0.554727578
BUB3,1535.0,0.421992618,242.0,0.25222,0.074412483
C1QB,152.0,0.436596666,340.0,-0.852908,-0.327278777
C1QC,327.0,0.41150294,283.0,-0.840594,-0.074848081
C2CD3,671.0,0.360398895,227.0,0.415945,-0.169171844
C3,5088.0,0.430632158,93.0,-1.089518,0.067525288
CAP1,1134.0,0.406948565,416.0,-0.440316,-0.27952752
CAPN1,720.0,0.455130071,197.0,-0.357619,-0.192127644
CAPRIN1,5632.0,0.374918508,189.0,-0.324348,0.229794807
CAPZB,5180.0,0.446052528,622.0,-0.71403,-0.248134465
CARD16,437.0,0.41300235,27.0,-1.53079,-0.740611616
CARHSP1,4898.0,0.362100245,360.0,-0.336913,-0.515470408
CASC3,1778.0,0.370720542,295.0,0.705125,-0.291495119
CASP1,750.0,0.424742838,44.0,-1.53204,-0.386706567
CASP8,1794.0,0.376118708,303.0,-0.472502,-0.191877789
CAT,629.0,0.397270122,89.0,-0.002117,-0.475729965
CBL,8368.0,0.375957197,142.0,0.119553,0.080465953
CBLL1,3286.0,0.400851504,467.0,-0.276102,0.01281871
CBR3,54.0,0.445176236,228.0,-2.085564,-0.820641091
CBS,4385.0,0.477784031,626.0,-1.980534,-1.004148365
CBX5,10815.0,0.390902295,318.0,0.361802,0.651056356
CBX8,2504.0,0.36735217,118.0,-0.587498,0.121358926
CCDC115,2169.0,0.385110507,452.0,-0.057653,0.468097075
CCDC125,2554.0,0.359965106,322.0,1.01198,-0.283749054
CCDC58,2462.0,0.421830022,75.0,-0.116781,0.840744771
CCDC88C,1302.0,0.396031427,154.0,0.805758,0.085357619
CCL5,886.0,0.462166288,68.0,-2.473342,-1.243080128
CCNA2,1206.0,0.409154498,373.0,-0.797866,-0.759119951
CCNB2,168.0,0.374401461,184.0,-0.893907,0.233287661
CCNDBP1,2336.0,0.44393643,231.0,0.938651,0.364046807
CCS,4244.0,0.460896681,43.0,-0.246164,0.31272417
CCT3,238.0,0.457984718,231.0,-0.629868,-0.085270129
CCT4,1361.0,0.393363555,164.0,-0.494395,-0.073859328
CD14,128.0,0.416321757,392.0,-0.309473,-0.096619162
CD209,3046.0,0.440000747,67.0,-2.325998,-0.307478387
CD33,331.0,0.428315036,40.0,-0.541549,-0.523933262
CD36,2894.0,0.410517795,414.0,-2.38173,0.106067654
CD40,982.0,0.429065654,90.0,-0.650361,-0.415058482
CD44,3115.0,0.39995987,434.0,1.841506,0.372605083
CD63,923.0,0.512738356,403.0,-0.347829,-0.259135984
CD74,635.0,0.427357309,187.0,-0.690472,-0.21519745
CDC25C,437.0,0.364786128,387.0,-0.630533,-0.216737239
CDC26,271.0,0.395637029,359.0,-0.495687,0.094193415
CDC34,560.0,0.46431386,199.0,0.19069,0.321072542
CDC42EP3,3941.0,0.420378821,1009.0,-0.023362,-0.019359981
CDCA3,816.0,0.351209268,820.0,-0.933335,-0.349504535
CDCA8,1353.0,0.384295288,290.0,-1.063159,-0.669868781
CDIPT,1864.0,0.442654716,541.0,1.044398,0.395446716
CDK1,2313.0,0.398329505,154.0,-1.158346,-0.472308278
CDK19,4557.0,0.421511824,180.0,-0.646116,-0.226814376
CDK2AP1,766.0,0.439144625,522.0,-0.259352,0.031075459
CDK5RAP2,367.0,0.371069462,192.0,-0.493717,-0.152535259
CDK5RAP3,284.0,0.469750898,1791.0,0.534068,0.077666045
CDKAL1,1365.0,0.417875209,167.0,-0.5043,-0.13884759
CDKN2AIPNL,3639.0,0.409801696,53.0,0.749068,-0.05325118
CDKN2C,2247.0,0.381912025,1216.0,-0.829994,0.015580076
CEBPD,1714.0,0.430497143,44.0,-0.203842,0.510062489
CENPH,1478.0,0.418392258,87.0,-0.62774,-0.39838544
CENPV,301.0,0.385948267,62.0,2.066572,1.036465861
CEP55,939.0,0.397841874,304.0,-1.134338,-0.452706394
CETN2,868.0,0.433727498,47.0,-0.313497,0.141900583
CFL1,677.0,0.502791,234.0,-0.766316,-0.39051605
CHAC2,786.0,0.395629742,277.0,-0.758104,-0.363614714
CHCHD4,3528.0,0.445497334,326.0,0.53979,0.960832298
CHMP4A,296.0,0.447100154,262.0,0.140729,-0.071655678
CHMP5,1241.0,0.442987983,200.0,0.005323,-0.036360236
CHMP6,980.0,0.489861105,78.0,0.185469,-0.119108967
CHTF8,2425.0,0.424551152,142.0,-0.131337,0.301546042
CIAPIN1,1024.0,0.451663323,242.0,-0.868388,-0.400355685
CISD2,5376.0,0.433298698,107.0,0.303282,0.599515592
CKAP4,2872.0,0.386259817,84.0,-0.064012,-0.063476419
CKS2,300.0,0.317949998,98.0,0.137646,0.069110489
CLCC1,5185.0,0.369704467,150.0,-0.112334,0.000444826
CLCN7,1698.0,0.459147749,110.0,0.88507,-0.339549646
CLIC1,290.0,0.4571302,573.0,-0.480139,-0.341407368
CLK2,350.0,0.410673686,925.0,-0.501094,-0.05062144
CLK3,1233.0,0.4268607,461.0,0.077022,-0.103398049
CLPTM1,458.0,0.383990827,351.0,0.096648,-0.167787719
CLTA,288.0,0.450950874,514.0,-0.43665,-0.197957077
CLTB,319.0,0.48548545,210.0,0.072255,-0.033885729
CLTC,3104.0,0.384957863,443.0,-0.102099,-0.197023375
CNBP,6850.0,0.433298698,206.0,0.115114,-0.111939662
CNPY2,123.0,0.392778455,553.0,-0.085597,-0.287864151
CNPY3,1042.0,0.459231502,584.0,-0.02208,-0.154722658
COG3,1967.0,0.414689223,142.0,0.439131,-0.072750111
COMMD1,306.0,0.423842833,138.0,-0.50592,-0.14330449
COMMD3,431.0,0.360487018,35.0,0.201421,0.207466693
COMMD5,498.0,0.445713337,399.0,0.743726,0.268734685
COMMD6,1375.0,0.396967837,328.0,-0.08298,0.281458441
COMMD9,2340.0,0.418062772,89.0,-0.822064,0.216006913
COPB1,446.0,0.381738818,307.0,-0.329056,-0.047518966
COPE,165.0,0.478760693,55.0,0.143818,-0.236854146
COQ6,671.0,0.374062527,159.0,0.056932,0.657211785
COQ7,5700.0,0.42379098,133.0,1.363084,0.452716262
CORO1A,112.0,0.457388252,435.0,-0.807662,-0.764997379
COX17,1735.0,0.484254073,86.0,0.811524,0.796829756
COX5A,860.0,0.429944966,140.0,0.076735,0.69207226
COX7A2,302.0,0.441893926,98.0,-0.098533,0.948290714
CPM,5262.0,0.406054343,75.0,2.386646,1.422441358
CPSF4,923.0,0.452412439,277.0,-0.518136,0.031175623
CPT1A,2761.0,0.374132033,170.0,0.345451,-0.12681207
CPT2,602.0,0.431256564,515.0,0.337071,0.792729246
CRCP,8457.0,0.390198146,145.0,-0.641573,0.599839021
CRKL,3904.0,0.422225684,509.0,-0.185295,-0.084155009
CRTAP,5601.0,0.446308827,120.0,0.001342,0.051370035
CRTC3,3205.0,0.355982524,186.0,0.310558,0.401391058
CRYL1,462.0,0.386242786,79.0,0.047402,0.549091269
CSRP1,1183.0,0.493833101,217.0,-0.426724,-0.231546198
CST3,2762.0,0.475763324,186.0,1.532689,0.593503622
CSTF2,1931.0,0.372934478,58.0,0.070106,0.15635099
CTBP1,800.0,0.464034004,393.0,0.008525,0.083818341
CTNNA1,1216.0,0.412513324,1103.0,0.287158,0.163687989
CTNNB1,1106.0,0.432073699,448.0,0.081967,0.197782423
CTNNBIP1,2448.0,0.394834327,307.0,-0.667223,0.427510563
CTPS2,1870.0,0.416273085,744.0,-0.330724,-0.2357921
CTSG,119.0,0.369503415,37.0,-1.355719,-0.514942481
CTSH,1072.0,0.446467856,1192.0,-1.41771,-0.048590379
CUEDC1,2047.0,0.374410739,719.0,0.240625,0.197774215
CUX1,1040.0,0.395555213,127.0,0.737909,-0.026169529
CXCL10,814.0,0.410287201,105.0,-1.020435,-1.087243956
CXCL9,2323.0,0.403736618,74.0,-2.261915,-0.037844783
CYBB,2544.0,0.418993019,61.0,-0.298068,-0.42954141
CYP2S1,1051.0,0.420869286,58.0,2.795109,1.70576159
CYTH4,1837.0,0.406296106,377.0,-0.298071,0.146536088
DAB2,1757.0,0.368483127,531.0,0.817969,0.101445065
DAGLB,721.0,0.377719723,170.0,-0.430293,-0.558807669
DAP3,768.0,0.366492687,184.0,-0.650189,0.331650266
DAPP1,2082.0,0.348655603,90.0,-0.117752,-0.301464926
DBI,233.0,0.467027529,479.0,-0.687112,-0.733219083
DCAF8,1877.0,0.380310979,212.0,0.170766,-0.064526157
DCP1A,4153.0,0.411936399,381.0,0.193858,0.037297042
DCPS,4731.0,0.375605648,329.0,-0.627783,-0.201984264
DCTN5,10597.0,0.443116252,177.0,0.379206,0.185371933
DDAH2,653.0,0.361046801,1104.0,-0.608669,-0.13141263
DDB2,1223.0,0.43604051,195.0,-0.019286,0.664992702
DDX23,713.0,0.445931172,91.0,0.628654,0.400092297
DDX31,1870.0,0.361830896,544.0,-0.457364,-0.559220427
DDX47,438.0,0.379294484,22.0,-0.066963,-0.033844175
DDX54,1704.0,0.467316231,28.0,0.31097,-0.174601785
DDX56,586.0,0.438032149,643.0,-0.31125,-0.155861774
DDX59,217.0,0.413095257,243.0,-0.121231,-0.044015464
DHODH,3463.0,0.371608285,21.0,1.134013,1.174867253
DHPS,121.0,0.474111752,121.0,0.640321,0.280926869
DHX15,459.0,0.379133957,168.0,0.339638,0.075920946
DHX34,591.0,0.384465978,349.0,0.288504,-0.362939428
DHX58,357.0,0.440330409,223.0,-0.635356,-0.549787411
DIABLO,719.0,0.425893605,1182.0,0.039272,0.766382446
DMAP1,63.0,0.471306,301.0,0.752411,0.323332225
DMXL2,1274.0,0.389901613,225.0,-0.240325,-0.073172026
DNAJA4,1736.0,0.398301408,169.0,1.092516,0.369703383
DNAJC19,1326.0,0.403482491,259.0,0.040734,0.943748087
DNAJC25,1212.0,0.430964931,56.0,0.009182,0.348636608
DNAJC8,969.0,0.416719859,33.0,-0.26759,-0.036455013
DNM1,1255.0,0.393835111,116.0,-1.447365,0.110993914
DNTTIP2,3564.0,0.408096853,58.0,-0.19927,-0.071493034
DOCK11,3681.0,0.373818855,63.0,-1.221244,-0.094260232
DOCK2,524.0,0.446250827,52.0,-0.593475,-0.366612429
DOK2,438.0,0.384043737,481.0,-1.368468,-0.284004385
DPCD,197.0,0.459155016,389.0,-0.908019,-0.128590799
DPF2,2501.0,0.393394442,133.0,-0.147908,0.021634314
DPH1,1310.0,0.448716064,341.0,0.524525,-0.312134134
DPH5,784.0,0.413363166,165.0,-0.107489,-0.320691541
DPY30,562.0,0.438431353,279.0,-0.655159,0.334316056
DPYSL2,2472.0,0.430530829,431.0,-0.944935,-0.110683271
DRAP1,142.0,0.432809908,245.0,-0.126801,-0.111637878
DRG1,4594.0,0.444150091,131.0,-0.150822,0.004154142
DSN1,5330.0,0.392894937,373.0,-0.47552,0.003247097
DSTN,2786.0,0.375776803,438.0,-0.145043,-0.054251122
DTL,2265.0,0.372315747,921.0,-0.761807,-0.491697641
DTX3L,3456.0,0.408848169,89.0,-0.280336,-0.45465038
DUSP12,374.0,0.419884133,34.0,-0.363238,0.113697378
DUT,1937.0,0.36471409,109.0,0.306793,0.469879955
DYNLT1,514.0,0.420362019,78.0,-0.480599,-0.648967124
EBAG9,1437.0,0.39438748,402.0,1.424234,1.084643275
ECH1,191.0,0.389477111,85.0,-0.219662,0.320542786
ECHDC2,2269.0,0.400166641,752.0,0.67725,0.934429747
ECM1,322.0,0.43792189,199.0,-0.308292,-0.009275194
EDEM2,76.0,0.379021051,100.0,-0.330896,-0.137809206
EEA1,5374.0,0.405861636,265.0,0.15154,0.117813135
EEF1A2,286.0,0.417272363,329.0,2.508262,0.670246987
EFTUD2,1331.0,0.444646836,398.0,0.255001,0.153119698
EHD1,3363.0,0.446314898,447.0,-0.88639,-0.362068451
EIF2AK2,8063.0,0.394727306,557.0,-0.751263,-0.333549935
EIF2B3,1058.0,0.383118637,239.0,-0.492733,0.050991835
EIF3F,5840.0,0.435728237,33.0,-0.570315,0.116248623
EIF3L,1718.0,0.380710116,245.0,-0.530735,0.103055115
EIF4A3,1120.0,0.381528282,222.0,0.136927,-0.112025163
ELAVL1,4910.0,0.437605432,167.0,-0.071052,0.129042365
EMG1,248.0,0.433768095,143.0,-0.157158,-0.046849973
EMILIN2,2605.0,0.379592019,159.0,-0.643304,-0.349636915
ENDOD1,7728.0,0.376426787,118.0,0.279814,0.222950994
ENOSF1,2904.0,0.382279782,622.0,0.988743,0.829204506
ENY2,2576.0,0.41756619,146.0,0.06973,0.447237148
EPSTI1,2106.0,0.391777705,469.0,-1.025725,-0.657656374
ERCC1,2342.0,0.45058755,188.0,0.329943,0.810883929
ERCC6L,4809.0,0.354829683,623.0,-0.744288,-0.352931884
ERH,415.0,0.383837906,71.0,-0.346287,0.054429597
ERLIN1,2041.0,0.444737514,478.0,0.031479,0.252230255
ERP29,1277.0,0.401191178,118.0,0.188616,0.120106925
ETV6,4356.0,0.398240844,274.0,-0.080789,-0.304950007
EXOC4,1232.0,0.388187525,35.0,-0.088006,0.013500407
EXOC8,6907.0,0.436106501,127.0,-0.965522,-0.018375608
EXOSC1,536.0,0.430105347,451.0,-0.558482,-0.179202582
EXOSC2,3902.0,0.431273517,32.0,-0.24436,-0.363600319
F8A1,571.0,0.46317284,15.0,0.11397,-0.0296651
FAAH,2043.0,0.384592892,82.0,1.049209,0.762545923
FAF1,4425.0,0.401181969,453.0,-0.500767,-0.457835088
FAM122A,4542.0,0.40477622,33.0,-0.15039,-0.002067113
FAM168A,6285.0,0.395008865,285.0,-0.439205,0.036543025
FAM177A1,2165.0,0.411149627,459.0,-0.590633,0.016571015
FAM192A,1824.0,0.379195199,1475.0,-0.069192,0.354536924
FAM20B,4428.0,0.4357945,293.0,-0.444621,-0.374224431
FAM32A,1091.0,0.408676074,42.0,0.048009,0.131007421
FAM50A,286.0,0.482889735,110.0,-0.157139,0.053194264
FBP1,248.0,0.397353747,331.0,0.766041,0.401690695
FBXL20,9338.0,0.383104745,254.0,-0.070861,0.161006262
FBXO4,526.0,0.393825218,58.0,0.200752,0.588828676
FBXO6,503.0,0.42307306,166.0,0.003872,-1.040838573
FCER1G,305.0,0.4202976,25.0,-0.590806,0.034721758
FCGRT,309.0,0.433069976,486.0,-0.244474,0.144346965
FDPS,72.0,0.456397562,392.0,-0.606334,-0.528110786
FDXR,596.0,0.384661194,188.0,1.053727,0.965255798
FEN1,1340.0,0.407867196,413.0,-0.442536,-0.039072074
FERMT3,399.0,0.435119014,149.0,-0.81368,-0.548905822
FGD2,907.0,0.441856308,171.0,-0.989716,-0.205077172
FGFR1OP2,1663.0,0.396595515,353.0,0.506377,0.307144271
FGL2,3460.0,0.40966218,40.0,-0.533414,-0.198020752
FKBP1A,1132.0,0.428443098,174.0,-0.415228,0.08485706
FKBPL,24.0,0.377510344,270.0,-0.357809,0.210637125
FLOT1,422.0,0.472159534,339.0,-0.050531,-0.064370606
FN3K,442.0,0.389857108,61.0,0.310772,0.253682182
FN3KRP,3667.0,0.380720834,50.0,-0.34374,-0.117766627
FOXJ3,3176.0,0.401878681,312.0,-0.460178,-0.507262515
FOXK2,3108.0,0.440496276,171.0,0.484156,0.482914746
FOXRED1,443.0,0.438630908,167.0,-0.063754,0.13148776
FSCN1,1184.0,0.396100853,132.0,-0.876567,-0.171868501
FTH1,530.0,0.425357612,235.0,-1.007463,-0.305785105
FTL,1031.0,0.428438948,199.0,-1.083107,-0.734028887
FTSJ1,638.0,0.457521275,569.0,-0.432373,-0.197940708
FTSJ3,698.0,0.388239396,646.0,-0.064071,-0.531824703
FXN,6365.0,0.40465004,220.0,-0.183413,-0.345379469
GABARAPL2,564.0,0.431291441,136.0,1.692096,0.704803909
GABPB1,1320.0,0.423118524,469.0,0.065349,-0.214723622
GALK1,292.0,0.455574511,63.0,-0.606268,-0.129836752
GANAB,989.0,0.425909644,1027.0,-0.232569,-0.353429583
GAS6,315.0,0.393865445,183.0,-0.641313,0.160623853
GAS7,6619.0,0.423630168,311.0,-1.528251,-0.128075687
GBE1,708.0,0.404013874,283.0,0.292139,0.107543124
GBP1,1735.0,0.42614962,220.0,-1.519313,-0.713918113
GBP2,5058.0,0.440134196,314.0,-0.042676,-0.012996541
GBP4,4106.0,0.42983554,116.0,-1.39631,-0.836980879
GBP5,1753.0,0.421901204,537.0,-1.198604,-1.016596832
GFOD2,622.0,0.396604754,295.0,-0.456366,-0.053499609
GGA2,5408.0,0.377812588,83.0,1.433903,0.173961814
GGCX,5211.0,0.417836117,106.0,-0.334015,-0.318025717
GIGYF1,2212.0,0.443456438,1210.0,0.134249,-0.315126025
GINS3,1415.0,0.387351931,208.0,-0.517055,-0.770703744
GLA,1699.0,0.378726947,110.0,-0.79589,-0.062306422
GLE1,1357.0,0.383457083,114.0,-0.318533,0.147899259
GLRX,1188.0,0.430296645,211.0,-2.103847,-1.361038803
GLRX3,3557.0,0.41418463,539.0,-0.455223,0.065329454
GLUD1,1558.0,0.392454008,1132.0,0.383994,0.900448181
GLYR1,2033.0,0.39940414,57.0,1.117634,0.611827109
GMEB1,4582.0,0.43446142,142.0,0.06509,0.26974905
GMPPA,198.0,0.434966364,375.0,-0.289851,-0.109207121
GMPR,3984.0,0.435743929,114.0,0.982328,-0.008486866
GMPR2,464.0,0.453637396,704.0,0.22037,0.054933531
GNAI1,1947.0,0.435804474,356.0,-0.143442,-0.096416956
GNG7,3803.0,0.398730372,237.0,-0.624976,0.697213923
GNPDA1,1360.0,0.395964134,67.0,0.586658,0.612414939
GOLGA2,1243.0,0.401070546,13.0,-0.062158,-0.116253431
GON4L,926.0,0.418089888,175.0,-0.304471,-1.359120564
GOSR1,5968.0,0.408103421,237.0,0.369749,-0.168769652
GOSR2,3258.0,0.374298057,541.0,0.49132,0.450116637
GOT2,1054.0,0.444803236,129.0,0.3824,1.087766422
GPS2,97.0,0.431122181,76.0,0.640054,0.485106987
GPX7,626.0,0.395840774,39.0,-0.704907,0.185509678
GRAMD1A,299.0,0.411657297,748.0,-0.048907,-0.323262194
GRB2,2292.0,0.4413596,358.0,1.231548,0.543188378
GSTM4,2467.0,0.390909061,314.0,0.303524,0.161801908
GTF2A2,1070.0,0.420716795,404.0,-0.325458,-0.156015554
GTF2E2,604.0,0.365750105,273.0,-1.772168,-0.446124778
GTF3C2,932.0,0.372227001,397.0,-0.506442,-0.059304465
GTPBP1,2894.0,0.424954603,154.0,-0.29268,-0.051339892
GTPBP3,1032.0,0.436547413,95.0,0.110572,0.735996309
GTSE1,680.0,0.368527868,212.0,-0.852805,-0.41395435
GTSF1,222.0,0.36097632,86.0,-1.374375,-0.233085059
HADH,818.0,0.383558671,219.0,-0.10542,0.665544248
HADHA,615.0,0.383558671,130.0,-0.087579,0.507605805
HAUS5,3319.0,0.378752573,51.0,-0.213356,-0.04981384
HAUS8,346.0,0.37535995,111.0,-0.896945,-0.107909724
HCCS,1274.0,0.398607648,275.0,0.193744,0.299803882
HCK,337.0,0.440224323,364.0,-0.509594,-0.207254571
HDAC1,591.0,0.390040122,63.0,0.045401,0.11398298
HDDC3,763.0,0.387287166,29.0,0.839491,0.890512829
HDGF,1342.0,0.465394593,322.0,-0.497391,-0.487665989
HDLBP,2343.0,0.397687311,375.0,-0.784514,-0.258234593
HEATR3,1385.0,0.384091545,883.0,0.798471,-0.051411505
HEBP2,9119.0,0.359416339,297.0,-1.021213,0.074217222
HECA,3704.0,0.443714129,285.0,0.508104,0.335988097
HECTD3,3914.0,0.446742268,98.0,-0.720345,0.166344597
HERC2,726.0,0.429958504,109.0,0.724073,-0.003175881
HERC5,379.0,0.393838904,153.0,-2.017053,-0.371228664
HERC6,651.0,0.398146132,183.0,-2.261537,0.112385619
HIP1,4874.0,0.430847644,52.0,0.197097,-0.075956043
HLA-A,4150.0,0.424443523,84.0,-0.582866,-1.312519807
HLA-C,420.0,0.421684519,65.0,-0.895173,-0.29328215
HLA-DRA,409.0,0.420807891,109.0,-0.747358,0.087815958
HLA-E,1459.0,0.413523771,126.0,-0.625261,-0.290733641
HLA-F,121.0,0.407256461,124.0,-1.463008,-1.134219528
HMBOX1,3560.0,0.369177113,482.0,-1.508194,-1.42119518
HMBS,266.0,0.451934812,299.0,0.029159,-0.202972094
HMGB2,3775.0,0.450826504,193.0,0.363843,-0.003358924
HMGCS1,3661.0,0.374424323,345.0,-0.04075,-0.796512847
HMOX1,616.0,0.436401717,107.0,-0.913019,-0.325972657
HNRNPA0,7504.0,0.386421138,284.0,0.265469,0.121979064
HNRNPD,1688.0,0.420386111,318.0,-0.008525,0.022715224
HNRNPL,1102.0,0.449817015,176.0,-0.018564,-0.009436685
HNRNPU,4156.0,0.432126199,218.0,-0.165309,0.066161234
HNRNPUL1,2135.0,0.394022965,339.0,-0.159906,0.338849069
HNRNPUL2,2674.0,0.436897081,229.0,0.059551,-0.064577021
HSBP1,3274.0,0.4454546,174.0,-0.036801,0.201856126
HSD17B7,398.0,0.431983247,99.0,0.642309,0.200980499
HSP90AB1,313.0,0.39509298,251.0,0.036259,-0.416956196
HSPA1L,428.0,0.464100714,183.0,0.730952,-0.394852836
HSPA4L,7877.0,0.413794867,342.0,1.039649,0.486693999
HSPB11,107.0,0.34538245,284.0,0.735926,0.047786454
HTRA2,571.0,0.421976635,602.0,-0.328279,0.647824829
HTT,3901.0,0.373695076,145.0,0.030067,-0.165903614
HUS1,2068.0,0.374612864,131.0,-0.38585,0.043674841
HYI,310.0,0.378597605,196.0,-0.075909,0.610810207
HYOU1,1409.0,0.403839016,234.0,-0.140965,-0.415390984
ICAM1,1537.0,0.426062071,319.0,-2.003397,-0.784973715
IER3IP1,3342.0,0.438740024,97.0,0.61254,-0.501924171
IFI16,254.0,0.415211655,290.0,-1.396061,-0.214296265
IFI30,213.0,0.431523306,62.0,-1.63488,-0.994017951
IFI35,160.0,0.418462024,223.0,-0.092236,-0.300316171
IFI44,267.0,0.403888008,124.0,-0.72266,-0.604756159
IFI44L,5058.0,0.403608012,200.0,-1.408664,-0.367236371
IFIH1,121.0,0.412344512,377.0,-0.882971,-0.597991268
IFIT1,2775.0,0.411248073,495.0,-0.343479,-0.651438688
IFIT2,1901.0,0.420797646,175.0,-0.388818,-0.331269954
IFIT3,843.0,0.417440574,529.0,-0.739158,-0.735632374
IFIT5,2354.0,0.414819429,231.0,-0.563957,-0.324887624
IFT27,109.0,0.4030938,426.0,-0.068189,0.101559818
IGFBP3,1605.0,0.43060006,132.0,0.497019,0.268571081
IGFBP7,558.0,0.392734536,34.0,-0.088312,0.073380129
IKBKE,745.0,0.435100597,714.0,-1.18966,-0.157734647
IL16,3965.0,0.367979445,2395.0,-1.159034,-0.419648814
IL1RN,1145.0,0.411881061,408.0,-1.653862,-0.409122599
IL4I1,16.0,0.4139018,621.0,-1.351985,-0.297075066
ILF2,656.0,0.426220446,239.0,-0.752075,-0.167504923
IMPA2,2898.0,0.383680893,242.0,-0.196736,-0.542536461
INO80,5209.0,0.374025479,351.0,-0.062017,-0.235893323
INPP1,263.0,0.395712795,700.0,-0.110838,0.074320101
INPP5D,1195.0,0.436077769,512.0,-0.547313,-0.148464457
INSR,4801.0,0.380857973,411.0,0.561129,0.617754805
IPO5,2508.0,0.381335948,180.0,-0.064717,0.004025136
IRF7,92.0,0.423538356,367.0,-1.8971,-1.11482109
IRF8,1327.0,0.384714127,507.0,-0.818071,-0.379002372
IRF9,369.0,0.432057622,127.0,-0.782024,-0.395637552
IRGQ,7659.0,0.399674011,156.0,0.000423,-0.212981608
ISCU,607.0,0.454630229,1331.0,-0.139614,0.484225759
ISG15,62.0,0.419522688,77.0,-0.472195,-1.532382356
ISG20,952.0,0.419932377,2368.0,-0.265071,-0.534984507
ISOC1,1056.0,0.418535314,18.0,1.426556,0.932465051
ITGB2,415.0,0.457304004,395.0,-0.554042,-0.2255425
ITPKB,2981.0,0.440250717,340.0,-0.707554,-0.227442891
JUNB,496.0,0.414023332,276.0,-1.269778,0.207124686
JUP,157.0,0.458302936,298.0,0.026633,-0.223804243
KANK2,2291.0,0.394238955,361.0,-0.236511,0.139149223
KARS,4202.0,0.383913431,144.0,0.688667,0.496813002
KDM1A,327.0,0.428444011,149.0,-0.189051,-0.068732373
KDM2A,3716.0,0.372295488,864.0,-0.043847,-0.19085962
KDM2B,2488.0,0.393022165,407.0,0.094496,-0.010328601
KDM3B,1327.0,0.37791414,200.0,0.799487,0.248850621
KDM4A,1148.0,0.378142374,166.0,0.211204,-0.04380427
KHSRP,1024.0,0.456900489,110.0,-0.025179,0.053466334
KIAA2013,727.0,0.385456054,191.0,-0.343823,0.770960538
KIF20A,757.0,0.371463873,496.0,-0.792644,-0.563102643
KIF22,75.0,0.392489541,388.0,0.485599,-0.25061481
KIF2C,588.0,0.387865377,395.0,-1.027077,-0.442963749
KIF3B,3792.0,0.390782105,180.0,0.312399,-0.195511992
KIF3C,2392.0,0.403852971,657.0,-0.286717,-0.388870153
KIF5B,3198.0,0.418236129,470.0,-0.393196,-0.083955449
KLHL7,3616.0,0.41595405,521.0,-0.645704,-0.445346054
KTI12,594.0,0.370414154,39.0,-0.307552,0.12671125
LAMP1,1311.0,0.390985106,281.0,1.146299,0.392705444
LANCL2,2422.0,0.433733517,578.0,-0.363615,-0.172973849
LAP3,503.0,0.426841798,162.0,-0.527319,-0.333737173
LDHD,1826.0,0.398770776,52.0,2.937746,1.650943383
LENG1,560.0,0.445950324,48.0,0.186696,0.061148591
LGALS3,159.0,0.420172221,88.0,-2.192136,-1.107237951
LGALS3BP,1225.0,0.419930622,179.0,-0.608965,-0.489058073
LGALS9,641.0,0.410654931,118.0,-1.59282,-0.517824621
LIN54,4893.0,0.441729058,383.0,0.29499,0.209783881
LPCAT1,2228.0,0.380803123,133.0,0.687962,0.534595199
LPCAT4,239.0,0.432241557,94.0,-0.000409,0.36534803
LPXN,1776.0,0.432350833,254.0,-0.552758,-0.331490752
LRPPRC,2376.0,0.377375074,58.0,-0.19022,0.212412094
LRRC25,843.0,0.434491636,642.0,-0.275209,-0.002185923
LRRC41,465.0,0.438391248,44.0,-0.001396,0.604610378
LRRC59,1755.0,0.423067849,236.0,-0.347411,-0.914565922
LSM1,486.0,0.409616526,410.0,-1.725392,-0.335138054
LSM6,1871.0,0.435100303,139.0,-0.63106,0.425095124
LTA4H,391.0,0.355044638,145.0,-0.068567,-0.012577285
LYN,4058.0,0.418972994,282.0,-0.715732,-0.230502132
LYPLAL1,1137.0,0.3973742,157.0,-0.703526,0.308916381
LYRM4,6830.0,0.366844497,217.0,-0.576316,0.293356631
LYSMD2,596.0,0.394037378,501.0,0.277371,0.305455511
M6PR,1457.0,0.379162834,275.0,0.020208,-0.33789944
MAD2L1,4528.0,0.407191351,124.0,-0.513116,-0.269230942
MAFB,2032.0,0.405989564,390.0,-1.934202,-0.201719954
MAGED2,327.0,0.466698843,233.0,1.741341,0.599232401
MAGOH,153.0,0.416054235,162.0,-0.441093,-0.088073655
MAN2B1,128.0,0.381728903,76.0,-1.317925,-0.221903713
MANF,717.0,0.420319188,97.0,-0.171178,-0.122387048
MAP4K1,170.0,0.374128007,140.0,-1.881686,-0.304276761
MARCKSL1,768.0,0.468216312,206.0,-0.472095,-0.415189459
MAX,2676.0,0.337149475,479.0,-0.405628,-0.216394354
MBD2,3723.0,0.420256858,229.0,0.168375,0.21048851
MBP,4041.0,0.393290432,264.0,0.099671,-0.221028202
MCM2,662.0,0.460999542,110.0,0.13663,-0.550399087
MCM4,2618.0,0.371821308,942.0,0.540088,-0.360563598
MCM5,3214.0,0.470488076,94.0,0.167157,-0.365232533
MDC1,658.0,0.415783633,440.0,-0.20427,-0.058394599
MDH1,210.0,0.381672323,435.0,-0.59954,-0.254355215
ME1,1535.0,0.411214685,265.0,1.483446,0.238925517
ME3,171.0,0.395156177,377.0,2.238208,1.906636313
MECR,1365.0,0.445670958,612.0,-0.220755,0.851209348
MED17,2631.0,0.366528813,275.0,-0.065745,0.288080059
MED19,934.0,0.439623042,93.0,-0.488445,0.14929795
MED28,10307.0,0.440157501,27.0,0.096096,0.519557892
MED29,4550.0,0.464327351,57.0,0.610567,0.365616187
MEN1,824.0,0.454590692,504.0,-0.450048,-0.20359655
METTL13,961.0,0.396264071,347.0,-0.696733,-0.239764933
MGST3,1295.0,0.374563048,428.0,-1.226847,-0.867895762
MIF4GD,787.0,0.397877071,137.0,-0.032605,0.126489126
MINK1,774.0,0.455972684,525.0,-0.034723,-0.086557871
MIS12,1334.0,0.420723459,745.0,0.375941,-0.256603449
MLEC,5319.0,0.43043384,173.0,0.527959,0.115549441
MLLT10,2252.0,0.36295117,1568.0,-0.253636,-1.041629426
MMACHC,1852.0,0.382684622,371.0,-0.264305,-0.291686596
MMADHC,5382.0,0.406207656,205.0,-0.120356,-0.039581571
MMGT1,4451.0,0.406300672,388.0,-0.521941,0.197243817
MMP1,502.0,0.392399458,189.0,-0.44924,-0.61673705
MMP14,1722.0,0.419367787,285.0,-0.285461,0.277952161
MMP9,193.0,0.404253633,19.0,1.022505,-0.113567752
MORC3,2052.0,0.406702124,375.0,-0.190663,0.060157706
MORF4L1,1066.0,0.420719378,454.0,-0.144565,0.187772862
MOV10,619.0,0.412681236,1415.0,-0.577629,-0.469047042
MPDU1,797.0,0.440676037,216.0,0.605997,0.736404501
MPHOSPH10,87.0,0.404440607,352.0,-0.116268,-0.148498063
MRI1,2018.0,0.459301832,75.0,1.227862,0.73123
MRPL13,1075.0,0.395373051,313.0,0.194752,-0.010854163
MRPL15,1888.0,0.407701507,63.0,-0.301441,0.00775671
MRPL16,212.0,0.368940255,214.0,-0.656429,-0.111684662
MRPL17,6554.0,0.424450505,105.0,-0.306859,0.191226097
MRPL2,580.0,0.458698472,164.0,-0.65326,-0.220782553
MRPL20,187.0,0.445765675,96.0,0.222265,0.297259938
MRPL21,55.0,0.417448467,293.0,-0.28337,0.101147847
MRPL27,2133.0,0.436300758,31.0,0.019829,0.428965823
MRPL40,113.0,0.406843086,653.0,0.288776,-0.00114849
MRPL46,1889.0,0.422788385,25.0,0.278499,0.454041995
MRPL48,1284.0,0.368940255,212.0,-0.471087,-0.10425458
MRPL51,2069.0,0.35376587,169.0,-0.155247,0.009970752
MRPL53,198.0,0.441261883,155.0,-0.394752,0.021796744
MRPL9,407.0,0.432679379,437.0,-1.001349,-0.048261065
MRPS11,2793.0,0.477818717,1491.0,0.176292,0.129997594
MRPS15,468.0,0.440649404,164.0,-0.170106,-0.007801695
MRPS17,1334.0,0.413812124,30.0,-0.763908,0.484981291
MRPS18B,936.0,0.408462865,157.0,-0.310098,0.533617484
MRPS36,933.0,0.3748339,84.0,0.666869,0.639856131
MRPS7,453.0,0.455992019,233.0,-0.412484,0.096904764
MSI2,5168.0,0.366385762,173.0,1.312665,0.680675655
MSTO1,694.0,0.421389639,1152.0,-0.892986,-0.4821343
MT2A,316.0,0.576670685,123.0,-1.038504,-2.790647068
MTA2,684.0,0.459443446,761.0,-0.466753,-0.211062241
MTFMT,1550.0,0.414190941,26.0,0.351896,0.972726007
MTHFS,1663.0,0.434592403,179.0,0.200376,0.278852355
MTMR1,2442.0,0.424163835,319.0,0.170187,0.040167715
MTMR14,421.0,0.371137969,151.0,0.166357,-0.028477106
MVP,50.0,0.435053297,193.0,0.713145,0.358086298
MX1,456.0,0.433488503,982.0,-1.823461,-1.222978837
MX2,1812.0,0.430094961,104.0,-1.250972,-0.387792374
MYADM,2833.0,0.384589896,681.0,-0.156035,-0.974690632
MYCBP,3972.0,0.381803634,73.0,-0.111776,-0.09906691
MYL12A,812.0,0.453450746,478.0,-0.500873,-0.056674845
MYO18A,3647.0,0.395788337,484.0,0.684217,0.000488329
MYO9B,1401.0,0.398943925,152.0,-0.126014,-0.187868465
N6AMT1,5137.0,0.427535625,28.0,0.501101,0.76395974
NAA40,3212.0,0.389371031,261.0,0.349562,-0.147125024
NAB1,2433.0,0.361024962,572.0,-0.598379,-0.44738291
NADK,1672.0,0.3959688,563.0,-0.170527,-0.308218999
NADSYN1,464.0,0.447848979,126.0,0.199559,-0.227962612
NAGK,1297.0,0.42527382,474.0,-0.071564,-0.201863715
NANS,37.0,0.458552255,132.0,-1.196447,-0.528530209
NAPA,1862.0,0.477781443,318.0,0.666027,0.292774162
NAT10,4915.0,0.387474071,245.0,-0.510658,-0.453927067
NBAS,140.0,0.414580543,44.0,-0.114683,0.135275224
NCALD,2767.0,0.374888213,460.0,-0.605416,-0.733755752
NCAPD3,2971.0,0.431957579,606.0,-0.318123,-0.123309455
NCAPG2,3501.0,0.41630572,200.0,-0.644627,-0.25787755
NCF1,2381.0,0.415579251,70.0,-0.472423,-0.300553703
NCK2,1267.0,0.457831152,276.0,-0.038868,-0.086463565
NCKIPSD,4981.0,0.449411541,126.0,0.139119,0.070035185
NCOA5,1332.0,0.416761948,402.0,0.271414,0.012783224
NCOA7,3259.0,0.404217869,470.0,-1.368803,-0.183359062
NDC80,61.0,0.356199389,182.0,-0.685857,-0.406399486
NDRG2,841.0,0.376266446,941.0,-0.332233,-0.877486616
NDUFA4,1685.0,0.439642808,129.0,-0.665092,0.191639212
NEU1,667.0,0.413226082,156.0,-0.284982,-0.412226345
NFATC2IP,3242.0,0.412267479,15.0,0.565422,0.408996849
NFKB1,708.0,0.4099683,467.0,0.026662,-0.009503734
NFKB2,153.0,0.424806573,563.0,-0.898049,-0.361681823
NFKBIE,1053.0,0.409138176,25.0,-0.740648,0.014703907
NGDN,1255.0,0.423783924,27.0,-0.092783,-0.296209453
NGRN,1679.0,0.414477409,50.0,0.098857,0.069736305
NINJ1,5217.0,0.455972644,71.0,0.914987,1.781409678
NIP7,1593.0,0.443769116,318.0,-0.839473,-0.341057181
NIT2,2351.0,0.432361565,74.0,0.321612,0.429855095
NMNAT3,2689.0,0.397393877,1228.0,1.675235,1.662923478
NMT1,3377.0,0.454689408,31.0,-0.083794,-0.167532954
NONO,1092.0,0.432928506,710.0,-0.311572,0.04299757
NOP14,912.0,0.38067473,187.0,0.593441,-0.291004853
NOP2,785.0,0.393538298,198.0,-0.077474,-0.858974449
NOTCH2,6062.0,0.409327653,297.0,-0.947307,-0.326813497
NPTN,1068.0,0.388989686,197.0,0.472217,0.366110677
NR2C2,6271.0,0.390767743,362.0,0.296245,0.378395212
NRBF2,883.0,0.43605128,224.0,-0.714115,-0.486432791
NRF1,1901.0,0.447602651,500.0,0.160062,0.491839718
NRGN,833.0,0.413631862,152.0,0.277314,0.413107383
NRP1,3846.0,0.416817106,523.0,-0.155289,0.032804685
NSFL1C,1587.0,0.42738001,868.0,-0.139134,0.085186111
NSMAF,602.0,0.358586884,214.0,0.723531,0.077607394
NTAN1,178.0,0.344459601,320.0,-1.003194,-0.150991625
NUBP1,246.0,0.455923678,142.0,0.731972,0.305250597
NUCKS1,5461.0,0.359398328,271.0,-0.434953,-0.567530093
NUDC,716.0,0.476401948,127.0,0.198435,-0.067782241
NUDT16,5489.0,0.428387545,75.0,0.421628,0.163011019
NUMA1,663.0,0.474508115,436.0,0.25626,0.028137538
NUP93,5678.0,0.382018893,495.0,-0.730654,-0.009371373
NXF1,2943.0,0.375826754,136.0,0.593077,0.162303654
OCIAD2,4872.0,0.363821488,322.0,0.90197,1.402072882
OGDH,1071.0,0.396078149,159.0,-0.161841,0.584174565
OPA3,7233.0,0.475004358,100.0,0.318797,0.613319854
OSBPL2,2363.0,0.383456763,571.0,-0.019734,-0.074315658
OSBPL5,1099.0,0.381371042,158.0,-0.294151,0.190323222
OVCA2,792.0,0.429983078,65.0,0.21215,0.076458703
P2RX4,573.0,0.442596273,304.0,0.269002,-0.15691164
PAAF1,509.0,0.376143366,341.0,-0.055577,0.018855069
PACSIN2,1591.0,0.413490434,405.0,-0.662067,-0.315085025
PARK7,451.0,0.457171775,163.0,0.268925,0.292015831
PARP1,769.0,0.460215809,171.0,-0.485227,-0.620562912
PARP10,332.0,0.422654659,200.0,0.394982,-0.136459792
PARP12,816.0,0.416480622,874.0,-1.082518,-0.474096985
PARP14,2243.0,0.414355918,59.0,-0.239868,-0.401712715
PARP9,451.0,0.418102187,327.0,0.212263,-0.249562721
PARVG,2043.0,0.383803232,484.0,-0.2797,-0.015778582
PBK,750.0,0.413339119,464.0,-2.438886,-0.818377525
PCNA,338.0,0.425000199,239.0,-0.132436,-0.093389959
PDAP1,2007.0,0.464659554,134.0,-0.241385,-0.355092737
PDCD2,155.0,0.440448783,111.0,-0.279333,-0.301660178
PDCD2L,48.0,0.433436103,33.0,-0.659864,0.12442338
PDCD6IP,3211.0,0.388727459,158.0,0.538049,0.285029086
PDHA1,2054.0,0.402514578,145.0,-0.022322,0.75122531
PDHB,2974.0,0.442593378,43.0,-0.205485,0.770129361
PDLIM1,357.0,0.379179626,233.0,-0.795504,-0.434343988
PDXDC1,2055.0,0.375670185,335.0,0.372434,-0.428018494
PDXK,6244.0,0.398158884,198.0,-0.954103,-0.039481328
PEBP1,796.0,0.360152166,326.0,0.639547,0.28554053
PEF1,769.0,0.441759403,424.0,-0.072418,0.032377827
PELO,5222.0,0.385240523,985.0,0.131918,-0.069734041
PEPD,395.0,0.450896903,133.0,-0.324031,-0.037369698
PEX6,946.0,0.370078344,93.0,0.068667,-0.058735076
PEX7,2294.0,0.407005497,102.0,0.16821,-0.055454709
PFDN5,124.0,0.497062947,117.0,0.089768,-0.223380321
PFDN6,574.0,0.470152145,222.0,-0.153892,-0.081794638
PGM1,570.0,0.393980016,681.0,-0.335345,0.158309961
PHB,988.0,0.45268542,190.0,-0.369427,0.244570693
PHF10,104.0,0.365149381,79.0,0.371054,-0.01563256
PI4K2A,2692.0,0.385068362,57.0,0.136242,0.113588367
PIAS1,3626.0,0.396022529,741.0,0.086885,0.176230058
PIGH,1430.0,0.434471606,98.0,0.175749,-0.03639991
PIK3AP1,3866.0,0.407313024,128.0,-0.509818,-0.54811581
PIR,205.0,0.385796208,485.0,-0.819058,-0.354114254
PITPNC1,4686.0,0.369070722,874.0,-0.657721,-0.372075503
PLA2G4C,585.0,0.406173977,398.0,0.744145,-0.243790772
PLA2G7,1187.0,0.402486321,269.0,-2.336892,-0.661164016
PLAUR,323.0,0.418467601,226.0,-1.083398,-0.693480642
PLCB2,818.0,0.468984469,301.0,-0.485002,-0.136740974
PLCG1,3987.0,0.454806205,121.0,-0.36455,-0.289224794
PLD4,273.0,0.377985619,192.0,0.737426,0.091591734
PLEKHO1,5192.0,0.424698037,839.0,-1.007984,-0.741832141
PLEKHO2,2119.0,0.429714475,134.0,-0.377588,-0.159049416
PLSCR1,10376.0,0.415598704,388.0,-0.252317,-0.86278961
PML,3324.0,0.431306474,140.0,-0.987854,-0.31769465
POLR1C,1131.0,0.439933821,86.0,-0.334955,-0.042911809
POLR1D,1469.0,0.427162265,456.0,0.15103,-0.249531342
POLR2F,1600.0,0.47244007,250.0,-0.267651,0.174576597
POLR2H,1065.0,0.427596015,1167.0,-0.323556,-0.655179485
POLR3H,3481.0,0.444306047,388.0,0.011869,-0.027386133
POLR3K,1023.0,0.473025152,46.0,1.331609,0.313361627
PPA2,660.0,0.432735716,20.0,0.092919,0.719062076
PPIE,4556.0,0.446406574,56.0,-0.286431,0.01328802
PPIL1,1921.0,0.453832883,252.0,-0.915382,-0.067562671
PPP1R14B,282.0,0.457456004,268.0,-1.611157,-0.332730831
PRC1,1136.0,0.367783806,234.0,-0.365495,-0.504935165
PRCC,357.0,0.381841119,290.0,-0.731851,-0.11975604
PRDX1,303.0,0.414090753,341.0,0.314811,-0.097199552
PRDX6,944.0,0.433706552,51.0,-0.791869,-0.383486228
PREB,658.0,0.378530018,403.0,-0.432592,-0.000482927
PREP,579.0,0.425974009,233.0,-0.203765,-0.169488229
PRG4,784.0,0.366727173,51.0,-1.786169,-0.216643867
PRIM2,1166.0,0.350864643,125.0,-0.461999,0.058206728
PRKAB1,1305.0,0.365943644,289.0,0.469535,0.168624324
PRKAR2A,5019.0,0.427443141,254.0,0.648292,0.223474363
PRKCB,5795.0,0.38010529,197.0,-3.151022,-0.672253593
PRKCD,451.0,0.404392693,469.0,0.793546,0.122170641
PRKRA,683.0,0.420894136,659.0,-0.324568,-0.289727402
PRKRIP1,3224.0,0.453589322,55.0,-0.244353,-0.192503859
PRMT5,393.0,0.386451423,508.0,-0.241097,0.170683639
PRMT7,3655.0,0.450088803,850.0,-0.047618,-0.232505013
PROCR,549.0,0.357872186,218.0,0.56073,0.558179317
PRPS1,3908.0,0.466551451,409.0,-2.627939,-0.882211584
PRPSAP1,2056.0,0.390811115,688.0,-0.054885,-0.013842019
PRRC1,3173.0,0.409170839,188.0,0.125438,0.052786336
PSMA5,2997.0,0.446573967,225.0,-0.451227,-0.464253131
PSMA6,187.0,0.423632682,445.0,-0.393694,-0.259256531
PSMB10,58.0,0.455018511,128.0,-0.979742,-0.743393475
PSMB2,3775.0,0.389848815,412.0,-0.402685,-0.385514344
PSMB8,242.0,0.411206622,522.0,-0.736567,-0.411906907
PSMB9,5497.0,0.431095699,69.0,-1.52713,-0.297822876
PSMC3,66.0,0.485654947,194.0,-0.1868,0.166281678
PSMD11,2567.0,0.390095635,61.0,-0.032096,0.11329082
PSMD13,384.0,0.437236365,242.0,-0.227755,-0.108504141
PSMD8,450.0,0.458928351,52.0,0.279331,0.200211717
PSME2,53.0,0.443656162,65.0,-0.924703,-0.887038428
PSMG1,5308.0,0.427553471,578.0,-0.697591,-0.316311589
PSTPIP2,1923.0,0.429639796,96.0,0.888459,0.23884116
PTBP1,1504.0,0.473818895,106.0,0.147732,0.130381868
PTDSS1,3765.0,0.367954205,423.0,0.397033,-0.06216796
PTGS1,3346.0,0.37260918,633.0,0.740865,0.301140812
PTP4A1,3419.0,0.421202001,1153.0,-0.474,0.156585512
PTPMT1,1899.0,0.450492628,193.0,-0.073563,0.737392003
PTPN18,2185.0,0.381656528,101.0,-0.661987,-0.525044808
PTPN7,1593.0,0.440747449,781.0,-1.136061,-0.565213251
PTPRE,2994.0,0.426620112,1843.0,0.225491,0.195335936
PTPRF,4571.0,0.452810321,356.0,-0.4033,0.05610549
PTRH2,3186.0,0.370743372,1544.0,-0.342332,-0.152742241
PWWP2B,819.0,0.424412275,29.0,-0.108328,0.162275752
PYCR2,578.0,0.474148407,230.0,0.037596,-0.603073208
PYGL,175.0,0.392036998,127.0,0.994093,-0.017178541
QARS,97.0,0.458996209,396.0,-0.169072,0.335737639
RAB11FIP1,4277.0,0.380614122,56.0,-1.435504,-0.749700782
RAB12,1120.0,0.38483812,283.0,0.56616,0.350360896
RAB21,5246.0,0.435367738,267.0,0.25505,-0.033041136
RAB31,3231.0,0.437498832,175.0,4.096318,1.768337308
RAB35,2172.0,0.408841719,189.0,0.121407,-0.262096624
RAB7A,1376.0,0.419395127,232.0,0.025257,-0.004803752
RAB8B,4163.0,0.425956778,96.0,0.79841,0.245606715
RAB9A,1716.0,0.417525007,283.0,-0.581948,-0.3584579
RABGGTA,77.0,0.387342734,512.0,-0.20126,0.027982086
RABGGTB,440.0,0.409412379,78.0,0.695556,-0.348254746
RABIF,4760.0,0.447399225,159.0,-0.932234,-0.070075497
RACGAP1,1895.0,0.366370127,354.0,-0.808334,-0.584070745
RAD9A,924.0,0.444046557,185.0,-0.627817,-0.277069295
RAE1,1112.0,0.432613552,365.0,-0.236902,0.073793875
RAI1,1472.0,0.455620822,469.0,0.891763,0.241268515
RAN,2043.0,0.442855294,361.0,-0.097306,-0.137215156
RANBP10,3359.0,0.379453562,1256.0,-0.524765,-0.109214186
RANGAP1,3145.0,0.481547647,765.0,-0.108887,0.102254372
RAPGEF1,2727.0,0.425793135,159.0,-0.004554,0.046997522
RARS,114.0,0.423508657,41.0,0.271781,0.37318795
RBBP4,6506.0,0.404056961,164.0,0.038404,-0.382391842
RBBP5,3098.0,0.421849625,474.0,-0.257181,-0.032424258
RBKS,251.0,0.392307233,1371.0,0.23536,0.300707401
RBM12,3599.0,0.375183789,304.0,0.007227,-0.020726945
RBM14,3443.0,0.468008211,139.0,-0.127123,0.123701917
RBM4B,5277.0,0.396841232,170.0,-0.344071,-0.168126183
RBMX,1201.0,0.353737079,210.0,-0.05535,0.593758799
RBPJ,4223.0,0.4178224,518.0,-0.035669,0.175436079
RBX1,821.0,0.46562919,52.0,-0.186145,-0.283532715
RC3H1,7637.0,0.410085914,87.0,-0.098226,-0.303664488
RCCD1,1773.0,0.374130224,280.0,-0.050668,0.047754901
RCOR1,4070.0,0.439565312,228.0,-0.340583,-0.095513525
REEP4,591.0,0.460338979,469.0,-1.368632,-0.580937738
REEP5,2962.0,0.457536941,144.0,1.451428,0.874448203
RELB,408.0,0.418226182,131.0,-1.304187,-0.343361105
REPIN1,2683.0,0.45080531,489.0,-0.225354,-0.12974831
RFC4,89.0,0.411167541,282.0,-0.203714,0.127734094
RFK,1882.0,0.429285662,357.0,-0.344907,0.54942114
RFX5,1546.0,0.386685917,221.0,0.135643,-0.148679887
RFXAP,1850.0,0.421314391,156.0,0.5926,0.10267022
RHBDF2,740.0,0.423256567,294.0,-0.938752,-1.713132704
RHOT2,568.0,0.454546166,881.0,0.998117,0.741647056
RNASE2,179.0,0.384567964,71.0,-1.266822,-0.510564512
RNASEH1,4369.0,0.404567903,700.0,-0.459574,-0.301870428
RNASEH2B,3930.0,0.37625722,399.0,0.357365,0.414902851
RNASET2,1070.0,0.374792559,407.0,-0.850998,-0.454242865
RNF114,1751.0,0.459950313,36.0,-0.467087,-0.276661972
RNF167,289.0,0.375291206,776.0,0.916009,0.273584134
RNF20,5226.0,0.396317502,92.0,0.01216,-0.253706393
RNF213,5288.0,0.417718743,150.0,-0.092744,-0.65838299
RNF216,2819.0,0.430061571,259.0,0.081828,0.205534372
RNF25,102.0,0.375620157,88.0,-0.142752,-0.189877843
RNF31,88.0,0.389352607,358.0,-0.070216,0.014795115
RNLS,1252.0,0.416402283,135.0,0.879481,1.198920893
RNMT,4581.0,0.415128602,241.0,0.236335,0.631640869
RNPEP,463.0,0.447181346,896.0,-0.334175,-0.111100055
RP9,437.0,0.42869019,18.0,-0.662886,-0.073535821
RPA1,2907.0,0.381710028,170.0,0.013105,0.066419901
RPA2,639.0,0.400070522,793.0,-0.189017,0.153280981
RPAIN,471.0,0.394698889,570.0,0.688526,0.064627118
RPL11,461.0,0.442317923,45.0,-0.448467,-0.331476824
RPL14,5208.0,0.496792394,133.0,0.198399,-0.007464661
RPL23,3146.0,0.464880603,90.0,-0.233186,-0.175032627
RPL26,53.0,0.427802183,389.0,0.543831,-0.644561055
RPL31,1260.0,0.451994935,87.0,-0.320174,-0.262240797
RPL34,1350.0,0.436455219,198.0,0.088598,-0.070317154
RPL5,1058.0,0.451564158,75.0,-0.625422,-0.12535276
RPL7,1077.0,0.460258279,707.0,0.187015,-0.30029253
RPS11,373.0,0.483080585,92.0,-0.220912,-0.047147977
RPS24,4247.0,0.430653047,142.0,-0.618642,-0.173507168
RPS25,109.0,0.467193878,63.0,-0.06353,-0.295511686
RPS27A,743.0,0.450449292,321.0,-0.676502,-0.451827648
RPS3A,306.0,0.426765211,80.0,0.018881,-0.265289811
RPS4X,629.0,0.442998752,96.0,-0.725722,-0.077432509
RPS6,2723.0,0.413925579,42.0,-0.689217,-0.387637319
RPS6KA1,828.0,0.389798854,163.0,0.091775,0.111828746
RPS6KA4,735.0,0.38455359,226.0,-0.833736,0.055400353
RPS7,66.0,0.428822459,109.0,-0.914726,-0.242455147
RPTOR,2341.0,0.385169267,805.0,0.192086,0.137513847
RREB1,3012.0,0.456825357,492.0,-0.120469,-0.247693855
RRM1,2304.0,0.437568848,689.0,-0.675741,-0.252118876
RRP8,5071.0,0.446233376,148.0,-0.392244,-0.116844331
RRS1,978.0,0.468289248,104.0,0.453338,0.13143909
RTN3,1690.0,0.358048129,187.0,-0.360353,-0.359226685
RTN4IP1,1108.0,0.372133716,477.0,-0.88938,0.024041643
RUNX1,4334.0,0.416076551,1578.0,-0.090381,0.117813265
RUNX3,2611.0,0.405217602,439.0,-2.356141,-0.094493774
RWDD1,6365.0,0.401367905,746.0,-0.119518,0.222834115
S100A8,71.0,0.444112716,170.0,-3.45812,-1.959451891
S100A9,189.0,0.439508357,43.0,-3.171155,-2.459017848
SAMD9,1815.0,0.395660052,270.0,-0.839146,-0.478780437
SAMD9L,1162.0,0.396305952,1248.0,-1.620321,-0.569024756
SAMM50,150.0,0.345249646,197.0,-0.04271,0.438759137
SAMSN1,684.0,0.407246581,430.0,-0.841509,-0.074231954
SAP18,1754.0,0.427429047,39.0,0.633707,-0.004269027
SAP30BP,1541.0,0.449617255,257.0,-0.08962,-0.01176014
SAR1A,5213.0,0.411769389,203.0,-0.52657,-0.523982142
SAR1B,5806.0,0.392367964,253.0,0.415393,-0.185258688
SARS,1054.0,0.40098191,100.0,0.341889,0.194929064
SASH3,1369.0,0.387406112,182.0,-0.959622,-0.189593169
SCAMP4,1741.0,0.472519575,351.0,0.29107,0.418147827
SCO1,8645.0,0.407339367,61.0,0.280453,0.611966327
SDCCAG8,307.0,0.360606297,1542.0,-0.318485,-0.071294876
SEC11C,205.0,0.423646802,92.0,0.311176,-0.317474626
SEC13,332.0,0.457264526,210.0,-0.130457,-0.340919186
SEC14L1,2986.0,0.420320088,665.0,0.027015,-0.268671364
SEC24B,1221.0,0.400931805,155.0,0.529342,0.371649029
SEC24D,2115.0,0.386600041,297.0,-0.588701,-0.115935692
SEC61B,270.0,0.404562259,76.0,-0.254614,-0.068007797
SEMA3F,960.0,0.38837398,318.0,0.555854,0.159466831
SEMA4A,755.0,0.412797256,345.0,-0.573162,0.082756314
SEMA4D,2318.0,0.393173667,572.0,-0.04609,0.099309779
SERPINA1,1707.0,0.420489385,573.0,-0.35344,0.015999508
SERPINB8,2096.0,0.38524815,520.0,0.21415,0.587188223
SETMAR,321.0,0.414235412,398.0,-0.00669,0.599556446
SEZ6L2,540.0,0.431800162,245.0,-0.859184,0.22740841
SF1,2419.0,0.374481437,721.0,0.024818,0.103224175
SF3B2,563.0,0.453902675,40.0,-0.197363,-0.124606393
SFXN4,500.0,0.402513841,45.0,-0.377209,-0.203564028
SH3BP1,433.0,0.395530944,313.0,-0.872318,-0.34455594
SH3PXD2B,4870.0,0.420952884,171.0,-0.910204,-0.166257383
SHMT1,4335.0,0.394510245,509.0,0.272,0.212767564
SIGLEC1,1590.0,0.42099348,0.0,-1.339983,-0.175164464
SIPA1,2933.0,0.437718847,296.0,-0.549874,-0.061744618
SIRPA,3027.0,0.429235057,360.0,-0.694833,-0.291386796
SKP1,8791.0,0.433886974,179.0,0.738965,0.213686156
SLBP,3046.0,0.391438372,553.0,0.941375,-0.247923766
SLC25A10,1929.0,0.386184273,191.0,-0.190025,0.891021265
SLC25A19,477.0,0.386093473,224.0,-0.001257,0.115984889
SLC25A20,787.0,0.382641976,199.0,1.384816,1.145131232
SLC25A3,504.0,0.383836987,354.0,-0.31878,0.628278289
SLC25A40,2688.0,0.363984785,375.0,-0.07741,0.285295033
SLC25A42,2156.0,0.366871382,156.0,-0.029518,0.585249815
SLC25A6,450.0,0.487227384,137.0,-1.068994,0.202308848
SLC27A3,163.0,0.439664345,91.0,-0.174762,0.200623652
SLC39A10,2661.0,0.346494338,214.0,-0.166635,0.105946708
SLC43A2,6357.0,0.437839378,341.0,-0.329962,-0.146816384
SLC43A3,838.0,0.382351997,447.0,-0.758016,0.306214827
SLC44A1,8291.0,0.4365497,264.0,-0.176616,0.27487289
SLC9A3R1,709.0,0.400889529,235.0,0.207621,-0.475838097
SMAP2,1225.0,0.404145004,415.0,-0.238017,-0.1817863
SMC1A,5954.0,0.490702048,340.0,-0.023563,0.333586107
SMG5,1363.0,0.383248033,540.0,-0.329144,-0.125227071
SMS,2660.0,0.417677888,252.0,-0.557898,-0.191349882
SMYD3,223.0,0.378821529,130.0,-0.842121,-0.27222732
SNRNP200,676.0,0.454045162,132.0,0.181334,0.039732527
SNRPC,474.0,0.427936125,450.0,-0.465756,-0.038537885
SNRPD1,4386.0,0.384326147,161.0,0.140017,0.191724968
SNRPN,279.0,0.390283395,1145.0,0.797018,0.236961241
SNX24,5071.0,0.338464018,185.0,1.373251,0.982880504
SNX30,6144.0,0.426743352,148.0,0.305324,0.029307661
SNX33,5086.0,0.383330712,96.0,1.025371,0.609620916
SOD1,353.0,0.438546885,148.0,-0.085002,0.218337398
SOD2,13436.0,0.435065133,1828.0,-0.819746,-0.079156221
SP110,3922.0,0.401738483,258.0,-0.839309,-0.775396502
SPC24,1691.0,0.381793277,320.0,-1.576161,-0.632966946
SPC25,540.0,0.373816265,131.0,-0.965831,-0.3041435
SPCS1,3333.0,0.417439524,205.0,0.145548,-0.206021754
SPI1,383.0,0.406748349,223.0,-0.711607,-0.21527132
SPRYD4,1406.0,0.430591965,75.0,0.562315,0.953328979
SQSTM1,1485.0,0.412192979,360.0,0.565401,-0.744324941
SRC,2671.0,0.437602812,449.0,0.130025,0.176074289
SRGAP2,3018.0,0.377689891,542.0,-0.228454,0.134774996
SRI,5365.0,0.424260151,79.0,-0.389651,-0.133077182
SRP19,2645.0,0.430943803,189.0,0.145854,-0.1215166
SRPRB,1784.0,0.427990824,285.0,-0.149227,-0.344371363
SRR,1392.0,0.393840903,354.0,0.576297,-0.333154053
SRXN1,2099.0,0.37663928,185.0,0.240064,0.468515254
SS18L2,777.0,0.45997865,208.0,0.171086,-0.639737262
SSH1,5298.0,0.373517564,146.0,-0.034522,-0.2017777
SSH3,2595.0,0.376349937,178.0,-0.387099,-0.145797315
SSR2,592.0,0.425839932,80.0,-1.057518,-0.159085554
SSR3,3698.0,0.388415977,156.0,0.143852,-0.706209103
SSR4,87.0,0.444947593,150.0,-0.099879,-0.224014603
SSRP1,422.0,0.394601844,267.0,-0.148122,-0.346952693
SSU72,400.0,0.445120823,325.0,-0.486245,0.280843883
ST13,3666.0,0.439823793,468.0,0.271812,-0.239672735
ST14,553.0,0.454138745,193.0,-0.134369,-0.313718561
STARD10,1682.0,0.427301627,944.0,0.781496,-0.070212179
STAT1,3294.0,0.408136156,388.0,-0.910509,-0.838455713
STAT2,1791.0,0.409862748,203.0,-0.541593,-0.274871863
STAT6,1168.0,0.380869476,499.0,0.346375,0.090466606
STMN1,1138.0,0.394107416,364.0,-1.256605,-0.874506796
STOM,2222.0,0.387137797,117.0,1.198049,0.613109409
STOML2,531.0,0.456962681,143.0,0.018022,0.146074361
STX11,4481.0,0.457080677,192.0,-0.724412,-0.346181739
STX3,5058.0,0.403902965,547.0,0.507176,0.016107198
STX7,14891.0,0.417568039,327.0,0.031933,-0.25791401
STX8,107.0,0.378438911,150.0,0.381716,0.449460568
SUCLG1,223.0,0.43877655,193.0,-0.305872,0.665793401
SUFU,3380.0,0.361614756,191.0,-0.309303,0.041832355
SUMF1,999.0,0.37076871,37.0,0.762847,-0.040779266
SUPT4H1,1112.0,0.438747077,103.0,0.219675,0.332852825
SURF2,1720.0,0.440503417,48.0,-0.507183,0.196210028
SURF4,2281.0,0.385472445,476.0,-0.27942,0.322759934
SURF6,4908.0,0.42467207,78.0,-0.192495,-0.189100862
SVIP,4195.0,0.357937352,217.0,0.348466,0.506363803
SYTL1,80.0,0.364244725,197.0,-0.161814,-0.276957678
TACC3,165.0,0.385699108,155.0,-0.6677,-0.576564237
TADA2B,3064.0,0.464060586,151.0,0.279704,-0.023510148
TAF12,689.0,0.435926756,522.0,-0.191909,0.052996924
TAP2,5256.0,0.374969764,175.0,-1.082091,-0.689306616
TATDN2,2040.0,0.415810908,581.0,0.326408,0.417818118
TBC1D20,3109.0,0.435441414,148.0,0.25179,-0.018533539
TBC1D9B,1396.0,0.395340616,37.0,0.567458,0.131522086
TBCC,556.0,0.434161456,73.0,-0.722,0.018486796
TCEAL3,260.0,0.368171822,262.0,1.354132,0.570807537
TCEAL4,3020.0,0.432120515,489.0,1.2361,0.300956766
TCOF1,1640.0,0.41523122,108.0,0.505965,0.344766466
TDP1,1721.0,0.418036689,317.0,-0.184734,0.16576585
TDRD7,242.0,0.375852104,234.0,0.638874,0.140774552
TDRKH,973.0,0.419795099,182.0,-2.886593,-0.465908328
TEP1,2777.0,0.379550228,40.0,-0.110422,0.054310416
TFE3,1431.0,0.379068139,541.0,0.467421,-0.102805552
TFEB,621.0,0.429366592,302.0,-0.299536,-0.236694721
THADA,112.0,0.415199561,352.0,-0.048322,-0.179671176
THBD,2144.0,0.448063145,160.0,0.976012,0.281603671
THUMPD1,2715.0,0.455087735,225.0,0.595083,0.502534212
THYN1,205.0,0.377954149,484.0,-0.330351,0.308368883
TIMM50,3932.0,0.424829064,722.0,-0.094207,0.631118973
TIMM8B,2046.0,0.447942532,30.0,-0.200082,0.280363358
TK2,3965.0,0.360054507,593.0,-0.150891,0.21490777
TLE1,571.0,0.374791795,1295.0,-3.42842,-0.074516054
TM9SF2,2020.0,0.372522209,233.0,0.476994,-0.080974775
TMED3,1710.0,0.439016102,188.0,0.098671,-0.519240844
TMED9,708.0,0.44685712,67.0,0.357243,0.619337744
TMEM126A,52.0,0.406087664,295.0,-0.356292,0.426290582
TMEM199,2431.0,0.370998168,90.0,0.942469,-0.054320599
TMEM63A,1407.0,0.385482014,622.0,-0.518316,-0.810444778
TMOD1,2050.0,0.392927141,213.0,-3.358208,-0.668100485
TMSB10,278.0,0.470652003,95.0,-1.93754,-0.687288147
TNFAIP2,2079.0,0.44214387,131.0,0.345544,-0.675876899
TNFAIP3,1995.0,0.416242917,370.0,-1.346091,-0.055334982
TNFAIP8L2,497.0,0.440670719,126.0,-0.376403,-0.244068453
TNIP1,770.0,0.448321216,241.0,0.256673,0.45813573
TNK2,822.0,0.420245651,543.0,1.503767,0.157630708
TNPO2,2070.0,0.408799881,358.0,0.421828,0.018483937
TNRC18,1316.0,0.449521205,349.0,-0.130584,-0.342731249
TOMM5,518.0,0.441712708,107.0,-0.723249,0.175936698
TOP2A,1003.0,0.364102812,159.0,-0.500433,-0.65532856
TOR1A,3160.0,0.446121485,77.0,0.104117,0.256349934
TPD52L2,1600.0,0.385071878,138.0,-0.541276,-0.344758076
TPI1,620.0,0.479135356,527.0,0.051463,0.565192436
TPM1,757.0,0.403626605,257.0,0.515166,0.459415285
TRAF1,7433.0,0.438949906,572.0,-0.503507,-0.333992247
TRAF3,5716.0,0.386659664,353.0,-0.482876,-0.118792548
TRAF6,6100.0,0.426668941,381.0,-0.51383,0.077618704
TRAPPC3,634.0,0.441060625,519.0,0.006754,-0.206416238
TRAPPC5,42.0,0.453352607,241.0,0.070728,0.404021384
TRAPPC6B,2539.0,0.437369008,335.0,-0.46515,-0.40366888
TRAPPC9,3079.0,0.431357199,134.0,0.473443,-0.098102804
TRIM11,3522.0,0.453298916,255.0,-0.701719,0.056889784
TRIM13,5308.0,0.419190719,763.0,0.818604,-0.148272411
TRIM14,3117.0,0.369225689,165.0,-1.092933,-0.275360824
TRIM22,1215.0,0.424423711,379.0,-1.000895,-0.369351327
TRIM26,1431.0,0.384319522,565.0,-0.033789,-0.038147327
TRIM27,2956.0,0.441704825,359.0,-0.412368,0.046188851
TRIM41,1657.0,0.454716896,737.0,1.329452,-0.047712807
TRIM5,2312.0,0.426412011,303.0,-0.515259,-0.173254638
TRIP12,3739.0,0.40441217,297.0,-0.020273,-0.042597329
TRIP13,2852.0,0.433721983,145.0,-0.652672,-0.510251124
TRMT5,3660.0,0.405137655,572.0,-0.372268,0.099315384
TRUB2,4655.0,0.434714666,759.0,0.227313,0.241065732
TSFM,1390.0,0.429356434,57.0,-0.186838,0.482830679
TSPAN14,15147.0,0.398868986,305.0,-0.383086,0.091182973
TSPYL1,7303.0,0.373212405,287.0,0.575283,0.376849775
TSR2,1366.0,0.464925113,443.0,0.370245,0.429782935
TTC39C,3394.0,0.378954091,452.0,0.74507,0.220159237
TTC7A,2213.0,0.393400181,1272.0,-0.410165,0.336237285
TTPAL,5319.0,0.425556123,145.0,-0.036994,0.089425102
TTYH3,3063.0,0.383645273,187.0,-1.138239,-0.894655765
TUBA1C,110.0,0.451729991,576.0,-0.509784,-0.142154926
TUBA4A,644.0,0.402818439,556.0,-0.853191,-0.409602453
TUBB,1030.0,0.390058461,509.0,-1.01499,-0.190384126
TUBB6,2302.0,0.468445054,1139.0,-1.08076,0.080560074
TUBGCP4,1934.0,0.368175973,296.0,0.538893,0.202873258
TUSC1,1294.0,0.429789613,537.0,0.089658,-0.164299767
TXNL4A,3129.0,0.472736328,466.0,0.137564,0.145187404
TYMP,18.0,0.429537249,376.0,-1.489263,-0.621697118
TYMS,581.0,0.364557025,159.0,0.25076,-0.429923589
TYROBP,168.0,0.417048036,81.0,-0.445056,-0.437186987
UBAP2L,353.0,0.367068802,167.0,-0.609568,-0.24615906
UBE2B,4002.0,0.405496028,420.0,1.335308,0.414259047
UBE2E1,1034.0,0.417917446,229.0,0.194323,0.070166131
UBE2L3,2365.0,0.455573936,198.0,-0.4194,-0.17921725
UBE2L6,703.0,0.431638779,653.0,-0.618415,-0.473414857
UBE4B,1283.0,0.418913915,688.0,0.157517,0.164274673
UBIAD1,2303.0,0.446280173,334.0,0.009916,-0.041293509
UBR4,797.0,0.387393976,4.0,-0.118159,0.006941078
UBTF,2209.0,0.400105612,296.0,0.543179,0.156144343
UBXN1,220.0,0.422601268,194.0,0.1371,-0.07467124
UCK2,4043.0,0.447469338,640.0,-1.36345,-0.423290001
UGGT1,5935.0,0.374564832,178.0,-0.188364,-0.261010831
UHRF1BP1,5130.0,0.373569339,234.0,0.30925,-0.185907985
UNC45A,377.0,0.475530537,1022.0,0.284435,0.025122103
UNG,1024.0,0.368897526,209.0,-0.010423,0.417190519
UNK,1388.0,0.447315534,42.0,0.446616,0.36518791
UQCR11,4379.0,0.470309826,75.0,0.420661,0.666809427
UQCRC1,129.0,0.462829321,45.0,0.292232,0.976278096
UQCRH,193.0,0.365128489,320.0,-0.696509,0.55265346
UROD,171.0,0.391539164,133.0,0.128104,0.278486101
UROS,3849.0,0.422413435,266.0,-0.855282,-0.17923853
USP18,580.0,0.434940763,338.0,-0.509102,-0.450463717
USP39,571.0,0.39295741,223.0,-0.206188,0.099342021
UTP6,2466.0,0.429918331,83.0,-0.128427,-0.10698643
VAC14,489.0,0.396517204,827.0,-0.487301,-0.125549853
VAMP8,451.0,0.398153421,156.0,0.201537,-0.131119038
VASP,824.0,0.388921088,342.0,-0.458552,-0.128907113
VAT1,1456.0,0.406330787,120.0,-0.209798,-0.321735679
VDAC3,475.0,0.440388181,210.0,-1.972171,-0.359070714
VDR,3209.0,0.450036866,401.0,-0.840336,-0.049452366
VGLL4,2489.0,0.432812067,506.0,-0.17057,0.033012075
VIM,431.0,0.411136971,462.0,-1.07667,-0.250369334
VPS28,291.0,0.476756313,109.0,0.639819,-0.178614349
VPS33B,559.0,0.447669729,583.0,0.034244,0.00433128
VPS39,2053.0,0.440628838,173.0,0.60203,0.337114117
VPS52,2870.0,0.393546356,887.0,0.003395,0.0039051
WASF2,4090.0,0.365213822,245.0,-0.531806,-0.058409826
WBP2,1040.0,0.392225719,515.0,-0.07665,-0.038689834
WDFY2,7044.0,0.36603015,340.0,-0.006433,-0.416807151
WDR1,1039.0,0.393247178,368.0,-0.096873,-0.213532651
WDR36,3619.0,0.40459335,117.0,0.103434,-0.2757094
WDR37,8068.0,0.365587877,173.0,-0.710894,0.036366344
WDR4,293.0,0.380589271,581.0,-0.098041,0.171929929
WDR47,1216.0,0.402106333,376.0,0.070372,0.302420988
WDR48,1924.0,0.419028298,472.0,0.217473,0.133459549
WDR5,1979.0,0.401607191,171.0,-0.388405,0.098700732
WDR54,97.0,0.394793766,128.0,0.463232,0.106682384
WDR61,197.0,0.411764619,310.0,0.208184,0.189308395
WDR77,4184.0,0.412330102,139.0,0.059628,-0.011820554
WDR91,4946.0,0.380864599,823.0,-0.834994,-0.116737969
WDR92,2520.0,0.427217839,117.0,-0.233139,0.076230302
YTHDF1,1279.0,0.384821843,294.0,-0.031315,0.040860704
YTHDF3,3082.0,0.406652071,509.0,0.25316,0.100332326
YY1,5192.0,0.440120149,480.0,-0.1337,0.181074443
ZBED1,2221.0,0.457533868,282.0,-0.693938,-0.221070318
ZBTB8OS,1087.0,0.406816332,276.0,-0.397354,-0.246737375
ZC3H12A,768.0,0.421626239,1056.0,-0.615315,-0.211644573
ZC3H4,2169.0,0.436042942,38.0,0.189629,0.049989458
ZCCHC10,81.0,0.361883573,67.0,0.737717,0.620293673
ZFP36L1,2846.0,0.395541595,976.0,-0.827887,-0.249382202
ZMAT2,1942.0,0.460376067,101.0,0.789844,0.39340012
ZMYM3,1292.0,0.378831729,749.0,-0.393606,-0.070399621
ZNF207,13817.0,0.386696564,148.0,0.073187,0.056962875
ZNF414,113.0,0.422835658,118.0,0.07585,0.167478209
ZNF511,243.0,0.452392726,55.0,-0.284156,-0.075092714
ZNF516,4816.0,0.393186692,318.0,-0.563668,-0.70403432
ZNF622,1298.0,0.463753859,120.0,0.454437,0.171519167
ZNHIT2,49.0,0.440612513,85.0,-0.204079,0.420715176
ZNHIT3,419.0,0.425204303,73.0,0.140027,0.331703481
