,3prime,tAI,max_5_UTR_length,TCGA-A2-A0T3,TCGA-A2-A0T3.1
AAK1,17874.0,0.380718848,505.0,0.039859,0.253858483
AATF,207.0,0.367011205,251.0,0.50407,0.062304647
ABCC1,1793.0,0.393368456,175.0,0.212724,-0.416433853
ABCF3,5726.0,0.387768135,869.0,0.182959,-0.019892212
ABHD12,654.0,0.374654709,279.0,-0.694842,-0.588183637
ABHD6,1639.0,0.384216096,505.0,-1.157511,0.100997669
ABR,2562.0,0.39474042,600.0,0.236089,0.245391425
ABT1,2092.0,0.423473096,40.0,-0.343992,0.020170746
ACADVL,176.0,0.46877374,457.0,-0.564936,-0.080477275
ACBD6,155.0,0.433964845,621.0,0.001104,0.202332853
ACIN1,584.0,0.404933544,328.0,0.444117,-0.179635782
ACO1,4661.0,0.37721508,227.0,0.16203,0.129432342
ACOT11,1220.0,0.392289045,176.0,-1.964773,-0.238077533
ACOT9,4514.0,0.358892202,225.0,-0.061238,0.046150041
ACP2,814.0,0.411581374,548.0,0.161937,0.371698138
ACSF2,1484.0,0.405139059,501.0,1.640167,-0.293941264
ACSL1,1530.0,0.417966714,990.0,3.36075,1.066134035
ACSL5,1022.0,0.380976548,307.0,-1.232008,-0.154568258
ACTB,613.0,0.469768794,192.0,-1.474167,0.072284471
ACTL6A,452.0,0.409046191,387.0,0.271956,-0.05549658
ACTR1A,3151.0,0.432463663,108.0,-0.296075,-0.144567435
ADA,312.0,0.444091501,440.0,-1.076175,-0.06106994
ADD1,1928.0,0.439806775,863.0,-0.956731,-0.077283083
ADPRH,2067.0,0.380088169,541.0,0.758259,0.290571767
ADSSL1,320.0,0.393141878,776.0,0.021432,-0.104570166
AGAP3,508.0,0.436856677,1584.0,0.135055,0.302359906
AHNAK,842.0,0.382138706,300.0,0.850999,0.490493287
AHSA1,225.0,0.374296292,431.0,0.589627,0.055217004
AIF1,121.0,0.4069451,222.0,-1.529063,-0.142536009
AIFM2,1911.0,0.447982482,217.0,-0.241618,0.49274384
AK1,1528.0,0.389481519,153.0,0.153295,0.148570518
AK2,2893.0,0.384271636,345.0,0.189719,-0.372125454
AKR1C2,3804.0,0.449591167,413.0,-1.119815,-0.257077155
AKR7A2,10996.0,0.385600504,22.0,-0.572414,-0.441602268
ALDH18A1,838.0,0.380333742,511.0,0.033097,-0.525794999
ALDH3A2,2525.0,0.42484639,221.0,0.233347,-0.056972338
ALDH6A1,4647.0,0.38708374,724.0,-0.218861,-0.578461792
ALG1,2498.0,0.432230555,181.0,-0.020393,-0.636258061
ALG5,380.0,0.362014155,67.0,0.382863,-0.369106389
ALG9,4217.0,0.365461171,1107.0,0.196459,-0.317380606
ALOX5AP,976.0,0.392577632,248.0,-1.638077,-0.154435116
AMBRA1,1041.0,0.36170155,362.0,0.989948,0.483391666
AMPD2,903.0,0.389224108,566.0,-0.807852,0.172526081
AMPD3,1695.0,0.423686063,472.0,-0.767949,-0.438874496
ANAPC5,235.0,0.390209877,197.0,0.262104,0.306409553
ANKLE2,1737.0,0.418251419,90.0,0.131783,-0.039158714
ANKRD16,135.0,0.465649334,543.0,-0.068665,-0.162509922
ANKRD35,249.0,0.402949835,108.0,0.622916,0.412855529
ANXA2,496.0,0.429738522,160.0,0.935833,-0.031941313
ANXA5,1441.0,0.418050335,165.0,0.915439,0.321847275
AP1B1,1153.0,0.424070668,187.0,-0.158755,-0.059776258
AP1M1,914.0,0.463388599,173.0,0.858931,0.099170423
APBA1,3797.0,0.387421148,276.0,0.109021,-0.186887195
APIP,427.0,0.433104693,127.0,0.461685,-0.052745965
APOBEC3B,339.0,0.43450554,55.0,1.019983,-0.401014237
APOBEC3C,1979.0,0.381716897,103.0,-1.509842,-0.105546709
APOBEC3G,322.0,0.410940579,404.0,-1.793733,-0.4273342
APOL2,1195.0,0.42932248,477.0,-0.733367,-0.883560031
ARF6,2971.0,0.462806813,621.0,0.233282,-0.61793122
ARFIP2,2430.0,0.403729309,291.0,0.567359,0.018770482
ARHGAP17,2624.0,0.371011524,117.0,-0.076662,-0.27086882
ARHGAP30,773.0,0.384451823,645.0,-1.387271,-0.242474716
ARHGEF10,1378.0,0.370244255,202.0,-0.335297,0.314654456
ARID2,3145.0,0.362288628,128.0,0.418615,0.317606066
ARID3A,3881.0,0.411693449,290.0,-0.461206,-0.849291123
ARIH2,3112.0,0.397061561,878.0,-0.286787,0.073918944
ARL8A,1065.0,0.409602486,171.0,-0.389103,-0.26143384
ARRB1,6041.0,0.39512759,224.0,-0.435119,-0.305037876
ASF1B,950.0,0.395794233,172.0,0.965609,-0.021347499
ASS1,1357.0,0.394201053,356.0,-1.112265,-0.422290584
ATPAF1,3039.0,0.439253133,510.0,-0.153537,0.017487698
AXL,1863.0,0.417061167,376.0,-1.324291,-0.121873973
BAG1,2764.0,0.431693656,501.0,0.376753,0.218108567
BAG3,537.0,0.387438444,306.0,-0.345546,-0.091219061
BASP1,971.0,0.520859146,259.0,-1.235714,-0.079317049
BBS7,1531.0,0.408023089,184.0,0.807497,0.731506402
BCAT2,364.0,0.445598481,657.0,1.621382,0.227776995
BCKDHB,3082.0,0.419736544,88.0,-1.118885,-0.217036082
BCL2,5279.0,0.374049285,493.0,1.147939,-0.239558121
BCL2L13,4109.0,0.411790332,769.0,0.593305,0.085247152
BID,4193.0,0.428633517,498.0,0.845281,0.236052563
BLVRA,3376.0,0.414260839,177.0,0.023533,-0.580865157
BOLA2,40.0,0.43059393,513.0,-0.56283,-0.607110209
BOLA3,383.0,0.406657227,38.0,-0.139718,-0.759734173
BRD2,787.0,0.377809737,2066.0,-0.260951,0.285221774
BRD3,3285.0,0.401150236,188.0,0.461425,0.285378308
BSPRY,1091.0,0.380011644,48.0,1.291424,0.064352304
BST2,411.0,0.444557266,81.0,1.487487,-0.003292566
BUB3,1535.0,0.421992618,242.0,-0.150784,0.02945874
C1QB,152.0,0.436596666,340.0,-2.017951,-0.081465826
C1QC,327.0,0.41150294,283.0,-1.792742,0.12434221
C2CD3,671.0,0.360398895,227.0,-0.258953,-1.457835127
C3,5088.0,0.430632158,93.0,-1.455253,0.1122841
CAP1,1134.0,0.406948565,416.0,-0.313988,-0.415870438
CAPN1,720.0,0.455130071,197.0,-0.825475,-0.24991492
CAPRIN1,5632.0,0.374918508,189.0,0.402401,0.186491968
CAPZB,5180.0,0.446052528,622.0,0.288008,-0.164137952
CARD16,437.0,0.41300235,27.0,-1.959929,-0.401832715
CARHSP1,4898.0,0.362100245,360.0,0.115904,-0.459394313
CASC3,1778.0,0.370720542,295.0,0.177544,-0.369790213
CASP1,750.0,0.424742838,44.0,-1.779839,-0.397765051
CASP8,1794.0,0.376118708,303.0,-0.39804,-0.258655041
CAT,629.0,0.397270122,89.0,-0.200034,-0.316895369
CBL,8368.0,0.375957197,142.0,-0.110098,0.137458071
CBLL1,3286.0,0.400851504,467.0,-0.459219,-0.314401764
CBR3,54.0,0.445176236,228.0,0.99464,-0.307168041
CBS,4385.0,0.477784031,626.0,-4.354282,-1.314434629
CBX5,10815.0,0.390902295,318.0,0.401634,0.202802696
CBX8,2504.0,0.36735217,118.0,0.865987,0.144822564
CCDC115,2169.0,0.385110507,452.0,-0.378852,-0.203256729
CCDC58,2462.0,0.421830022,75.0,0.196619,-0.106912007
CCDC88C,1302.0,0.396031427,154.0,1.486806,-0.003229236
CCL5,886.0,0.462166288,68.0,-0.932973,-0.441527581
CCNA2,1206.0,0.409154498,373.0,2.419808,0.38666264
CCNB2,168.0,0.374401461,184.0,1.407962,1.455832451
CCNDBP1,2336.0,0.44393643,231.0,-0.009247,0.447035138
CCS,4244.0,0.460896681,43.0,-1.195708,-0.408896995
CCT3,238.0,0.457984718,231.0,0.297375,-0.132439431
CCT4,1361.0,0.393363555,164.0,-0.124303,-0.088392125
CD14,128.0,0.416321757,392.0,-2.005377,-0.158773649
CD209,3046.0,0.440000747,67.0,-1.361421,0.023611826
CD36,2894.0,0.410517795,414.0,0.054918,0.238147263
CD40,982.0,0.429065654,90.0,-1.038813,-0.0542503
CD44,3115.0,0.39995987,434.0,-0.189169,-0.434976366
CD63,923.0,0.512738356,403.0,-0.353186,-0.319891006
CD74,635.0,0.427357309,187.0,-2.209617,-0.82124862
CDC25C,437.0,0.364786128,387.0,0.994076,0.454211992
CDC26,271.0,0.395637029,359.0,0.302861,0.333702189
CDC34,560.0,0.46431386,199.0,0.29167,0.134906027
CDC42EP3,3941.0,0.420378821,1009.0,-0.965411,0.049768269
CDCA8,1353.0,0.384295288,290.0,1.322667,0.451400342
CDIPT,1864.0,0.442654716,541.0,-0.014719,-0.622700816
CDK1,2313.0,0.398329505,154.0,0.166824,0.035464509
CDK19,4557.0,0.421511824,180.0,-0.746672,0.512460115
CDK2AP1,766.0,0.439144625,522.0,-0.305735,0.581092824
CDK5RAP2,367.0,0.371069462,192.0,-0.061082,0.140038365
CDK5RAP3,284.0,0.469750898,1791.0,0.346425,0.120977145
CDKAL1,1365.0,0.417875209,167.0,-0.350827,0.06157168
CDKN2AIPNL,3639.0,0.409801696,53.0,-0.178657,-0.270600023
CDKN2C,2247.0,0.381912025,1216.0,0.188294,0.507629762
CEBPD,1714.0,0.430497143,44.0,-0.312328,0.099918421
CENPV,301.0,0.385948267,62.0,1.388772,0.577098124
CEP55,939.0,0.397841874,304.0,0.418412,0.11451563
CES3,2100.0,0.377378956,446.0,-1.100606,0.389847202
CETN2,868.0,0.433727498,47.0,-0.504921,-0.298480427
CFL1,677.0,0.502791,234.0,-0.419582,-0.493788938
CHAC2,786.0,0.395629742,277.0,-0.893068,-0.03515483
CHCHD4,3528.0,0.445497334,326.0,-0.213413,-0.04460911
CHMP4A,296.0,0.447100154,262.0,0.105338,-0.181148724
CHMP5,1241.0,0.442987983,200.0,0.453221,-0.044227218
CHMP6,980.0,0.489861105,78.0,0.300134,-0.114286586
CHTF8,2425.0,0.424551152,142.0,0.067736,-0.181750961
CIAPIN1,1024.0,0.451663323,242.0,0.318582,-0.105573989
CISD2,5376.0,0.433298698,107.0,1.065309,-0.298249571
CKAP4,2872.0,0.386259817,84.0,-0.508185,-0.049143454
CKS2,300.0,0.317949998,98.0,1.401929,-0.031491777
CLCC1,5185.0,0.369704467,150.0,-0.101768,-0.863256304
CLCN7,1698.0,0.459147749,110.0,0.147788,-0.396580908
CLIC1,290.0,0.4571302,573.0,-0.409208,-0.347934168
CLK2,350.0,0.410673686,925.0,-0.406777,-0.22983471
CLK3,1233.0,0.4268607,461.0,-0.238201,-0.030517279
CLPTM1,458.0,0.383990827,351.0,1.230343,-0.759524307
CLTA,288.0,0.450950874,514.0,-0.04852,-0.743421267
CLTB,319.0,0.48548545,210.0,-0.063684,-0.051139774
CLTC,3104.0,0.384957863,443.0,1.307686,-0.06325865
CNBP,6850.0,0.433298698,206.0,-0.217827,-0.491047054
CNPY2,123.0,0.392778455,553.0,-0.664081,-0.290914714
CNPY3,1042.0,0.459231502,584.0,-0.745238,-0.266861863
COG3,1967.0,0.414689223,142.0,0.001774,-0.136746562
COMMD1,306.0,0.423842833,138.0,-0.760522,-0.097269465
COMMD3,431.0,0.360487018,35.0,-0.878569,0.078967971
COMMD5,498.0,0.445713337,399.0,0.181937,0.358378406
COMMD6,1375.0,0.396967837,328.0,-0.465343,0.240872953
COMMD9,2340.0,0.418062772,89.0,0.492682,0.206989201
COPB1,446.0,0.381738818,307.0,0.942217,-0.094492367
COPE,165.0,0.478760693,55.0,0.881384,-0.066575151
COQ6,671.0,0.374062527,159.0,0.579603,0.019092057
COQ7,5700.0,0.42379098,133.0,-0.248136,0.057890384
CORO1A,112.0,0.457388252,435.0,-1.405216,-0.763793
COX17,1735.0,0.484254073,86.0,0.125563,-1.040280448
COX5A,860.0,0.429944966,140.0,-0.258278,-0.328121059
COX7A2,302.0,0.441893926,98.0,-0.646167,-0.000584544
CPM,5262.0,0.406054343,75.0,-1.166165,-0.355824849
CPSF4,923.0,0.452412439,277.0,0.569298,0.178486963
CPT1A,2761.0,0.374132033,170.0,0.119113,-0.56666667
CPT2,602.0,0.431256564,515.0,-0.323912,-0.360979332
CRCP,8457.0,0.390198146,145.0,0.607912,-0.343734449
CRKL,3904.0,0.422225684,509.0,0.794343,0.40419126
CRTAP,5601.0,0.446308827,120.0,-0.862554,0.854940884
CRTC3,3205.0,0.355982524,186.0,0.077621,0.182773411
CRY2,2337.0,0.383442872,132.0,0.172881,0.4763491
CRYL1,462.0,0.386242786,79.0,0.162678,0.099620218
CSRP1,1183.0,0.493833101,217.0,0.622097,-0.393192319
CST3,2762.0,0.475763324,186.0,-0.803838,0.078426828
CSTF2,1931.0,0.372934478,58.0,0.394006,-0.33436449
CTBP1,800.0,0.464034004,393.0,-1.062178,-0.265421627
CTNNA1,1216.0,0.412513324,1103.0,-0.152469,0.047119568
CTNNB1,1106.0,0.432073699,448.0,-0.492484,-0.057299854
CTNNBIP1,2448.0,0.394834327,307.0,-0.667252,0.357617804
CTPS2,1870.0,0.416273085,744.0,0.524194,-0.079573459
CTSG,119.0,0.369503415,37.0,-2.365152,-0.533295126
CTSH,1072.0,0.446467856,1192.0,-0.235617,0.366939116
CUEDC1,2047.0,0.374410739,719.0,0.474933,0.012601198
CUX1,1040.0,0.395555213,127.0,-0.36109,0.081593994
CXCL9,2323.0,0.403736618,74.0,-0.639261,-0.369883492
CYBB,2544.0,0.418993019,61.0,-2.073328,-1.115060621
CYP2S1,1051.0,0.420869286,58.0,-0.042463,-0.087094974
CYTH4,1837.0,0.406296106,377.0,-1.738017,-0.269851486
DAB2,1757.0,0.368483127,531.0,-0.983581,-0.033065788
DAGLB,721.0,0.377719723,170.0,-0.674689,-0.542036018
DAP3,768.0,0.366492687,184.0,-0.683096,-0.222251968
DAPP1,2082.0,0.348655603,90.0,-2.653745,-0.251844622
DBI,233.0,0.467027529,479.0,-0.70035,-0.842824268
DCAF12,1967.0,0.42050769,342.0,0.92665,-0.457667549
DCAF8,1877.0,0.380310979,212.0,-0.187581,-0.231420802
DCP1A,4153.0,0.411936399,381.0,-0.117483,0.259630238
DCPS,4731.0,0.375605648,329.0,-0.523869,-0.153043191
DCTN5,10597.0,0.443116252,177.0,0.723149,0.036800778
DDAH2,653.0,0.361046801,1104.0,0.040433,0.160926509
DDB2,1223.0,0.43604051,195.0,-0.466889,-0.122277388
DDX23,713.0,0.445931172,91.0,0.364553,0.043737578
DDX31,1870.0,0.361830896,544.0,0.744097,0.153866811
DDX47,438.0,0.379294484,22.0,-0.029372,-4.4e-05
DDX54,1704.0,0.467316231,28.0,-0.064577,0.417197794
DDX56,586.0,0.438032149,643.0,0.185811,0.184094956
DDX59,217.0,0.413095257,243.0,-0.33738,-0.076587887
DHODH,3463.0,0.371608285,21.0,0.200848,0.087926186
DHPS,121.0,0.474111752,121.0,-0.079048,0.208421633
DHX15,459.0,0.379133957,168.0,-0.316199,0.047231812
DHX34,591.0,0.384465978,349.0,0.674308,0.451767272
DHX58,357.0,0.440330409,223.0,-1.311056,-0.209877935
DIABLO,719.0,0.425893605,1182.0,-0.202334,-0.27868395
DMAP1,63.0,0.471306,301.0,-0.263663,0.297269178
DMXL2,1274.0,0.389901613,225.0,-0.144915,0.128436917
DNAJA4,1736.0,0.398301408,169.0,0.721035,-0.2201643
DNAJC19,1326.0,0.403482491,259.0,-0.429491,-0.072231828
DNAJC25,1212.0,0.430964931,56.0,-0.03321,-0.239756798
DNAJC8,969.0,0.416719859,33.0,0.285247,-0.012677876
DNM1,1255.0,0.393835111,116.0,-0.587503,0.54181202
DNTTIP2,3564.0,0.408096853,58.0,0.151373,-0.121285873
DOCK11,3681.0,0.373818855,63.0,-1.376861,-0.041915994
DOCK2,524.0,0.446250827,52.0,-1.548709,-0.28691966
DOK2,438.0,0.384043737,481.0,-1.503423,-0.118853112
DPCD,197.0,0.459155016,389.0,-0.238959,-0.012375261
DPF2,2501.0,0.393394442,133.0,-0.311082,0.023006489
DPH1,1310.0,0.448716064,341.0,0.197705,-0.044899615
DPH5,784.0,0.413363166,165.0,0.156925,-0.045367405
DPY30,562.0,0.438431353,279.0,-0.259618,0.360104382
DPYSL2,2472.0,0.430530829,431.0,-1.09571,-0.133656998
DRAP1,142.0,0.432809908,245.0,-0.67409,0.016359669
DRG1,4594.0,0.444150091,131.0,0.089335,-0.086360487
DSN1,5330.0,0.392894937,373.0,0.562839,0.084440452
DSTN,2786.0,0.375776803,438.0,-0.820405,-0.595536422
DTL,2265.0,0.372315747,921.0,1.24002,-0.125082494
DTX3L,3456.0,0.408848169,89.0,0.257614,-0.09241233
DUSP12,374.0,0.419884133,34.0,-0.139115,-0.015985025
DUT,1937.0,0.36471409,109.0,0.25017,-0.446789297
DYNLT1,514.0,0.420362019,78.0,-1.030595,-0.031108412
EBAG9,1437.0,0.39438748,402.0,-0.238082,0.161171861
ECH1,191.0,0.389477111,85.0,0.290861,-0.257504073
ECHDC2,2269.0,0.400166641,752.0,-0.822048,-0.065577829
ECM1,322.0,0.43792189,199.0,-1.366412,0.335542477
EDEM2,76.0,0.379021051,100.0,-0.698105,-0.002215961
EEA1,5374.0,0.405861636,265.0,-0.224323,0.174447242
EEF1A2,286.0,0.417272363,329.0,2.528116,0.538996324
EFTUD2,1331.0,0.444646836,398.0,1.547358,0.150779505
EHD1,3363.0,0.446314898,447.0,-0.812477,-0.18163398
EIF2AK2,8063.0,0.394727306,557.0,-0.308356,-0.250872583
EIF2B3,1058.0,0.383118637,239.0,-0.218903,-0.141185774
EIF3F,5840.0,0.435728237,33.0,0.425418,-0.023818186
EIF3L,1718.0,0.380710116,245.0,-0.387079,-0.013510582
EIF4A3,1120.0,0.381528282,222.0,1.217683,0.122967209
ELAVL1,4910.0,0.437605432,167.0,0.932656,0.15542222
EMG1,248.0,0.433768095,143.0,-1.030093,0.0820045
EMILIN2,2605.0,0.379592019,159.0,-0.017827,0.219868237
ENDOD1,7728.0,0.376426787,118.0,-0.522449,0.095196888
ENOSF1,2904.0,0.382279782,622.0,-1.220031,-0.695488918
ENY2,2576.0,0.41756619,146.0,0.152764,-0.022472496
EPSTI1,2106.0,0.391777705,469.0,-1.268325,-0.511823573
ERCC1,2342.0,0.45058755,188.0,-0.08513,-0.28488609
ERCC6L,4809.0,0.354829683,623.0,1.01551,0.025378467
ERH,415.0,0.383837906,71.0,0.390594,-0.152315087
ERLIN1,2041.0,0.444737514,478.0,-0.13765,-0.113228106
ERP29,1277.0,0.401191178,118.0,-1.102465,-0.489702475
ETV6,4356.0,0.398240844,274.0,-0.586762,-0.629885274
EXOC4,1232.0,0.388187525,35.0,0.800252,0.123605879
EXOC8,6907.0,0.436106501,127.0,0.117163,0.162497658
EXOSC1,536.0,0.430105347,451.0,-0.66445,0.328836061
EXOSC2,3902.0,0.431273517,32.0,0.948887,0.148168399
F8A1,571.0,0.46317284,15.0,-1.169851,-0.057097214
FAAH,2043.0,0.384592892,82.0,-0.318245,-0.71946989
FAF1,4425.0,0.401181969,453.0,0.246413,0.022674617
FAM122A,4542.0,0.40477622,33.0,-0.014115,0.18316456
FAM168A,6285.0,0.395008865,285.0,0.054726,-0.127107494
FAM177A1,2165.0,0.411149627,459.0,1.636437,0.323086928
FAM192A,1824.0,0.379195199,1475.0,0.41459,-0.164435071
FAM20B,4428.0,0.4357945,293.0,0.606365,-0.188514232
FAM32A,1091.0,0.408676074,42.0,1.097426,0.462159591
FAM50A,286.0,0.482889735,110.0,-0.233852,0.044247244
FBP1,248.0,0.397353747,331.0,-1.989347,-0.909583844
FBXL20,9338.0,0.383104745,254.0,0.021126,-0.493268951
FBXO4,526.0,0.393825218,58.0,-1.074203,-0.115751768
FBXO6,503.0,0.42307306,166.0,-0.20103,-0.97968754
FCER1G,305.0,0.4202976,25.0,-1.537658,-0.757681426
FCGRT,309.0,0.433069976,486.0,0.281325,0.154175048
FDPS,72.0,0.456397562,392.0,-0.468301,-0.347677404
FDXR,596.0,0.384661194,188.0,2.422215,0.419162565
FEN1,1340.0,0.407867196,413.0,1.464431,0.146953953
FERMT3,399.0,0.435119014,149.0,-1.852592,-0.335645888
FGD2,907.0,0.441856308,171.0,-1.258977,-0.298986825
FGFR1OP2,1663.0,0.396595515,353.0,-0.231766,0.064004997
FGL2,3460.0,0.40966218,40.0,-2.082238,-0.618174781
FKBP1A,1132.0,0.428443098,174.0,-0.654704,-0.331815978
FKBPL,24.0,0.377510344,270.0,-0.126639,0.057571785
FLOT1,422.0,0.472159534,339.0,-0.984212,-0.229658757
FN3K,442.0,0.389857108,61.0,0.599432,0.100962442
FN3KRP,3667.0,0.380720834,50.0,0.9192,0.095619579
FOXJ3,3176.0,0.401878681,312.0,0.049285,0.138926208
FOXK2,3108.0,0.440496276,171.0,1.532632,0.609999791
FOXRED1,443.0,0.438630908,167.0,-0.488853,0.333250975
FSCN1,1184.0,0.396100853,132.0,-0.782649,-0.200937992
FTH1,530.0,0.425357612,235.0,-0.520599,-0.590687406
FTL,1031.0,0.428438948,199.0,-0.775307,-0.483824278
FTSJ1,638.0,0.457521275,569.0,-0.076848,0.007370956
FTSJ3,698.0,0.388239396,646.0,0.887468,0.018494476
FXN,6365.0,0.40465004,220.0,0.002435,-0.036803594
GABARAPL2,564.0,0.431291441,136.0,-0.007745,0.094044471
GABPB1,1320.0,0.423118524,469.0,-0.037235,-0.512436688
GALK1,292.0,0.455574511,63.0,0.888131,-0.108986599
GANAB,989.0,0.425909644,1027.0,0.387612,-0.190759933
GAS6,315.0,0.393865445,183.0,-1.344372,-0.047931173
GAS7,6619.0,0.423630168,311.0,-1.083785,0.120231501
GBE1,708.0,0.404013874,283.0,-1.087191,-0.038460672
GBP1,1735.0,0.42614962,220.0,-1.089527,-0.467730368
GBP2,5058.0,0.440134196,314.0,-1.348476,-0.126348353
GBP4,4106.0,0.42983554,116.0,-0.955054,-0.668549213
GBP5,1753.0,0.421901204,537.0,-2.039207,-0.922397358
GFOD2,622.0,0.396604754,295.0,0.078231,0.335383462
GGA2,5408.0,0.377812588,83.0,0.017984,-0.186500855
GGCX,5211.0,0.417836117,106.0,-1.011211,0.384833444
GIGYF1,2212.0,0.443456438,1210.0,0.656453,0.341080336
GINS3,1415.0,0.387351931,208.0,1.125595,0.735594535
GLA,1699.0,0.378726947,110.0,-0.017263,-0.231560405
GLE1,1357.0,0.383457083,114.0,0.96114,0.324520807
GLRX,1188.0,0.430296645,211.0,-1.94971,-0.958249231
GLRX3,3557.0,0.41418463,539.0,-0.446371,-0.243323743
GLUD1,1558.0,0.392454008,1132.0,-0.30848,-0.209856419
GLYR1,2033.0,0.39940414,57.0,0.11946,0.167124538
GMEB1,4582.0,0.43446142,142.0,-0.104152,0.132835063
GMPPA,198.0,0.434966364,375.0,-0.303256,-0.247061036
GMPR,3984.0,0.435743929,114.0,-3.018444,-0.695058006
GMPR2,464.0,0.453637396,704.0,0.126769,-0.427927457
GNAI1,1947.0,0.435804474,356.0,0.392557,0.016940488
GNG7,3803.0,0.398730372,237.0,-0.444984,0.738237625
GNPDA1,1360.0,0.395964134,67.0,0.241334,-0.079982222
GOLGA2,1243.0,0.401070546,13.0,0.667355,0.058033319
GON4L,926.0,0.418089888,175.0,0.177495,-0.051962515
GOSR1,5968.0,0.408103421,237.0,0.088738,-0.430346889
GOSR2,3258.0,0.374298057,541.0,0.179834,0.335141598
GOT2,1054.0,0.444803236,129.0,-0.302078,-0.300721379
GPS2,97.0,0.431122181,76.0,-0.064334,0.092502075
GPX7,626.0,0.395840774,39.0,-0.664139,0.459633759
GRAMD1A,299.0,0.411657297,748.0,1.005401,0.104233062
GRB2,2292.0,0.4413596,358.0,0.494716,-0.238886952
GSTM4,2467.0,0.390909061,314.0,-1.10883,-1.119303887
GTF2A2,1070.0,0.420716795,404.0,-0.375014,0.451548184
GTF2E2,604.0,0.365750105,273.0,-0.457239,-0.006243152
GTF3C2,932.0,0.372227001,397.0,0.165256,0.039752748
GTPBP1,2894.0,0.424954603,154.0,0.022593,-0.041022425
GTPBP3,1032.0,0.436547413,95.0,1.325907,0.332207982
GTSE1,680.0,0.368527868,212.0,1.574452,-0.083495955
HADH,818.0,0.383558671,219.0,0.44348,-0.289498787
HADHA,615.0,0.383558671,130.0,-0.441436,-0.218836209
HAUS5,3319.0,0.378752573,51.0,1.277846,0.09097031
HAUS8,346.0,0.37535995,111.0,1.77361,0.462583574
HCCS,1274.0,0.398607648,275.0,-0.349551,-1.045572916
HCK,337.0,0.440224323,364.0,0.125365,0.184931132
HDAC1,591.0,0.390040122,63.0,-0.218473,-0.336564466
HDDC3,763.0,0.387287166,29.0,-0.205617,-0.349348538
HDGF,1342.0,0.465394593,322.0,0.215036,-0.468467079
HDLBP,2343.0,0.397687311,375.0,-0.029068,0.134066833
HEATR3,1385.0,0.384091545,883.0,-0.315031,-0.36724184
HEBP2,9119.0,0.359416339,297.0,-1.338157,-0.061551855
HECA,3704.0,0.443714129,285.0,-0.453092,-0.086249012
HECTD3,3914.0,0.446742268,98.0,-0.169709,0.071263753
HERC2,726.0,0.429958504,109.0,-0.621771,-0.142588248
HERC5,379.0,0.393838904,153.0,-0.722664,0.170970739
HERC6,651.0,0.398146132,183.0,0.536803,0.162083287
HIP1,4874.0,0.430847644,52.0,0.366711,0.231333246
HLA-A,4150.0,0.424443523,84.0,-0.623741,-0.930348425
HLA-C,420.0,0.421684519,65.0,-1.018055,-0.521944496
HLA-DRA,409.0,0.420807891,109.0,-2.129206,-0.890773976
HLA-E,1459.0,0.413523771,126.0,-1.311038,-0.057460435
HLA-F,121.0,0.407256461,124.0,-1.275976,-0.4992711
HMBOX1,3560.0,0.369177113,482.0,-1.218402,-0.720287978
HMBS,266.0,0.451934812,299.0,-0.112705,-0.021477602
HMGB2,3775.0,0.450826504,193.0,1.88666,0.138368558
HMGCS1,3661.0,0.374424323,345.0,0.2728,-0.576834393
HMOX1,616.0,0.436401717,107.0,-1.070906,0.404343998
HNRNPA0,7504.0,0.386421138,284.0,-0.315722,-0.559214171
HNRNPD,1688.0,0.420386111,318.0,0.969762,-0.256198107
HNRNPL,1102.0,0.449817015,176.0,0.407666,-0.291691012
HNRNPU,4156.0,0.432126199,218.0,0.052605,-0.12294055
HNRNPUL1,2135.0,0.394022965,339.0,1.011741,0.363943822
HNRNPUL2,2674.0,0.436897081,229.0,0.402225,0.063473073
HSBP1,3274.0,0.4454546,174.0,0.547886,-0.175666651
HSD11B1,4482.0,0.426649415,154.0,1.217757,-0.678740342
HSD17B7,398.0,0.431983247,99.0,-0.3426,-0.473999625
HSP90AB1,313.0,0.39509298,251.0,-0.317957,-0.200222197
HSPA1L,428.0,0.464100714,183.0,-1.769655,-0.573068926
HSPA4L,7877.0,0.413794867,342.0,2.636272,1.004543246
HSPB11,107.0,0.34538245,284.0,-0.684741,0.069220369
HTRA2,571.0,0.421976635,602.0,-0.303867,0.277679935
HTT,3901.0,0.373695076,145.0,-0.434822,-0.201705594
HUS1,2068.0,0.374612864,131.0,-0.833067,-0.144093657
HYI,310.0,0.378597605,196.0,-1.554934,-0.225021572
HYOU1,1409.0,0.403839016,234.0,-0.158793,-0.186264885
ICAM1,1537.0,0.426062071,319.0,1.138023,-0.024551072
IER3IP1,3342.0,0.438740024,97.0,0.199348,-0.420111662
IFI16,254.0,0.415211655,290.0,-0.952509,0.014929952
IFI30,213.0,0.431523306,62.0,-1.585474,-0.440912745
IFI35,160.0,0.418462024,223.0,-1.185068,-0.171529862
IFI44,267.0,0.403888008,124.0,-0.621223,-0.507610083
IFI44L,5058.0,0.403608012,200.0,-0.867528,-0.695079006
IFIH1,121.0,0.412344512,377.0,-0.218065,-0.431384509
IFIT1,2775.0,0.411248073,495.0,-0.910716,-0.59571096
IFIT2,1901.0,0.420797646,175.0,-1.609795,-0.671632101
IFIT3,843.0,0.417440574,529.0,-1.348048,-0.587351119
IFIT5,2354.0,0.414819429,231.0,-0.239484,-0.246325764
IFT27,109.0,0.4030938,426.0,0.090487,0.22014679
IGFBP3,1605.0,0.43060006,132.0,-0.702577,0.279347755
IGFBP7,558.0,0.392734536,34.0,-0.284007,0.329300354
IKBKE,745.0,0.435100597,714.0,-0.615579,0.374624399
IL16,3965.0,0.367979445,2395.0,-0.894635,-0.193340888
IL17RA,5874.0,0.376798811,133.0,0.622703,0.654934434
IL1RN,1145.0,0.411881061,408.0,-0.937246,0.250716219
IL4I1,16.0,0.4139018,621.0,-1.293486,-0.604458726
ILF2,656.0,0.426220446,239.0,0.062226,0.014039853
IMPA2,2898.0,0.383680893,242.0,0.227101,-0.935294996
INO80,5209.0,0.374025479,351.0,0.1527,-0.244117518
INPP1,263.0,0.395712795,700.0,0.347115,0.394631277
INPP5D,1195.0,0.436077769,512.0,-1.347168,-0.286189924
INSR,4801.0,0.380857973,411.0,1.610161,0.61209288
IPO5,2508.0,0.381335948,180.0,0.35192,-0.142092688
IRF7,92.0,0.423538356,367.0,0.890073,0.682390774
IRF8,1327.0,0.384714127,507.0,-1.405541,-0.048850404
IRF9,369.0,0.432057622,127.0,0.645384,0.198144574
IRGQ,7659.0,0.399674011,156.0,1.189544,0.245245035
ISCU,607.0,0.454630229,1331.0,-0.468432,-0.193220069
ISG15,62.0,0.419522688,77.0,-1.083376,-1.255682385
ISG20,952.0,0.419932377,2368.0,0.886071,-0.223522629
ISOC1,1056.0,0.418535314,18.0,0.559112,-0.361651378
ITGB2,415.0,0.457304004,395.0,-1.913352,-0.370673267
ITPKB,2981.0,0.440250717,340.0,-0.243217,-0.086064765
ITPRIP,5382.0,0.396785481,453.0,-0.510481,0.501579968
JUNB,496.0,0.414023332,276.0,-0.184243,0.372325731
JUP,157.0,0.458302936,298.0,-0.132237,0.095877158
KANK2,2291.0,0.394238955,361.0,-0.655423,0.403614142
KARS,4202.0,0.383913431,144.0,0.095931,-0.273823065
KCNN4,560.0,0.425737469,396.0,-1.533213,0.204173566
KDM1A,327.0,0.428444011,149.0,0.224804,-0.014379372
KDM2A,3716.0,0.372295488,864.0,-0.451109,-0.248573438
KDM2B,2488.0,0.393022165,407.0,0.340133,-0.121499335
KDM3B,1327.0,0.37791414,200.0,0.019076,0.054286735
KDM4A,1148.0,0.378142374,166.0,-0.147454,-0.079100542
KHSRP,1024.0,0.456900489,110.0,0.142903,-0.064983533
KIAA2013,727.0,0.385456054,191.0,-0.153124,0.260021205
KIF20A,757.0,0.371463873,496.0,0.87809,-0.057704067
KIF22,75.0,0.392489541,388.0,0.859717,0.31363582
KIF2C,588.0,0.387865377,395.0,1.220326,0.438774795
KIF3B,3792.0,0.390782105,180.0,-0.105129,-0.216439735
KIF3C,2392.0,0.403852971,657.0,0.501261,0.496134001
KIF5B,3198.0,0.418236129,470.0,0.204957,0.098425116
KLHL7,3616.0,0.41595405,521.0,1.200031,0.665891246
KTI12,594.0,0.370414154,39.0,-0.296378,0.231908124
LAMP1,1311.0,0.390985106,281.0,-0.024381,0.244872293
LANCL2,2422.0,0.433733517,578.0,-0.244173,-0.648487229
LAP3,503.0,0.426841798,162.0,0.633452,-0.462648514
LDHD,1826.0,0.398770776,52.0,-1.373343,-0.252189934
LENG1,560.0,0.445950324,48.0,0.347929,0.254122183
LGALS3,159.0,0.420172221,88.0,-0.637511,-0.492796679
LGALS3BP,1225.0,0.419930622,179.0,-0.063344,-0.11403563
LGALS9,641.0,0.410654931,118.0,-1.762471,0.050873068
LIN54,4893.0,0.441729058,383.0,1.798101,0.584699322
LPCAT1,2228.0,0.380803123,133.0,-0.366354,-0.175183584
LPXN,1776.0,0.432350833,254.0,-0.610473,-0.240516916
LRPPRC,2376.0,0.377375074,58.0,-0.32727,-0.338968594
LRRC25,843.0,0.434491636,642.0,-1.505077,-0.288198051
LRRC41,465.0,0.438391248,44.0,-0.130237,-0.1770309
LRRC59,1755.0,0.423067849,236.0,1.958115,-0.237545543
LSM1,486.0,0.409616526,410.0,2.001911,0.68227221
LSM6,1871.0,0.435100303,139.0,0.708232,0.512640859
LTA4H,391.0,0.355044638,145.0,-0.701882,-0.477169639
LYN,4058.0,0.418972994,282.0,-1.382684,-0.075893749
LYPLAL1,1137.0,0.3973742,157.0,-0.620304,-0.248448029
LYRM4,6830.0,0.366844497,217.0,-0.728842,-0.034530509
LYSMD2,596.0,0.394037378,501.0,0.097714,-0.029536282
M6PR,1457.0,0.379162834,275.0,-0.258978,-0.398593814
MAD2L1,4528.0,0.407191351,124.0,2.229141,0.713801306
MAFB,2032.0,0.405989564,390.0,-1.037082,0.491000091
MAGED2,327.0,0.466698843,233.0,0.624446,-0.193828213
MAGOH,153.0,0.416054235,162.0,0.123423,-0.195035322
MAN2B1,128.0,0.381728903,76.0,-0.906364,-0.090578307
MANF,717.0,0.420319188,97.0,-0.065426,-0.23443104
MAP4K1,170.0,0.374128007,140.0,-1.376185,-0.40678755
MARCKSL1,768.0,0.468216312,206.0,-0.261242,-0.641155704
MAX,2676.0,0.337149475,479.0,0.346498,-0.617376972
MBD2,3723.0,0.420256858,229.0,0.349457,0.329508163
MBP,4041.0,0.393290432,264.0,-0.117486,-0.543302313
MCM2,662.0,0.460999542,110.0,1.249415,0.30407522
MCM4,2618.0,0.371821308,942.0,0.820627,0.359160369
MCM5,3214.0,0.470488076,94.0,0.927715,0.340628551
MDC1,658.0,0.415783633,440.0,-0.265452,0.309305072
MDH1,210.0,0.381672323,435.0,-0.122931,-0.479819334
ME1,1535.0,0.411214685,265.0,0.619866,-0.420248433
ME3,171.0,0.395156177,377.0,-0.280581,0.073418425
MECR,1365.0,0.445670958,612.0,0.537495,-0.049499942
MED17,2631.0,0.366528813,275.0,-0.560049,0.195602244
MED19,934.0,0.439623042,93.0,0.762125,0.422414595
MED28,10307.0,0.440157501,27.0,0.869661,0.257776077
MED29,4550.0,0.464327351,57.0,0.76744,0.201567862
MEN1,824.0,0.454590692,504.0,0.073005,-0.116050962
METTL13,961.0,0.396264071,347.0,-0.03475,-0.019364651
MGST3,1295.0,0.374563048,428.0,-0.41203,-1.15887252
MIF4GD,787.0,0.397877071,137.0,0.152652,0.150295646
MINK1,774.0,0.455972684,525.0,-0.028639,-0.145638307
MIS12,1334.0,0.420723459,745.0,0.479477,-0.025051143
MLEC,5319.0,0.43043384,173.0,-0.451477,-0.524722615
MLX,1636.0,0.386664187,65.0,-0.000313,0.516720191
MMACHC,1852.0,0.382684622,371.0,-0.016543,0.285313926
MMADHC,5382.0,0.406207656,205.0,-0.53935,-0.383523498
MMGT1,4451.0,0.406300672,388.0,-0.360307,-0.239247503
MMP1,502.0,0.392399458,189.0,2.670078,0.50592255
MMP14,1722.0,0.419367787,285.0,0.585506,0.705934115
MMP9,193.0,0.404253633,19.0,2.512957,0.053329041
MORC3,2052.0,0.406702124,375.0,0.314709,0.105449937
MORF4L1,1066.0,0.420719378,454.0,-0.422745,0.09450982
MOV10,619.0,0.412681236,1415.0,-1.281248,-0.418529512
MPDU1,797.0,0.440676037,216.0,0.043159,-0.45172628
MPHOSPH10,87.0,0.404440607,352.0,0.11498,-0.051887733
MRI1,2018.0,0.459301832,75.0,-0.057385,-0.420491301
MRPL13,1075.0,0.395373051,313.0,0.643307,0.041796319
MRPL15,1888.0,0.407701507,63.0,0.320762,0.106605191
MRPL16,212.0,0.368940255,214.0,1.121912,0.051242591
MRPL17,6554.0,0.424450505,105.0,0.302236,0.050915467
MRPL2,580.0,0.458698472,164.0,-0.524578,0.059042529
MRPL20,187.0,0.445765675,96.0,-0.327463,0.123894873
MRPL21,55.0,0.417448467,293.0,-0.703616,0.160462928
MRPL27,2133.0,0.436300758,31.0,0.687405,-0.34498299
MRPL40,113.0,0.406843086,653.0,-0.075193,0.252251755
MRPL46,1889.0,0.422788385,25.0,0.397919,0.236558971
MRPL48,1284.0,0.368940255,212.0,-0.840185,-0.173969983
MRPL51,2069.0,0.35376587,169.0,-0.027286,-0.333438483
MRPL53,198.0,0.441261883,155.0,-0.388499,0.040855304
MRPL9,407.0,0.432679379,437.0,-0.115262,-0.000876245
MRPS11,2793.0,0.477818717,1491.0,-0.055983,0.376221195
MRPS15,468.0,0.440649404,164.0,-0.050753,-0.288047622
MRPS17,1334.0,0.413812124,30.0,-0.657424,-0.595780849
MRPS18B,936.0,0.408462865,157.0,-0.823525,-0.337811999
MRPS36,933.0,0.3748339,84.0,-0.001616,-0.420665679
MRPS7,453.0,0.455992019,233.0,1.313853,-0.289437623
MSI2,5168.0,0.366385762,173.0,0.842871,-0.037504425
MSTO1,694.0,0.421389639,1152.0,-0.150724,-0.22297073
MT2A,316.0,0.576670685,123.0,1.761027,-0.153437992
MTA2,684.0,0.459443446,761.0,1.022988,0.290491016
MTFMT,1550.0,0.414190941,26.0,0.087786,0.166898841
MTHFS,1663.0,0.434592403,179.0,-0.305554,-0.662974801
MTMR1,2442.0,0.424163835,319.0,0.152118,-0.115611312
MTMR14,421.0,0.371137969,151.0,-0.483254,-0.104418966
MVP,50.0,0.435053297,193.0,-0.502504,-0.066903698
MX1,456.0,0.433488503,982.0,-2.044498,-0.899231489
MX2,1812.0,0.430094961,104.0,-1.837743,-0.08361601
MYADM,2833.0,0.384589896,681.0,0.848775,0.20437331
MYCBP,3972.0,0.381803634,73.0,-0.0028,0.112769293
MYL12A,812.0,0.453450746,478.0,-0.159885,0.121312695
MYO18A,3647.0,0.395788337,484.0,-0.21019,-0.194838129
MYO9B,1401.0,0.398943925,152.0,0.779021,0.188235268
N6AMT1,5137.0,0.427535625,28.0,0.384818,0.506725597
NAA40,3212.0,0.389371031,261.0,-0.821135,-0.300108799
NAB1,2433.0,0.361024962,572.0,0.237987,0.487733892
NADK,1672.0,0.3959688,563.0,0.335467,-0.126816093
NADSYN1,464.0,0.447848979,126.0,0.319899,-0.049297611
NAGK,1297.0,0.42527382,474.0,-0.133178,-0.295005828
NANS,37.0,0.458552255,132.0,0.812272,-0.516102197
NAPA,1862.0,0.477781443,318.0,0.605639,0.167122528
NAT10,4915.0,0.387474071,245.0,1.308519,0.267722859
NBAS,140.0,0.414580543,44.0,-0.0464,0.041451747
NCALD,2767.0,0.374888213,460.0,-0.297367,-0.265070236
NCAPD3,2971.0,0.431957579,606.0,0.384182,0.497305353
NCAPG2,3501.0,0.41630572,200.0,1.516608,0.347094549
NCF1,2381.0,0.415579251,70.0,-3.165371,-0.74350476
NCK2,1267.0,0.457831152,276.0,-0.462296,-0.155856311
NCKIPSD,4981.0,0.449411541,126.0,-0.780994,-0.120957231
NCOA5,1332.0,0.416761948,402.0,0.189307,0.177684091
NCOA7,3259.0,0.404217869,470.0,-0.600437,0.171746452
NDC80,61.0,0.356199389,182.0,1.451823,0.503429631
NDRG2,841.0,0.376266446,941.0,0.33793,-0.319108376
NDUFA4,1685.0,0.439642808,129.0,-1.111029,-0.541470932
NEU1,667.0,0.413226082,156.0,-1.17191,-0.080818797
NFATC2IP,3242.0,0.412267479,15.0,0.233536,0.215240109
NFKB1,708.0,0.4099683,467.0,0.551309,-0.066774217
NFKB2,153.0,0.424806573,563.0,-0.914473,-0.267706941
NFKBIE,1053.0,0.409138176,25.0,-1.04642,-0.236781912
NGDN,1255.0,0.423783924,27.0,1.288533,0.266180425
NGRN,1679.0,0.414477409,50.0,0.144851,0.28502962
NINJ1,5217.0,0.455972644,71.0,0.114743,0.160769285
NIP7,1593.0,0.443769116,318.0,0.534024,-0.066209531
NIT2,2351.0,0.432361565,74.0,-0.401696,-0.26183848
NMNAT3,2689.0,0.397393877,1228.0,-2.492301,-0.631122531
NMT1,3377.0,0.454689408,31.0,1.620614,0.365883176
NONO,1092.0,0.432928506,710.0,-0.241254,-0.179466364
NOP14,912.0,0.38067473,187.0,-0.303076,-0.295606605
NOP2,785.0,0.393538298,198.0,0.296169,-0.238051741
NOTCH2,6062.0,0.409327653,297.0,0.127025,-0.06320663
NPTN,1068.0,0.388989686,197.0,-0.284532,-0.295052173
NR2C2,6271.0,0.390767743,362.0,-0.569232,0.029731839
NRBF2,883.0,0.43605128,224.0,-0.348352,-0.105554965
NRF1,1901.0,0.447602651,500.0,0.207941,0.453063011
NRP1,3846.0,0.416817106,523.0,-0.503185,0.366299955
NSFL1C,1587.0,0.42738001,868.0,-0.372837,-0.330579785
NSMAF,602.0,0.358586884,214.0,-0.985005,-0.285872915
NTAN1,178.0,0.344459601,320.0,0.237464,0.174076521
NUBP1,246.0,0.455923678,142.0,-0.206553,-0.071848235
NUCKS1,5461.0,0.359398328,271.0,0.369899,-0.720534641
NUDC,716.0,0.476401948,127.0,-0.111042,-0.193734546
NUDT16,5489.0,0.428387545,75.0,-0.530543,0.070816785
NUMA1,663.0,0.474508115,436.0,-0.538573,-0.144936419
NUP93,5678.0,0.382018893,495.0,0.964296,0.208134188
NXF1,2943.0,0.375826754,136.0,0.402139,0.370126129
OCIAD2,4872.0,0.363821488,322.0,0.882997,-0.427318215
OGDH,1071.0,0.396078149,159.0,-0.627852,-0.190332098
OPA3,7233.0,0.475004358,100.0,1.13863,-1.461438465
OSBPL2,2363.0,0.383456763,571.0,1.337606,0.214808706
OSBPL5,1099.0,0.381371042,158.0,0.029339,0.499585701
OVCA2,792.0,0.429983078,65.0,-0.093656,-0.051280599
P2RX4,573.0,0.442596273,304.0,-0.813244,0.115947065
PAAF1,509.0,0.376143366,341.0,0.290462,0.468122602
PACSIN2,1591.0,0.413490434,405.0,-0.783682,-0.760029659
PARK7,451.0,0.457171775,163.0,-0.095109,-0.451890198
PARP1,769.0,0.460215809,171.0,-0.091299,-0.391691897
PARP10,332.0,0.422654659,200.0,-1.807104,-0.379040376
PARP12,816.0,0.416480622,874.0,-0.196396,-0.030766912
PARP14,2243.0,0.414355918,59.0,-0.511145,-0.016520623
PARP9,451.0,0.418102187,327.0,0.029409,0.000256051
PARVG,2043.0,0.383803232,484.0,-1.693373,-0.12223573
PBK,750.0,0.413339119,464.0,0.990771,0.424788338
PCNA,338.0,0.425000199,239.0,0.05881,0.260253431
PDAP1,2007.0,0.464659554,134.0,0.079867,-0.056997444
PDCD2,155.0,0.440448783,111.0,-0.492203,-0.104190363
PDCD2L,48.0,0.433436103,33.0,1.986862,0.488169476
PDCD6IP,3211.0,0.388727459,158.0,-0.328536,-0.237582107
PDHA1,2054.0,0.402514578,145.0,-0.240284,-0.229580484
PDHB,2974.0,0.442593378,43.0,-0.679058,-0.09833229
PDLIM1,357.0,0.379179626,233.0,0.120076,-0.338909478
PDXDC1,2055.0,0.375670185,335.0,0.176975,-0.424480761
PDXK,6244.0,0.398158884,198.0,-0.601864,-0.271348055
PEBP1,796.0,0.360152166,326.0,-0.346106,-0.54174946
PEF1,769.0,0.441759403,424.0,0.743487,0.322820056
PELO,5222.0,0.385240523,985.0,-0.007601,0.137032575
PEPD,395.0,0.450896903,133.0,0.64959,0.666081682
PEX16,585.0,0.43213601,312.0,-0.187729,-1.321998426
PEX6,946.0,0.370078344,93.0,-0.440481,0.14566444
PEX7,2294.0,0.407005497,102.0,-1.131198,-0.032253218
PFDN5,124.0,0.497062947,117.0,-0.524796,-0.049092668
PFDN6,574.0,0.470152145,222.0,-0.935069,0.147336556
PGM1,570.0,0.393980016,681.0,-0.656786,0.049539537
PHB,988.0,0.45268542,190.0,1.543904,-0.356874851
PHF10,104.0,0.365149381,79.0,-0.265545,0.124923487
PI4K2A,2692.0,0.385068362,57.0,-0.399638,0.249041972
PIAS1,3626.0,0.396022529,741.0,-0.311566,-0.334855582
PIK3AP1,3866.0,0.407313024,128.0,-2.005289,0.092342914
PIR,205.0,0.385796208,485.0,-3.11892,-0.736238644
PITPNC1,4686.0,0.369070722,874.0,0.892558,0.150728728
PLA2G4C,585.0,0.406173977,398.0,0.498887,0.395209098
PLA2G7,1187.0,0.402486321,269.0,-0.82092,-0.223476732
PLAUR,323.0,0.418467601,226.0,1.636504,0.237955858
PLCB2,818.0,0.468984469,301.0,-1.698989,-0.066382367
PLCG1,3987.0,0.454806205,121.0,-0.198835,0.167817895
PLD4,273.0,0.377985619,192.0,-1.521603,0.064913857
PLEKHO1,5192.0,0.424698037,839.0,-0.61932,0.253332572
PLEKHO2,2119.0,0.429714475,134.0,-0.948131,-0.131099525
PLSCR1,10376.0,0.415598704,388.0,0.158311,-0.114872588
PML,3324.0,0.431306474,140.0,-0.67345,-0.184087713
POLR1C,1131.0,0.439933821,86.0,-0.179617,0.424007955
POLR1D,1469.0,0.427162265,456.0,0.102969,-0.117183849
POLR2F,1600.0,0.47244007,250.0,-0.277501,0.415922442
POLR2H,1065.0,0.427596015,1167.0,-0.253112,-0.078818708
POLR3H,3481.0,0.444306047,388.0,-0.100131,0.047767253
POLR3K,1023.0,0.473025152,46.0,-0.224555,0.225600006
PPA2,660.0,0.432735716,20.0,0.419026,-0.376264885
PPIE,4556.0,0.446406574,56.0,-2.510531,-0.188460224
PPIL1,1921.0,0.453832883,252.0,-0.209279,-0.292561758
PPP1R14B,282.0,0.457456004,268.0,-0.692418,-0.012414999
PPP1R3G,2923.0,0.390061911,0.0,-1.429718,0.857029384
PRC1,1136.0,0.367783806,234.0,1.028849,-0.111900244
PRCC,357.0,0.381841119,290.0,0.190043,0.058656854
PRDX1,303.0,0.414090753,341.0,0.003456,-0.718548511
PRDX6,944.0,0.433706552,51.0,-0.768972,-0.294684885
PREB,658.0,0.378530018,403.0,0.015292,-0.287131764
PREP,579.0,0.425974009,233.0,-0.203112,-0.434065691
PRG4,784.0,0.366727173,51.0,-0.136363,0.099760902
PRIM2,1166.0,0.350864643,125.0,0.122808,0.126345744
PRKAB1,1305.0,0.365943644,289.0,-0.204754,-0.109396013
PRKAR2A,5019.0,0.427443141,254.0,-0.366406,-0.066712577
PRKCB,5795.0,0.38010529,197.0,-0.972563,-0.394130485
PRKCD,451.0,0.404392693,469.0,-0.391955,-0.773827559
PRKRA,683.0,0.420894136,659.0,-0.558734,-0.400794209
PRKRIP1,3224.0,0.453589322,55.0,-0.366538,-0.382758119
PRMT5,393.0,0.386451423,508.0,1.009808,-0.070953953
PRMT7,3655.0,0.450088803,850.0,0.478469,0.29047197
PROCR,549.0,0.357872186,218.0,-0.292701,0.423968741
PRPS1,3908.0,0.466551451,409.0,-1.136872,-0.404891714
PRPSAP1,2056.0,0.390811115,688.0,1.104974,0.219559497
PRRC1,3173.0,0.409170839,188.0,0.314313,-0.185142862
PSMA5,2997.0,0.446573967,225.0,-0.368693,-0.476018683
PSMA6,187.0,0.423632682,445.0,1.109565,-0.409045151
PSMB10,58.0,0.455018511,128.0,-1.307554,-0.546020539
PSMB2,3775.0,0.389848815,412.0,-0.005654,-0.289564921
PSMB8,242.0,0.411206622,522.0,-1.275863,-0.623610795
PSMB9,5497.0,0.431095699,69.0,-1.821343,-0.168570415
PSMC3,66.0,0.485654947,194.0,0.752291,0.179938207
PSMD11,2567.0,0.390095635,61.0,0.119947,0.094423896
PSMD13,384.0,0.437236365,242.0,0.738877,0.027418192
PSMD8,450.0,0.458928351,52.0,0.835523,-0.047255098
PSME2,53.0,0.443656162,65.0,0.213341,-0.531412188
PSMG1,5308.0,0.427553471,578.0,0.520821,-0.120996675
PSTPIP2,1923.0,0.429639796,96.0,-0.544728,-0.363040184
PTBP1,1504.0,0.473818895,106.0,0.186095,-0.109890167
PTDSS1,3765.0,0.367954205,423.0,0.509062,-0.739267095
PTGS1,3346.0,0.37260918,633.0,-1.813868,-0.048110382
PTP4A1,3419.0,0.421202001,1153.0,-0.233623,0.000440663
PTPMT1,1899.0,0.450492628,193.0,0.512338,0.559488756
PTPN18,2185.0,0.381656528,101.0,-0.461876,0.084667774
PTPN7,1593.0,0.440747449,781.0,-1.068974,-0.590640474
PTPRE,2994.0,0.426620112,1843.0,-0.280386,0.193946881
PTPRF,4571.0,0.452810321,356.0,-0.40789,-0.399230116
PTRH2,3186.0,0.370743372,1544.0,0.506346,-0.877464015
PWWP2B,819.0,0.424412275,29.0,-1.534962,-0.339378307
PYCR2,578.0,0.474148407,230.0,-0.397146,-0.435129588
PYGL,175.0,0.392036998,127.0,-0.441685,-0.149073467
QARS,97.0,0.458996209,396.0,-0.436845,-0.100691955
RAB11FIP1,4277.0,0.380614122,56.0,2.628641,0.268225649
RAB12,1120.0,0.38483812,283.0,0.499433,0.143544442
RAB21,5246.0,0.435367738,267.0,-0.1258,-0.400892962
RAB31,3231.0,0.437498832,175.0,-0.530717,-0.091241179
RAB35,2172.0,0.408841719,189.0,0.160497,-0.315357188
RAB7A,1376.0,0.419395127,232.0,-0.090278,-0.267407044
RAB8B,4163.0,0.425956778,96.0,-0.466689,-0.518077663
RAB9A,1716.0,0.417525007,283.0,-0.051672,-0.232900206
RABGGTA,77.0,0.387342734,512.0,0.090427,0.181352614
RABGGTB,440.0,0.409412379,78.0,-0.157765,0.02251757
RABIF,4760.0,0.447399225,159.0,0.143008,0.145971779
RACGAP1,1895.0,0.366370127,354.0,1.025566,0.154672049
RAD9A,924.0,0.444046557,185.0,-0.331365,0.108918584
RAE1,1112.0,0.432613552,365.0,1.442392,0.215880878
RAI1,1472.0,0.455620822,469.0,0.578295,0.359055222
RAN,2043.0,0.442855294,361.0,0.433795,-0.3103397
RANBP10,3359.0,0.379453562,1256.0,0.153508,-0.131529617
RANGAP1,3145.0,0.481547647,765.0,0.281186,-0.00096539
RAPGEF1,2727.0,0.425793135,159.0,0.27259,0.005819774
RARS,114.0,0.423508657,41.0,1.226047,-0.117076344
RASGRP2,183.0,0.381671176,582.0,-0.758293,0.060320465
RASGRP4,985.0,0.374724859,214.0,-1.79094,0.795260246
RBBP4,6506.0,0.404056961,164.0,0.242893,-0.383673136
RBBP5,3098.0,0.421849625,474.0,0.286771,0.401611731
RBKS,251.0,0.392307233,1371.0,-1.187913,-0.466799619
RBM12,3599.0,0.375183789,304.0,-0.050997,-0.094212159
RBM14,3443.0,0.468008211,139.0,0.069281,-0.093507059
RBM4B,5277.0,0.396841232,170.0,-0.248922,0.121760886
RBMX,1201.0,0.353737079,210.0,0.227254,0.498897176
RBPJ,4223.0,0.4178224,518.0,-0.831932,-0.366248296
RBX1,821.0,0.46562919,52.0,-0.374907,0.017485813
RC3H1,7637.0,0.410085914,87.0,0.400148,0.084691601
RCCD1,1773.0,0.374130224,280.0,-0.841052,0.204399121
RCOR1,4070.0,0.439565312,228.0,0.670421,0.472225282
REEP4,591.0,0.460338979,469.0,0.525861,-0.463727505
REEP5,2962.0,0.457536941,144.0,-0.486545,-0.974655187
RELB,408.0,0.418226182,131.0,-0.200243,0.040482436
REPIN1,2683.0,0.45080531,489.0,0.642233,-0.452947123
RFC4,89.0,0.411167541,282.0,0.390815,-0.056953806
RFK,1882.0,0.429285662,357.0,1.076308,0.124884356
RFWD3,2538.0,0.42367162,98.0,1.033362,0.478685963
RFX5,1546.0,0.386685917,221.0,-0.274161,-0.192540204
RFXAP,1850.0,0.421314391,156.0,-0.053227,-0.768621924
RHBDF2,740.0,0.423256567,294.0,1.184399,-0.290850717
RHOT2,568.0,0.454546166,881.0,-0.64274,-0.205926038
RINL,1279.0,0.357351373,413.0,-0.352107,-0.218741066
RNASE2,179.0,0.384567964,71.0,-0.539289,-0.226565558
RNASEH1,4369.0,0.404567903,700.0,-0.192218,0.260337345
RNASEH2B,3930.0,0.37625722,399.0,-0.693962,-0.815374589
RNASET2,1070.0,0.374792559,407.0,-1.31514,-0.42828732
RNF114,1751.0,0.459950313,36.0,0.586565,-0.412310188
RNF167,289.0,0.375291206,776.0,0.157343,-1.38677091
RNF20,5226.0,0.396317502,92.0,0.145552,0.262632618
RNF213,5288.0,0.417718743,150.0,-0.119772,-0.725078979
RNF216,2819.0,0.430061571,259.0,-0.840251,0.645175897
RNF25,102.0,0.375620157,88.0,0.328011,0.06365738
RNF31,88.0,0.389352607,358.0,0.593803,-0.115015483
RNLS,1252.0,0.416402283,135.0,-2.532928,0.157856308
RNMT,4581.0,0.415128602,241.0,0.217291,0.340631057
RNPEP,463.0,0.447181346,896.0,-0.792196,-0.560067263
RP9,437.0,0.42869019,18.0,1.207802,0.827018806
RPA1,2907.0,0.381710028,170.0,0.20893,-0.005811558
RPA2,639.0,0.400070522,793.0,-0.054009,0.027189905
RPAIN,471.0,0.394698889,570.0,0.288844,0.168740331
RPL11,461.0,0.442317923,45.0,-0.708225,-0.381252832
RPL14,5208.0,0.496792394,133.0,-0.877934,-0.26713044
RPL23,3146.0,0.464880603,90.0,-0.626966,-0.224659027
RPL26,53.0,0.427802183,389.0,-0.450673,-0.653567437
RPL31,1260.0,0.451994935,87.0,-1.151205,-0.282801056
RPL34,1350.0,0.436455219,198.0,-0.194186,-0.608279717
RPL5,1058.0,0.451564158,75.0,-0.591243,-0.199290793
RPL7,1077.0,0.460258279,707.0,-0.365475,-0.500640859
RPS11,373.0,0.483080585,92.0,0.333907,-0.052007862
RPS24,4247.0,0.430653047,142.0,-0.938683,-0.156524403
RPS25,109.0,0.467193878,63.0,-0.740972,0.04725789
RPS27A,743.0,0.450449292,321.0,-0.611075,-0.833343406
RPS3A,306.0,0.426765211,80.0,0.225129,-0.325371728
RPS4X,629.0,0.442998752,96.0,-0.726522,-0.030473125
RPS6,2723.0,0.413925579,42.0,-0.408123,-0.626464924
RPS6KA1,828.0,0.389798854,163.0,-0.965158,-0.383227787
RPS6KA4,735.0,0.38455359,226.0,-0.531789,-0.035084776
RPS7,66.0,0.428822459,109.0,-0.71942,-0.221595751
RPTOR,2341.0,0.385169267,805.0,1.268697,0.334526485
RREB1,3012.0,0.456825357,492.0,-0.052971,-0.007288302
RRM1,2304.0,0.437568848,689.0,1.531955,0.577846621
RRP8,5071.0,0.446233376,148.0,0.424742,0.139867146
RRS1,978.0,0.468289248,104.0,0.287275,0.026974157
RTN3,1690.0,0.358048129,187.0,0.756689,-1.188955871
RTN4IP1,1108.0,0.372133716,477.0,-0.599963,-0.299993411
RUNX1,4334.0,0.416076551,1578.0,0.577,0.697218751
RUNX3,2611.0,0.405217602,439.0,-1.371952,0.158080586
RWDD1,6365.0,0.401367905,746.0,-0.499653,0.24857119
S100A8,71.0,0.444112716,170.0,-1.123583,-1.199137042
S100A9,189.0,0.439508357,43.0,-1.133375,-0.777074802
SAMD9,1815.0,0.395660052,270.0,0.206427,-0.155514897
SAMD9L,1162.0,0.396305952,1248.0,-0.731732,-0.401115291
SAMM50,150.0,0.345249646,197.0,0.439718,-0.239165689
SAMSN1,684.0,0.407246581,430.0,-1.431966,-0.276692909
SAP18,1754.0,0.427429047,39.0,-0.071735,-0.001713468
SAP30BP,1541.0,0.449617255,257.0,1.667606,0.432149476
SAR1A,5213.0,0.411769389,203.0,-0.077316,-0.228828274
SAR1B,5806.0,0.392367964,253.0,0.076955,-0.302116747
SARS,1054.0,0.40098191,100.0,0.226153,-0.029550757
SASH3,1369.0,0.387406112,182.0,-1.152442,-0.364036665
SCAMP4,1741.0,0.472519575,351.0,-0.364462,-0.01677236
SCO1,8645.0,0.407339367,61.0,0.459375,-0.072805561
SDCCAG8,307.0,0.360606297,1542.0,0.1127,0.172654888
SEC11C,205.0,0.423646802,92.0,-0.353158,-0.382375271
SEC13,332.0,0.457264526,210.0,-0.361413,-0.21325922
SEC14L1,2986.0,0.420320088,665.0,0.66367,0.489334856
SEC22A,2559.0,0.422343815,79.0,0.357262,0.088490877
SEC24B,1221.0,0.400931805,155.0,1.242254,0.426263652
SEC24D,2115.0,0.386600041,297.0,1.859365,0.707986915
SEC61B,270.0,0.404562259,76.0,0.585645,-0.083037004
SEMA3F,960.0,0.38837398,318.0,-0.281006,0.756011293
SEMA4A,755.0,0.412797256,345.0,-0.300803,0.402981113
SEMA4D,2318.0,0.393173667,572.0,0.180332,-0.419651982
SERPINA1,1707.0,0.420489385,573.0,-0.935403,-0.051619866
SERPINB8,2096.0,0.38524815,520.0,-0.843146,0.129774158
SETMAR,321.0,0.414235412,398.0,-1.022428,0.392831982
SEZ6L2,540.0,0.431800162,245.0,-2.329786,0.135606715
SF1,2419.0,0.374481437,721.0,-0.149833,0.066899499
SF3B2,563.0,0.453902675,40.0,-0.037072,-0.157974744
SFXN4,500.0,0.402513841,45.0,-0.568362,0.427958497
SH3BP1,433.0,0.395530944,313.0,1.052756,-0.009650957
SH3PXD2B,4870.0,0.420952884,171.0,-0.193821,0.374746169
SHMT1,4335.0,0.394510245,509.0,-0.285923,-0.500248664
SIGLEC1,1590.0,0.42099348,0.0,-1.362936,-0.421508052
SIPA1,2933.0,0.437718847,296.0,-1.039176,0.122492196
SIRPA,3027.0,0.429235057,360.0,-1.179328,0.030526656
SKP1,8791.0,0.433886974,179.0,-0.290061,-0.329718457
SLBP,3046.0,0.391438372,553.0,-0.490587,-0.193254915
SLC25A10,1929.0,0.386184273,191.0,0.056193,0.063342738
SLC25A19,477.0,0.386093473,224.0,0.946495,-0.21054322
SLC25A20,787.0,0.382641976,199.0,-1.893538,-0.779874296
SLC25A3,504.0,0.383836987,354.0,-0.37214,-0.740446739
SLC25A6,450.0,0.487227384,137.0,-1.560137,-0.82287769
SLC27A3,163.0,0.439664345,91.0,-0.541558,-0.02192785
SLC39A10,2661.0,0.346494338,214.0,0.45769,-0.227805453
SLC43A2,6357.0,0.437839378,341.0,-1.697727,-0.488371107
SLC43A3,838.0,0.382351997,447.0,1.380839,-0.075085808
SLC44A1,8291.0,0.4365497,264.0,0.470569,-0.22733303
SLC9A3R1,709.0,0.400889529,235.0,1.342026,-0.167042202
SMAP2,1225.0,0.404145004,415.0,-0.184986,-0.279574084
SMC1A,5954.0,0.490702048,340.0,-0.218823,-0.025086549
SMG5,1363.0,0.383248033,540.0,0.143823,0.110589754
SMS,2660.0,0.417677888,252.0,-0.666371,-0.621364181
SMYD3,223.0,0.378821529,130.0,-1.572637,-0.192793187
SNRNP200,676.0,0.454045162,132.0,0.093516,0.05315139
SNRPC,474.0,0.427936125,450.0,-0.067358,-0.314038272
SNRPD1,4386.0,0.384326147,161.0,0.220029,-0.055687437
SNRPN,279.0,0.390283395,1145.0,-2.624676,0.196546372
SNX24,5071.0,0.338464018,185.0,-0.079749,0.394448774
SNX30,6144.0,0.426743352,148.0,0.553439,0.324766948
SNX33,5086.0,0.383330712,96.0,-0.686906,0.120111903
SOD1,353.0,0.438546885,148.0,0.851258,-0.433466107
SOD2,13436.0,0.435065133,1828.0,-0.863441,-0.120074668
SP110,3922.0,0.401738483,258.0,-0.700471,-0.245439429
SPC24,1691.0,0.381793277,320.0,0.78638,0.205669316
SPC25,540.0,0.373816265,131.0,0.847645,0.154294218
SPCS1,3333.0,0.417439524,205.0,-0.413183,-0.871515435
SPI1,383.0,0.406748349,223.0,-1.961667,0.198036354
SPRYD4,1406.0,0.430591965,75.0,-0.977422,-0.370635087
SQSTM1,1485.0,0.412192979,360.0,-0.597206,-0.832272604
SRC,2671.0,0.437602812,449.0,1.139316,0.202948303
SRGAP2,3018.0,0.377689891,542.0,0.062716,0.110775115
SRI,5365.0,0.424260151,79.0,0.289945,0.48374701
SRP19,2645.0,0.430943803,189.0,-0.037358,-0.180834643
SRPRB,1784.0,0.427990824,285.0,0.632293,0.087208724
SRR,1392.0,0.393840903,354.0,0.408936,0.106261322
SRXN1,2099.0,0.37663928,185.0,-0.314541,-0.016713345
SS18L2,777.0,0.45997865,208.0,-0.150384,-0.163770571
SSH1,5298.0,0.373517564,146.0,-0.347806,-0.107275237
SSH3,2595.0,0.376349937,178.0,-1.018726,-0.190613309
SSR2,592.0,0.425839932,80.0,-0.343659,-0.505813509
SSR3,3698.0,0.388415977,156.0,0.357366,0.425088541
SSR4,87.0,0.444947593,150.0,-0.274387,-0.12028466
SSRP1,422.0,0.394601844,267.0,0.856095,0.334873208
SSU72,400.0,0.445120823,325.0,-0.081982,-0.003358029
ST13,3666.0,0.439823793,468.0,-0.046298,-0.480101999
ST14,553.0,0.454138745,193.0,0.281568,-0.071399343
ST3GAL4,594.0,0.39537481,557.0,-1.109916,-0.263773208
STARD10,1682.0,0.427301627,944.0,0.345898,-0.551066211
STAT1,3294.0,0.408136156,388.0,-0.391392,-0.687642258
STAT2,1791.0,0.409862748,203.0,-0.474378,0.013656717
STAT6,1168.0,0.380869476,499.0,-0.215811,-0.126794844
STMN1,1138.0,0.394107416,364.0,1.699563,-0.111316813
STOM,2222.0,0.387137797,117.0,0.948744,0.121947157
STOML2,531.0,0.456962681,143.0,0.496858,-0.09572428
STX11,4481.0,0.457080677,192.0,-0.629887,-0.090528296
STX3,5058.0,0.403902965,547.0,0.519601,-0.672105695
STX7,14891.0,0.417568039,327.0,-0.508696,-0.307213892
STX8,107.0,0.378438911,150.0,-0.101166,0.446746524
SUCLG1,223.0,0.43877655,193.0,-0.258059,-0.516277258
SUFU,3380.0,0.361614756,191.0,-0.476621,-0.02098275
SUMF1,999.0,0.37076871,37.0,-0.562873,0.252157438
SUPT4H1,1112.0,0.438747077,103.0,1.205754,0.466477041
SURF2,1720.0,0.440503417,48.0,0.322526,-0.399864915
SURF4,2281.0,0.385472445,476.0,0.665674,0.083464987
SURF6,4908.0,0.42467207,78.0,0.201911,0.314663949
SUV39H1,1669.0,0.463566826,266.0,0.36314,0.587648805
SVIP,4195.0,0.357937352,217.0,1.147159,1.148962594
SYTL1,80.0,0.364244725,197.0,-0.28695,-0.553342151
TACC3,165.0,0.385699108,155.0,-0.319866,-0.03924171
TADA2B,3064.0,0.464060586,151.0,0.497764,0.196028888
TAF12,689.0,0.435926756,522.0,0.065511,-0.074594748
TAP2,5256.0,0.374969764,175.0,-1.790018,-1.208623138
TBC1D20,3109.0,0.435441414,148.0,-0.664816,-0.592918441
TBC1D9B,1396.0,0.395340616,37.0,-0.098656,-0.127344682
TBCC,556.0,0.434161456,73.0,-0.646075,0.111327322
TCEAL3,260.0,0.368171822,262.0,0.547976,-0.670731014
TCEAL4,3020.0,0.432120515,489.0,0.54701,0.1659454
TCOF1,1640.0,0.41523122,108.0,0.19362,-0.30633604
TDP1,1721.0,0.418036689,317.0,1.061615,0.509344019
TDRD7,242.0,0.375852104,234.0,0.683333,0.201646148
TDRKH,973.0,0.419795099,182.0,-0.34571,0.251413112
TEP1,2777.0,0.379550228,40.0,0.410591,0.014099888
TFE3,1431.0,0.379068139,541.0,-0.463686,-0.645564042
TFEB,621.0,0.429366592,302.0,-0.502631,-0.776017307
THADA,112.0,0.415199561,352.0,-0.248627,-0.009659853
THUMPD1,2715.0,0.455087735,225.0,0.051907,-0.180607349
THYN1,205.0,0.377954149,484.0,-0.318003,-0.189234023
TIMM50,3932.0,0.424829064,722.0,1.232605,0.092838088
TIMM8B,2046.0,0.447942532,30.0,-0.519286,-0.659667575
TK2,3965.0,0.360054507,593.0,-0.309525,0.055111519
TLE1,571.0,0.374791795,1295.0,-0.498468,-0.613986936
TM9SF2,2020.0,0.372522209,233.0,0.352433,-0.505309318
TMED3,1710.0,0.439016102,188.0,-0.229738,-0.108842395
TMED9,708.0,0.44685712,67.0,0.90191,0.557641055
TMEM126A,52.0,0.406087664,295.0,-0.685753,-0.298266655
TMEM199,2431.0,0.370998168,90.0,-0.342677,-1.017582307
TMEM63A,1407.0,0.385482014,622.0,-1.081999,-0.677013397
TMOD1,2050.0,0.392927141,213.0,-0.974647,0.142594982
TMSB10,278.0,0.470652003,95.0,-0.648368,0.053514163
TNFAIP1,2409.0,0.451408648,449.0,0.096345,0.870414684
TNFAIP2,2079.0,0.44214387,131.0,-2.393965,-0.756630884
TNFAIP3,1995.0,0.416242917,370.0,-1.461684,0.303198033
TNFAIP8L2,497.0,0.440670719,126.0,-1.704006,-0.475859417
TNIP1,770.0,0.448321216,241.0,-0.654841,0.119179777
TNK2,822.0,0.420245651,543.0,0.06808,0.013030267
TNPO2,2070.0,0.408799881,358.0,0.053899,-0.209921649
TNRC18,1316.0,0.449521205,349.0,-1.00016,-0.703692142
TOMM5,518.0,0.441712708,107.0,0.65157,0.307097921
TOMM6,1957.0,0.431553434,255.0,-0.533493,0.078813345
TOP2A,1003.0,0.364102812,159.0,2.123299,0.366629435
TOR1A,3160.0,0.446121485,77.0,0.693156,0.355397884
TPD52L2,1600.0,0.385071878,138.0,0.662384,0.094129823
TPI1,620.0,0.479135356,527.0,-0.402419,-0.203962095
TPM1,757.0,0.403626605,257.0,-0.828788,-0.005242575
TRAF1,7433.0,0.438949906,572.0,-1.409353,-0.218392091
TRAF6,6100.0,0.426668941,381.0,0.727562,0.080021557
TRAPPC3,634.0,0.441060625,519.0,-0.115356,-0.066459842
TRAPPC5,42.0,0.453352607,241.0,1.155048,0.563416255
TRAPPC6B,2539.0,0.437369008,335.0,1.756776,0.352260172
TRAPPC9,3079.0,0.431357199,134.0,0.828122,0.21897714
TRIM11,3522.0,0.453298916,255.0,-0.035678,-0.22158715
TRIM14,3117.0,0.369225689,165.0,0.599116,-0.021098915
TRIM22,1215.0,0.424423711,379.0,-1.498715,-0.315489343
TRIM26,1431.0,0.384319522,565.0,-0.708655,-0.016432446
TRIM27,2956.0,0.441704825,359.0,-0.25717,0.263828591
TRIM41,1657.0,0.454716896,737.0,0.750992,-0.113409039
TRIM5,2312.0,0.426412011,303.0,-0.255938,-0.285819312
TRIP12,3739.0,0.40441217,297.0,-0.0392,-0.140493152
TRIP13,2852.0,0.433721983,145.0,1.456481,0.581754861
TRMT5,3660.0,0.405137655,572.0,0.706022,0.418741649
TRUB2,4655.0,0.434714666,759.0,0.888562,0.66191172
TSFM,1390.0,0.429356434,57.0,-0.283461,-0.33572751
TSPAN14,15147.0,0.398868986,305.0,-0.615716,-0.59385638
TSPYL1,7303.0,0.373212405,287.0,-0.393832,0.094834989
TSR2,1366.0,0.464925113,443.0,-0.224347,0.084269108
TTC39C,3394.0,0.378954091,452.0,-0.65884,-0.371793083
TTC7A,2213.0,0.393400181,1272.0,0.183627,0.034545397
TTPAL,5319.0,0.425556123,145.0,0.146706,-0.182829965
TTYH3,3063.0,0.383645273,187.0,-1.238477,0.129553595
TUBA1C,110.0,0.451729991,576.0,-0.08603,-0.276381548
TUBA4A,644.0,0.402818439,556.0,-1.727954,-0.448839936
TUBB,1030.0,0.390058461,509.0,0.047894,-0.279718132
TUBB6,2302.0,0.468445054,1139.0,-0.380432,0.353131571
TUBGCP4,1934.0,0.368175973,296.0,0.769919,0.296151382
TUSC1,1294.0,0.429789613,537.0,-0.209645,-0.504747073
TXNL4A,3129.0,0.472736328,466.0,0.100122,-0.050359259
TYMP,18.0,0.429537249,376.0,-0.383173,-0.123507848
TYMS,581.0,0.364557025,159.0,-0.588899,-0.721440285
TYROBP,168.0,0.417048036,81.0,-1.955083,-0.319174663
UBAP2L,353.0,0.367068802,167.0,0.451062,0.112751767
UBE2B,4002.0,0.405496028,420.0,-0.389874,0.346888547
UBE2E1,1034.0,0.417917446,229.0,-0.357483,-0.948610818
UBE2L3,2365.0,0.455573936,198.0,0.613957,-0.285593624
UBE2L6,703.0,0.431638779,653.0,0.674193,-0.360631224
UBE4B,1283.0,0.418913915,688.0,0.265034,0.07681716
UBIAD1,2303.0,0.446280173,334.0,0.220893,-0.356886319
UBR4,797.0,0.387393976,4.0,0.070371,-0.079727737
UBTF,2209.0,0.400105612,296.0,0.895331,-0.004349473
UBXN1,220.0,0.422601268,194.0,0.293085,0.389922932
UCK2,4043.0,0.447469338,640.0,0.009096,0.408415576
UGGT1,5935.0,0.374564832,178.0,-0.132962,-0.350992271
UHRF1BP1,5130.0,0.373569339,234.0,-0.292763,-0.442809489
UNC45A,377.0,0.475530537,1022.0,-0.010064,0.142398795
UNG,1024.0,0.368897526,209.0,0.179204,0.032774393
UNK,1388.0,0.447315534,42.0,0.932572,0.364929477
UQCR11,4379.0,0.470309826,75.0,0.098565,-0.058153218
UQCRC1,129.0,0.462829321,45.0,-1.06189,-0.283186826
UQCRH,193.0,0.365128489,320.0,-0.12776,-0.614860297
UROD,171.0,0.391539164,133.0,-0.327144,-0.017045837
UROS,3849.0,0.422413435,266.0,-0.439697,-0.092612973
USP18,580.0,0.434940763,338.0,0.382114,-0.4387926
USP39,571.0,0.39295741,223.0,0.179064,0.026372061
UTP6,2466.0,0.429918331,83.0,-0.137855,-0.180608786
VAC14,489.0,0.396517204,827.0,0.241723,0.211923153
VAMP8,451.0,0.398153421,156.0,-0.578606,-0.688580981
VASP,824.0,0.388921088,342.0,0.737497,0.169207287
VAT1,1456.0,0.406330787,120.0,-0.198376,-0.087198117
VDAC3,475.0,0.440388181,210.0,0.226825,-0.024732743
VDR,3209.0,0.450036866,401.0,-0.020418,0.410940164
VGLL4,2489.0,0.432812067,506.0,-0.52177,0.011150171
VIM,431.0,0.411136971,462.0,-0.90206,0.003824504
VPS28,291.0,0.476756313,109.0,-0.467374,-0.094260274
VPS33B,559.0,0.447669729,583.0,-0.152097,0.061195532
VPS39,2053.0,0.440628838,173.0,0.147956,0.271447374
VPS52,2870.0,0.393546356,887.0,-0.749068,0.300754288
WASF2,4090.0,0.365213822,245.0,-0.057075,-0.022865929
WBP2,1040.0,0.392225719,515.0,0.482376,0.17012432
WDFY2,7044.0,0.36603015,340.0,-0.596808,0.491397176
WDR1,1039.0,0.393247178,368.0,-0.909105,-0.463569608
WDR36,3619.0,0.40459335,117.0,0.05441,0.074458319
WDR37,8068.0,0.365587877,173.0,-0.024169,-0.177204129
WDR4,293.0,0.380589271,581.0,0.210796,0.099433199
WDR47,1216.0,0.402106333,376.0,-0.218757,0.151898253
WDR48,1924.0,0.419028298,472.0,0.128389,0.282030647
WDR5,1979.0,0.401607191,171.0,0.563899,0.377803173
WDR54,97.0,0.394793766,128.0,-0.192232,-0.351603053
WDR61,197.0,0.411764619,310.0,0.142681,-0.320277104
WDR77,4184.0,0.412330102,139.0,-0.41282,-0.286065633
WDR91,4946.0,0.380864599,823.0,0.123157,0.286024077
WDR92,2520.0,0.427217839,117.0,-2.7e-05,0.07842029
YTHDF1,1279.0,0.384821843,294.0,1.608846,0.397182758
YTHDF3,3082.0,0.406652071,509.0,0.686897,0.258223579
YY1,5192.0,0.440120149,480.0,0.588601,-0.463644413
ZBED1,2221.0,0.457533868,282.0,-0.646844,0.361378206
ZBTB8OS,1087.0,0.406816332,276.0,-0.420838,-0.146862133
ZC3H12A,768.0,0.421626239,1056.0,-0.382542,-0.195367051
ZC3H4,2169.0,0.436042942,38.0,0.60157,0.084532125
ZCCHC2,2006.0,0.404185753,0.0,0.208691,0.401786301
ZFP36L1,2846.0,0.395541595,976.0,0.10156,0.397868879
ZMAT2,1942.0,0.460376067,101.0,-0.056803,-0.854428732
ZMIZ2,4165.0,0.419562196,128.0,-0.008349,0.469280544
ZMYM3,1292.0,0.378831729,749.0,-0.32423,0.006400869
ZNF207,13817.0,0.386696564,148.0,0.123635,0.001946119
ZNF414,113.0,0.422835658,118.0,0.70424,-0.133058382
ZNF511,243.0,0.452392726,55.0,-0.542585,0.035211961
ZNF516,4816.0,0.393186692,318.0,0.682073,-0.272842923
ZNF622,1298.0,0.463753859,120.0,-0.239888,-0.180178616
ZNHIT2,49.0,0.440612513,85.0,-0.760444,0.300443469
ZNHIT3,419.0,0.425204303,73.0,-0.047301,0.070081893
ZWINT,4585.0,0.411772707,37.0,0.467097,0.087511596
