,3prime,tAI,max_5_UTR_length,TCGA-AR-A1AP,TCGA-AR-A1AP.1
AAK1,17874.0,0.380718848,505.0,0.39297,0.233022449
AATF,207.0,0.367011205,251.0,-0.553204,-0.283919139
ABCC1,1793.0,0.393368456,175.0,0.533979,0.213957136
ABCF3,5726.0,0.387768135,869.0,0.224808,0.0872328
ABHD12,654.0,0.374654709,279.0,0.437096,0.085098703
ABHD6,1639.0,0.384216096,505.0,0.479714,0.065418984
ABR,2562.0,0.39474042,600.0,1.013027,0.241575427
ABT1,2092.0,0.423473096,40.0,-0.734742,-0.123812482
ACADVL,176.0,0.46877374,457.0,1.139125,0.42494672
ACBD6,155.0,0.433964845,621.0,0.010188,0.137789519
ACIN1,584.0,0.404933544,328.0,0.08082,0.034638595
ACO1,4661.0,0.37721508,227.0,-0.366866,0.07941273
ACOT11,1220.0,0.392289045,176.0,0.235103,-0.284746347
ACOT9,4514.0,0.358892202,225.0,0.258801,0.28139143
ACP2,814.0,0.411581374,548.0,-0.161029,-0.130472209
ACSF2,1484.0,0.405139059,501.0,1.775646,0.773871563
ACSL1,1530.0,0.417966714,990.0,-0.486323,-0.260498113
ACSL5,1022.0,0.380976548,307.0,0.273371,0.312218206
ACTB,613.0,0.469768794,192.0,0.158391,-0.378696021
ACTL6A,452.0,0.409046191,387.0,-0.495957,-0.274741074
ACTR1A,3151.0,0.432463663,108.0,0.10319,0.044091113
ADA,312.0,0.444091501,440.0,-0.121261,0.184004396
ADD1,1928.0,0.439806775,863.0,0.103633,-0.050353829
ADPRH,2067.0,0.380088169,541.0,-0.499896,0.039655142
ADSSL1,320.0,0.393141878,776.0,-1.270639,-0.730891476
AGAP3,508.0,0.436856677,1584.0,0.451897,0.064449791
AHNAK,842.0,0.382138706,300.0,0.010781,-0.094269613
AHSA1,225.0,0.374296292,431.0,-0.854219,-0.452889273
AIF1,121.0,0.4069451,222.0,-0.308574,0.150652932
AIFM2,1911.0,0.447982482,217.0,0.539052,0.10470946
AK1,1528.0,0.389481519,153.0,-0.523104,-0.245811518
AK2,2893.0,0.384271636,345.0,0.09012,-0.073785825
AKR1C2,3804.0,0.449591167,413.0,3.873654,1.349022891
AKR7A2,10996.0,0.385600504,22.0,0.361022,0.101644662
ALDH18A1,838.0,0.380333742,511.0,-0.00077,-0.15254892
ALDH3A2,2525.0,0.42484639,221.0,0.683281,0.342746889
ALDH6A1,4647.0,0.38708374,724.0,-0.848367,-0.562383621
ALG1,2498.0,0.432230555,181.0,-0.089221,0.406958517
ALG5,380.0,0.362014155,67.0,-0.267908,-0.02209281
ALG9,4217.0,0.365461171,1107.0,-0.959646,-0.155180303
ALOX5AP,976.0,0.392577632,248.0,0.604888,0.354321041
AMBRA1,1041.0,0.36170155,362.0,0.495173,-0.08814159
AMPD2,903.0,0.389224108,566.0,-0.32614,-0.037327379
AMPD3,1695.0,0.423686063,472.0,0.027592,0.437350614
ANAPC13,1361.0,0.393644021,731.0,-0.164614,-0.197912146
ANAPC5,235.0,0.390209877,197.0,0.129545,-0.115900545
ANKLE2,1737.0,0.418251419,90.0,0.445359,0.258634401
ANKRD16,135.0,0.465649334,543.0,-0.126282,0.219524248
ANXA2,496.0,0.429738522,160.0,1.09059,0.446716844
ANXA5,1441.0,0.418050335,165.0,-0.108725,0.040408964
AP1B1,1153.0,0.424070668,187.0,0.197594,0.092481585
AP1M1,914.0,0.463388599,173.0,-0.070895,0.205839651
APBA1,3797.0,0.387421148,276.0,-0.30319,-0.075614402
APIP,427.0,0.433104693,127.0,-0.215874,0.111512429
APOBEC3B,339.0,0.43450554,55.0,-0.102427,-0.589067316
APOBEC3C,1979.0,0.381716897,103.0,-0.18233,0.168590819
APOBEC3G,322.0,0.410940579,404.0,-0.33667,0.097066414
APOL2,1195.0,0.42932248,477.0,0.030264,0.047702278
ARF6,2971.0,0.462806813,621.0,-0.268207,-0.406654945
ARFIP2,2430.0,0.403729309,291.0,-0.396012,-0.481087727
ARHGAP17,2624.0,0.371011524,117.0,-0.056351,0.091646044
ARHGAP30,773.0,0.384451823,645.0,0.524239,0.054470758
ARHGEF10,1378.0,0.370244255,202.0,0.194306,0.120239366
ARID2,3145.0,0.362288628,128.0,0.269857,-0.113222673
ARID3A,3881.0,0.411693449,290.0,0.724272,-0.180272583
ARIH2,3112.0,0.397061561,878.0,0.375503,0.410382815
ARL8A,1065.0,0.409602486,171.0,0.398776,0.839470754
ARRB1,6041.0,0.39512759,224.0,-0.779458,-0.456402385
ASF1B,950.0,0.395794233,172.0,-0.647594,-0.537216919
ASS1,1357.0,0.394201053,356.0,0.066186,0.100580341
ATPAF1,3039.0,0.439253133,510.0,-0.685002,-0.285326692
ATRIP,162.0,0.417082642,462.0,-0.231551,-0.057401607
AXL,1863.0,0.417061167,376.0,0.149982,0.285981195
B4GALT7,4483.0,0.433879574,93.0,-0.115122,-0.092261936
BAG1,2764.0,0.431693656,501.0,-0.485424,-0.103035526
BAG3,537.0,0.387438444,306.0,-0.102951,0.094366211
BASP1,971.0,0.520859146,259.0,-0.721375,0.05051943
BBS7,1531.0,0.408023089,184.0,-0.214711,0.196241972
BCAT2,364.0,0.445598481,657.0,-0.425026,-0.635897902
BCKDHB,3082.0,0.419736544,88.0,-0.139676,0.117404315
BCL2,5279.0,0.374049285,493.0,-1.184747,-0.577638759
BCL2L13,4109.0,0.411790332,769.0,-0.238969,-0.363470588
BID,4193.0,0.428633517,498.0,-0.570903,-0.071084412
BLVRA,3376.0,0.414260839,177.0,0.129946,0.147992271
BOLA2,40.0,0.43059393,513.0,-0.165257,-0.04697355
BOLA3,383.0,0.406657227,38.0,-0.19286,-0.341152394
BRD2,787.0,0.377809737,2066.0,-0.373229,-0.1172943
BRD3,3285.0,0.401150236,188.0,-0.956362,-0.09433832
BSPRY,1091.0,0.380011644,48.0,0.115221,-0.134828049
BST2,411.0,0.444557266,81.0,1.665735,0.736341693
BUB3,1535.0,0.421992618,242.0,0.894037,-0.139824929
C1QB,152.0,0.436596666,340.0,0.279199,0.117984904
C1QC,327.0,0.41150294,283.0,0.341174,0.344164105
C2CD3,671.0,0.360398895,227.0,2.318215,0.561846317
C3,5088.0,0.430632158,93.0,0.853053,0.342048469
CAP1,1134.0,0.406948565,416.0,0.127747,0.034101081
CAPN1,720.0,0.455130071,197.0,0.79973,0.265925124
CAPRIN1,5632.0,0.374918508,189.0,0.12719,-0.259663306
CAPZB,5180.0,0.446052528,622.0,-0.358269,0.020175872
CARD16,437.0,0.41300235,27.0,-0.092087,0.312013867
CARHSP1,4898.0,0.362100245,360.0,0.54151,0.296582661
CASC3,1778.0,0.370720542,295.0,-0.593821,-0.130424161
CASP1,750.0,0.424742838,44.0,0.350005,0.210233783
CASP8,1794.0,0.376118708,303.0,0.398101,0.297411392
CAT,629.0,0.397270122,89.0,0.206528,-0.224231999
CBL,8368.0,0.375957197,142.0,-0.320827,-0.010802168
CBLL1,3286.0,0.400851504,467.0,-0.441915,-0.081973545
CBR3,54.0,0.445176236,228.0,0.972444,0.570803421
CBS,4385.0,0.477784031,626.0,2.699117,-0.834743441
CBX5,10815.0,0.390902295,318.0,-0.365201,-0.368471969
CBX8,2504.0,0.36735217,118.0,0.677463,0.037055445
CCDC115,2169.0,0.385110507,452.0,-0.084973,0.346284254
CCDC125,2554.0,0.359965106,322.0,-0.227005,-0.479789591
CCDC58,2462.0,0.421830022,75.0,-0.397365,0.013755951
CCDC88C,1302.0,0.396031427,154.0,-1.337737,-0.519047862
CCL5,886.0,0.462166288,68.0,-0.488772,0.066900062
CCNDBP1,2336.0,0.44393643,231.0,0.13874,0.302760033
CCS,4244.0,0.460896681,43.0,-0.012261,-0.146565985
CCT3,238.0,0.457984718,231.0,0.100122,-0.067917677
CCT4,1361.0,0.393363555,164.0,-0.326479,0.021429573
CD14,128.0,0.416321757,392.0,-0.048605,0.112480026
CD209,3046.0,0.440000747,67.0,0.476305,0.553921616
CD36,2894.0,0.410517795,414.0,0.20768,-0.07499132
CD40,982.0,0.429065654,90.0,1.888627,0.867148606
CD44,3115.0,0.39995987,434.0,-0.93397,-0.443495456
CD63,923.0,0.512738356,403.0,0.494216,1.975816041
CD74,635.0,0.427357309,187.0,0.429427,1.062151218
CDC26,271.0,0.395637029,359.0,-0.407755,-0.534988931
CDC34,560.0,0.46431386,199.0,1.415792,0.523996894
CDC42EP3,3941.0,0.420378821,1009.0,-1.300605,-0.290410038
CDCA3,816.0,0.351209268,820.0,-0.135555,-0.97979133
CDCA8,1353.0,0.384295288,290.0,0.172492,-0.700251199
CDIPT,1864.0,0.442654716,541.0,-0.090437,0.526635188
CDK1,2313.0,0.398329505,154.0,-0.242892,-0.595766815
CDK19,4557.0,0.421511824,180.0,-0.096559,-0.24683922
CDK2AP1,766.0,0.439144625,522.0,0.457443,0.19252446
CDK5RAP2,367.0,0.371069462,192.0,-1.030684,-0.326532552
CDK5RAP3,284.0,0.469750898,1791.0,-0.292419,0.376700134
CDKAL1,1365.0,0.417875209,167.0,-0.78151,-0.35629956
CDKN2AIPNL,3639.0,0.409801696,53.0,-0.599081,0.092964766
CDKN2C,2247.0,0.381912025,1216.0,-0.191283,0.233001845
CENPH,1478.0,0.418392258,87.0,-0.455248,0.130723195
CENPV,301.0,0.385948267,62.0,-1.512999,-0.70199381
CEP55,939.0,0.397841874,304.0,0.271209,-0.444164872
CES3,2100.0,0.377378956,446.0,-0.325174,-0.509584546
CETN2,868.0,0.433727498,47.0,-0.163974,0.020509812
CFL1,677.0,0.502791,234.0,0.206659,-0.451112447
CHCHD4,3528.0,0.445497334,326.0,-0.579685,-0.224184799
CHMP4A,296.0,0.447100154,262.0,0.369413,0.140496094
CHMP5,1241.0,0.442987983,200.0,-0.364227,-0.186526919
CHMP6,980.0,0.489861105,78.0,-0.312968,-0.100360998
CHTF8,2425.0,0.424551152,142.0,-0.2388,0.042409065
CIAPIN1,1024.0,0.451663323,242.0,-0.455081,-0.086141077
CISD2,5376.0,0.433298698,107.0,-0.2702,-0.333962516
CKAP4,2872.0,0.386259817,84.0,-0.615602,-0.304523933
CKS2,300.0,0.317949998,98.0,-0.575892,-0.242055904
CLCC1,5185.0,0.369704467,150.0,-0.115872,0.181324833
CLCN7,1698.0,0.459147749,110.0,0.548788,0.700280687
CLIC1,290.0,0.4571302,573.0,-0.542413,-0.477725864
CLK2,350.0,0.410673686,925.0,-0.087086,-0.204534092
CLK3,1233.0,0.4268607,461.0,0.05599,-0.014200943
CLPTM1,458.0,0.383990827,351.0,0.259001,0.124064316
CLTA,288.0,0.450950874,514.0,-0.586551,-0.155766391
CLTB,319.0,0.48548545,210.0,0.619647,0.485468514
CLTC,3104.0,0.384957863,443.0,0.477555,-0.033104613
CNBP,6850.0,0.433298698,206.0,0.091016,-0.085009724
CNPY2,123.0,0.392778455,553.0,-0.03043,0.01842109
CNPY3,1042.0,0.459231502,584.0,-0.641128,-0.235278802
COG3,1967.0,0.414689223,142.0,0.227105,0.193934399
COMMD1,306.0,0.423842833,138.0,-0.486222,0.035410496
COMMD3,431.0,0.360487018,35.0,-0.041498,0.108254803
COMMD5,498.0,0.445713337,399.0,0.431622,0.191302628
COMMD6,1375.0,0.396967837,328.0,-0.438625,0.364900887
COMMD9,2340.0,0.418062772,89.0,0.033755,0.237279874
COPB1,446.0,0.381738818,307.0,0.164987,-0.035923475
COPE,165.0,0.478760693,55.0,0.458234,-0.16524174
COQ6,671.0,0.374062527,159.0,-0.762269,-0.189234025
COQ7,5700.0,0.42379098,133.0,-0.076948,-0.207902278
CORO1A,112.0,0.457388252,435.0,0.317013,0.299031076
COX17,1735.0,0.484254073,86.0,0.200917,0.079221796
COX5A,860.0,0.429944966,140.0,-0.055054,-0.270771323
COX7A2,302.0,0.441893926,98.0,0.050468,-0.325793072
CPM,5262.0,0.406054343,75.0,-0.392786,-0.148690048
CPSF4,923.0,0.452412439,277.0,0.023834,-0.155909731
CPT1A,2761.0,0.374132033,170.0,0.504405,-0.024073835
CPT2,602.0,0.431256564,515.0,-0.160461,-0.013205917
CRCP,8457.0,0.390198146,145.0,0.059811,0.065464045
CRKL,3904.0,0.422225684,509.0,-0.394205,-0.190921023
CRTAP,5601.0,0.446308827,120.0,-0.153335,0.416812209
CRTC3,3205.0,0.355982524,186.0,0.178363,0.116377909
CRYL1,462.0,0.386242786,79.0,-0.40763,0.413587746
CSRP1,1183.0,0.493833101,217.0,-0.111001,-0.364784811
CST3,2762.0,0.475763324,186.0,-0.399917,0.57165454
CSTF2,1931.0,0.372934478,58.0,0.204365,-0.172312491
CTBP1,800.0,0.464034004,393.0,0.259513,-0.049977778
CTNNA1,1216.0,0.412513324,1103.0,0.540639,-0.137198387
CTNNB1,1106.0,0.432073699,448.0,-0.017206,0.040890174
CTNNBIP1,2448.0,0.394834327,307.0,-0.703603,-0.448205402
CTPS2,1870.0,0.416273085,744.0,-0.103326,0.252024648
CTSG,119.0,0.369503415,37.0,1.114495,-0.07900757
CTSH,1072.0,0.446467856,1192.0,-0.500198,-0.127356292
CUEDC1,2047.0,0.374410739,719.0,1.436916,-0.067373845
CUX1,1040.0,0.395555213,127.0,0.065032,-0.126316276
CXCL10,814.0,0.410287201,105.0,0.925463,-0.057390869
CYBB,2544.0,0.418993019,61.0,0.128388,-0.081971034
CYP2S1,1051.0,0.420869286,58.0,0.380418,0.259420746
CYTH4,1837.0,0.406296106,377.0,0.008221,-0.089243353
DAB2,1757.0,0.368483127,531.0,-0.031739,0.139295706
DAGLB,721.0,0.377719723,170.0,-0.155396,0.160584796
DAP3,768.0,0.366492687,184.0,-0.097344,-0.313151145
DAPP1,2082.0,0.348655603,90.0,1.238823,0.424247826
DBI,233.0,0.467027529,479.0,0.797761,0.355682587
DCAF8,1877.0,0.380310979,212.0,-0.081846,0.135874058
DCP1A,4153.0,0.411936399,381.0,0.316393,-0.038384518
DCPS,4731.0,0.375605648,329.0,-0.288637,-0.327348539
DCTN5,10597.0,0.443116252,177.0,0.015266,0.086922033
DDAH2,653.0,0.361046801,1104.0,-0.708231,-0.154950714
DDB2,1223.0,0.43604051,195.0,-1.026624,-0.236438663
DDX23,713.0,0.445931172,91.0,0.750268,0.17814216
DDX31,1870.0,0.361830896,544.0,-0.610126,-0.218367522
DDX47,438.0,0.379294484,22.0,-0.134063,-0.069828421
DDX54,1704.0,0.467316231,28.0,0.163487,-0.261878257
DDX56,586.0,0.438032149,643.0,0.363742,-0.331938454
DDX59,217.0,0.413095257,243.0,-0.473845,-0.376865651
DHODH,3463.0,0.371608285,21.0,-0.407378,0.07116844
DHPS,121.0,0.474111752,121.0,-0.266851,-0.305151706
DHX15,459.0,0.379133957,168.0,0.43775,0.079429531
DHX34,591.0,0.384465978,349.0,0.260893,-0.22201547
DHX58,357.0,0.440330409,223.0,-0.08752,-0.318655974
DIABLO,719.0,0.425893605,1182.0,0.204409,0.128875591
DMAP1,63.0,0.471306,301.0,-0.288521,-0.085017724
DMXL2,1274.0,0.389901613,225.0,0.366704,0.074315652
DNAJA4,1736.0,0.398301408,169.0,0.865752,0.253359239
DNAJC19,1326.0,0.403482491,259.0,-0.40654,0.110769769
DNAJC25,1212.0,0.430964931,56.0,-0.941942,-0.249481214
DNAJC8,969.0,0.416719859,33.0,-0.216668,-0.014084185
DNM1,1255.0,0.393835111,116.0,-0.584803,0.120424675
DNTTIP2,3564.0,0.408096853,58.0,-0.091861,-0.119464379
DOCK11,3681.0,0.373818855,63.0,-0.223175,0.201301956
DOCK2,524.0,0.446250827,52.0,0.550762,0.310293996
DOK2,438.0,0.384043737,481.0,0.555708,0.408215744
DPCD,197.0,0.459155016,389.0,0.352863,0.214547523
DPF2,2501.0,0.393394442,133.0,0.495259,-0.013112148
DPH1,1310.0,0.448716064,341.0,0.576795,-0.367296818
DPH5,784.0,0.413363166,165.0,-0.988956,-0.366221992
DPY30,562.0,0.438431353,279.0,0.12967,-0.206941099
DPYSL2,2472.0,0.430530829,431.0,-0.063488,0.126498725
DRAP1,142.0,0.432809908,245.0,0.696314,-0.120254772
DRG1,4594.0,0.444150091,131.0,-0.603875,-0.129526768
DSN1,5330.0,0.392894937,373.0,0.117049,-0.047412215
DSTN,2786.0,0.375776803,438.0,0.268718,0.074865609
DTX3L,3456.0,0.408848169,89.0,0.329568,0.175484014
DUSP12,374.0,0.419884133,34.0,0.000119,0.304963083
DUT,1937.0,0.36471409,109.0,-0.52129,-0.266051902
DYNLT1,514.0,0.420362019,78.0,0.118146,-0.028882917
EBAG9,1437.0,0.39438748,402.0,-0.016426,-0.472694711
ECH1,191.0,0.389477111,85.0,-0.163251,-0.117780719
ECHDC2,2269.0,0.400166641,752.0,-0.225322,-0.466977283
ECM1,322.0,0.43792189,199.0,-0.135464,0.024490794
EDEM2,76.0,0.379021051,100.0,0.084505,-0.104506344
EEA1,5374.0,0.405861636,265.0,-0.28925,0.053459689
EEF1A2,286.0,0.417272363,329.0,1.604338,-0.019489869
EFTUD2,1331.0,0.444646836,398.0,-0.420814,-0.020848428
EHD1,3363.0,0.446314898,447.0,-0.044317,-0.114696775
EIF2AK2,8063.0,0.394727306,557.0,0.33476,-0.323418044
EIF2B3,1058.0,0.383118637,239.0,-0.777951,-0.328724401
EIF3F,5840.0,0.435728237,33.0,-0.177939,-0.02862769
EIF3L,1718.0,0.380710116,245.0,-0.567544,0.044993484
EIF4A3,1120.0,0.381528282,222.0,-0.203896,-0.149244798
ELAVL1,4910.0,0.437605432,167.0,-0.049082,-0.142792732
EMG1,248.0,0.433768095,143.0,0.237903,-0.087770922
EMILIN2,2605.0,0.379592019,159.0,0.557839,0.029819951
ENDOD1,7728.0,0.376426787,118.0,-0.403246,0.103325067
ENOSF1,2904.0,0.382279782,622.0,0.085351,-0.504033593
ENY2,2576.0,0.41756619,146.0,-0.447652,-0.195192973
EPSTI1,2106.0,0.391777705,469.0,0.381176,0.045073146
ERCC1,2342.0,0.45058755,188.0,0.155515,-0.191922261
ERCC6L,4809.0,0.354829683,623.0,-0.01314,-0.116235765
ERH,415.0,0.383837906,71.0,-0.89667,-0.412809558
ERLIN1,2041.0,0.444737514,478.0,-0.066178,0.351989345
ERP29,1277.0,0.401191178,118.0,-0.157353,0.052802853
ETV6,4356.0,0.398240844,274.0,0.123899,-0.422070838
EXOC4,1232.0,0.388187525,35.0,0.208552,-0.013460928
EXOC8,6907.0,0.436106501,127.0,-0.207036,0.019781015
EXOSC1,536.0,0.430105347,451.0,0.189801,-0.1376878
EXOSC2,3902.0,0.431273517,32.0,-0.767611,-0.171632709
F8A1,571.0,0.46317284,15.0,-0.091146,0.18129734
FAAH,2043.0,0.384592892,82.0,-0.214872,-0.104194956
FAF1,4425.0,0.401181969,453.0,-0.133007,-0.144441009
FAM122A,4542.0,0.40477622,33.0,-0.67463,-0.286377492
FAM168A,6285.0,0.395008865,285.0,1.851187,0.756275752
FAM177A1,2165.0,0.411149627,459.0,0.188222,-0.065666973
FAM192A,1824.0,0.379195199,1475.0,-0.450873,-0.177191089
FAM20B,4428.0,0.4357945,293.0,-0.462743,-0.116337665
FAM32A,1091.0,0.408676074,42.0,0.005681,0.066827484
FAM50A,286.0,0.482889735,110.0,0.482651,0.111436497
FBP1,248.0,0.397353747,331.0,-1.089831,-0.479094593
FBXL20,9338.0,0.383104745,254.0,-0.661343,-0.148001711
FBXO4,526.0,0.393825218,58.0,-0.782295,-0.094670213
FBXO6,503.0,0.42307306,166.0,0.187229,0.090836845
FCER1G,305.0,0.4202976,25.0,0.108565,0.025972965
FCGRT,309.0,0.433069976,486.0,-0.033855,0.117902302
FCHO1,270.0,0.372951657,283.0,2.086087,0.730807334
FDPS,72.0,0.456397562,392.0,0.027381,-0.095701298
FDXR,596.0,0.384661194,188.0,0.107534,-0.2705563
FEN1,1340.0,0.407867196,413.0,-0.265983,-0.566854758
FERMT3,399.0,0.435119014,149.0,0.446999,0.202763792
FGD2,907.0,0.441856308,171.0,0.562366,0.147424086
FGFR1OP2,1663.0,0.396595515,353.0,-0.260728,-0.005156553
FGL2,3460.0,0.40966218,40.0,-0.041122,0.085130786
FKBP1A,1132.0,0.428443098,174.0,-0.319677,-0.087885308
FKBPL,24.0,0.377510344,270.0,-0.352969,0.03746417
FLOT1,422.0,0.472159534,339.0,0.142868,0.282949884
FN3K,442.0,0.389857108,61.0,-0.097509,0.125824834
FN3KRP,3667.0,0.380720834,50.0,-0.257115,0.060241371
FOXJ3,3176.0,0.401878681,312.0,-0.516903,-0.46905848
FOXK2,3108.0,0.440496276,171.0,0.470062,0.143165444
FOXRED1,443.0,0.438630908,167.0,-0.681857,-0.388480051
FSCN1,1184.0,0.396100853,132.0,-0.476664,-0.105819701
FTH1,530.0,0.425357612,235.0,1.409304,0.361761628
FTL,1031.0,0.428438948,199.0,1.697026,0.205763223
FTSJ1,638.0,0.457521275,569.0,0.072017,-0.346963249
FTSJ3,698.0,0.388239396,646.0,-0.014266,-0.471163844
FXN,6365.0,0.40465004,220.0,-1.274982,-0.320752146
GABARAPL2,564.0,0.431291441,136.0,-0.549017,0.94949112
GABPB1,1320.0,0.423118524,469.0,-0.025438,0.065010215
GALK1,292.0,0.455574511,63.0,0.601849,0.159169436
GANAB,989.0,0.425909644,1027.0,0.028506,0.111457118
GAS6,315.0,0.393865445,183.0,-0.784078,-0.01163224
GAS7,6619.0,0.423630168,311.0,0.105099,0.137118036
GBE1,708.0,0.404013874,283.0,-0.356384,-0.042349323
GBP1,1735.0,0.42614962,220.0,0.434954,-0.023848019
GBP2,5058.0,0.440134196,314.0,0.349612,0.442533549
GBP4,4106.0,0.42983554,116.0,0.712338,0.571555504
GBP5,1753.0,0.421901204,537.0,0.855792,0.036786877
GCH1,2011.0,0.419329122,161.0,-0.187726,-0.690105086
GFOD2,622.0,0.396604754,295.0,-0.417465,0.271585656
GGA2,5408.0,0.377812588,83.0,-0.163305,0.040547034
GGCX,5211.0,0.417836117,106.0,0.179505,0.628357317
GIGYF1,2212.0,0.443456438,1210.0,0.345515,0.152482427
GINS3,1415.0,0.387351931,208.0,-0.707145,-0.328090711
GLA,1699.0,0.378726947,110.0,3.013175,1.466889293
GLE1,1357.0,0.383457083,114.0,-0.51707,-0.033763326
GLRX,1188.0,0.430296645,211.0,0.111922,-0.184695716
GLRX3,3557.0,0.41418463,539.0,0.379771,-0.031457284
GLUD1,1558.0,0.392454008,1132.0,0.055815,-0.038460054
GLYR1,2033.0,0.39940414,57.0,0.303741,-0.073722272
GMEB1,4582.0,0.43446142,142.0,-0.111144,-0.044096139
GMPPA,198.0,0.434966364,375.0,-0.248604,0.11672922
GMPR,3984.0,0.435743929,114.0,-1.176138,-0.673001331
GMPR2,464.0,0.453637396,704.0,0.142775,0.286456869
GNAI1,1947.0,0.435804474,356.0,-1.272323,0.129278197
GNG7,3803.0,0.398730372,237.0,-0.080546,0.133767488
GNPDA1,1360.0,0.395964134,67.0,0.223697,0.368590505
GOLGA2,1243.0,0.401070546,13.0,-0.310347,-0.227353429
GON4L,926.0,0.418089888,175.0,0.42421,0.108195395
GOSR1,5968.0,0.408103421,237.0,-0.524604,-0.240242443
GOSR2,3258.0,0.374298057,541.0,0.191413,0.154930463
GOT2,1054.0,0.444803236,129.0,-0.298359,0.061394387
GPS2,97.0,0.431122181,76.0,0.804444,0.487378754
GPSM2,4697.0,0.401967226,496.0,0.042767,-0.217769149
GPX7,626.0,0.395840774,39.0,-1.227392,-0.173766938
GRAMD1A,299.0,0.411657297,748.0,-0.080149,-0.070134954
GRB2,2292.0,0.4413596,358.0,-0.17366,-0.074918253
GSTM4,2467.0,0.390909061,314.0,-1.021322,-1.67450798
GTF2A2,1070.0,0.420716795,404.0,-0.359812,-0.10752792
GTF2E2,604.0,0.365750105,273.0,-0.38803,-0.086759531
GTF3C2,932.0,0.372227001,397.0,0.180202,-0.102471545
GTPBP1,2894.0,0.424954603,154.0,-0.18713,-0.10506866
GTPBP3,1032.0,0.436547413,95.0,-0.035248,-0.105777275
GTSE1,680.0,0.368527868,212.0,-0.258641,-0.318857568
HADH,818.0,0.383558671,219.0,-0.592937,-0.332165681
HADHA,615.0,0.383558671,130.0,-0.090959,-0.056672764
HAUS5,3319.0,0.378752573,51.0,-0.251503,-0.207810413
HAUS8,346.0,0.37535995,111.0,0.043745,-0.101274283
HCCS,1274.0,0.398607648,275.0,0.002796,-0.178506931
HCK,337.0,0.440224323,364.0,0.383984,0.019629118
HDAC1,591.0,0.390040122,63.0,0.100163,0.142466295
HDDC3,763.0,0.387287166,29.0,0.035105,-0.138568394
HDGF,1342.0,0.465394593,322.0,0.232327,-0.092327033
HDLBP,2343.0,0.397687311,375.0,0.279798,-0.081672561
HEATR3,1385.0,0.384091545,883.0,-0.470246,-0.311493173
HEBP2,9119.0,0.359416339,297.0,-0.020015,0.202476344
HECA,3704.0,0.443714129,285.0,0.309223,0.208892217
HECTD3,3914.0,0.446742268,98.0,0.050662,0.2792513
HERC2,726.0,0.429958504,109.0,0.762853,0.157954229
HERC5,379.0,0.393838904,153.0,-1.123541,-0.008353783
HERC6,651.0,0.398146132,183.0,0.31106,-0.31898106
HIP1,4874.0,0.430847644,52.0,0.262843,-0.084256562
HLA-A,4150.0,0.424443523,84.0,-0.212624,0.633602574
HLA-C,420.0,0.421684519,65.0,0.324021,0.329460691
HLA-DRA,409.0,0.420807891,109.0,0.232232,0.445118819
HLA-E,1459.0,0.413523771,126.0,0.000374,0.277961761
HLA-F,121.0,0.407256461,124.0,-0.051847,0.227167202
HMBOX1,3560.0,0.369177113,482.0,-0.494265,-0.473681444
HMBS,266.0,0.451934812,299.0,-0.954182,-0.477227756
HMGB2,3775.0,0.450826504,193.0,-0.32254,-0.277545355
HMGCS1,3661.0,0.374424323,345.0,-0.302857,-0.235518192
HMOX1,616.0,0.436401717,107.0,0.302677,-0.224336078
HNRNPA0,7504.0,0.386421138,284.0,-0.231111,-0.280166272
HNRNPD,1688.0,0.420386111,318.0,-0.316769,-0.412150172
HNRNPL,1102.0,0.449817015,176.0,-0.0139,-0.269737572
HNRNPU,4156.0,0.432126199,218.0,-0.137817,-0.133615681
HNRNPUL1,2135.0,0.394022965,339.0,0.529265,0.124787468
HNRNPUL2,2674.0,0.436897081,229.0,0.310636,0.063025289
HSBP1,3274.0,0.4454546,174.0,-0.438356,-0.149854806
HSD17B7,398.0,0.431983247,99.0,-0.62935,-0.204147717
HSP90AB1,313.0,0.39509298,251.0,-0.615873,-0.273130709
HSPA1L,428.0,0.464100714,183.0,0.037664,-0.187957854
HSPA4L,7877.0,0.413794867,342.0,-0.146576,-0.670244024
HSPB11,107.0,0.34538245,284.0,-0.694448,-0.229743867
HTRA2,571.0,0.421976635,602.0,0.046399,0.04933749
HTT,3901.0,0.373695076,145.0,0.945812,0.308212494
HUS1,2068.0,0.374612864,131.0,0.091032,0.191410372
HYI,310.0,0.378597605,196.0,0.644108,0.653563405
HYOU1,1409.0,0.403839016,234.0,0.094735,-0.216162624
ICAM1,1537.0,0.426062071,319.0,1.348355,0.791691412
IER3IP1,3342.0,0.438740024,97.0,-0.887803,0.073994733
IFI16,254.0,0.415211655,290.0,0.113151,0.373597722
IFI30,213.0,0.431523306,62.0,0.690209,0.310184454
IFI35,160.0,0.418462024,223.0,0.073191,0.21887573
IFI44,267.0,0.403888008,124.0,0.88442,-0.503261131
IFI44L,5058.0,0.403608012,200.0,0.774596,-0.796774921
IFIH1,121.0,0.412344512,377.0,0.48632,-0.014923474
IFIT1,2775.0,0.411248073,495.0,1.131806,-0.252347213
IFIT2,1901.0,0.420797646,175.0,1.630499,-0.215575615
IFIT3,843.0,0.417440574,529.0,0.958121,-0.470652616
IFIT5,2354.0,0.414819429,231.0,0.568573,0.380328941
IFITM1,159.0,0.431550176,180.0,0.769031,0.088759234
IFT27,109.0,0.4030938,426.0,-0.415481,-0.258249043
IGFBP3,1605.0,0.43060006,132.0,-1.917891,-0.277897838
IGFBP7,558.0,0.392734536,34.0,-0.546314,0.21492863
IKBKE,745.0,0.435100597,714.0,-0.085563,-0.1245634
IL16,3965.0,0.367979445,2395.0,0.05763,0.406951964
IL17RA,5874.0,0.376798811,133.0,-0.375038,-0.566924139
IL1RN,1145.0,0.411881061,408.0,0.224359,-0.120287968
IL4I1,16.0,0.4139018,621.0,0.819027,-0.004764326
ILF2,656.0,0.426220446,239.0,-0.105953,-0.134598062
IMPA2,2898.0,0.383680893,242.0,-0.623801,-0.523803787
INO80,5209.0,0.374025479,351.0,0.39858,0.12609135
INPP1,263.0,0.395712795,700.0,-0.438831,-0.059935912
INPP5D,1195.0,0.436077769,512.0,-0.037784,0.41217708
INSR,4801.0,0.380857973,411.0,0.852589,0.306547658
IPO5,2508.0,0.381335948,180.0,-0.259268,0.259885377
IRF7,92.0,0.423538356,367.0,1.175549,-0.444687594
IRF8,1327.0,0.384714127,507.0,0.431978,0.220891281
IRF9,369.0,0.432057622,127.0,0.845382,0.024097962
IRGQ,7659.0,0.399674011,156.0,0.384847,0.050445701
ISCU,607.0,0.454630229,1331.0,-0.883484,-0.192981586
ISG15,62.0,0.419522688,77.0,1.298078,-0.869360374
ISG20,952.0,0.419932377,2368.0,-0.292643,-0.233091443
ISOC1,1056.0,0.418535314,18.0,-1.628983,-0.898253288
ITGB2,415.0,0.457304004,395.0,0.638087,0.07512381
ITPKB,2981.0,0.440250717,340.0,-0.306644,-0.035519681
JUNB,496.0,0.414023332,276.0,0.101776,-0.043388736
JUP,157.0,0.458302936,298.0,-0.357914,-0.161688875
KANK2,2291.0,0.394238955,361.0,0.044001,0.03947109
KARS,4202.0,0.383913431,144.0,-0.573571,-0.153128208
KDM1A,327.0,0.428444011,149.0,-0.136778,-0.133060629
KDM2A,3716.0,0.372295488,864.0,0.307061,-0.193571945
KDM2B,2488.0,0.393022165,407.0,0.31125,0.4346977
KDM3B,1327.0,0.37791414,200.0,-0.200305,-0.233130785
KDM4A,1148.0,0.378142374,166.0,0.456148,0.172429564
KHSRP,1024.0,0.456900489,110.0,0.316979,-0.061613263
KIAA2013,727.0,0.385456054,191.0,-0.197415,0.178414599
KIF20A,757.0,0.371463873,496.0,0.190547,-0.213893068
KIF22,75.0,0.392489541,388.0,0.119082,-0.374550087
KIF2C,588.0,0.387865377,395.0,0.312413,-0.663520739
KIF3B,3792.0,0.390782105,180.0,0.759593,0.177571572
KIF3C,2392.0,0.403852971,657.0,1.69144,0.108313629
KIF5B,3198.0,0.418236129,470.0,0.160676,0.247405562
KLHL7,3616.0,0.41595405,521.0,-0.318485,-0.208509925
KTI12,594.0,0.370414154,39.0,0.195599,-0.029194298
LAMP1,1311.0,0.390985106,281.0,-0.023792,1.222632105
LANCL2,2422.0,0.433733517,578.0,-0.135729,-0.553187866
LAP3,503.0,0.426841798,162.0,0.576952,0.567936122
LDHD,1826.0,0.398770776,52.0,-0.618409,0.131086122
LENG1,560.0,0.445950324,48.0,-0.030628,0.114312517
LGALS3,159.0,0.420172221,88.0,-0.362055,-0.199003215
LGALS3BP,1225.0,0.419930622,179.0,0.634837,1.092217466
LGALS9,641.0,0.410654931,118.0,0.137376,0.025468362
LIN54,4893.0,0.441729058,383.0,0.27231,0.029471699
LPCAT1,2228.0,0.380803123,133.0,0.768471,0.500516783
LPXN,1776.0,0.432350833,254.0,0.003379,0.177962809
LRPPRC,2376.0,0.377375074,58.0,0.221442,-0.413202646
LRRC25,843.0,0.434491636,642.0,0.389979,0.13082789
LRRC41,465.0,0.438391248,44.0,0.03377,0.236984235
LRRC59,1755.0,0.423067849,236.0,0.09864,-0.454111528
LSM1,486.0,0.409616526,410.0,-0.786042,-0.499037473
LSM6,1871.0,0.435100303,139.0,-0.675726,-0.230337975
LTA4H,391.0,0.355044638,145.0,-0.674584,-0.300772916
LYN,4058.0,0.418972994,282.0,-0.334135,-0.422204893
LYPLAL1,1137.0,0.3973742,157.0,-0.316718,0.240007418
LYRM4,6830.0,0.366844497,217.0,-1.15345,-0.229790678
LYSMD2,596.0,0.394037378,501.0,-0.144389,0.037573568
M6PR,1457.0,0.379162834,275.0,0.07051,0.285097561
MAD2L1,4528.0,0.407191351,124.0,-0.073786,-0.168396115
MAFB,2032.0,0.405989564,390.0,-0.042481,-0.130035781
MAGED2,327.0,0.466698843,233.0,1.39362,0.216334246
MAGOH,153.0,0.416054235,162.0,-0.378421,-0.166368191
MAN2B1,128.0,0.381728903,76.0,0.062764,0.201584115
MANF,717.0,0.420319188,97.0,0.713003,0.182887382
MAP4K1,170.0,0.374128007,140.0,0.235127,0.364607917
MARCKSL1,768.0,0.468216312,206.0,-0.253738,-0.32137521
MAX,2676.0,0.337149475,479.0,0.078365,0.085088451
MBD2,3723.0,0.420256858,229.0,-0.749928,-0.101757038
MBP,4041.0,0.393290432,264.0,0.186231,-0.139134857
MCM2,662.0,0.460999542,110.0,0.390754,-0.486702645
MCM4,2618.0,0.371821308,942.0,0.893542,-0.551872288
MCM5,3214.0,0.470488076,94.0,-0.278961,-0.44698
MDC1,658.0,0.415783633,440.0,-0.689742,-0.432283708
MDH1,210.0,0.381672323,435.0,-0.249585,0.002431509
ME1,1535.0,0.411214685,265.0,1.315485,0.272843124
ME3,171.0,0.395156177,377.0,-0.716497,-0.000360361
MECR,1365.0,0.445670958,612.0,-0.363102,-0.004985867
MED17,2631.0,0.366528813,275.0,-0.93135,-0.15114185
MED19,934.0,0.439623042,93.0,-0.023698,-0.529776332
MED28,10307.0,0.440157501,27.0,0.22584,-0.263539542
MED29,4550.0,0.464327351,57.0,0.422193,-0.042740714
MEF2C,6848.0,0.41426337,654.0,-0.502032,0.53791131
MEN1,824.0,0.454590692,504.0,0.041233,0.003666052
METTL13,961.0,0.396264071,347.0,0.245103,0.084816926
MGST3,1295.0,0.374563048,428.0,0.373927,0.164962328
MIF4GD,787.0,0.397877071,137.0,-0.343113,-0.003990169
MINK1,774.0,0.455972684,525.0,0.915264,0.342877534
MIS12,1334.0,0.420723459,745.0,0.3052,-0.064551671
MLEC,5319.0,0.43043384,173.0,0.016943,0.135980527
MLLT10,2252.0,0.36295117,1568.0,0.217326,0.553992848
MLX,1636.0,0.386664187,65.0,-0.408236,-0.048252737
MMACHC,1852.0,0.382684622,371.0,-0.309696,-0.174140668
MMADHC,5382.0,0.406207656,205.0,0.159925,-0.116079882
MMGT1,4451.0,0.406300672,388.0,-0.446185,-0.065227728
MMP1,502.0,0.392399458,189.0,0.719532,-0.353046245
MMP14,1722.0,0.419367787,285.0,0.231015,0.129831318
MMP9,193.0,0.404253633,19.0,-0.432767,-0.954399908
MORC3,2052.0,0.406702124,375.0,-0.074628,-0.022720869
MORF4L1,1066.0,0.420719378,454.0,0.06894,0.105681985
MOV10,619.0,0.412681236,1415.0,0.267818,-0.273836418
MPDU1,797.0,0.440676037,216.0,0.683502,0.391368023
MPHOSPH10,87.0,0.404440607,352.0,-0.105473,-0.280846224
MRI1,2018.0,0.459301832,75.0,-0.742946,-0.975164684
MRPL13,1075.0,0.395373051,313.0,0.181031,-0.166061155
MRPL15,1888.0,0.407701507,63.0,-0.250913,-0.250294173
MRPL16,212.0,0.368940255,214.0,-0.683896,-0.169728083
MRPL17,6554.0,0.424450505,105.0,0.353077,-0.035620779
MRPL2,580.0,0.458698472,164.0,-0.978065,-0.189692848
MRPL20,187.0,0.445765675,96.0,0.217387,-0.066257925
MRPL21,55.0,0.417448467,293.0,-0.181158,-0.146645878
MRPL27,2133.0,0.436300758,31.0,-0.246575,-0.181683149
MRPL40,113.0,0.406843086,653.0,-0.784852,-0.132532579
MRPL46,1889.0,0.422788385,25.0,0.070114,-0.060449363
MRPL48,1284.0,0.368940255,212.0,0.91014,-0.035522723
MRPL51,2069.0,0.35376587,169.0,0.004462,-0.127100966
MRPL53,198.0,0.441261883,155.0,0.271922,0.074431648
MRPL9,407.0,0.432679379,437.0,-0.082027,-0.179112584
MRPS11,2793.0,0.477818717,1491.0,0.12945,-0.449517764
MRPS15,468.0,0.440649404,164.0,-0.162144,-0.284174857
MRPS17,1334.0,0.413812124,30.0,-0.696351,-0.471760996
MRPS18B,936.0,0.408462865,157.0,-1.140126,-0.377804416
MRPS36,933.0,0.3748339,84.0,-0.465748,-0.288833528
MRPS7,453.0,0.455992019,233.0,-0.063722,-0.465175304
MSI2,5168.0,0.366385762,173.0,0.635587,-0.161061155
MSTO1,694.0,0.421389639,1152.0,0.116671,0.136150327
MT1E,291.0,0.588704726,179.0,2.20201,-0.440683823
MT2A,316.0,0.576670685,123.0,1.812213,-0.64688132
MTA2,684.0,0.459443446,761.0,0.475855,0.151139906
MTFMT,1550.0,0.414190941,26.0,-0.071261,0.040337623
MTHFS,1663.0,0.434592403,179.0,-0.03373,-0.110063776
MTMR1,2442.0,0.424163835,319.0,0.059316,0.029844342
MTMR14,421.0,0.371137969,151.0,0.031786,0.028102719
MVP,50.0,0.435053297,193.0,1.063398,0.426753386
MX1,456.0,0.433488503,982.0,0.917075,-0.428176698
MX2,1812.0,0.430094961,104.0,-0.451432,-0.198171325
MYADM,2833.0,0.384589896,681.0,-0.059443,0.130360846
MYCBP,3972.0,0.381803634,73.0,-0.501256,-0.278537377
MYL12A,812.0,0.453450746,478.0,-0.60452,-0.220920679
MYO18A,3647.0,0.395788337,484.0,-0.502737,0.022371045
MYO9B,1401.0,0.398943925,152.0,0.343939,0.222874542
N6AMT1,5137.0,0.427535625,28.0,-0.691022,0.317630678
NAA40,3212.0,0.389371031,261.0,0.618425,-0.065111173
NAB1,2433.0,0.361024962,572.0,0.17417,-0.077208408
NADK,1672.0,0.3959688,563.0,0.61793,-0.006176877
NADSYN1,464.0,0.447848979,126.0,1.47054,0.729718706
NAGK,1297.0,0.42527382,474.0,0.756967,0.124323779
NANS,37.0,0.458552255,132.0,-0.934642,-0.451708697
NAPA,1862.0,0.477781443,318.0,0.830348,0.231182033
NAT10,4915.0,0.387474071,245.0,0.118151,-0.080227356
NBAS,140.0,0.414580543,44.0,-0.027232,0.190998892
NCALD,2767.0,0.374888213,460.0,-0.398338,-0.199712455
NCAPD3,2971.0,0.431957579,606.0,-0.392861,-0.37539439
NCAPG2,3501.0,0.41630572,200.0,0.09151,-0.07565349
NCF1,2381.0,0.415579251,70.0,0.105032,-0.123991723
NCK2,1267.0,0.457831152,276.0,0.340493,0.029710613
NCKIPSD,4981.0,0.449411541,126.0,-0.14062,-0.049954462
NCOA5,1332.0,0.416761948,402.0,0.242967,0.000313448
NCOA7,3259.0,0.404217869,470.0,1.147151,0.50162267
NDC80,61.0,0.356199389,182.0,-0.965383,-0.644780675
NDRG2,841.0,0.376266446,941.0,-0.977599,-0.463268767
NDUFA4,1685.0,0.439642808,129.0,-0.283587,-0.350626044
NEU1,667.0,0.413226082,156.0,-0.233062,0.560545377
NFATC2IP,3242.0,0.412267479,15.0,-0.269599,-0.283256945
NFKB1,708.0,0.4099683,467.0,0.427279,0.075971095
NFKB2,153.0,0.424806573,563.0,0.662602,0.035811941
NFKBIE,1053.0,0.409138176,25.0,-0.086726,0.223468254
NGDN,1255.0,0.423783924,27.0,-0.000423,-0.006422102
NGRN,1679.0,0.414477409,50.0,0.75254,-0.091118797
NINJ1,5217.0,0.455972644,71.0,0.366642,0.185491563
NIP7,1593.0,0.443769116,318.0,-0.44898,-0.345153271
NIT2,2351.0,0.432361565,74.0,-0.053565,-0.101785419
NMNAT3,2689.0,0.397393877,1228.0,-0.151588,-0.136534552
NMT1,3377.0,0.454689408,31.0,-0.293975,-0.148133853
NONO,1092.0,0.432928506,710.0,-0.090922,-0.099884774
NOP14,912.0,0.38067473,187.0,0.012681,-0.216452547
NOP2,785.0,0.393538298,198.0,-0.021611,-0.560077344
NOTCH2,6062.0,0.409327653,297.0,0.379405,0.265636217
NPTN,1068.0,0.388989686,197.0,-0.099252,0.327186476
NR2C2,6271.0,0.390767743,362.0,0.282864,0.089234014
NRBF2,883.0,0.43605128,224.0,0.251233,0.32559646
NRF1,1901.0,0.447602651,500.0,0.04539,0.01966778
NRGN,833.0,0.413631862,152.0,0.431919,0.325800025
NRP1,3846.0,0.416817106,523.0,-0.20566,0.668590853
NSFL1C,1587.0,0.42738001,868.0,0.56552,0.179839514
NSMAF,602.0,0.358586884,214.0,0.45597,0.217219641
NTAN1,178.0,0.344459601,320.0,1.209716,0.631260389
NUBP1,246.0,0.455923678,142.0,-0.257214,-0.079763595
NUCKS1,5461.0,0.359398328,271.0,-0.162387,-0.250875511
NUDC,716.0,0.476401948,127.0,0.086839,0.037442371
NUDT16,5489.0,0.428387545,75.0,-0.093088,0.028572082
NUMA1,663.0,0.474508115,436.0,1.482906,0.608390181
NUP93,5678.0,0.382018893,495.0,-0.25515,-0.096188791
NXF1,2943.0,0.375826754,136.0,-0.098316,-0.070287487
OCIAD2,4872.0,0.363821488,322.0,0.939926,0.892341386
OGDH,1071.0,0.396078149,159.0,-0.03764,-0.066571462
OPA3,7233.0,0.475004358,100.0,0.238385,-0.03815207
OSBPL2,2363.0,0.383456763,571.0,0.59808,0.201702896
OSBPL5,1099.0,0.381371042,158.0,0.831977,0.325519082
OVCA2,792.0,0.429983078,65.0,0.674004,0.198411935
P2RX4,573.0,0.442596273,304.0,-0.533314,0.226944108
PAAF1,509.0,0.376143366,341.0,1.107355,0.664531629
PACSIN2,1591.0,0.413490434,405.0,0.545086,-0.0274745
PARK7,451.0,0.457171775,163.0,-0.015058,0.075853546
PARP1,769.0,0.460215809,171.0,0.074747,-0.093427258
PARP10,332.0,0.422654659,200.0,0.760778,0.043304746
PARP12,816.0,0.416480622,874.0,-0.059629,0.154501999
PARP14,2243.0,0.414355918,59.0,1.157224,0.391818128
PARP9,451.0,0.418102187,327.0,0.930776,0.34923542
PARVG,2043.0,0.383803232,484.0,0.401186,0.306111346
PBK,750.0,0.413339119,464.0,-1.072844,-0.788792704
PCNA,338.0,0.425000199,239.0,0.108207,-0.609831834
PDAP1,2007.0,0.464659554,134.0,0.262716,0.087158808
PDCD2,155.0,0.440448783,111.0,-0.000719,0.089427966
PDCD2L,48.0,0.433436103,33.0,-1.044437,-0.40179623
PDCD6IP,3211.0,0.388727459,158.0,0.008826,0.138750064
PDHA1,2054.0,0.402514578,145.0,-0.501988,-0.053172385
PDHB,2974.0,0.442593378,43.0,0.218702,-0.095391513
PDLIM1,357.0,0.379179626,233.0,-0.405011,-0.262020976
PDXDC1,2055.0,0.375670185,335.0,0.027967,0.126615504
PDXK,6244.0,0.398158884,198.0,0.029596,0.339441672
PEBP1,796.0,0.360152166,326.0,0.13686,0.013384485
PEF1,769.0,0.441759403,424.0,0.057667,0.295611189
PELO,5222.0,0.385240523,985.0,0.377099,0.290249395
PEPD,395.0,0.450896903,133.0,0.41132,0.462153987
PEX16,585.0,0.43213601,312.0,0.77049,0.593669561
PEX6,946.0,0.370078344,93.0,-0.047573,-0.111667297
PEX7,2294.0,0.407005497,102.0,-0.207198,0.049731362
PFDN5,124.0,0.497062947,117.0,0.013881,0.023661604
PFDN6,574.0,0.470152145,222.0,-0.863411,0.017917504
PGM1,570.0,0.393980016,681.0,-0.125626,0.164744182
PHB,988.0,0.45268542,190.0,-0.177273,-0.160351317
PHF10,104.0,0.365149381,79.0,-0.234532,-0.260195892
PI4K2A,2692.0,0.385068362,57.0,0.370567,0.344081153
PIAS1,3626.0,0.396022529,741.0,0.532505,0.175977945
PIK3AP1,3866.0,0.407313024,128.0,0.178948,-0.30772907
PIR,205.0,0.385796208,485.0,0.730709,0.051048718
PITPNC1,4686.0,0.369070722,874.0,-0.625915,-0.042610767
PLA2G4C,585.0,0.406173977,398.0,-0.121093,0.593309072
PLA2G7,1187.0,0.402486321,269.0,0.121581,0.125256354
PLAUR,323.0,0.418467601,226.0,0.664735,-0.021934889
PLCB2,818.0,0.468984469,301.0,0.166473,0.218061224
PLCG1,3987.0,0.454806205,121.0,0.326276,0.158669089
PLD4,273.0,0.377985619,192.0,0.643778,0.866519973
PLEKHO1,5192.0,0.424698037,839.0,-0.588895,0.030378791
PLEKHO2,2119.0,0.429714475,134.0,0.273509,0.188042814
PLSCR1,10376.0,0.415598704,388.0,0.406962,0.559757216
PML,3324.0,0.431306474,140.0,0.280056,0.145251133
POLR1C,1131.0,0.439933821,86.0,-0.904464,-0.339090799
POLR1D,1469.0,0.427162265,456.0,-0.146199,-0.083998722
POLR2F,1600.0,0.47244007,250.0,-0.997507,-0.18384186
POLR2H,1065.0,0.427596015,1167.0,-0.26758,-0.126725886
POLR3H,3481.0,0.444306047,388.0,-0.146256,-0.126727028
POLR3K,1023.0,0.473025152,46.0,0.190338,-0.345317132
PPA2,660.0,0.432735716,20.0,-0.196202,-0.042829354
PPIE,4556.0,0.446406574,56.0,-0.082959,-0.417148398
PPIL1,1921.0,0.453832883,252.0,-0.989705,-0.363849314
PPP1R14B,282.0,0.457456004,268.0,0.57195,-0.156919732
PPP1R3G,2923.0,0.390061911,0.0,0.095748,0.22240236
PRC1,1136.0,0.367783806,234.0,-0.100969,-0.258939513
PRCC,357.0,0.381841119,290.0,0.376438,-0.120317886
PRDX1,303.0,0.414090753,341.0,0.49594,0.175306377
PRDX6,944.0,0.433706552,51.0,-0.13512,0.08639175
PREB,658.0,0.378530018,403.0,0.119163,-0.035633882
PREP,579.0,0.425974009,233.0,0.210013,0.022592058
PRG4,784.0,0.366727173,51.0,2.258009,0.075868877
PRIM2,1166.0,0.350864643,125.0,-0.221531,-0.286717721
PRKAB1,1305.0,0.365943644,289.0,-0.11093,-0.167260802
PRKAR2A,5019.0,0.427443141,254.0,0.674874,0.031465651
PRKCB,5795.0,0.38010529,197.0,-0.175565,0.388608409
PRKCD,451.0,0.404392693,469.0,0.408604,0.047285388
PRKRA,683.0,0.420894136,659.0,-0.228375,0.047263471
PRKRIP1,3224.0,0.453589322,55.0,0.11973,-0.098978203
PRMT5,393.0,0.386451423,508.0,0.013343,0.070024536
PRMT7,3655.0,0.450088803,850.0,-0.431017,-0.30692906
PROCR,549.0,0.357872186,218.0,0.717467,0.484656805
PRPS1,3908.0,0.466551451,409.0,-0.120222,0.036031491
PRPSAP1,2056.0,0.390811115,688.0,-0.029596,0.059027309
PRRC1,3173.0,0.409170839,188.0,-0.015283,0.143325309
PSMA5,2997.0,0.446573967,225.0,0.100686,-0.207088772
PSMA6,187.0,0.423632682,445.0,0.761618,-0.120521111
PSMB10,58.0,0.455018511,128.0,0.261333,0.34619866
PSMB2,3775.0,0.389848815,412.0,0.194484,0.048322847
PSMB8,242.0,0.411206622,522.0,0.248404,0.230842708
PSMB9,5497.0,0.431095699,69.0,0.502139,0.135672198
PSMC3,66.0,0.485654947,194.0,0.951469,-0.051992425
PSMD11,2567.0,0.390095635,61.0,-0.032039,0.034527678
PSMD13,384.0,0.437236365,242.0,0.143029,0.158525992
PSMD8,450.0,0.458928351,52.0,0.518988,0.210837354
PSME2,53.0,0.443656162,65.0,0.633947,0.316408718
PSMG1,5308.0,0.427553471,578.0,-0.457291,-0.181367416
PSTPIP2,1923.0,0.429639796,96.0,0.278259,0.014792046
PTBP1,1504.0,0.473818895,106.0,0.069731,-0.178217594
PTDSS1,3765.0,0.367954205,423.0,0.211463,0.118335967
PTGS1,3346.0,0.37260918,633.0,0.140787,0.244277867
PTP4A1,3419.0,0.421202001,1153.0,-0.15138,-0.613579542
PTPMT1,1899.0,0.450492628,193.0,-0.625876,-0.02363943
PTPN18,2185.0,0.381656528,101.0,-0.836789,-0.113105121
PTPN7,1593.0,0.440747449,781.0,0.512745,0.356143937
PTPRE,2994.0,0.426620112,1843.0,0.319673,0.174987414
PTPRF,4571.0,0.452810321,356.0,0.621856,0.135789026
PTRH2,3186.0,0.370743372,1544.0,-0.394516,-0.359991035
PWWP2B,819.0,0.424412275,29.0,0.794655,0.2414105
PYCR2,578.0,0.474148407,230.0,0.384443,0.075675115
PYGL,175.0,0.392036998,127.0,-0.156875,-0.133387829
QARS,97.0,0.458996209,396.0,0.357158,0.11373451
RAB11FIP1,4277.0,0.380614122,56.0,-0.55768,-0.575139855
RAB12,1120.0,0.38483812,283.0,-0.534391,0.222498614
RAB21,5246.0,0.435367738,267.0,-0.092248,0.121358306
RAB31,3231.0,0.437498832,175.0,0.436537,-0.022989409
RAB35,2172.0,0.408841719,189.0,0.365362,-0.09662095
RAB7A,1376.0,0.419395127,232.0,-0.080087,0.271734796
RAB8B,4163.0,0.425956778,96.0,0.037898,0.395117237
RAB9A,1716.0,0.417525007,283.0,-0.141215,0.628435834
RABGGTA,77.0,0.387342734,512.0,-0.15172,0.131995939
RABGGTB,440.0,0.409412379,78.0,0.377918,-0.033617206
RABIF,4760.0,0.447399225,159.0,-0.226946,0.011270988
RACGAP1,1895.0,0.366370127,354.0,-0.291779,0.212490475
RAD9A,924.0,0.444046557,185.0,0.384774,-0.013318928
RAE1,1112.0,0.432613552,365.0,0.401703,-0.110625505
RAI1,1472.0,0.455620822,469.0,1.27963,0.132044078
RAN,2043.0,0.442855294,361.0,0.052041,-0.230833094
RANBP10,3359.0,0.379453562,1256.0,0.090082,0.095868669
RANGAP1,3145.0,0.481547647,765.0,0.228984,-0.018349156
RAPGEF1,2727.0,0.425793135,159.0,0.082653,0.070116455
RARS,114.0,0.423508657,41.0,-0.135311,-0.020909241
RASGRP4,985.0,0.374724859,214.0,0.021395,0.116388638
RBBP4,6506.0,0.404056961,164.0,-0.119869,-0.241397276
RBBP5,3098.0,0.421849625,474.0,0.293599,-0.078575681
RBKS,251.0,0.392307233,1371.0,0.611462,0.55874934
RBM12,3599.0,0.375183789,304.0,0.028887,-0.070142323
RBM14,3443.0,0.468008211,139.0,-0.073938,-0.157675412
RBM4B,5277.0,0.396841232,170.0,-0.527944,-0.164907491
RBMX,1201.0,0.353737079,210.0,-0.352716,-0.094385966
RBPJ,4223.0,0.4178224,518.0,-0.264661,0.0438954
RBX1,821.0,0.46562919,52.0,-0.579684,0.269196628
RC3H1,7637.0,0.410085914,87.0,-0.197526,0.148763451
RCCD1,1773.0,0.374130224,280.0,-0.976263,-0.135937543
RCOR1,4070.0,0.439565312,228.0,-0.736585,-0.418467257
REEP4,591.0,0.460338979,469.0,-0.374908,0.112053215
REEP5,2962.0,0.457536941,144.0,0.349375,0.522093118
RELB,408.0,0.418226182,131.0,0.561194,0.073250164
REPIN1,2683.0,0.45080531,489.0,0.011522,0.025496735
RFC4,89.0,0.411167541,282.0,-0.171197,-0.369355853
RFK,1882.0,0.429285662,357.0,-1.005389,-0.316490128
RFX5,1546.0,0.386685917,221.0,0.315689,0.146922331
RFXAP,1850.0,0.421314391,156.0,-0.460662,0.15541152
RHBDF2,740.0,0.423256567,294.0,0.766801,0.096368928
RHOT2,568.0,0.454546166,881.0,0.444739,0.073587732
RNASE2,179.0,0.384567964,71.0,-0.165837,-0.510883606
RNASEH1,4369.0,0.404567903,700.0,0.41939,-0.115653339
RNASEH2B,3930.0,0.37625722,399.0,-0.615806,0.064089721
RNASET2,1070.0,0.374792559,407.0,0.289908,0.34196166
RNF114,1751.0,0.459950313,36.0,1.465012,0.653167943
RNF167,289.0,0.375291206,776.0,0.752797,0.755894205
RNF20,5226.0,0.396317502,92.0,-0.557297,-0.196783246
RNF213,5288.0,0.417718743,150.0,1.586785,0.493332023
RNF216,2819.0,0.430061571,259.0,0.127112,-0.238059543
RNF25,102.0,0.375620157,88.0,0.298171,0.081459317
RNF31,88.0,0.389352607,358.0,0.929888,0.377289145
RNLS,1252.0,0.416402283,135.0,0.484374,0.630452951
RNMT,4581.0,0.415128602,241.0,-0.694085,-0.429683813
RNPEP,463.0,0.447181346,896.0,-0.572286,-0.047318074
RPA1,2907.0,0.381710028,170.0,0.410094,-0.167099417
RPA2,639.0,0.400070522,793.0,-0.140876,-0.187957134
RPAIN,471.0,0.394698889,570.0,-0.020427,-0.296506592
RPL11,461.0,0.442317923,45.0,-0.201215,-0.238453164
RPL14,5208.0,0.496792394,133.0,-0.052158,-0.279200996
RPL23,3146.0,0.464880603,90.0,-0.994046,-0.055199766
RPL26,53.0,0.427802183,389.0,0.34238,0.168436337
RPL31,1260.0,0.451994935,87.0,-0.588267,-0.109386871
RPL34,1350.0,0.436455219,198.0,-0.452993,-0.087182479
RPL5,1058.0,0.451564158,75.0,-0.511654,-0.130522586
RPL7,1077.0,0.460258279,707.0,0.487516,-0.238085479
RPS11,373.0,0.483080585,92.0,0.050859,0.039808535
RPS24,4247.0,0.430653047,142.0,-0.488375,-0.099293559
RPS25,109.0,0.467193878,63.0,-0.604049,-0.019425042
RPS27A,743.0,0.450449292,321.0,-0.468723,-0.211289694
RPS3A,306.0,0.426765211,80.0,-0.351677,-0.035130144
RPS4X,629.0,0.442998752,96.0,-0.666913,0.042142595
RPS6,2723.0,0.413925579,42.0,-0.905311,-0.191491852
RPS6KA1,828.0,0.389798854,163.0,-0.14947,-0.005806986
RPS6KA4,735.0,0.38455359,226.0,0.703648,0.194094457
RPS7,66.0,0.428822459,109.0,-0.123985,-0.184151352
RPTOR,2341.0,0.385169267,805.0,0.479662,0.242507335
RREB1,3012.0,0.456825357,492.0,0.0141,-0.153846499
RRM1,2304.0,0.437568848,689.0,0.220381,-0.195221176
RRP8,5071.0,0.446233376,148.0,0.339404,-0.16448525
RRS1,978.0,0.468289248,104.0,0.008658,-0.65551601
RTN3,1690.0,0.358048129,187.0,-0.02361,0.369513226
RTN4IP1,1108.0,0.372133716,477.0,-0.492655,-0.595072292
RUNX1,4334.0,0.416076551,1578.0,0.9768,-0.030778547
RWDD1,6365.0,0.401367905,746.0,0.063097,0.157284969
S100A8,71.0,0.444112716,170.0,4.447473,-1.873749561
S100A9,189.0,0.439508357,43.0,6.931687,-2.177354559
SAMD9,1815.0,0.395660052,270.0,1.313729,0.216225783
SAMD9L,1162.0,0.396305952,1248.0,0.947384,0.406608796
SAMM50,150.0,0.345249646,197.0,-0.481704,0.107462566
SAMSN1,684.0,0.407246581,430.0,0.08482,-0.143680211
SAP18,1754.0,0.427429047,39.0,0.289207,-0.197973729
SAP30BP,1541.0,0.449617255,257.0,0.049854,-0.029323489
SAR1A,5213.0,0.411769389,203.0,-0.040733,0.013256801
SAR1B,5806.0,0.392367964,253.0,-0.284142,-0.011639972
SARS,1054.0,0.40098191,100.0,0.263856,0.224223813
SASH3,1369.0,0.387406112,182.0,0.39498,0.13915471
SCAMP4,1741.0,0.472519575,351.0,0.855893,0.161046008
SCO1,8645.0,0.407339367,61.0,0.376229,0.079173939
SDCCAG8,307.0,0.360606297,1542.0,-0.023047,0.084436554
SEC11C,205.0,0.423646802,92.0,-0.866295,-0.299243023
SEC13,332.0,0.457264526,210.0,0.213925,-0.049630143
SEC14L1,2986.0,0.420320088,665.0,-0.003754,0.264467638
SEC22A,2559.0,0.422343815,79.0,-0.329784,-0.416464951
SEC24B,1221.0,0.400931805,155.0,0.232652,0.229808879
SEC24D,2115.0,0.386600041,297.0,0.112132,0.079948868
SEC61B,270.0,0.404562259,76.0,-0.677462,-0.325335521
SEMA3F,960.0,0.38837398,318.0,0.784753,0.386369924
SEMA4A,755.0,0.412797256,345.0,-0.236599,0.065107446
SEMA4D,2318.0,0.393173667,572.0,-0.37457,0.223518135
SERPINA1,1707.0,0.420489385,573.0,-0.118534,0.026956804
SERPINB8,2096.0,0.38524815,520.0,-0.234325,0.189852018
SETMAR,321.0,0.414235412,398.0,-0.954122,-0.29552509
SEZ6L2,540.0,0.431800162,245.0,-0.599895,0.775129846
SF1,2419.0,0.374481437,721.0,-0.015817,-0.143129572
SF3B2,563.0,0.453902675,40.0,0.270889,-0.101220876
SFXN4,500.0,0.402513841,45.0,-0.411513,0.005276759
SH3BP1,433.0,0.395530944,313.0,0.241165,0.114004243
SH3PXD2B,4870.0,0.420952884,171.0,0.300273,0.179796215
SHMT1,4335.0,0.394510245,509.0,0.013747,-0.019138862
SIGLEC1,1590.0,0.42099348,0.0,0.745158,-0.151184068
SIPA1,2933.0,0.437718847,296.0,0.1409,0.096565945
SIRPA,3027.0,0.429235057,360.0,-0.034792,0.08685725
SKP1,8791.0,0.433886974,179.0,0.259052,0.420857459
SLBP,3046.0,0.391438372,553.0,0.054041,-0.15153819
SLC25A10,1929.0,0.386184273,191.0,0.476525,0.311331622
SLC25A19,477.0,0.386093473,224.0,-0.540802,-0.142935251
SLC25A20,787.0,0.382641976,199.0,0.09261,0.063817249
SLC25A3,504.0,0.383836987,354.0,-0.700929,-0.360070455
SLC25A40,2688.0,0.363984785,375.0,0.235862,-0.181090739
SLC25A6,450.0,0.487227384,137.0,-0.221957,-0.080459133
SLC27A3,163.0,0.439664345,91.0,-0.542175,-0.016511001
SLC29A1,2913.0,0.455987116,491.0,0.302549,-0.231829163
SLC39A10,2661.0,0.346494338,214.0,-0.440472,0.097692986
SLC44A1,8291.0,0.4365497,264.0,-0.343393,-0.3536013
SLC9A3R1,709.0,0.400889529,235.0,1.27299,0.244270518
SMAP2,1225.0,0.404145004,415.0,-0.263271,-0.048852325
SMC1A,5954.0,0.490702048,340.0,-0.312947,-0.084278333
SMG5,1363.0,0.383248033,540.0,1.011748,0.092138064
SMS,2660.0,0.417677888,252.0,0.023041,-0.301137817
SMYD3,223.0,0.378821529,130.0,0.175713,0.165429695
SNRNP200,676.0,0.454045162,132.0,0.788065,0.087413112
SNRPC,474.0,0.427936125,450.0,-0.632464,-0.28716442
SNRPD1,4386.0,0.384326147,161.0,-0.560929,-0.059729471
SNRPN,279.0,0.390283395,1145.0,0.400048,0.084930244
SNX24,5071.0,0.338464018,185.0,0.826369,0.183962848
SNX30,6144.0,0.426743352,148.0,-0.168981,0.010808049
SNX33,5086.0,0.383330712,96.0,0.31135,-0.016956434
SOD1,353.0,0.438546885,148.0,-0.151714,-0.163401837
SOD2,13436.0,0.435065133,1828.0,1.491341,0.825817987
SP110,3922.0,0.401738483,258.0,0.852109,0.121041124
SPC24,1691.0,0.381793277,320.0,0.31183,-0.469860533
SPC25,540.0,0.373816265,131.0,-0.371591,-0.268480849
SPCS1,3333.0,0.417439524,205.0,-0.01377,-0.349333509
SPI1,383.0,0.406748349,223.0,0.531641,0.130296247
SPRYD4,1406.0,0.430591965,75.0,-0.487449,-0.201061022
SQSTM1,1485.0,0.412192979,360.0,1.800216,1.552365077
SRC,2671.0,0.437602812,449.0,0.136418,0.252108423
SRGAP2,3018.0,0.377689891,542.0,0.049724,0.029330785
SRI,5365.0,0.424260151,79.0,0.375595,0.492795825
SRP19,2645.0,0.430943803,189.0,-0.049229,-0.095883143
SRPRB,1784.0,0.427990824,285.0,-0.957097,-0.225434739
SRR,1392.0,0.393840903,354.0,-0.016606,-0.272463948
SRXN1,2099.0,0.37663928,185.0,1.386569,0.022586319
SS18L2,777.0,0.45997865,208.0,-0.102223,-0.285899287
SSH1,5298.0,0.373517564,146.0,-0.345312,0.069267562
SSH3,2595.0,0.376349937,178.0,0.867548,0.293588089
SSR2,592.0,0.425839932,80.0,-0.596182,0.07437266
SSR3,3698.0,0.388415977,156.0,-0.102677,-0.185906571
SSR4,87.0,0.444947593,150.0,-0.241099,-0.000111122
SSRP1,422.0,0.394601844,267.0,0.170794,-0.339079768
SSU72,400.0,0.445120823,325.0,0.176963,-0.167083493
ST13,3666.0,0.439823793,468.0,-0.469071,-0.473078706
ST14,553.0,0.454138745,193.0,-0.265054,-0.333396401
ST3GAL4,594.0,0.39537481,557.0,-0.246243,-0.216469868
STAP1,541.0,0.398288494,113.0,0.101324,0.374942576
STARD10,1682.0,0.427301627,944.0,1.749543,0.583729081
STAT1,3294.0,0.408136156,388.0,1.192723,0.083051556
STAT2,1791.0,0.409862748,203.0,0.289702,0.192556415
STAT6,1168.0,0.380869476,499.0,0.289153,0.260517461
STMN1,1138.0,0.394107416,364.0,-0.406233,-0.718436076
STOM,2222.0,0.387137797,117.0,0.284426,0.705733428
STOML2,531.0,0.456962681,143.0,-0.443541,-0.337035324
STX11,4481.0,0.457080677,192.0,0.800567,-0.222313612
STX3,5058.0,0.403902965,547.0,1.070587,1.00020139
STX7,14891.0,0.417568039,327.0,0.292819,0.195104876
STX8,107.0,0.378438911,150.0,0.201052,-0.04990619
SUCLG1,223.0,0.43877655,193.0,-0.162926,0.074451729
SUFU,3380.0,0.361614756,191.0,0.467836,0.155217753
SUMF1,999.0,0.37076871,37.0,-0.58803,-0.224826864
SUPT4H1,1112.0,0.438747077,103.0,-0.258276,-0.054759844
SURF2,1720.0,0.440503417,48.0,0.037638,0.154396497
SURF4,2281.0,0.385472445,476.0,-0.359836,0.070745567
SURF6,4908.0,0.42467207,78.0,-0.553704,-0.11316908
SYTL1,80.0,0.364244725,197.0,0.66724,0.389916083
TACC3,165.0,0.385699108,155.0,0.56185,-0.022283634
TADA2B,3064.0,0.464060586,151.0,-0.058502,0.178839931
TAF12,689.0,0.435926756,522.0,-0.483347,0.306487904
TAP2,5256.0,0.374969764,175.0,0.161698,0.072170145
TATDN2,2040.0,0.415810908,581.0,0.234045,-0.330069891
TBC1D20,3109.0,0.435441414,148.0,1.121778,0.049834191
TBC1D9B,1396.0,0.395340616,37.0,0.124832,0.376294556
TBCC,556.0,0.434161456,73.0,-0.752818,-0.382185253
TCEAL3,260.0,0.368171822,262.0,0.098917,-0.100817279
TCEAL4,3020.0,0.432120515,489.0,-0.047942,-0.232377136
TCOF1,1640.0,0.41523122,108.0,-0.215118,0.002812651
TDP1,1721.0,0.418036689,317.0,-0.689059,-0.264036739
TDRD7,242.0,0.375852104,234.0,-0.255422,-0.051302826
TDRKH,973.0,0.419795099,182.0,-0.002486,-0.088157167
TEP1,2777.0,0.379550228,40.0,0.529379,0.524143496
TFE3,1431.0,0.379068139,541.0,0.72222,0.401563294
TFEB,621.0,0.429366592,302.0,-0.284552,0.113732508
THADA,112.0,0.415199561,352.0,-0.31203,-0.258752944
THBD,2144.0,0.448063145,160.0,0.310091,-0.054577803
THUMPD1,2715.0,0.455087735,225.0,-0.323298,-0.102407268
THYN1,205.0,0.377954149,484.0,-0.614088,-0.019666721
TIMM50,3932.0,0.424829064,722.0,0.319562,0.199593408
TIMM8B,2046.0,0.447942532,30.0,-0.47956,-0.396568861
TK2,3965.0,0.360054507,593.0,0.001593,0.205819429
TLE1,571.0,0.374791795,1295.0,-0.319382,-0.441784254
TM9SF2,2020.0,0.372522209,233.0,0.401275,0.329845546
TMED3,1710.0,0.439016102,188.0,0.483668,-0.343189642
TMED9,708.0,0.44685712,67.0,-0.138702,-0.179146392
TMEM126A,52.0,0.406087664,295.0,1.562615,0.861558294
TMEM199,2431.0,0.370998168,90.0,-0.644915,0.292191904
TMEM63A,1407.0,0.385482014,622.0,0.450239,0.672697636
TMOD1,2050.0,0.392927141,213.0,-0.988645,-0.238986651
TMSB10,278.0,0.470652003,95.0,0.463183,0.001109455
TNFAIP2,2079.0,0.44214387,131.0,-0.897164,-0.446147979
TNFAIP3,1995.0,0.416242917,370.0,-0.172963,0.518002466
TNFAIP8L2,497.0,0.440670719,126.0,-0.127927,0.241364623
TNIP1,770.0,0.448321216,241.0,0.233669,0.688316391
TNK2,822.0,0.420245651,543.0,0.80971,0.127795419
TNPO2,2070.0,0.408799881,358.0,-0.207777,-0.289649022
TNRC18,1316.0,0.449521205,349.0,0.487599,-0.112340855
TOMM5,518.0,0.441712708,107.0,-1.079429,-0.420418171
TOP2A,1003.0,0.364102812,159.0,-0.632111,-0.995671488
TOR1A,3160.0,0.446121485,77.0,-0.692883,-0.18244467
TPD52L2,1600.0,0.385071878,138.0,0.699097,0.230673362
TPI1,620.0,0.479135356,527.0,0.566755,0.278293125
TPM1,757.0,0.403626605,257.0,0.09688,-0.182258008
TRAF1,7433.0,0.438949906,572.0,-0.38931,0.196883312
TRAF3,5716.0,0.386659664,353.0,0.063268,-0.264169186
TRAF6,6100.0,0.426668941,381.0,-0.278855,0.120362368
TRAPPC3,634.0,0.441060625,519.0,-0.12779,-0.062405707
TRAPPC5,42.0,0.453352607,241.0,-0.030973,0.083276333
TRAPPC6B,2539.0,0.437369008,335.0,0.129264,0.240067651
TRAPPC9,3079.0,0.431357199,134.0,1.076659,0.091739117
TRIM11,3522.0,0.453298916,255.0,0.163859,-0.091018723
TRIM13,5308.0,0.419190719,763.0,-0.462717,-0.53539214
TRIM14,3117.0,0.369225689,165.0,-0.141477,0.031322007
TRIM22,1215.0,0.424423711,379.0,-0.182902,0.002867293
TRIM26,1431.0,0.384319522,565.0,-0.579852,0.150047843
TRIM27,2956.0,0.441704825,359.0,-0.801269,-0.502698102
TRIM41,1657.0,0.454716896,737.0,0.433044,0.078212833
TRIM5,2312.0,0.426412011,303.0,-0.541137,-0.132124382
TRIP12,3739.0,0.40441217,297.0,0.597018,0.340442346
TRIP13,2852.0,0.433721983,145.0,-0.50091,-0.650084136
TRMT5,3660.0,0.405137655,572.0,-0.453466,-0.154540147
TRUB2,4655.0,0.434714666,759.0,-0.728505,-0.228482424
TSFM,1390.0,0.429356434,57.0,-0.093327,-0.099973633
TSPAN14,15147.0,0.398868986,305.0,0.088418,-0.107118657
TSPYL1,7303.0,0.373212405,287.0,0.472778,0.239956829
TSR2,1366.0,0.464925113,443.0,-0.102827,-0.244533867
TTC39C,3394.0,0.378954091,452.0,-0.373059,-0.219622221
TTC7A,2213.0,0.393400181,1272.0,0.445931,-0.089963927
TTPAL,5319.0,0.425556123,145.0,0.337991,0.181667294
TUBA1C,110.0,0.451729991,576.0,0.245978,-0.107331711
TUBA4A,644.0,0.402818439,556.0,0.453337,0.00928025
TUBB,1030.0,0.390058461,509.0,-0.619625,-0.423194916
TUBB6,2302.0,0.468445054,1139.0,-0.258541,0.018292619
TUBGCP4,1934.0,0.368175973,296.0,0.245859,-0.047774087
TUSC1,1294.0,0.429789613,537.0,-0.689774,-0.468229413
TXNL4A,3129.0,0.472736328,466.0,-0.553313,0.041774166
TYMP,18.0,0.429537249,376.0,0.933974,0.133007634
TYMS,581.0,0.364557025,159.0,-0.601575,-0.318298276
UBAP2L,353.0,0.367068802,167.0,0.184531,-0.184170961
UBE2B,4002.0,0.405496028,420.0,0.300733,0.200329315
UBE2E2,1962.0,0.352966355,180.0,0.51593,0.214173404
UBE2L3,2365.0,0.455573936,198.0,-0.442415,-0.4127648
UBE2L6,703.0,0.431638779,653.0,1.178078,0.211155575
UBE4B,1283.0,0.418913915,688.0,-0.012185,-0.015913468
UBR4,797.0,0.387393976,4.0,0.281247,0.157851524
UBTF,2209.0,0.400105612,296.0,-0.460176,-0.274599747
UBXN1,220.0,0.422601268,194.0,0.545232,0.27063693
UCK2,4043.0,0.447469338,640.0,0.061878,-0.183653919
UGGT1,5935.0,0.374564832,178.0,-0.228823,0.061160536
UHRF1BP1,5130.0,0.373569339,234.0,-0.4998,-0.122574059
UNC45A,377.0,0.475530537,1022.0,0.31653,0.039502526
UNG,1024.0,0.368897526,209.0,-0.799617,-0.480939261
UNK,1388.0,0.447315534,42.0,-0.019542,-0.027301527
UQCR11,4379.0,0.470309826,75.0,0.282182,-0.540219017
UQCRC1,129.0,0.462829321,45.0,0.202675,-0.188347782
UQCRH,193.0,0.365128489,320.0,-0.253528,-0.088590356
UROD,171.0,0.391539164,133.0,0.085375,0.041948783
UROS,3849.0,0.422413435,266.0,0.316829,-0.112502162
USP18,580.0,0.434940763,338.0,-0.146195,-0.189096859
USP39,571.0,0.39295741,223.0,0.23752,-0.002634637
UTP6,2466.0,0.429918331,83.0,-0.78332,-0.162457224
VAC14,489.0,0.396517204,827.0,-0.027349,-0.032463831
VAMP8,451.0,0.398153421,156.0,0.569507,0.404685121
VASP,824.0,0.388921088,342.0,0.149576,0.039776992
VAT1,1456.0,0.406330787,120.0,0.045393,0.245850447
VDAC3,475.0,0.440388181,210.0,-0.135046,-0.105445275
VDR,3209.0,0.450036866,401.0,-0.059752,-0.009896283
VGLL4,2489.0,0.432812067,506.0,0.301964,0.060181428
VIM,431.0,0.411136971,462.0,-0.502886,-0.008613386
VPS28,291.0,0.476756313,109.0,1.043193,0.12109482
VPS33B,559.0,0.447669729,583.0,-0.263139,0.03202563
VPS39,2053.0,0.440628838,173.0,0.370112,0.207059327
VPS52,2870.0,0.393546356,887.0,-0.523366,0.108100286
WASF2,4090.0,0.365213822,245.0,0.146637,0.144081231
WBP2,1040.0,0.392225719,515.0,0.374361,0.317400144
WDFY2,7044.0,0.36603015,340.0,0.02313,0.367403998
WDR1,1039.0,0.393247178,368.0,0.32009,-0.049713155
WDR36,3619.0,0.40459335,117.0,-0.464186,-0.166309542
WDR37,8068.0,0.365587877,173.0,0.543166,0.354515163
WDR4,293.0,0.380589271,581.0,-0.189752,-0.114503137
WDR47,1216.0,0.402106333,376.0,0.452174,0.057329055
WDR48,1924.0,0.419028298,472.0,0.225773,0.040104681
WDR5,1979.0,0.401607191,171.0,-0.634362,-0.187047433
WDR54,97.0,0.394793766,128.0,0.75634,0.303954597
WDR61,197.0,0.411764619,310.0,0.147149,-0.17442367
WDR77,4184.0,0.412330102,139.0,-0.485123,-0.009314236
WDR91,4946.0,0.380864599,823.0,0.398005,0.355693356
WDR92,2520.0,0.427217839,117.0,-0.520718,-0.033302006
YTHDF1,1279.0,0.384821843,294.0,0.375565,-0.058864044
YTHDF3,3082.0,0.406652071,509.0,0.204463,-0.176685634
YY1,5192.0,0.440120149,480.0,-0.518956,-0.149775305
ZBED1,2221.0,0.457533868,282.0,-0.127879,0.009137801
ZBTB8OS,1087.0,0.406816332,276.0,0.345906,0.18418147
ZC3H12A,768.0,0.421626239,1056.0,0.612144,0.169434508
ZC3H4,2169.0,0.436042942,38.0,-0.131752,-0.126077518
ZCCHC10,81.0,0.361883573,67.0,-0.799242,0.015385464
ZFP36L1,2846.0,0.395541595,976.0,-0.187397,0.017875366
ZMAT2,1942.0,0.460376067,101.0,0.188848,0.039761301
ZMIZ2,4165.0,0.419562196,128.0,0.037985,0.041812081
ZMYM3,1292.0,0.378831729,749.0,-0.227834,-0.059633357
ZNF207,13817.0,0.386696564,148.0,-0.262522,-0.239809073
ZNF414,113.0,0.422835658,118.0,0.089997,0.219703088
ZNF511,243.0,0.452392726,55.0,-0.010262,-0.304934713
ZNF516,4816.0,0.393186692,318.0,0.253854,-0.167978997
ZNF622,1298.0,0.463753859,120.0,-0.130038,-0.202721131
ZNHIT2,49.0,0.440612513,85.0,-0.3977731428571429,0.057479068
ZNHIT3,419.0,0.425204303,73.0,-0.571072,-0.128348983
