,3prime,tAI,max_5_UTR_length,TCGA-D8-A142,TCGA-D8-A142.1
AAK1,17874.0,0.380718848,505.0,0.973837,0.390626253
AATF,207.0,0.367011205,251.0,0.409552,0.283489763
ABCC1,1793.0,0.393368456,175.0,-1.301451,-0.735971188
ABCF3,5726.0,0.387768135,869.0,-0.032891,-0.101881468
ABHD12,654.0,0.374654709,279.0,1.056619,-0.02182791
ABHD6,1639.0,0.384216096,505.0,0.508263,0.447018118
ABR,2562.0,0.39474042,600.0,-0.037784,0.015970882
ABT1,2092.0,0.423473096,40.0,0.038033,0.180468755
ACADVL,176.0,0.46877374,457.0,-0.040956,0.110900748
ACBD6,155.0,0.433964845,621.0,0.072701,0.174849295
ACIN1,584.0,0.404933544,328.0,-0.493152,-0.341370923
ACO1,4661.0,0.37721508,227.0,0.434043,0.220453415
ACOT11,1220.0,0.392289045,176.0,-0.829034,-0.42028807
ACOT9,4514.0,0.358892202,225.0,1.287531,0.422892113
ACP2,814.0,0.411581374,548.0,0.293142,0.117730102
ACSF2,1484.0,0.405139059,501.0,-0.928008,-0.668236546
ACSL1,1530.0,0.417966714,990.0,0.51864,-0.179221566
ACSL5,1022.0,0.380976548,307.0,-1.068579,0.046721064
ACTB,613.0,0.469768794,192.0,1.135081,0.209183526
ACTL6A,452.0,0.409046191,387.0,0.072459,0.041782968
ACTR1A,3151.0,0.432463663,108.0,0.164086,0.054086589
ADA,312.0,0.444091501,440.0,0.444826,0.794174954
ADAMDEC1,715.0,0.41564171,547.0,2.105701,-0.591144242
ADD1,1928.0,0.439806775,863.0,-0.10682,0.308655304
ADPRH,2067.0,0.380088169,541.0,0.326069,0.207343414
ADSSL1,320.0,0.393141878,776.0,0.488428,-0.33071375
AGAP3,508.0,0.436856677,1584.0,0.364435,-0.392824967
AHNAK,842.0,0.382138706,300.0,-0.253541,0.087468223
AHSA1,225.0,0.374296292,431.0,-0.2256,-0.132886948
AIF1,121.0,0.4069451,222.0,0.0293,0.203039296
AIFM2,1911.0,0.447982482,217.0,-0.39771,-0.050742977
AK1,1528.0,0.389481519,153.0,0.077016,0.037822719
AK2,2893.0,0.384271636,345.0,-0.668345,-0.528513495
AKR1C2,3804.0,0.449591167,413.0,4.917006,1.795113289
AKR7A2,10996.0,0.385600504,22.0,-0.193454,-0.357394188
ALDH18A1,838.0,0.380333742,511.0,0.198751,-0.082325632
ALDH3A2,2525.0,0.42484639,221.0,-2.694059,-0.862145406
ALDH6A1,4647.0,0.38708374,724.0,-1.088548,-0.684193258
ALG1,2498.0,0.432230555,181.0,-0.270838,-0.163285958
ALG5,380.0,0.362014155,67.0,-0.549129,0.054006919
ALG9,4217.0,0.365461171,1107.0,0.756818,-1.286539164
ALOX5AP,976.0,0.392577632,248.0,0.225766,0.105344573
AMBRA1,1041.0,0.36170155,362.0,-0.005138,-0.512589126
AMPD2,903.0,0.389224108,566.0,0.357572,0.149358517
AMPD3,1695.0,0.423686063,472.0,-0.242821,-0.028328662
ANAPC13,1361.0,0.393644021,731.0,-0.532413,-0.173740415
ANAPC5,235.0,0.390209877,197.0,-0.191146,0.088077702
ANKLE2,1737.0,0.418251419,90.0,0.405055,0.206531716
ANKRD16,135.0,0.465649334,543.0,0.643151,0.198513052
ANKRD35,249.0,0.402949835,108.0,1.426056,-0.269230437
ANXA2,496.0,0.429738522,160.0,1.128441,0.402509793
ANXA5,1441.0,0.418050335,165.0,0.576525,0.357670982
AP1B1,1153.0,0.424070668,187.0,0.70726,0.217032828
AP1M1,914.0,0.463388599,173.0,0.352938,0.32906615
APBA1,3797.0,0.387421148,276.0,2.441699,0.025707892
APIP,427.0,0.433104693,127.0,0.588308,-0.15985428
APOBEC3C,1979.0,0.381716897,103.0,-0.125452,0.494410935
APOBEC3G,322.0,0.410940579,404.0,-0.528283,0.373852522
APOL2,1195.0,0.42932248,477.0,-0.275463,-0.375112944
ARF6,2971.0,0.462806813,621.0,-0.590586,-0.179327461
ARFIP2,2430.0,0.403729309,291.0,-1.281685,-0.392075953
ARHGAP17,2624.0,0.371011524,117.0,0.427046,0.320436759
ARHGAP30,773.0,0.384451823,645.0,0.430056,0.088162357
ARHGEF10,1378.0,0.370244255,202.0,-0.263105,0.189769747
ARID2,3145.0,0.362288628,128.0,-0.652323,-0.052329723
ARID3A,3881.0,0.411693449,290.0,0.686901,-0.920766893
ARIH2,3112.0,0.397061561,878.0,-0.065125,0.15835826
ARL8A,1065.0,0.409602486,171.0,0.352947,0.361204646
ARRB1,6041.0,0.39512759,224.0,-1.167183,-0.40861019
ASF1B,950.0,0.395794233,172.0,-0.405437,-0.629853639
ASS1,1357.0,0.394201053,356.0,-1.263048,-0.562710615
ATPAF1,3039.0,0.439253133,510.0,-0.852758,-0.234028891
AXL,1863.0,0.417061167,376.0,0.575486,0.172518132
B4GALT7,4483.0,0.433879574,93.0,-0.516079,-0.355951114
BAG1,2764.0,0.431693656,501.0,-0.545854,-0.345412477
BAG3,537.0,0.387438444,306.0,-0.597992,-0.244977358
BASP1,971.0,0.520859146,259.0,0.449952,0.161537627
BBS7,1531.0,0.408023089,184.0,0.320844,0.234599735
BCAT2,364.0,0.445598481,657.0,-1.258757,-0.302570111
BCKDHB,3082.0,0.419736544,88.0,-0.211323,-0.281258903
BCL2,5279.0,0.374049285,493.0,-2.64465,-0.183030732
BCL2L13,4109.0,0.411790332,769.0,-0.358005,-0.389504603
BID,4193.0,0.428633517,498.0,-0.338869,0.086466979
BLVRA,3376.0,0.414260839,177.0,-1.917978,-0.436064353
BOLA2,40.0,0.43059393,513.0,0.173103,-0.197356176
BOLA3,383.0,0.406657227,38.0,0.926082,-0.044121782
BRD2,787.0,0.377809737,2066.0,-0.129857,-0.144436394
BRD3,3285.0,0.401150236,188.0,-0.273188,-0.145282777
BSPRY,1091.0,0.380011644,48.0,-0.244029,-0.815238958
BST2,411.0,0.444557266,81.0,-2.18511,-1.10068873
BUB3,1535.0,0.421992618,242.0,-1.157418,0.01846711
C1QB,152.0,0.436596666,340.0,0.736817,-0.08994637
C1QC,327.0,0.41150294,283.0,0.630571,-0.013133694
C3,5088.0,0.430632158,93.0,0.01037,0.537507275
CAP1,1134.0,0.406948565,416.0,0.717387,0.126505204
CAPN1,720.0,0.455130071,197.0,0.946796,0.206895235
CAPRIN1,5632.0,0.374918508,189.0,0.681522,0.195350929
CAPZB,5180.0,0.446052528,622.0,0.531336,0.138889725
CARD16,437.0,0.41300235,27.0,-0.377485,-0.70730219
CARHSP1,4898.0,0.362100245,360.0,0.439516,-0.254176226
CASC3,1778.0,0.370720542,295.0,0.282194,-0.289922488
CASP1,750.0,0.424742838,44.0,-0.751496,0.047301817
CASP8,1794.0,0.376118708,303.0,-0.870918,-0.170267718
CAT,629.0,0.397270122,89.0,1.178697,0.186335891
CBL,8368.0,0.375957197,142.0,0.704189,0.292374174
CBLL1,3286.0,0.400851504,467.0,-0.400874,-0.433001215
CBR3,54.0,0.445176236,228.0,-0.042286,-0.579828022
CBS,4385.0,0.477784031,626.0,3.739435,0.75205196
CBX5,10815.0,0.390902295,318.0,-0.309024,-0.140933459
CBX8,2504.0,0.36735217,118.0,0.866543,0.263101941
CCDC115,2169.0,0.385110507,452.0,0.432113,-0.428314543
CCDC58,2462.0,0.421830022,75.0,-0.278362,-0.060394141
CCDC88C,1302.0,0.396031427,154.0,-0.877727,-0.652886385
CCL5,886.0,0.462166288,68.0,0.078092,0.119576236
CCNA2,1206.0,0.409154498,373.0,0.767906,-0.857935195
CCNB2,168.0,0.374401461,184.0,-0.03925,0.02042942
CCNDBP1,2336.0,0.44393643,231.0,-0.505098,-0.946598983
CCS,4244.0,0.460896681,43.0,-0.047433,0.00918283
CCT3,238.0,0.457984718,231.0,0.306322,-0.087086912
CCT4,1361.0,0.393363555,164.0,0.957721,-0.005679105
CD14,128.0,0.416321757,392.0,0.288221,-0.002438612
CD209,3046.0,0.440000747,67.0,0.621117,-0.005771514
CD36,2894.0,0.410517795,414.0,-0.655779,-0.01911641
CD40,982.0,0.429065654,90.0,0.481686,0.223221542
CD44,3115.0,0.39995987,434.0,1.232897,0.187469072
CD63,923.0,0.512738356,403.0,-0.126257,-0.539639963
CD74,635.0,0.427357309,187.0,0.351066,-0.113257812
CDC25C,437.0,0.364786128,387.0,-0.458031,-0.004454315
CDC26,271.0,0.395637029,359.0,-0.031087,-0.52063275
CDC34,560.0,0.46431386,199.0,0.644074,-0.385587286
CDC42EP3,3941.0,0.420378821,1009.0,0.573256,0.346654645
CDCA3,816.0,0.351209268,820.0,0.399572,-3.263854112
CDCA8,1353.0,0.384295288,290.0,0.555978,0.364044465
CDIPT,1864.0,0.442654716,541.0,0.321869,0.135089355
CDK1,2313.0,0.398329505,154.0,-0.379522,0.005212346
CDK19,4557.0,0.421511824,180.0,0.071408,-0.080381031
CDK2AP1,766.0,0.439144625,522.0,1.605766,-0.022627724
CDK5RAP2,367.0,0.371069462,192.0,0.081932,-0.040782499
CDK5RAP3,284.0,0.469750898,1791.0,0.054688,0.292695321
CDKAL1,1365.0,0.417875209,167.0,0.547578,0.175757376
CDKN2AIPNL,3639.0,0.409801696,53.0,-0.521827,-0.077768949
CDKN2C,2247.0,0.381912025,1216.0,-0.52019,0.101460572
CENPH,1478.0,0.418392258,87.0,-0.085815,-0.429478487
CENPV,301.0,0.385948267,62.0,0.658272,0.281877128
CEP55,939.0,0.397841874,304.0,0.58486,-0.636211622
CES3,2100.0,0.377378956,446.0,0.141749,-0.298185179
CETN2,868.0,0.433727498,47.0,0.283327,-0.036365162
CFL1,677.0,0.502791,234.0,1.000915,-0.072683692
CHAC2,786.0,0.395629742,277.0,0.688798,0.146015958
CHCHD4,3528.0,0.445497334,326.0,-0.484776,-0.502831411
CHMP4A,296.0,0.447100154,262.0,0.001893,-0.061014161
CHMP5,1241.0,0.442987983,200.0,-0.25157,-0.949882193
CHMP6,980.0,0.489861105,78.0,0.545486,0.056041168
CHTF8,2425.0,0.424551152,142.0,-0.189429,-0.217393439
CIAPIN1,1024.0,0.451663323,242.0,0.239762,-0.160891719
CISD2,5376.0,0.433298698,107.0,-0.30207,-0.316297145
CKAP4,2872.0,0.386259817,84.0,0.859079,0.679935392
CKS2,300.0,0.317949998,98.0,0.259521,-0.554815633
CLCC1,5185.0,0.369704467,150.0,-0.608881,-0.496028423
CLCN7,1698.0,0.459147749,110.0,0.487229,-0.059323958
CLIC1,290.0,0.4571302,573.0,0.730488,0.227734606
CLK3,1233.0,0.4268607,461.0,-0.537056,-0.65498689
CLPTM1,458.0,0.383990827,351.0,0.389405,0.419746618
CLTA,288.0,0.450950874,514.0,0.913158,-0.181393242
CLTB,319.0,0.48548545,210.0,0.301882,0.163167561
CLTC,3104.0,0.384957863,443.0,0.149274,0.109981199
CNBP,6850.0,0.433298698,206.0,-0.353003,-0.427633805
CNPY2,123.0,0.392778455,553.0,-0.573466,0.012028702
CNPY3,1042.0,0.459231502,584.0,2.1764,1.289580703
COG3,1967.0,0.414689223,142.0,-0.076798,-0.034751578
COMMD1,306.0,0.423842833,138.0,0.973259,0.247359309
COMMD3,431.0,0.360487018,35.0,0.453407,0.461528064
COMMD5,498.0,0.445713337,399.0,0.151941,0.346549444
COMMD6,1375.0,0.396967837,328.0,0.235347,0.199004737
COMMD9,2340.0,0.418062772,89.0,-0.264617,0.151327045
COPB1,446.0,0.381738818,307.0,-0.561278,0.022154494
COPE,165.0,0.478760693,55.0,-0.306873,0.029160761
COQ6,671.0,0.374062527,159.0,-0.748401,0.148412354
COQ7,5700.0,0.42379098,133.0,-0.633694,-0.20911501
CORO1A,112.0,0.457388252,435.0,0.098626,0.103395841
COX17,1735.0,0.484254073,86.0,-0.495717,-0.670334013
COX5A,860.0,0.429944966,140.0,-0.252175,-0.267963162
COX7A2,302.0,0.441893926,98.0,-0.122338,0.039653866
CPM,5262.0,0.406054343,75.0,0.657523,0.023702918
CPSF4,923.0,0.452412439,277.0,0.278625,-0.232960673
CPT1A,2761.0,0.374132033,170.0,0.218365,-0.098219953
CPT2,602.0,0.431256564,515.0,-0.865243,-0.401871242
CRCP,8457.0,0.390198146,145.0,0.101281,-0.529453397
CRKL,3904.0,0.422225684,509.0,-0.032997,0.025523749
CRTAP,5601.0,0.446308827,120.0,0.162025,0.799071068
CRTC3,3205.0,0.355982524,186.0,-0.402582,-0.170886112
CRY2,2337.0,0.383442872,132.0,-0.044955,0.117858413
CRYL1,462.0,0.386242786,79.0,0.064975,0.160069497
CSRP1,1183.0,0.493833101,217.0,1.539685,0.7135084
CST3,2762.0,0.475763324,186.0,-1.006428,-0.085520824
CSTF2,1931.0,0.372934478,58.0,-0.016246,-0.329435707
CTBP1,800.0,0.464034004,393.0,-0.187147,0.046139163
CTNNA1,1216.0,0.412513324,1103.0,-0.022911,0.045206859
CTNNB1,1106.0,0.432073699,448.0,0.815172,0.239709626
CTNNBIP1,2448.0,0.394834327,307.0,1.198344,0.339949773
CTPS2,1870.0,0.416273085,744.0,0.120303,0.160276493
CTSG,119.0,0.369503415,37.0,-1.862875,-0.682583988
CTSH,1072.0,0.446467856,1192.0,0.026092,0.406891261
CUEDC1,2047.0,0.374410739,719.0,0.367114,0.341241164
CUX1,1040.0,0.395555213,127.0,0.704875,-0.046302233
CXCL10,814.0,0.410287201,105.0,0.138953,-0.481316569
CXCL9,2323.0,0.403736618,74.0,1.281091,-0.626544637
CYBB,2544.0,0.418993019,61.0,0.413071,-0.082083175
CYP2S1,1051.0,0.420869286,58.0,-0.054762,-0.176113139
CYTH4,1837.0,0.406296106,377.0,0.591523,0.372168157
DAB2,1757.0,0.368483127,531.0,0.220121,0.247549364
DAGLB,721.0,0.377719723,170.0,0.176365,-0.235850295
DAP3,768.0,0.366492687,184.0,0.398602,0.098801336
DAPP1,2082.0,0.348655603,90.0,1.702525,0.305687092
DBI,233.0,0.467027529,479.0,1.779805,0.137763348
DCAF8,1877.0,0.380310979,212.0,-0.459425,-0.239174561
DCP1A,4153.0,0.411936399,381.0,-0.379525,0.144689036
DCPS,4731.0,0.375605648,329.0,1.005717,0.262416625
DCTN5,10597.0,0.443116252,177.0,0.801266,0.010194167
DDAH2,653.0,0.361046801,1104.0,1.445765,0.480861442
DDB2,1223.0,0.43604051,195.0,-0.165575,0.134809966
DDX23,713.0,0.445931172,91.0,-0.577523,-0.020315432
DDX31,1870.0,0.361830896,544.0,0.184748,-0.231477912
DDX47,438.0,0.379294484,22.0,-0.276149,0.026892259
DDX54,1704.0,0.467316231,28.0,-0.303281,-0.1635989
DDX56,586.0,0.438032149,643.0,-0.504781,-0.002121192
DDX59,217.0,0.413095257,243.0,-0.303517,-0.026432662
DHODH,3463.0,0.371608285,21.0,0.863655,0.209367633
DHPS,121.0,0.474111752,121.0,-0.140813,0.025872231
DHX15,459.0,0.379133957,168.0,-0.175677,-0.131399077
DHX34,591.0,0.384465978,349.0,0.400667,0.22989649
DHX58,357.0,0.440330409,223.0,-1.537432,-0.348330613
DIABLO,719.0,0.425893605,1182.0,0.063001,-0.279834019
DMAP1,63.0,0.471306,301.0,-0.501498,0.040889689
DMXL2,1274.0,0.389901613,225.0,-0.165101,0.01349987
DNAJA4,1736.0,0.398301408,169.0,-1.381671,-0.689873724
DNAJC19,1326.0,0.403482491,259.0,-0.918754,-0.367115754
DNAJC25,1212.0,0.430964931,56.0,-0.241751,0.006670073
DNAJC8,969.0,0.416719859,33.0,0.125421,-0.181535791
DNM1,1255.0,0.393835111,116.0,-0.00892,0.342221176
DNTTIP2,3564.0,0.408096853,58.0,-0.38456,0.047243648
DOCK11,3681.0,0.373818855,63.0,0.15051,0.252838547
DOCK2,524.0,0.446250827,52.0,0.700599,0.318700247
DOK2,438.0,0.384043737,481.0,0.589298,0.254392486
DPCD,197.0,0.459155016,389.0,-0.997821,-0.548454406
DPF2,2501.0,0.393394442,133.0,0.040139,-0.037608505
DPH1,1310.0,0.448716064,341.0,0.046315,-0.02763205
DPH5,784.0,0.413363166,165.0,-0.521907,-0.307958534
DPY30,562.0,0.438431353,279.0,-0.042033,0.255880521
DPYSL2,2472.0,0.430530829,431.0,0.822383,0.434294877
DRAP1,142.0,0.432809908,245.0,0.158362,-0.194506572
DRG1,4594.0,0.444150091,131.0,0.283903,0.4012475
DSN1,5330.0,0.392894937,373.0,0.585254,-0.526237812
DSTN,2786.0,0.375776803,438.0,1.314481,0.523650261
DTL,2265.0,0.372315747,921.0,0.393784,0.13360033
DTX3L,3456.0,0.408848169,89.0,-1.072189,-0.469471818
DUSP12,374.0,0.419884133,34.0,0.297043,0.416246421
DUT,1937.0,0.36471409,109.0,-0.326998,-0.111077326
DYNLT1,514.0,0.420362019,78.0,0.810428,0.452948347
EBAG9,1437.0,0.39438748,402.0,-0.359307,0.153356441
ECH1,191.0,0.389477111,85.0,-0.238486,-0.404483598
ECHDC2,2269.0,0.400166641,752.0,-0.679045,-0.401852562
ECM1,322.0,0.43792189,199.0,0.116822,0.037334298
EDEM2,76.0,0.379021051,100.0,0.251811,0.231858005
EEA1,5374.0,0.405861636,265.0,-0.214683,0.332356813
EEF1A2,286.0,0.417272363,329.0,-3.173397,-1.119540292
EFTUD2,1331.0,0.444646836,398.0,0.358733,0.078667894
EHD1,3363.0,0.446314898,447.0,1.449361,0.565320843
EIF2AK2,8063.0,0.394727306,557.0,-0.343985,-0.24028119
EIF2B3,1058.0,0.383118637,239.0,-0.233039,0.149080296
EIF3F,5840.0,0.435728237,33.0,-0.431655,0.094129288
EIF3L,1718.0,0.380710116,245.0,0.307586,0.234277903
EIF4A3,1120.0,0.381528282,222.0,0.25764,0.003016547
ELAVL1,4910.0,0.437605432,167.0,0.159992,-0.370637148
EMG1,248.0,0.433768095,143.0,-0.604077,0.135756161
EMILIN2,2605.0,0.379592019,159.0,0.933405,0.30115566
ENDOD1,7728.0,0.376426787,118.0,1.729463,0.81354784
ENOSF1,2904.0,0.382279782,622.0,-1.271138,-0.600689135
ENY2,2576.0,0.41756619,146.0,0.364137,-0.195930399
EPSTI1,2106.0,0.391777705,469.0,0.064915,-0.690168562
ERCC1,2342.0,0.45058755,188.0,-0.024719,-0.230402064
ERCC6L,4809.0,0.354829683,623.0,0.050338,-0.257025298
ERH,415.0,0.383837906,71.0,-0.572724,-0.022145976
ERLIN1,2041.0,0.444737514,478.0,-0.817139,-0.417608369
ERP29,1277.0,0.401191178,118.0,-0.001884,0.028946945
ETV6,4356.0,0.398240844,274.0,0.008737,-0.095241958
EXOC4,1232.0,0.388187525,35.0,0.488353,0.359195932
EXOC8,6907.0,0.436106501,127.0,-0.424327,0.1269184
EXOSC1,536.0,0.430105347,451.0,-0.345122,0.146364472
EXOSC2,3902.0,0.431273517,32.0,-0.605827,-0.105825981
F8A1,571.0,0.46317284,15.0,-0.196785,0.150887535
FAAH,2043.0,0.384592892,82.0,-2.08456,-0.557304543
FAF1,4425.0,0.401181969,453.0,0.176734,-0.01653954
FAM122A,4542.0,0.40477622,33.0,-0.664175,-0.311720132
FAM168A,6285.0,0.395008865,285.0,0.756513,0.376518001
FAM177A1,2165.0,0.411149627,459.0,-0.181793,-0.147850364
FAM192A,1824.0,0.379195199,1475.0,0.028323,-0.012641984
FAM20B,4428.0,0.4357945,293.0,0.015978,-0.077462297
FAM32A,1091.0,0.408676074,42.0,-0.211579,-0.26193728
FAM50A,286.0,0.482889735,110.0,0.34567,-0.233149709
FBP1,248.0,0.397353747,331.0,-2.285606,-1.134282697
FBXL20,9338.0,0.383104745,254.0,0.545056,-0.301850382
FBXO4,526.0,0.393825218,58.0,-0.406191,0.095128483
FBXO6,503.0,0.42307306,166.0,-0.158732,-0.523756018
FCER1G,305.0,0.4202976,25.0,0.684187,-0.290281127
FCGRT,309.0,0.433069976,486.0,-0.14097,0.25394431
FDPS,72.0,0.456397562,392.0,0.545134,0.133097538
FDXR,596.0,0.384661194,188.0,-0.500606,-0.595417044
FEN1,1340.0,0.407867196,413.0,0.261723,-0.05449819
FERMT3,399.0,0.435119014,149.0,0.531514,0.254879326
FGD2,907.0,0.441856308,171.0,0.308652,0.297819304
FGFR1OP2,1663.0,0.396595515,353.0,-0.282257,0.150470307
FGL2,3460.0,0.40966218,40.0,-0.375075,-0.059276931
FKBP1A,1132.0,0.428443098,174.0,0.625706,0.273592167
FKBPL,24.0,0.377510344,270.0,0.26002,0.383300916
FLOT1,422.0,0.472159534,339.0,0.518964,0.49093531
FN3K,442.0,0.389857108,61.0,0.577659,-0.081546181
FN3KRP,3667.0,0.380720834,50.0,0.21239,-0.324318951
FOXJ3,3176.0,0.401878681,312.0,-0.428111,-0.807553754
FOXK2,3108.0,0.440496276,171.0,0.581909,-0.028894365
FOXRED1,443.0,0.438630908,167.0,0.594886,0.172522059
FSCN1,1184.0,0.396100853,132.0,0.413991,0.002801229
FTH1,530.0,0.425357612,235.0,0.01346,-0.058026659
FTL,1031.0,0.428438948,199.0,0.387625,-0.1203423
FTSJ1,638.0,0.457521275,569.0,0.227078,-0.054056773
FTSJ3,698.0,0.388239396,646.0,-0.057572,-0.561657794
FXN,6365.0,0.40465004,220.0,-0.533546,-0.097958401
GABARAPL2,564.0,0.431291441,136.0,0.633356,0.517918922
GABPB1,1320.0,0.423118524,469.0,-0.124314,-0.539380757
GALK1,292.0,0.455574511,63.0,0.614046,-0.082080379
GANAB,989.0,0.425909644,1027.0,0.227628,0.124530743
GAS6,315.0,0.393865445,183.0,0.329438,0.14946598
GAS7,6619.0,0.423630168,311.0,0.225592,0.417891982
GBE1,708.0,0.404013874,283.0,0.140697,0.125814074
GBP1,1735.0,0.42614962,220.0,-0.230381,-0.159399144
GBP2,5058.0,0.440134196,314.0,-0.595646,0.069108979
GBP4,4106.0,0.42983554,116.0,-0.355601,-0.05466903
GBP5,1753.0,0.421901204,537.0,1.026572,0.219801871
GFOD2,622.0,0.396604754,295.0,0.432117,0.072143728
GGA2,5408.0,0.377812588,83.0,0.351193,0.03085639
GGCX,5211.0,0.417836117,106.0,0.562494,0.264707293
GIGYF1,2212.0,0.443456438,1210.0,-0.05876,-0.419619952
GINS3,1415.0,0.387351931,208.0,-0.024646,0.131268206
GLA,1699.0,0.378726947,110.0,-0.616433,-0.204860345
GLE1,1357.0,0.383457083,114.0,-0.12175,0.037958802
GLRX,1188.0,0.430296645,211.0,-0.42256,-0.113485854
GLRX3,3557.0,0.41418463,539.0,-0.186449,0.214261432
GLUD1,1558.0,0.392454008,1132.0,-1.226228,-0.338715029
GLYR1,2033.0,0.39940414,57.0,-0.219638,0.205409303
GMEB1,4582.0,0.43446142,142.0,-0.106981,0.063331434
GMPPA,198.0,0.434966364,375.0,0.241022,0.037562578
GMPR,3984.0,0.435743929,114.0,-1.570325,-0.563405231
GMPR2,464.0,0.453637396,704.0,-0.867753,-0.349938651
GNAI1,1947.0,0.435804474,356.0,-0.31112,-0.275075169
GNG7,3803.0,0.398730372,237.0,2.27171,0.943274431
GNPDA1,1360.0,0.395964134,67.0,-0.646681,0.142050991
GOLGA2,1243.0,0.401070546,13.0,0.193708,-0.18208711
GON4L,926.0,0.418089888,175.0,0.167874,0.023344998
GOSR1,5968.0,0.408103421,237.0,-0.449172,-0.20310586
GOSR2,3258.0,0.374298057,541.0,0.33295,0.375329813
GOT2,1054.0,0.444803236,129.0,-0.341317,-0.343971915
GPS2,97.0,0.431122181,76.0,0.382522,0.026566313
GPX7,626.0,0.395840774,39.0,0.496636,0.559298535
GRAMD1A,299.0,0.411657297,748.0,-0.014798,-0.343746788
GRB2,2292.0,0.4413596,358.0,0.054317,-0.148005412
GSTM4,2467.0,0.390909061,314.0,-1.645777,-1.364117532
GTF2A2,1070.0,0.420716795,404.0,-0.407064,-0.130605788
GTF2E2,604.0,0.365750105,273.0,0.274013,-0.349158652
GTF3C2,932.0,0.372227001,397.0,0.200632,-0.105697807
GTPBP1,2894.0,0.424954603,154.0,0.383934,0.149536973
GTPBP3,1032.0,0.436547413,95.0,-0.427375,-0.213536855
GTSE1,680.0,0.368527868,212.0,0.680612,-1.001612649
GTSF1,222.0,0.36097632,86.0,8.291251,1.81850819
HADH,818.0,0.383558671,219.0,0.302808,-0.280932498
HADHA,615.0,0.383558671,130.0,0.15545,0.130932094
HAUS5,3319.0,0.378752573,51.0,0.277105,-0.029552684
HAUS8,346.0,0.37535995,111.0,0.314068,0.14869288
HCCS,1274.0,0.398607648,275.0,-0.005084,0.380633587
HCK,337.0,0.440224323,364.0,0.406414,-0.050889344
HDAC1,591.0,0.390040122,63.0,-0.11627,-0.098495559
HDDC3,763.0,0.387287166,29.0,-0.6439,-0.290382411
HDGF,1342.0,0.465394593,322.0,0.728391,-0.169962779
HDLBP,2343.0,0.397687311,375.0,0.358669,0.389617964
HEATR3,1385.0,0.384091545,883.0,0.515456,0.369057948
HEBP2,9119.0,0.359416339,297.0,0.475883,0.084057689
HECA,3704.0,0.443714129,285.0,0.778051,0.203050075
HECTD3,3914.0,0.446742268,98.0,-0.069569,0.141952665
HERC2,726.0,0.429958504,109.0,-0.607637,-0.03782795
HERC5,379.0,0.393838904,153.0,-1.024625,-0.331459804
HERC6,651.0,0.398146132,183.0,-1.61391,-1.061124251
HIP1,4874.0,0.430847644,52.0,0.313975,0.25738261
HLA-A,4150.0,0.424443523,84.0,-0.479059,-0.087708435
HLA-C,420.0,0.421684519,65.0,-0.0984,0.613112029
HLA-DRA,409.0,0.420807891,109.0,0.705701,0.630064287
HLA-E,1459.0,0.413523771,126.0,-0.110503,0.017049826
HLA-F,121.0,0.407256461,124.0,-0.170607,-0.46804381
HMBOX1,3560.0,0.369177113,482.0,0.170091,-1.068130011
HMBS,266.0,0.451934812,299.0,0.649139,0.120474446
HMGB2,3775.0,0.450826504,193.0,0.414117,-0.649081979
HMGCS1,3661.0,0.374424323,345.0,1.58042,0.752860834
HMOX1,616.0,0.436401717,107.0,0.092617,-0.124167704
HNRNPA0,7504.0,0.386421138,284.0,-0.490135,-0.328741792
HNRNPD,1688.0,0.420386111,318.0,0.133431,-0.195636065
HNRNPL,1102.0,0.449817015,176.0,-0.146686,-0.279878839
HNRNPU,4156.0,0.432126199,218.0,-0.139508,-0.033883967
HNRNPUL1,2135.0,0.394022965,339.0,0.151912,0.195675953
HNRNPUL2,2674.0,0.436897081,229.0,0.256996,0.025614051
HSBP1,3274.0,0.4454546,174.0,-0.396449,0.387278604
HSD11B1,4482.0,0.426649415,154.0,-0.338863,-0.241672803
HSD17B7,398.0,0.431983247,99.0,-0.285227,-0.081871466
HSP90AB1,313.0,0.39509298,251.0,1.820998,0.509909477
HSPA1L,428.0,0.464100714,183.0,-0.667756,-0.054675687
HSPA4L,7877.0,0.413794867,342.0,0.501365,-0.258608187
HSPB11,107.0,0.34538245,284.0,-0.284985,-0.060784528
HTRA2,571.0,0.421976635,602.0,1.314968,0.106635718
HTT,3901.0,0.373695076,145.0,-0.268629,0.065760545
HUS1,2068.0,0.374612864,131.0,0.101853,0.316220146
HYI,310.0,0.378597605,196.0,-0.903093,-0.030348269
HYOU1,1409.0,0.403839016,234.0,0.509366,0.050150638
ICAM1,1537.0,0.426062071,319.0,0.113586,-0.122592739
IER3IP1,3342.0,0.438740024,97.0,-0.706555,-0.099109893
IFI16,254.0,0.415211655,290.0,0.125695,0.271387978
IFI30,213.0,0.431523306,62.0,0.070595,-0.254963343
IFI35,160.0,0.418462024,223.0,-1.438914,-0.121867676
IFI44,267.0,0.403888008,124.0,-1.080767,-0.694668071
IFI44L,5058.0,0.403608012,200.0,-1.955878,-0.386029948
IFIH1,121.0,0.412344512,377.0,-0.594295,-0.264702892
IFIT1,2775.0,0.411248073,495.0,-1.920975,-0.606462188
IFIT2,1901.0,0.420797646,175.0,-0.990743,-0.449301003
IFIT3,843.0,0.417440574,529.0,-1.273363,-0.691299021
IFIT5,2354.0,0.414819429,231.0,-1.111809,-0.187889625
IFITM1,159.0,0.431550176,180.0,-1.633707,-0.334475446
IFT27,109.0,0.4030938,426.0,0.162607,0.036170417
IGFBP3,1605.0,0.43060006,132.0,0.000558,-0.138225711
IGFBP7,558.0,0.392734536,34.0,1.20548,0.973348969
IKBKE,745.0,0.435100597,714.0,0.280776,0.28655658
IL16,3965.0,0.367979445,2395.0,0.523646,0.417038308
IL17RA,5874.0,0.376798811,133.0,0.732056,0.828561545
IL1RN,1145.0,0.411881061,408.0,-0.454758,0.019766206
IL4I1,16.0,0.4139018,621.0,1.378957,-0.116264121
ILF2,656.0,0.426220446,239.0,0.99466,-0.08932162
IMPA2,2898.0,0.383680893,242.0,1.237935,-1.138278346
INO80,5209.0,0.374025479,351.0,-0.637196,-0.771884727
INPP1,263.0,0.395712795,700.0,0.541922,0.334358384
INPP5D,1195.0,0.436077769,512.0,0.220993,0.198763832
INSR,4801.0,0.380857973,411.0,-0.042733,-0.215684573
IPO5,2508.0,0.381335948,180.0,0.045409,0.202000344
IRF7,92.0,0.423538356,367.0,-1.629547,-0.353046905
IRF8,1327.0,0.384714127,507.0,-0.014173,0.197439229
IRF9,369.0,0.432057622,127.0,-0.811869,-0.338358414
IRGQ,7659.0,0.399674011,156.0,0.800998,0.056553836
ISCU,607.0,0.454630229,1331.0,-0.613175,0.04047566
ISG15,62.0,0.419522688,77.0,-0.815701,-1.244886316
ISG20,952.0,0.419932377,2368.0,-0.760251,0.254876932
ISOC1,1056.0,0.418535314,18.0,-0.969815,-0.48947946
ITGB2,415.0,0.457304004,395.0,0.579731,-0.042383214
ITPKB,2981.0,0.440250717,340.0,0.449931,0.251597349
JUNB,496.0,0.414023332,276.0,-0.041244,0.123823695
JUP,157.0,0.458302936,298.0,1.044509,0.007603645
KANK2,2291.0,0.394238955,361.0,0.143961,0.498326724
KARS,4202.0,0.383913431,144.0,0.795704,0.372278247
KCNN4,560.0,0.425737469,396.0,2.731133,0.48423356
KDM1A,327.0,0.428444011,149.0,0.081299,-0.146516659
KDM2A,3716.0,0.372295488,864.0,0.09385,-0.07661578
KDM2B,2488.0,0.393022165,407.0,0.453391,-0.578997639
KDM3B,1327.0,0.37791414,200.0,-0.807567,-0.097109513
KDM4A,1148.0,0.378142374,166.0,-0.502562,-0.03618505
KHSRP,1024.0,0.456900489,110.0,-0.014614,-0.184272621
KIAA2013,727.0,0.385456054,191.0,-0.119622,0.056039759
KIF20A,757.0,0.371463873,496.0,0.135388,-0.308798027
KIF22,75.0,0.392489541,388.0,-0.272035,0.098457522
KIF2C,588.0,0.387865377,395.0,0.052841,-0.443020461
KIF3B,3792.0,0.390782105,180.0,0.110645,0.008465609
KIF5B,3198.0,0.418236129,470.0,1.280018,0.735752164
KLHL7,3616.0,0.41595405,521.0,0.644776,0.296505099
KTI12,594.0,0.370414154,39.0,-0.246684,-0.012555648
LAMP1,1311.0,0.390985106,281.0,0.464217,0.409690725
LANCL2,2422.0,0.433733517,578.0,-1.085141,-0.650531186
LAP3,503.0,0.426841798,162.0,-0.488808,0.080570043
LDHD,1826.0,0.398770776,52.0,1.318621,-0.022476819
LENG1,560.0,0.445950324,48.0,-0.157666,-0.386024928
LGALS3,159.0,0.420172221,88.0,-0.258118,-0.205372924
LGALS3BP,1225.0,0.419930622,179.0,-0.204239,-0.318382301
LGALS9,641.0,0.410654931,118.0,-0.708905,-0.014000642
LIN54,4893.0,0.441729058,383.0,-0.108633,-0.224461068
LPCAT1,2228.0,0.380803123,133.0,0.059067,0.220647865
LPXN,1776.0,0.432350833,254.0,0.139945,0.311572755
LRPPRC,2376.0,0.377375074,58.0,-1.230018,-0.458593951
LRRC25,843.0,0.434491636,642.0,0.885034,0.267127291
LRRC41,465.0,0.438391248,44.0,-0.475094,-0.635496755
LRRC59,1755.0,0.423067849,236.0,0.740215,0.092169379
LSM1,486.0,0.409616526,410.0,-0.579167,0.097829124
LSM6,1871.0,0.435100303,139.0,-0.265343,0.19033357
LTA4H,391.0,0.355044638,145.0,-0.214493,-0.263958222
LYN,4058.0,0.418972994,282.0,0.962592,0.291281261
LYPLAL1,1137.0,0.3973742,157.0,-0.510466,-0.168460692
LYRM4,6830.0,0.366844497,217.0,0.554351,-0.060143208
LYSMD2,596.0,0.394037378,501.0,-0.997641,-0.376036307
M6PR,1457.0,0.379162834,275.0,-0.805486,-0.188362293
MAD2L1,4528.0,0.407191351,124.0,0.28716,0.027127089
MAFB,2032.0,0.405989564,390.0,-0.646098,-0.37650343
MAGED2,327.0,0.466698843,233.0,-0.668974,-0.410895582
MAGOH,153.0,0.416054235,162.0,-0.457787,-0.028661282
MAN2B1,128.0,0.381728903,76.0,0.746875,0.380627875
MANF,717.0,0.420319188,97.0,0.77461,0.605337126
MAP4K1,170.0,0.374128007,140.0,0.208098,0.438212926
MARCKSL1,768.0,0.468216312,206.0,0.439962,-0.115150825
MAX,2676.0,0.337149475,479.0,-0.357958,-0.498742003
MBD2,3723.0,0.420256858,229.0,-0.181553,0.091978169
MBP,4041.0,0.393290432,264.0,-0.411895,-0.262118946
MCM2,662.0,0.460999542,110.0,0.255337,0.249372912
MCM4,2618.0,0.371821308,942.0,0.659538,0.269579489
MCM5,3214.0,0.470488076,94.0,0.884881,0.24433505
MDC1,658.0,0.415783633,440.0,1.123369,0.10541289
MDH1,210.0,0.381672323,435.0,1.052164,-0.008956438
ME1,1535.0,0.411214685,265.0,-1.412906,-0.090286762
ME3,171.0,0.395156177,377.0,-0.923299,0.094740417
MECR,1365.0,0.445670958,612.0,0.215342,0.110217599
MED17,2631.0,0.366528813,275.0,0.173131,0.097370939
MED19,934.0,0.439623042,93.0,0.698655,-0.172098125
MED28,10307.0,0.440157501,27.0,-0.378584,0.160168346
MED29,4550.0,0.464327351,57.0,-0.416515,-0.140351216
MEF2C,6848.0,0.41426337,654.0,1.026781,-0.099736158
MEN1,824.0,0.454590692,504.0,0.203773,-0.044494246
METTL13,961.0,0.396264071,347.0,-0.298838,0.018140647
MGST3,1295.0,0.374563048,428.0,1.457706,0.524225136
MIF4GD,787.0,0.397877071,137.0,0.439529,-0.100190281
MINK1,774.0,0.455972684,525.0,0.089677,-0.322535057
MIS12,1334.0,0.420723459,745.0,-0.252905,-0.062242003
MLEC,5319.0,0.43043384,173.0,-0.228615,0.051575342
MLLT10,2252.0,0.36295117,1568.0,0.941927,0.359304486
MLX,1636.0,0.386664187,65.0,0.480741,0.291597961
MMACHC,1852.0,0.382684622,371.0,-0.518196,-0.059502571
MMADHC,5382.0,0.406207656,205.0,-0.049367,-0.261309818
MMGT1,4451.0,0.406300672,388.0,0.410294,0.352866463
MMP1,502.0,0.392399458,189.0,3.790713,0.612605058
MMP14,1722.0,0.419367787,285.0,1.621303,0.628002371
MMP9,193.0,0.404253633,19.0,1.164779,-0.424824022
MORC3,2052.0,0.406702124,375.0,-0.148325,0.069078277
MORF4L1,1066.0,0.420719378,454.0,-0.40959,-0.160852857
MOV10,619.0,0.412681236,1415.0,-0.280435,0.137958456
MPDU1,797.0,0.440676037,216.0,-0.278443,0.066931594
MPHOSPH10,87.0,0.404440607,352.0,0.700856,0.078291524
MRI1,2018.0,0.459301832,75.0,-0.383178,-0.357499688
MRPL13,1075.0,0.395373051,313.0,0.280183,0.04077292
MRPL15,1888.0,0.407701507,63.0,0.809206,0.135701989
MRPL16,212.0,0.368940255,214.0,-0.093311,0.028180631
MRPL17,6554.0,0.424450505,105.0,-0.469335,-0.03693747
MRPL2,580.0,0.458698472,164.0,2.121314,0.243297642
MRPL20,187.0,0.445765675,96.0,-0.746692,-0.260130472
MRPL21,55.0,0.417448467,293.0,-0.332073,0.01569258
MRPL27,2133.0,0.436300758,31.0,0.145895,0.00171344
MRPL40,113.0,0.406843086,653.0,-0.478964,-0.270288944
MRPL46,1889.0,0.422788385,25.0,-0.944697,-0.038570802
MRPL48,1284.0,0.368940255,212.0,1.102274,-0.588574454
MRPL51,2069.0,0.35376587,169.0,-0.295251,-0.01603341
MRPL53,198.0,0.441261883,155.0,0.132398,-0.096498472
MRPL9,407.0,0.432679379,437.0,0.302518,-0.102623375
MRPS11,2793.0,0.477818717,1491.0,-0.782949,-0.236988835
MRPS15,468.0,0.440649404,164.0,-0.389072,0.150744499
MRPS17,1334.0,0.413812124,30.0,-0.238945,-0.004290691
MRPS18B,936.0,0.408462865,157.0,0.062483,-0.104284927
MRPS36,933.0,0.3748339,84.0,-0.571692,-0.106151756
MRPS7,453.0,0.455992019,233.0,0.207809,0.124665958
MSI2,5168.0,0.366385762,173.0,-0.017714,-0.305280354
MSTO1,694.0,0.421389639,1152.0,0.525508,-0.0003732
MT2A,316.0,0.576670685,123.0,-1.264907,-0.820748993
MTA2,684.0,0.459443446,761.0,0.262888,0.203734529
MTFMT,1550.0,0.414190941,26.0,-0.61639,-0.058106192
MTHFS,1663.0,0.434592403,179.0,-1.868085,-1.06570172
MTMR1,2442.0,0.424163835,319.0,-0.209468,0.157687011
MTMR14,421.0,0.371137969,151.0,-0.075111,0.02446203
MVP,50.0,0.435053297,193.0,-0.695735,-0.063383486
MX1,456.0,0.433488503,982.0,-1.483176,-1.117858928
MX2,1812.0,0.430094961,104.0,-0.388017,0.048687419
MYADM,2833.0,0.384589896,681.0,0.763283,-0.02537065
MYCBP,3972.0,0.381803634,73.0,-0.714828,-0.127621809
MYL12A,812.0,0.453450746,478.0,0.288428,0.46569905
MYO18A,3647.0,0.395788337,484.0,1.277372,0.490823074
MYO9B,1401.0,0.398943925,152.0,0.945324,0.351008746
N6AMT1,5137.0,0.427535625,28.0,-0.481387,-0.200919795
NAA40,3212.0,0.389371031,261.0,0.728648,0.146388059
NAB1,2433.0,0.361024962,572.0,0.462234,0.431959871
NADK,1672.0,0.3959688,563.0,-0.210553,0.058730906
NADSYN1,464.0,0.447848979,126.0,0.085208,0.042409043
NAGK,1297.0,0.42527382,474.0,0.659926,0.092525828
NANS,37.0,0.458552255,132.0,-0.889868,-0.591196748
NAPA,1862.0,0.477781443,318.0,-0.450657,-0.06076006
NAT10,4915.0,0.387474071,245.0,0.81319,0.260016155
NBAS,140.0,0.414580543,44.0,0.171477,0.080789448
NCALD,2767.0,0.374888213,460.0,2.635292,1.370986536
NCAPD3,2971.0,0.431957579,606.0,0.223772,-0.011221948
NCAPG2,3501.0,0.41630572,200.0,0.02891,-0.062836973
NCF1,2381.0,0.415579251,70.0,0.963985,-0.119807853
NCK2,1267.0,0.457831152,276.0,1.242418,0.22963136
NCKIPSD,4981.0,0.449411541,126.0,-0.089609,-0.040556658
NCOA5,1332.0,0.416761948,402.0,-0.433297,-0.221984984
NCOA7,3259.0,0.404217869,470.0,0.057888,0.111888576
NDC80,61.0,0.356199389,182.0,-0.162139,0.152016507
NDRG2,841.0,0.376266446,941.0,1.670708,0.596359322
NDUFA4,1685.0,0.439642808,129.0,0.356616,-0.380666971
NEU1,667.0,0.413226082,156.0,0.065099,-0.083478345
NFATC2IP,3242.0,0.412267479,15.0,-0.061139,0.155659009
NFKB1,708.0,0.4099683,467.0,-0.551838,-0.142296141
NFKB2,153.0,0.424806573,563.0,-0.026287,-0.170499874
NFKBIE,1053.0,0.409138176,25.0,1.680036,0.323200336
NGDN,1255.0,0.423783924,27.0,-0.32193,0.135208986
NGRN,1679.0,0.414477409,50.0,-0.132587,-0.249837096
NINJ1,5217.0,0.455972644,71.0,-1.474548,0.375827357
NIP7,1593.0,0.443769116,318.0,-0.189531,-0.207671506
NIT2,2351.0,0.432361565,74.0,-0.517938,-0.577042868
NMNAT3,2689.0,0.397393877,1228.0,-1.394007,-0.451564912
NMT1,3377.0,0.454689408,31.0,-0.305698,-0.18830522
NONO,1092.0,0.432928506,710.0,0.141221,-0.144192306
NOP14,912.0,0.38067473,187.0,-0.248925,-0.002322954
NOP2,785.0,0.393538298,198.0,-0.460349,-0.110415382
NOTCH2,6062.0,0.409327653,297.0,-0.049155,-0.069483236
NPTN,1068.0,0.388989686,197.0,-0.419985,-0.153973641
NR2C2,6271.0,0.390767743,362.0,-0.1422,-0.067699319
NRBF2,883.0,0.43605128,224.0,-0.199714,0.05995112
NRF1,1901.0,0.447602651,500.0,-0.02675,0.343183061
NRGN,833.0,0.413631862,152.0,0.713867,-0.858081207
NRP1,3846.0,0.416817106,523.0,0.732617,0.231228317
NSFL1C,1587.0,0.42738001,868.0,0.046836,-0.254823024
NSMAF,602.0,0.358586884,214.0,0.619169,0.120491909
NTAN1,178.0,0.344459601,320.0,1.028239,0.093065959
NUBP1,246.0,0.455923678,142.0,-0.611954,-0.328412079
NUCKS1,5461.0,0.359398328,271.0,0.013088,-0.887474741
NUDC,716.0,0.476401948,127.0,-0.262679,-0.351446241
NUDT16,5489.0,0.428387545,75.0,-0.693986,0.240794326
NUMA1,663.0,0.474508115,436.0,-0.39959,-0.35132441
NUP93,5678.0,0.382018893,495.0,0.68414,0.097542148
NXF1,2943.0,0.375826754,136.0,0.179914,0.159834007
OCIAD2,4872.0,0.363821488,322.0,0.243956,-0.14012758
OGDH,1071.0,0.396078149,159.0,0.036347,0.010783458
OPA3,7233.0,0.475004358,100.0,-0.074298,-1.385668001
OSBPL2,2363.0,0.383456763,571.0,0.40037,0.207490166
OSBPL5,1099.0,0.381371042,158.0,-0.428753,-0.173625095
OVCA2,792.0,0.429983078,65.0,-0.24623,-0.031615258
P2RX4,573.0,0.442596273,304.0,-0.171465,-0.503308788
PAAF1,509.0,0.376143366,341.0,-0.051963,0.025804995
PACSIN2,1591.0,0.413490434,405.0,0.850728,0.154219848
PARK7,451.0,0.457171775,163.0,-0.517022,-0.440995778
PARP1,769.0,0.460215809,171.0,-0.146707,-0.19147117
PARP10,332.0,0.422654659,200.0,-1.656066,-0.378994334
PARP12,816.0,0.416480622,874.0,-1.018668,-0.07195821
PARP14,2243.0,0.414355918,59.0,-0.821703,-0.087660355
PARP9,451.0,0.418102187,327.0,-1.36927,-0.382283095
PARVG,2043.0,0.383803232,484.0,0.539229,0.359690592
PBK,750.0,0.413339119,464.0,0.137427,-0.03885759
PCNA,338.0,0.425000199,239.0,0.285814,-0.307227512
PDAP1,2007.0,0.464659554,134.0,0.891036,0.107969602
PDCD2,155.0,0.440448783,111.0,-0.031495,-0.029581737
PDCD2L,48.0,0.433436103,33.0,0.084594,-0.097742571
PDCD6IP,3211.0,0.388727459,158.0,-0.267638,-0.156602308
PDHA1,2054.0,0.402514578,145.0,0.743259,0.02107478
PDHB,2974.0,0.442593378,43.0,-0.222802,0.280054756
PDLIM1,357.0,0.379179626,233.0,-1.813119,-0.385487264
PDXDC1,2055.0,0.375670185,335.0,-0.231917,-0.288062181
PDXK,6244.0,0.398158884,198.0,0.894323,0.060204115
PEBP1,796.0,0.360152166,326.0,0.32673,-0.298184878
PEF1,769.0,0.441759403,424.0,-0.446346,0.063005423
PELO,5222.0,0.385240523,985.0,-0.218301,0.072118273
PEPD,395.0,0.450896903,133.0,0.231731,0.302234196
PEX16,585.0,0.43213601,312.0,0.148637,-0.072772328
PEX6,946.0,0.370078344,93.0,0.872443,-0.184715282
PEX7,2294.0,0.407005497,102.0,-0.737857,-0.1713366
PFDN5,124.0,0.497062947,117.0,-0.550605,0.084808867
PFDN6,574.0,0.470152145,222.0,0.283655,9.29e-06
PGM1,570.0,0.393980016,681.0,0.468835,0.14710875
PHB,988.0,0.45268542,190.0,0.133123,-0.304158149
PHF10,104.0,0.365149381,79.0,0.270516,-0.131716323
PI4K2A,2692.0,0.385068362,57.0,-0.003253,0.214044812
PIAS1,3626.0,0.396022529,741.0,-0.334127,0.134606744
PIGH,1430.0,0.434471606,98.0,-0.87347,-0.68415255
PIK3AP1,3866.0,0.407313024,128.0,0.264384,-0.260520473
PIR,205.0,0.385796208,485.0,1.42282,0.261993807
PITPNC1,4686.0,0.369070722,874.0,0.670042,0.237278656
PLA2G4C,585.0,0.406173977,398.0,-1.459655,0.218070196
PLA2G7,1187.0,0.402486321,269.0,0.35539,0.149530776
PLAUR,323.0,0.418467601,226.0,1.108219,0.088416845
PLCB2,818.0,0.468984469,301.0,0.36334,0.132034677
PLCG1,3987.0,0.454806205,121.0,1.267176,0.184030428
PLD4,273.0,0.377985619,192.0,0.104101,0.214498546
PLEKHO1,5192.0,0.424698037,839.0,1.213734,0.38614781
PLEKHO2,2119.0,0.429714475,134.0,0.346897,0.126653448
PML,3324.0,0.431306474,140.0,-0.387352,0.034566519
POLR1C,1131.0,0.439933821,86.0,1.632024,0.384291368
POLR1D,1469.0,0.427162265,456.0,0.858055,0.226681939
POLR2F,1600.0,0.47244007,250.0,0.911369,0.331373988
POLR2H,1065.0,0.427596015,1167.0,-0.439931,-0.110087953
POLR3H,3481.0,0.444306047,388.0,0.367303,0.228253717
POLR3K,1023.0,0.473025152,46.0,-0.815991,-0.137340383
PPA2,660.0,0.432735716,20.0,-0.151734,-0.240497377
PPIE,4556.0,0.446406574,56.0,-0.203148,0.048315159
PPIL1,1921.0,0.453832883,252.0,1.493009,-0.212072473
PPP1R14B,282.0,0.457456004,268.0,1.80673,0.303621895
PRC1,1136.0,0.367783806,234.0,0.005381,-0.486614654
PRCC,357.0,0.381841119,290.0,-0.045298,-0.338554595
PRDX1,303.0,0.414090753,341.0,-0.501969,-0.421575192
PRDX6,944.0,0.433706552,51.0,0.160913,0.004610586
PREB,658.0,0.378530018,403.0,0.293966,0.058975071
PREP,579.0,0.425974009,233.0,0.494066,-0.141189917
PRG4,784.0,0.366727173,51.0,-1.330146,0.185688734
PRIM2,1166.0,0.350864643,125.0,2.252669,0.162921163
PRKAB1,1305.0,0.365943644,289.0,-0.089022,0.062079929
PRKAR2A,5019.0,0.427443141,254.0,0.342069,0.254170182
PRKCB,5795.0,0.38010529,197.0,0.430786,0.255466743
PRKCD,451.0,0.404392693,469.0,0.308532,-0.035495567
PRKRA,683.0,0.420894136,659.0,-0.00084,0.045761001
PRKRIP1,3224.0,0.453589322,55.0,-0.125019,-0.762851879
PRMT5,393.0,0.386451423,508.0,-0.596712,-0.244774173
PRMT7,3655.0,0.450088803,850.0,-0.699385,-0.410759403
PROCR,549.0,0.357872186,218.0,-0.089566,0.002888823
PRPS1,3908.0,0.466551451,409.0,-0.603289,-0.17588423
PRPSAP1,2056.0,0.390811115,688.0,0.409398,0.210369764
PRRC1,3173.0,0.409170839,188.0,-0.249902,-0.212256174
PSMA5,2997.0,0.446573967,225.0,-0.442078,-0.187517107
PSMA6,187.0,0.423632682,445.0,-0.618496,-0.02964611
PSMB10,58.0,0.455018511,128.0,-0.750424,-0.167596216
PSMB2,3775.0,0.389848815,412.0,-0.148862,-0.090610605
PSMB8,242.0,0.411206622,522.0,-1.351461,-0.193000403
PSMB9,5497.0,0.431095699,69.0,-0.813555,-0.027116039
PSMC3,66.0,0.485654947,194.0,0.357584,0.047180731
PSMD11,2567.0,0.390095635,61.0,0.382624,0.166791205
PSMD13,384.0,0.437236365,242.0,-0.420227,0.138538505
PSMD8,450.0,0.458928351,52.0,0.114572,0.206474744
PSME2,53.0,0.443656162,65.0,-0.764579,-0.480073521
PSMG1,5308.0,0.427553471,578.0,0.153404,-0.201799863
PSTPIP2,1923.0,0.429639796,96.0,0.447104,-0.105721061
PTBP1,1504.0,0.473818895,106.0,-0.16861,-0.16430411
PTDSS1,3765.0,0.367954205,423.0,0.88844,0.626720036
PTGS1,3346.0,0.37260918,633.0,0.513013,0.046947849
PTP4A1,3419.0,0.421202001,1153.0,-0.00734,0.275119444
PTPMT1,1899.0,0.450492628,193.0,-0.183917,-0.114811334
PTPN18,2185.0,0.381656528,101.0,0.81177,-0.005756226
PTPN7,1593.0,0.440747449,781.0,0.860785,0.357170463
PTPRE,2994.0,0.426620112,1843.0,0.014971,-0.00156098
PTPRF,4571.0,0.452810321,356.0,-0.803337,-0.813108419
PTRH2,3186.0,0.370743372,1544.0,-0.146258,-0.409592549
PWWP2B,819.0,0.424412275,29.0,0.005962,0.07238426
PYCR2,578.0,0.474148407,230.0,-0.273077,-0.124991887
PYGL,175.0,0.392036998,127.0,-0.857063,-0.368721756
QARS,97.0,0.458996209,396.0,0.105709,0.179532667
RAB11FIP1,4277.0,0.380614122,56.0,-0.609006,-0.417468076
RAB12,1120.0,0.38483812,283.0,0.6887,0.513441485
RAB21,5246.0,0.435367738,267.0,-0.659487,0.169026704
RAB31,3231.0,0.437498832,175.0,0.935467,0.113586414
RAB35,2172.0,0.408841719,189.0,0.250166,-0.158055385
RAB7A,1376.0,0.419395127,232.0,0.163317,0.158587249
RAB8B,4163.0,0.425956778,96.0,-0.246758,-0.267038956
RAB9A,1716.0,0.417525007,283.0,0.333109,0.394400365
RABGGTA,77.0,0.387342734,512.0,-0.370097,-0.153495477
RABGGTB,440.0,0.409412379,78.0,-0.741157,-0.180883011
RABIF,4760.0,0.447399225,159.0,0.581898,0.129297882
RACGAP1,1895.0,0.366370127,354.0,0.447484,-0.340780364
RAD9A,924.0,0.444046557,185.0,0.167438,0.17076298
RAE1,1112.0,0.432613552,365.0,0.172576,-0.042455982
RAI1,1472.0,0.455620822,469.0,0.355432,-0.013848755
RAN,2043.0,0.442855294,361.0,0.17384,-0.074935893
RANBP10,3359.0,0.379453562,1256.0,-0.050239,-0.031440765
RANGAP1,3145.0,0.481547647,765.0,1.145967,0.261586352
RAPGEF1,2727.0,0.425793135,159.0,0.527224,0.196407414
RARS,114.0,0.423508657,41.0,-0.482902,0.073877898
RASGRP2,183.0,0.381671176,582.0,0.318218,0.003467689
RBBP4,6506.0,0.404056961,164.0,-0.467789,-0.157173153
RBBP5,3098.0,0.421849625,474.0,-0.123886,-0.02027735
RBKS,251.0,0.392307233,1371.0,-1.313191,-0.621803106
RBM12,3599.0,0.375183789,304.0,-0.337572,0.012665895
RBM14,3443.0,0.468008211,139.0,0.114223,-0.16657277
RBM4B,5277.0,0.396841232,170.0,-0.20147,-0.054372426
RBMX,1201.0,0.353737079,210.0,-0.389778,-0.07263717
RBPJ,4223.0,0.4178224,518.0,-0.20789,0.270888809
RBX1,821.0,0.46562919,52.0,0.619368,0.278333493
RC3H1,7637.0,0.410085914,87.0,-0.044147,-0.716537835
RCCD1,1773.0,0.374130224,280.0,-0.34617,0.183931589
RCOR1,4070.0,0.439565312,228.0,-0.604104,-0.262415761
REEP4,591.0,0.460338979,469.0,0.20095,-0.400990168
REEP5,2962.0,0.457536941,144.0,-1.159477,-0.352176908
RELB,408.0,0.418226182,131.0,-0.162514,-0.207532877
REPIN1,2683.0,0.45080531,489.0,-0.705351,-0.605941964
RFC4,89.0,0.411167541,282.0,0.196454,-0.050749049
RFK,1882.0,0.429285662,357.0,0.212151,0.418852723
RFX5,1546.0,0.386685917,221.0,0.211577,-0.143278263
RFXAP,1850.0,0.421314391,156.0,-0.467786,0.531691055
RHBDF2,740.0,0.423256567,294.0,0.594169,-0.134984558
RHOT2,568.0,0.454546166,881.0,0.044422,0.004437299
RINL,1279.0,0.357351373,413.0,0.14033,-0.074756424
RNASE2,179.0,0.384567964,71.0,-0.008455,-0.236549349
RNASEH1,4369.0,0.404567903,700.0,0.375538,-0.065725927
RNASEH2B,3930.0,0.37625722,399.0,-0.195665,-0.149529752
RNASET2,1070.0,0.374792559,407.0,0.549705,0.416336717
RNF114,1751.0,0.459950313,36.0,-0.032548,-0.087196896
RNF167,289.0,0.375291206,776.0,0.258732,-0.390184017
RNF20,5226.0,0.396317502,92.0,-0.173357,-0.002753477
RNF213,5288.0,0.417718743,150.0,-0.713617,-0.290499017
RNF216,2819.0,0.430061571,259.0,0.337582,0.058798298
RNF25,102.0,0.375620157,88.0,-0.503873,-0.197782205
RNF31,88.0,0.389352607,358.0,-0.68132,-0.008837347
RNLS,1252.0,0.416402283,135.0,-1.182659,0.082468868
RNMT,4581.0,0.415128602,241.0,-0.158734,0.199083019
RNPEP,463.0,0.447181346,896.0,-0.500722,-0.231657751
RP9,437.0,0.42869019,18.0,0.615163,0.052867983
RPA1,2907.0,0.381710028,170.0,0.259167,-0.024656132
RPA2,639.0,0.400070522,793.0,0.034349,-0.081345604
RPAIN,471.0,0.394698889,570.0,-0.07773,0.36406496
RPL11,461.0,0.442317923,45.0,-0.502279,-0.032495415
RPL14,5208.0,0.496792394,133.0,-0.256385,-0.137532849
RPL23,3146.0,0.464880603,90.0,0.008439,0.161853388
RPL26,53.0,0.427802183,389.0,-0.398693,-0.671167984
RPL31,1260.0,0.451994935,87.0,0.540352,-0.004003815
RPL34,1350.0,0.436455219,198.0,-0.276574,-0.591031809
RPL5,1058.0,0.451564158,75.0,-0.256963,0.027288512
RPL7,1077.0,0.460258279,707.0,-0.043595,-0.144620507
RPS11,373.0,0.483080585,92.0,-0.130426,0.180499147
RPS24,4247.0,0.430653047,142.0,-0.28332,-0.05706684
RPS25,109.0,0.467193878,63.0,0.143222,-0.125897945
RPS27A,743.0,0.450449292,321.0,1.046274,-0.56446689
RPS3A,306.0,0.426765211,80.0,-0.435817,0.160525172
RPS4X,629.0,0.442998752,96.0,-0.604609,0.207729783
RPS6,2723.0,0.413925579,42.0,-0.348579,-0.539156173
RPS6KA1,828.0,0.389798854,163.0,-0.068569,-0.089469265
RPS6KA4,735.0,0.38455359,226.0,0.382093,0.001912888
RPS7,66.0,0.428822459,109.0,0.05414,0.040855473
RPTOR,2341.0,0.385169267,805.0,-0.269681,-0.176097891
RREB1,3012.0,0.456825357,492.0,-0.153046,-0.482521497
RRM1,2304.0,0.437568848,689.0,-0.750936,-0.205467051
RRP8,5071.0,0.446233376,148.0,-0.735134,-0.189374396
RRS1,978.0,0.468289248,104.0,-0.200104,-0.386712727
RTN3,1690.0,0.358048129,187.0,-0.112393,-0.278755515
RTN4IP1,1108.0,0.372133716,477.0,0.470423,-0.144670941
RUNX1,4334.0,0.416076551,1578.0,-0.161736,0.272967936
RUNX3,2611.0,0.405217602,439.0,-0.002745,-0.040381053
RWDD1,6365.0,0.401367905,746.0,0.102927,0.19478786
S100A8,71.0,0.444112716,170.0,-0.451385,-1.909050676
S100A9,189.0,0.439508357,43.0,0.507423,-2.265985559
SAMD9,1815.0,0.395660052,270.0,-0.851242,-0.114761056
SAMD9L,1162.0,0.396305952,1248.0,-0.754592,-0.14543939
SAMM50,150.0,0.345249646,197.0,-0.034988,0.2640523
SAMSN1,684.0,0.407246581,430.0,0.004921,0.085102212
SAP18,1754.0,0.427429047,39.0,-0.52065,-0.622005061
SAP30BP,1541.0,0.449617255,257.0,0.337197,0.004861098
SAR1A,5213.0,0.411769389,203.0,-0.330142,0.003141368
SAR1B,5806.0,0.392367964,253.0,-0.935055,0.022081699
SARS,1054.0,0.40098191,100.0,0.029706,0.071454551
SASH3,1369.0,0.387406112,182.0,0.483643,0.250862204
SCAMP4,1741.0,0.472519575,351.0,0.321323,0.699562836
SCO1,8645.0,0.407339367,61.0,0.034343,-0.144081605
SDCCAG8,307.0,0.360606297,1542.0,-0.224018,-0.796212383
SEC11C,205.0,0.423646802,92.0,0.570592,0.760413438
SEC13,332.0,0.457264526,210.0,0.088896,0.090604365
SEC14L1,2986.0,0.420320088,665.0,0.543314,0.086911987
SEC22A,2559.0,0.422343815,79.0,0.163682,-0.018881147
SEC24B,1221.0,0.400931805,155.0,-0.062509,0.268605533
SEC24D,2115.0,0.386600041,297.0,0.34681,0.414335834
SEC61B,270.0,0.404562259,76.0,-0.040804,-0.13732801
SEMA3F,960.0,0.38837398,318.0,-0.321159,0.093708973
SEMA4A,755.0,0.412797256,345.0,0.748494,0.087409384
SEMA4D,2318.0,0.393173667,572.0,-0.111865,-0.433108366
SERPINA1,1707.0,0.420489385,573.0,-0.437093,0.372934775
SERPINB8,2096.0,0.38524815,520.0,0.11685,0.386125512
SETMAR,321.0,0.414235412,398.0,-0.689346,0.210169978
SEZ6L2,540.0,0.431800162,245.0,-1.657874,0.42279892
SF1,2419.0,0.374481437,721.0,-0.062409,-0.153495465
SF3B2,563.0,0.453902675,40.0,0.422579,0.041451403
SFXN4,500.0,0.402513841,45.0,-0.379613,0.370131979
SH3BP1,433.0,0.395530944,313.0,0.548119,0.220973206
SH3PXD2B,4870.0,0.420952884,171.0,0.78602,0.463234714
SHMT1,4335.0,0.394510245,509.0,-1.488979,-0.390843047
SIGLEC1,1590.0,0.42099348,0.0,0.019422,-0.127144386
SIPA1,2933.0,0.437718847,296.0,0.761145,0.356235841
SIRPA,3027.0,0.429235057,360.0,1.232246,0.146387744
SKP1,8791.0,0.433886974,179.0,-0.881418,-0.305811108
SLBP,3046.0,0.391438372,553.0,-0.157144,-0.156274277
SLC25A10,1929.0,0.386184273,191.0,0.548153,0.18038597
SLC25A19,477.0,0.386093473,224.0,0.770868,-0.162782645
SLC25A20,787.0,0.382641976,199.0,0.090847,0.024917051
SLC25A3,504.0,0.383836987,354.0,-0.0292,-0.169912154
SLC25A6,450.0,0.487227384,137.0,0.244696,0.148222251
SLC27A3,163.0,0.439664345,91.0,-0.118529,-0.181499476
SLC39A10,2661.0,0.346494338,214.0,-0.027059,0.262109767
SLC44A1,8291.0,0.4365497,264.0,-0.05011,-0.366333798
SLC9A3R1,709.0,0.400889529,235.0,-1.096608,-0.791081082
SMAP2,1225.0,0.404145004,415.0,-0.446503,0.080745481
SMC1A,5954.0,0.490702048,340.0,0.144237,-0.081489768
SMG5,1363.0,0.383248033,540.0,0.849269,0.08645693
SMS,2660.0,0.417677888,252.0,0.520656,0.037640732
SMYD3,223.0,0.378821529,130.0,0.132042,0.047135104
SNRNP200,676.0,0.454045162,132.0,0.876279,0.131458023
SNRPC,474.0,0.427936125,450.0,1.496271,-0.125132276
SNRPD1,4386.0,0.384326147,161.0,-0.21246,0.102413092
SNRPN,279.0,0.390283395,1145.0,-1.540765,-0.033573345
SNX24,5071.0,0.338464018,185.0,-0.098531,0.20108734
SNX30,6144.0,0.426743352,148.0,0.704285,0.263011144
SNX33,5086.0,0.383330712,96.0,-0.319147,0.231182158
SOD1,353.0,0.438546885,148.0,-0.412588,-0.73408303
SOD2,13436.0,0.435065133,1828.0,0.264898,0.473462055
SP110,3922.0,0.401738483,258.0,-1.176912,-0.647261746
SPC24,1691.0,0.381793277,320.0,1.376119,0.272510956
SPC25,540.0,0.373816265,131.0,0.330894,0.366687069
SPCS1,3333.0,0.417439524,205.0,0.219841,0.463946233
SPI1,383.0,0.406748349,223.0,0.317553,0.25852536
SPRYD4,1406.0,0.430591965,75.0,-0.37421,-0.392360905
SQSTM1,1485.0,0.412192979,360.0,-0.709956,-0.60469902
SRC,2671.0,0.437602812,449.0,1.862333,0.770679362
SRGAP2,3018.0,0.377689891,542.0,0.661872,0.210817363
SRI,5365.0,0.424260151,79.0,0.489922,0.403157426
SRP19,2645.0,0.430943803,189.0,-0.422552,-0.016132263
SRPRB,1784.0,0.427990824,285.0,-0.17417,0.186335527
SRR,1392.0,0.393840903,354.0,-0.32397,0.30757622
SRXN1,2099.0,0.37663928,185.0,-0.12054,-0.333014231
SS18L2,777.0,0.45997865,208.0,-0.098836,-0.407152595
SSH1,5298.0,0.373517564,146.0,0.288499,0.21176228
SSH3,2595.0,0.376349937,178.0,-0.324151,-0.512494584
SSR2,592.0,0.425839932,80.0,0.519596,-0.936106147
SSR3,3698.0,0.388415977,156.0,-0.019385,-0.762119346
SSR4,87.0,0.444947593,150.0,0.226245,0.201518082
SSRP1,422.0,0.394601844,267.0,0.672681,-0.189619338
SSU72,400.0,0.445120823,325.0,-0.239209,-0.112912905
ST13,3666.0,0.439823793,468.0,0.494219,0.115977548
ST14,553.0,0.454138745,193.0,1.35818,-0.097051229
ST3GAL4,594.0,0.39537481,557.0,1.65071,0.435320691
STAP1,541.0,0.398288494,113.0,0.592718,0.690909743
STARD10,1682.0,0.427301627,944.0,-0.72234,-1.071494885
STAT1,3294.0,0.408136156,388.0,-0.436387,-0.28534611
STAT2,1791.0,0.409862748,203.0,-0.104414,0.08603797
STAT6,1168.0,0.380869476,499.0,-0.725975,0.075873759
STMN1,1138.0,0.394107416,364.0,1.225033,-0.221942664
STOM,2222.0,0.387137797,117.0,-0.920423,-0.132488442
STOML2,531.0,0.456962681,143.0,0.083533,-0.312535729
STX11,4481.0,0.457080677,192.0,0.138953,0.454790455
STX3,5058.0,0.403902965,547.0,0.526135,-0.229973027
STX7,14891.0,0.417568039,327.0,0.478142,0.132454417
STX8,107.0,0.378438911,150.0,0.316985,0.157043476
SUCLG1,223.0,0.43877655,193.0,0.556779,-0.153445665
SUFU,3380.0,0.361614756,191.0,-0.291607,0.200766936
SUMF1,999.0,0.37076871,37.0,-0.314877,-0.144242672
SUPT4H1,1112.0,0.438747077,103.0,0.018763,0.497133878
SURF2,1720.0,0.440503417,48.0,-0.197514,-0.346823535
SURF4,2281.0,0.385472445,476.0,0.251304,0.478067056
SURF6,4908.0,0.42467207,78.0,-0.077345,-0.24977603
SVIP,4195.0,0.357937352,217.0,-0.729941,-0.459914966
SYTL1,80.0,0.364244725,197.0,0.047326,-0.111133039
TACC3,165.0,0.385699108,155.0,-0.159435,-0.244639668
TADA2B,3064.0,0.464060586,151.0,-1.10423,0.132932612
TAF12,689.0,0.435926756,522.0,-0.245552,0.282844715
TAP2,5256.0,0.374969764,175.0,-0.40907,-0.557732992
TBC1D20,3109.0,0.435441414,148.0,0.059007,-0.637749951
TBC1D9B,1396.0,0.395340616,37.0,-0.233582,0.097505895
TBCC,556.0,0.434161456,73.0,1.632885,0.863622585
TCEAL3,260.0,0.368171822,262.0,-0.416981,-0.730804604
TCEAL4,3020.0,0.432120515,489.0,-0.565258,-0.736827322
TCOF1,1640.0,0.41523122,108.0,-0.269565,-0.501551917
TDP1,1721.0,0.418036689,317.0,-0.206027,-0.039800263
TDRD7,242.0,0.375852104,234.0,-0.29334,-0.051150008
TDRKH,973.0,0.419795099,182.0,1.179211,0.115925546
TEP1,2777.0,0.379550228,40.0,0.20008,0.061313138
TFE3,1431.0,0.379068139,541.0,0.136217,0.186065375
TFEB,621.0,0.429366592,302.0,0.814247,0.145405607
THADA,112.0,0.415199561,352.0,-0.632789,-0.129331029
THBD,2144.0,0.448063145,160.0,-0.535118,-0.060319459
THUMPD1,2715.0,0.455087735,225.0,-0.382587,-0.078585822
THYN1,205.0,0.377954149,484.0,-0.123881,-0.170772319
TIMM50,3932.0,0.424829064,722.0,0.149092,0.003900945
TIMM8B,2046.0,0.447942532,30.0,0.831482,-0.180813015
TK2,3965.0,0.360054507,593.0,-0.05751,-0.13692109
TLE1,571.0,0.374791795,1295.0,0.961595,0.035945981
TM9SF2,2020.0,0.372522209,233.0,-0.106378,0.089803997
TMED3,1710.0,0.439016102,188.0,-0.068744,-0.047284609
TMED9,708.0,0.44685712,67.0,0.057786,0.033885089
TMEM126A,52.0,0.406087664,295.0,0.014141,0.027208544
TMEM199,2431.0,0.370998168,90.0,0.021694,-0.451731055
TMEM63A,1407.0,0.385482014,622.0,1.251715,0.438364896
TMOD1,2050.0,0.392927141,213.0,-0.496779,0.263798522
TMSB10,278.0,0.470652003,95.0,1.88093,1.043267447
TNFAIP2,2079.0,0.44214387,131.0,-1.052908,-0.56873867
TNFAIP3,1995.0,0.416242917,370.0,0.141972,-0.011662486
TNFAIP8L2,497.0,0.440670719,126.0,-0.102194,0.225395629
TNIP1,770.0,0.448321216,241.0,-0.206006,-0.108606479
TNK2,822.0,0.420245651,543.0,-0.145938,0.074798905
TNPO2,2070.0,0.408799881,358.0,0.196599,-0.088801967
TNRC18,1316.0,0.449521205,349.0,0.044736,-0.784273121
TOMM5,518.0,0.441712708,107.0,0.205083,0.016892496
TOMM6,1957.0,0.431553434,255.0,1.726109,0.332110528
TOP2A,1003.0,0.364102812,159.0,0.07247,-0.16484207
TOR1A,3160.0,0.446121485,77.0,-0.38656,0.092579061
TPD52L2,1600.0,0.385071878,138.0,0.599826,0.345086342
TPI1,620.0,0.479135356,527.0,0.072109,-0.118113592
TPM1,757.0,0.403626605,257.0,1.504384,0.821200055
TRAF1,7433.0,0.438949906,572.0,0.562943,0.179049407
TRAF3,5716.0,0.386659664,353.0,-0.664452,-0.105227183
TRAF6,6100.0,0.426668941,381.0,0.367217,0.26955626
TRAPPC3,634.0,0.441060625,519.0,-0.343885,-0.065342644
TRAPPC5,42.0,0.453352607,241.0,-0.284835,-0.097695992
TRAPPC6B,2539.0,0.437369008,335.0,-0.337387,0.182348076
TRAPPC9,3079.0,0.431357199,134.0,0.720099,0.078077357
TRIM11,3522.0,0.453298916,255.0,0.238525,0.140453864
TRIM13,5308.0,0.419190719,763.0,-0.00877,-0.668782877
TRIM14,3117.0,0.369225689,165.0,-1.658549,-0.383153506
TRIM22,1215.0,0.424423711,379.0,-0.479819,0.176762988
TRIM26,1431.0,0.384319522,565.0,-0.296285,0.142291409
TRIM27,2956.0,0.441704825,359.0,0.322361,0.185361433
TRIM41,1657.0,0.454716896,737.0,-0.580506,-0.313293203
TRIM5,2312.0,0.426412011,303.0,-0.676539,0.16926777
TRIP12,3739.0,0.40441217,297.0,-0.101666,0.128362035
TRIP13,2852.0,0.433721983,145.0,1.031662,0.419192158
TRMT5,3660.0,0.405137655,572.0,-0.652311,-0.134154498
TRUB2,4655.0,0.434714666,759.0,-0.16392,-0.012397167
TSFM,1390.0,0.429356434,57.0,-0.61689,-0.470146059
TSPAN14,15147.0,0.398868986,305.0,-0.067632,0.055650263
TSPYL1,7303.0,0.373212405,287.0,-0.700247,-0.244297352
TSR2,1366.0,0.464925113,443.0,2.762179,1.325739471
TTC39C,3394.0,0.378954091,452.0,-2.254,-0.183700321
TTC7A,2213.0,0.393400181,1272.0,1.075929,0.468585595
TTPAL,5319.0,0.425556123,145.0,-0.437827,0.175235311
TUBA1C,110.0,0.451729991,576.0,0.948833,0.224554127
TUBA4A,644.0,0.402818439,556.0,1.486846,0.354356102
TUBB,1030.0,0.390058461,509.0,1.17188,0.15414452
TUBB6,2302.0,0.468445054,1139.0,0.489023,0.581270214
TUBGCP4,1934.0,0.368175973,296.0,-0.319026,0.148050442
TUSC1,1294.0,0.429789613,537.0,-0.110204,-0.83326964
TXNL4A,3129.0,0.472736328,466.0,0.011616,0.202387648
TYMP,18.0,0.429537249,376.0,-0.298302,-0.276579238
TYMS,581.0,0.364557025,159.0,-0.038167,-0.2539161
TYROBP,168.0,0.417048036,81.0,0.379376,0.087539639
UBAP2L,353.0,0.367068802,167.0,0.130382,-0.059009131
UBE2B,4002.0,0.405496028,420.0,-0.608837,-0.101712334
UBE2E1,1034.0,0.417917446,229.0,0.364344,-0.42395551
UBE2E2,1962.0,0.352966355,180.0,0.142812,-1.66470459
UBE2L3,2365.0,0.455573936,198.0,0.302459,-0.073228739
UBE2L6,703.0,0.431638779,653.0,-1.380859,-0.436740416
UBE4B,1283.0,0.418913915,688.0,-0.056386,0.140043946
UBIAD1,2303.0,0.446280173,334.0,-0.501414,-0.132235907
UBR4,797.0,0.387393976,4.0,0.189021,0.373295665
UBTF,2209.0,0.400105612,296.0,-0.115059,0.005071268
UBXN1,220.0,0.422601268,194.0,-0.072084,-0.216842077
UCK2,4043.0,0.447469338,640.0,1.62223,0.507406383
UGGT1,5935.0,0.374564832,178.0,0.798253,0.64851036
UHRF1BP1,5130.0,0.373569339,234.0,1.761961,0.243361507
UNC45A,377.0,0.475530537,1022.0,-0.338937,-0.123876135
UNG,1024.0,0.368897526,209.0,-0.366834,-0.610695273
UNK,1388.0,0.447315534,42.0,0.095953,-0.271187253
UQCR11,4379.0,0.470309826,75.0,0.0449,0.290553882
UQCRC1,129.0,0.462829321,45.0,0.202627,0.155340305
UQCRH,193.0,0.365128489,320.0,-0.02424,-0.222230472
UROD,171.0,0.391539164,133.0,-0.799225,-0.131137688
UROS,3849.0,0.422413435,266.0,-0.703712,-0.161340602
USP18,580.0,0.434940763,338.0,0.050313,-0.829471443
USP39,571.0,0.39295741,223.0,0.603019,0.191931272
UTP6,2466.0,0.429918331,83.0,0.187991,0.20855738
VAC14,489.0,0.396517204,827.0,0.333593,0.177048185
VAMP8,451.0,0.398153421,156.0,0.454575,0.534953541
VASP,824.0,0.388921088,342.0,1.568104,0.525151241
VAT1,1456.0,0.406330787,120.0,1.433411,0.512278469
VDAC3,475.0,0.440388181,210.0,0.02093,0.217406103
VDR,3209.0,0.450036866,401.0,-0.125057,-0.133672002
VGLL4,2489.0,0.432812067,506.0,0.663351,-0.177196189
VIM,431.0,0.411136971,462.0,1.710609,0.353873807
VLDLR,6202.0,0.388727284,416.0,1.561568,0.050438826
VPS28,291.0,0.476756313,109.0,-0.065216,0.080899166
VPS33B,559.0,0.447669729,583.0,-0.669187,-0.019890366
VPS39,2053.0,0.440628838,173.0,-0.372519,0.218092363
VPS52,2870.0,0.393546356,887.0,-0.052933,0.314516817
WASF2,4090.0,0.365213822,245.0,0.275527,0.10700295
WBP2,1040.0,0.392225719,515.0,-0.020997,-0.081467811
WDFY2,7044.0,0.36603015,340.0,0.22563,-0.072976755
WDR1,1039.0,0.393247178,368.0,0.317402,0.011946586
WDR36,3619.0,0.40459335,117.0,-0.74728,0.115054334
WDR37,8068.0,0.365587877,173.0,0.554467,0.019861908
WDR4,293.0,0.380589271,581.0,0.243878,-0.150254544
WDR47,1216.0,0.402106333,376.0,0.419377,0.123270958
WDR48,1924.0,0.419028298,472.0,-0.049083,0.133128247
WDR5,1979.0,0.401607191,171.0,0.444022,0.08320618
WDR54,97.0,0.394793766,128.0,-0.780258,-0.430321785
WDR61,197.0,0.411764619,310.0,-0.705728,0.012497396
WDR77,4184.0,0.412330102,139.0,0.831795,-0.192953687
WDR91,4946.0,0.380864599,823.0,0.46725,0.242863583
WDR92,2520.0,0.427217839,117.0,0.688153,0.226945434
YTHDF1,1279.0,0.384821843,294.0,0.023928,-0.039666032
YTHDF3,3082.0,0.406652071,509.0,0.048824,0.024259403
YY1,5192.0,0.440120149,480.0,-0.35182,-0.623693639
ZBED1,2221.0,0.457533868,282.0,0.159725,-0.217145541
ZBTB8OS,1087.0,0.406816332,276.0,-0.341017,-0.148515551
ZC3H12A,768.0,0.421626239,1056.0,-0.256166,0.007074611
ZC3H4,2169.0,0.436042942,38.0,-0.172049,-0.276408684
ZCCHC10,81.0,0.361883573,67.0,-1.142622,-0.001834597
ZCCHC2,2006.0,0.404185753,0.0,-0.281354,-0.762933422
ZFP36L1,2846.0,0.395541595,976.0,0.079465,0.206441807
ZMAT2,1942.0,0.460376067,101.0,-0.256171,-0.786677134
ZMIZ2,4165.0,0.419562196,128.0,0.40368,0.279697135
ZMYM3,1292.0,0.378831729,749.0,-0.207775,0.077146201
ZNF207,13817.0,0.386696564,148.0,-0.034658,-0.09118868
ZNF414,113.0,0.422835658,118.0,-0.331437,-0.602814376
ZNF511,243.0,0.452392726,55.0,-0.800091,0.196929201
ZNF516,4816.0,0.393186692,318.0,-1.36376,-0.480889434
ZNF622,1298.0,0.463753859,120.0,-0.046074,-0.000711688
ZNHIT2,49.0,0.440612513,85.0,-0.45495,-0.82624547
ZNHIT3,419.0,0.425204303,73.0,-0.044067,-0.122850661
ZWINT,4585.0,0.411772707,37.0,-0.496476,-0.143042248
