,3prime,tAI,max_5_UTR_length,TCGA-AO-A126,TCGA-AO-A126.1
AAK1,17874.0,0.380718848,505.0,-0.548089,-0.126219809
AATF,207.0,0.367011205,251.0,0.457143,-0.044616302
ABCC1,1793.0,0.393368456,175.0,-0.628984,-0.174949688
ABCF3,5726.0,0.387768135,869.0,0.02336,-0.005674962
ABHD12,654.0,0.374654709,279.0,0.441158,0.032708762
ABR,2562.0,0.39474042,600.0,-0.639898,-0.15606395
ABT1,2092.0,0.423473096,40.0,0.3772,0.054593054
ACADVL,176.0,0.46877374,457.0,-0.094583,-0.061511393
ACBD6,155.0,0.433964845,621.0,0.604446,-0.082309559
ACIN1,584.0,0.404933544,328.0,0.084516,0.145470323
ACO1,4661.0,0.37721508,227.0,-0.022484,0.495578874
ACOT11,1220.0,0.392289045,176.0,-1.32627,-0.652670618
ACOT9,4514.0,0.358892202,225.0,0.141123,-0.205191819
ACP2,814.0,0.411581374,548.0,-0.138819,-0.299901451
ACSF2,1484.0,0.405139059,501.0,0.559313,0.486623366
ACSL1,1530.0,0.417966714,990.0,-1.109613,-0.764930734
ACSL5,1022.0,0.380976548,307.0,-1.141862,-1.067511975
ACTB,613.0,0.469768794,192.0,0.794229,-0.115619088
ACTL6A,452.0,0.409046191,387.0,-0.610774,-0.057498085
ACTR1A,3151.0,0.432463663,108.0,0.598611,0.321132301
ADA,312.0,0.444091501,440.0,0.39221,-0.243491993
ADD1,1928.0,0.439806775,863.0,0.185405,0.44976626
ADPRH,2067.0,0.380088169,541.0,-0.195752,-0.313762109
ADSSL1,320.0,0.393141878,776.0,1.042397,0.079520488
AGAP3,508.0,0.436856677,1584.0,-0.235168,-0.203071034
AHNAK,842.0,0.382138706,300.0,-1.197472,0.196371256
AHSA1,225.0,0.374296292,431.0,0.224578,-0.246835474
AIF1,121.0,0.4069451,222.0,0.65822,-0.693185459
AIFM2,1911.0,0.447982482,217.0,1.016576,0.046805177
AK1,1528.0,0.389481519,153.0,0.674807,0.385312505
AK2,2893.0,0.384271636,345.0,0.305302,0.217002086
AKR1C2,3804.0,0.449591167,413.0,-2.505456,-1.155768109
AKR7A2,10996.0,0.385600504,22.0,0.982243,0.547281649
ALDH18A1,838.0,0.380333742,511.0,0.095044,-0.355394799
ALDH3A2,2525.0,0.42484639,221.0,0.020003,-0.136437023
ALDH6A1,4647.0,0.38708374,724.0,-1.400197,0.50488719
ALG1,2498.0,0.432230555,181.0,-0.129089,0.396250705
ALG5,380.0,0.362014155,67.0,-0.424082,-0.200507531
ALG9,4217.0,0.365461171,1107.0,-0.299173,0.270617899
ALOX5AP,976.0,0.392577632,248.0,-0.986208,-0.173483217
AMBRA1,1041.0,0.36170155,362.0,0.308421,-0.135140581
AMPD2,903.0,0.389224108,566.0,0.286061,0.172437595
AMPD3,1695.0,0.423686063,472.0,-0.635941,-0.70725743
ANAPC13,1361.0,0.393644021,731.0,0.384046,-0.068197252
ANAPC5,235.0,0.390209877,197.0,0.097727,0.141674998
ANKLE2,1737.0,0.418251419,90.0,-0.33868,-0.007961031
ANKRD16,135.0,0.465649334,543.0,0.319035,0.367452724
ANXA2,496.0,0.429738522,160.0,0.265079,0.184530619
ANXA5,1441.0,0.418050335,165.0,0.369873,0.086445382
AP1B1,1153.0,0.424070668,187.0,-0.052824,-0.051262214
AP1M1,914.0,0.463388599,173.0,0.565281,-0.038166258
APIP,427.0,0.433104693,127.0,0.350862,0.7351595
APOBEC3B,339.0,0.43450554,55.0,0.618763,-0.355120683
APOBEC3C,1979.0,0.381716897,103.0,-0.849608,-0.876083968
APOBEC3G,322.0,0.410940579,404.0,0.321536,-1.09188553
APOL2,1195.0,0.42932248,477.0,0.298384,-0.371969718
ARF6,2971.0,0.462806813,621.0,-0.052027,0.711352561
ARFIP2,2430.0,0.403729309,291.0,1.940493,0.990752101
ARHGAP17,2624.0,0.371011524,117.0,-0.00346,-0.226796403
ARHGAP30,773.0,0.384451823,645.0,-0.634776,-0.260731292
ARHGEF10,1378.0,0.370244255,202.0,-0.345826,-0.163539761
ARID2,3145.0,0.362288628,128.0,-0.427108,0.132854638
ARID3A,3881.0,0.411693449,290.0,-0.039261,-0.137904399
ARIH2,3112.0,0.397061561,878.0,-0.515257,-0.226937033
ARL8A,1065.0,0.409602486,171.0,-0.551204,-0.440584778
ARRB1,6041.0,0.39512759,224.0,1.261211,0.828360838
ASF1B,950.0,0.395794233,172.0,0.505364,-0.441541263
ASS1,1357.0,0.394201053,356.0,-1.842401,-1.51455188
ATPAF1,3039.0,0.439253133,510.0,0.359292,-0.337419952
ATRIP,162.0,0.417082642,462.0,0.018947,-0.120291324
B4GALT7,4483.0,0.433879574,93.0,0.723391,-0.061287426
BAG1,2764.0,0.431693656,501.0,0.582229,0.629439098
BAG3,537.0,0.387438444,306.0,1.694523,0.968736057
BASP1,971.0,0.520859146,259.0,0.263228,0.355302722
BBS7,1531.0,0.408023089,184.0,-0.352261,0.14259749
BCAT2,364.0,0.445598481,657.0,1.049178,-0.23237116
BCKDHB,3082.0,0.419736544,88.0,-0.610748,0.343041024
BCL2,5279.0,0.374049285,493.0,1.417349,0.942952561
BCL2L13,4109.0,0.411790332,769.0,0.085736,0.402764323
BID,4193.0,0.428633517,498.0,0.523082,-0.248402847
BLVRA,3376.0,0.414260839,177.0,0.315475,0.012432505
BOLA2,40.0,0.43059393,513.0,0.169726,-0.439737947
BOLA3,383.0,0.406657227,38.0,0.686785,-0.239518064
BRD2,787.0,0.377809737,2066.0,-0.054228,-0.050641667
BRD3,3285.0,0.401150236,188.0,-0.45304,0.121352783
BSPRY,1091.0,0.380011644,48.0,0.487324,0.316768711
BST2,411.0,0.444557266,81.0,0.113311,0.883833395
BUB3,1535.0,0.421992618,242.0,0.587947,-0.05431884
C1QB,152.0,0.436596666,340.0,0.331807,-0.665667559
C1QC,327.0,0.41150294,283.0,0.294405,-0.807612335
C2CD3,671.0,0.360398895,227.0,0.106345,0.278293063
C3,5088.0,0.430632158,93.0,-0.627439,-0.210495026
CAP1,1134.0,0.406948565,416.0,-0.543912,-0.428596116
CAPN1,720.0,0.455130071,197.0,-0.785574,-0.192035134
CAPRIN1,5632.0,0.374918508,189.0,-0.203139,0.423696499
CAPZB,5180.0,0.446052528,622.0,1.529433,0.275461259
CARD16,437.0,0.41300235,27.0,0.14445,-1.386329742
CARHSP1,4898.0,0.362100245,360.0,0.575291,-0.261278998
CASC3,1778.0,0.370720542,295.0,-0.361141,0.112054238
CASP1,750.0,0.424742838,44.0,-0.940224,-1.020487168
CASP8,1794.0,0.376118708,303.0,-0.581765,-0.298756266
CAT,629.0,0.397270122,89.0,-1.615362,-0.490949392
CBL,8368.0,0.375957197,142.0,-1.303851,-0.390931928
CBLL1,3286.0,0.400851504,467.0,-0.078751,0.147682019
CBR3,54.0,0.445176236,228.0,-0.419025,-0.852004412
CBS,4385.0,0.477784031,626.0,-1.879949,-1.040247104
CBX5,10815.0,0.390902295,318.0,0.27259,0.179974735
CBX8,2504.0,0.36735217,118.0,0.001701,0.019404509
CCDC115,2169.0,0.385110507,452.0,0.857357,-0.326401452
CCDC58,2462.0,0.421830022,75.0,0.585843,0.192484784
CCDC88C,1302.0,0.396031427,154.0,0.701413,0.578509218
CCL5,886.0,0.462166288,68.0,0.818247,-0.578772577
CCNA2,1206.0,0.409154498,373.0,-0.719696,-0.660549824
CCNB2,168.0,0.374401461,184.0,-0.148791,-1.078408332
CCNDBP1,2336.0,0.44393643,231.0,-0.313348,-0.200580697
CCS,4244.0,0.460896681,43.0,1.579973,0.291255646
CCT3,238.0,0.457984718,231.0,-0.392854,-0.028291564
CCT4,1361.0,0.393363555,164.0,-0.371267,0.070000227
CD14,128.0,0.416321757,392.0,1.011063,-0.346393457
CD209,3046.0,0.440000747,67.0,-0.012624,-0.92471626
CD36,2894.0,0.410517795,414.0,-3.22209,-0.784001516
CD44,3115.0,0.39995987,434.0,1.222002,1.044653735
CD63,923.0,0.512738356,403.0,0.688743,-0.22328527
CD74,635.0,0.427357309,187.0,0.936132,-0.824840262
CDC25C,437.0,0.364786128,387.0,-0.058614,-0.361058737
CDC26,271.0,0.395637029,359.0,-0.095181,0.197803084
CDC34,560.0,0.46431386,199.0,0.731792,-0.081325601
CDC42EP3,3941.0,0.420378821,1009.0,-0.167974,-0.220650262
CDCA8,1353.0,0.384295288,290.0,-0.346078,-0.732924607
CDIPT,1864.0,0.442654716,541.0,0.430935,0.192935252
CDK1,2313.0,0.398329505,154.0,-0.447587,-0.624932265
CDK19,4557.0,0.421511824,180.0,-0.298756,-0.598287883
CDK2AP1,766.0,0.439144625,522.0,0.854906,-0.10982612
CDK5RAP2,367.0,0.371069462,192.0,0.271928,0.257347554
CDK5RAP3,284.0,0.469750898,1791.0,0.405851,-0.35481813
CDKAL1,1365.0,0.417875209,167.0,0.377119,-0.201685775
CDKN2AIPNL,3639.0,0.409801696,53.0,0.603014,-0.110803051
CDKN2C,2247.0,0.381912025,1216.0,0.782761,-0.22512412
CENPH,1478.0,0.418392258,87.0,0.676009,-0.456500465
CENPV,301.0,0.385948267,62.0,-2.023552,-0.483126722
CETN2,868.0,0.433727498,47.0,0.454049,-0.310679238
CFL1,677.0,0.502791,234.0,0.037555,-0.389653741
CHCHD4,3528.0,0.445497334,326.0,0.071017,-0.206287085
CHMP4A,296.0,0.447100154,262.0,0.644797,0.062009653
CHMP5,1241.0,0.442987983,200.0,-0.899401,0.378212327
CHMP6,980.0,0.489861105,78.0,0.914648,0.325457709
CHTF8,2425.0,0.424551152,142.0,-1.101268,-0.494568531
CIAPIN1,1024.0,0.451663323,242.0,-0.207968,-0.080186528
CISD2,5376.0,0.433298698,107.0,-0.057103,0.237301121
CKAP4,2872.0,0.386259817,84.0,0.179022,-0.142439688
CKS2,300.0,0.317949998,98.0,0.586018,-0.330666493
CLCC1,5185.0,0.369704467,150.0,-0.192719,0.466197937
CLCN7,1698.0,0.459147749,110.0,0.339196,-0.035885398
CLIC1,290.0,0.4571302,573.0,0.390763,-0.108682338
CLK3,1233.0,0.4268607,461.0,0.376403,0.109178524
CLPTM1,458.0,0.383990827,351.0,0.34629,-0.279428634
CLTA,288.0,0.450950874,514.0,0.91647,0.005689927
CLTB,319.0,0.48548545,210.0,1.272652,0.207242411
CLTC,3104.0,0.384957863,443.0,-0.865263,0.08272118
CNBP,6850.0,0.433298698,206.0,0.32501,0.546301847
CNPY2,123.0,0.392778455,553.0,0.561965,-0.102978912
CNPY3,1042.0,0.459231502,584.0,1.062774,-0.145070454
COG3,1967.0,0.414689223,142.0,-0.893727,0.033526092
COMMD1,306.0,0.423842833,138.0,1.193448,0.19050711
COMMD3,431.0,0.360487018,35.0,0.490544,-0.02503192
COMMD5,498.0,0.445713337,399.0,0.262251,0.130471479
COMMD6,1375.0,0.396967837,328.0,0.264275,0.248555275
COMMD9,2340.0,0.418062772,89.0,1.361612,0.200201481
COPB1,446.0,0.381738818,307.0,-0.299512,0.057791351
COPE,165.0,0.478760693,55.0,0.747719,-0.102542785
COQ6,671.0,0.374062527,159.0,1.045934,0.259199021
COQ7,5700.0,0.42379098,133.0,-0.170665,0.07327222
CORO1A,112.0,0.457388252,435.0,0.462126,-0.844296943
COX17,1735.0,0.484254073,86.0,0.474423,-0.197880039
COX5A,860.0,0.429944966,140.0,0.934149,-0.123440649
COX7A2,302.0,0.441893926,98.0,0.282217,0.065341024
CPM,5262.0,0.406054343,75.0,0.191973,-0.473689135
CPSF4,923.0,0.452412439,277.0,0.242722,0.135567447
CPT1A,2761.0,0.374132033,170.0,-0.52917,0.160479012
CPT2,602.0,0.431256564,515.0,-0.420603,0.007067135
CRCP,8457.0,0.390198146,145.0,-0.110366,-0.064934845
CRKL,3904.0,0.422225684,509.0,0.478818,0.063514206
CRTAP,5601.0,0.446308827,120.0,0.01594,-0.290097663
CRTC3,3205.0,0.355982524,186.0,0.323126,-0.014827757
CRY2,2337.0,0.383442872,132.0,1.047347,0.537105665
CRYL1,462.0,0.386242786,79.0,0.539596,0.67612862
CSRP1,1183.0,0.493833101,217.0,0.101387,-0.342037439
CST3,2762.0,0.475763324,186.0,1.117616,-0.007323753
CSTF2,1931.0,0.372934478,58.0,-1.398794,0.137637038
CTBP1,800.0,0.464034004,393.0,0.662982,0.100995578
CTNNA1,1216.0,0.412513324,1103.0,-0.409524,0.610879609
CTNNB1,1106.0,0.432073699,448.0,-1.154525,0.464267571
CTNNBIP1,2448.0,0.394834327,307.0,0.251852,0.024950555
CTPS2,1870.0,0.416273085,744.0,-0.412209,-0.050900909
CTSG,119.0,0.369503415,37.0,2.10781,-0.742401746
CTSH,1072.0,0.446467856,1192.0,0.747515,-0.114941814
CUEDC1,2047.0,0.374410739,719.0,-0.937008,0.013883268
CUX1,1040.0,0.395555213,127.0,0.118207,-0.023333429
CXCL10,814.0,0.410287201,105.0,-0.445974,-2.680631346
CYBB,2544.0,0.418993019,61.0,-0.818235,-0.533517138
CYP2S1,1051.0,0.420869286,58.0,1.796865,1.352772136
DAB2,1757.0,0.368483127,531.0,0.201244,-0.244278837
DAGLB,721.0,0.377719723,170.0,-0.217076,0.205319264
DAP3,768.0,0.366492687,184.0,-0.308072,-0.129318307
DAPP1,2082.0,0.348655603,90.0,-3.010817,-0.107304625
DBI,233.0,0.467027529,479.0,0.065328,0.295827436
DCAF12,1967.0,0.42050769,342.0,-0.390948,-0.153523139
DCAF8,1877.0,0.380310979,212.0,-0.117835,0.064539659
DCP1A,4153.0,0.411936399,381.0,-1.180869,-0.290560751
DCPS,4731.0,0.375605648,329.0,0.657388,0.361861633
DCTN5,10597.0,0.443116252,177.0,-0.441386,0.227649571
DDAH2,653.0,0.361046801,1104.0,1.845092,0.622082886
DDB2,1223.0,0.43604051,195.0,-0.203398,-0.287009054
DDX23,713.0,0.445931172,91.0,-0.745581,-0.175151911
DDX31,1870.0,0.361830896,544.0,-0.515776,-0.232525136
DDX47,438.0,0.379294484,22.0,-0.390517,-0.145688568
DDX54,1704.0,0.467316231,28.0,0.003992,-0.271842047
DDX56,586.0,0.438032149,643.0,0.211688,0.202682938
DDX59,217.0,0.413095257,243.0,-0.714065,-0.228141701
DHODH,3463.0,0.371608285,21.0,0.007515,0.076938411
DHPS,121.0,0.474111752,121.0,0.466644,-0.237887377
DHX15,459.0,0.379133957,168.0,-1.071163,0.026037017
DHX34,591.0,0.384465978,349.0,0.077376,-0.333696458
DHX58,357.0,0.440330409,223.0,0.461507,-0.666814931
DIABLO,719.0,0.425893605,1182.0,0.422704,0.386150087
DMAP1,63.0,0.471306,301.0,0.840791,0.123520482
DMXL2,1274.0,0.389901613,225.0,-0.6047,0.038788361
DNAJA4,1736.0,0.398301408,169.0,-0.703238,-0.325752528
DNAJC19,1326.0,0.403482491,259.0,0.777739,-0.386088875
DNAJC25,1212.0,0.430964931,56.0,-0.254096,0.466518914
DNAJC8,969.0,0.416719859,33.0,0.703006,0.045460219
DNM1,1255.0,0.393835111,116.0,1.231225,0.074454934
DNTTIP2,3564.0,0.408096853,58.0,-0.169214,-0.002926553
DOCK11,3681.0,0.373818855,63.0,-1.197442,-0.227038004
DOCK2,524.0,0.446250827,52.0,-1.106785,-0.679891473
DOK2,438.0,0.384043737,481.0,-0.099483,-0.849024979
DPCD,197.0,0.459155016,389.0,1.233993,0.397960372
DPF2,2501.0,0.393394442,133.0,-0.447104,0.06956443
DPH1,1310.0,0.448716064,341.0,-0.156699,-0.326335483
DPH5,784.0,0.413363166,165.0,0.705134,0.124608136
DPY30,562.0,0.438431353,279.0,0.68724,-0.031564305
DPYSL2,2472.0,0.430530829,431.0,0.002302,-0.206302198
DRAP1,142.0,0.432809908,245.0,0.975088,-0.061408944
DRG1,4594.0,0.444150091,131.0,0.82542,0.040111174
DSN1,5330.0,0.392894937,373.0,-0.251978,-0.091693487
DSTN,2786.0,0.375776803,438.0,0.033913,0.336045936
DTL,2265.0,0.372315747,921.0,-1.559937,-0.454077386
DTX3L,3456.0,0.408848169,89.0,-0.300178,-0.225128041
DUSP12,374.0,0.419884133,34.0,-0.412801,-0.399031442
DUT,1937.0,0.36471409,109.0,0.201575,-0.016137426
DYNLT1,514.0,0.420362019,78.0,0.842307,-0.189613068
EBAG9,1437.0,0.39438748,402.0,0.123759,0.204118953
ECH1,191.0,0.389477111,85.0,0.926873,0.173765965
ECHDC2,2269.0,0.400166641,752.0,1.472998,0.811294968
ECM1,322.0,0.43792189,199.0,0.902389,-0.31946835
EDEM2,76.0,0.379021051,100.0,0.079355,0.022783747
EEA1,5374.0,0.405861636,265.0,-0.923762,0.117284292
EEF1A2,286.0,0.417272363,329.0,-0.691429,-0.635793049
EFTUD2,1331.0,0.444646836,398.0,-0.348555,-0.118580489
EHD1,3363.0,0.446314898,447.0,0.485105,-0.147636547
EIF2AK2,8063.0,0.394727306,557.0,-1.085365,-0.281404249
EIF2B3,1058.0,0.383118637,239.0,-0.121377,0.022531222
EIF3F,5840.0,0.435728237,33.0,1.546317,0.043469292
EIF3L,1718.0,0.380710116,245.0,0.711801,0.174486839
EIF4A3,1120.0,0.381528282,222.0,0.266966,0.166738075
ELAVL1,4910.0,0.437605432,167.0,0.431044,0.164485417
EMG1,248.0,0.433768095,143.0,0.493861,-0.18514127
EMILIN2,2605.0,0.379592019,159.0,-0.887582,-0.778476696
ENDOD1,7728.0,0.376426787,118.0,-1.676564,-0.138712896
ENOSF1,2904.0,0.382279782,622.0,0.98949,0.743207158
ENY2,2576.0,0.41756619,146.0,0.280157,-0.113044683
EPSTI1,2106.0,0.391777705,469.0,-1.444618,-0.209548665
ERCC1,2342.0,0.45058755,188.0,1.164547,0.111304368
ERCC6L,4809.0,0.354829683,623.0,-1.009118,-0.345391066
ERH,415.0,0.383837906,71.0,1.176225,0.19074852
ERLIN1,2041.0,0.444737514,478.0,-0.454135,0.118607663
ERP29,1277.0,0.401191178,118.0,0.369782,-0.183270937
ETV6,4356.0,0.398240844,274.0,0.469306,0.165770178
EXOC4,1232.0,0.388187525,35.0,-0.20556,0.107254801
EXOC8,6907.0,0.436106501,127.0,-0.594117,0.164086874
EXOSC1,536.0,0.430105347,451.0,0.982779,-0.106825834
EXOSC2,3902.0,0.431273517,32.0,-0.322306,-0.210150192
F8A1,571.0,0.46317284,15.0,1.100795,-0.046477843
FAAH,2043.0,0.384592892,82.0,1.596133,0.775986356
FAF1,4425.0,0.401181969,453.0,0.251005,-0.083550702
FAM122A,4542.0,0.40477622,33.0,-0.082059,0.118192277
FAM168A,6285.0,0.395008865,285.0,-1.274299,0.678763501
FAM177A1,2165.0,0.411149627,459.0,-0.295857,-0.009409151
FAM192A,1824.0,0.379195199,1475.0,-0.028429,-0.002304443
FAM20B,4428.0,0.4357945,293.0,-1.015507,0.112798024
FAM32A,1091.0,0.408676074,42.0,0.34472,0.16260523
FAM50A,286.0,0.482889735,110.0,1.122189,-0.086088601
FBP1,248.0,0.397353747,331.0,2.241403,0.97213673
FBXL20,9338.0,0.383104745,254.0,-0.824985,0.040079083
FBXO4,526.0,0.393825218,58.0,0.37024,0.20355181
FBXO6,503.0,0.42307306,166.0,0.943597,0.684453135
FCER1G,305.0,0.4202976,25.0,0.947122,0.275881453
FCGRT,309.0,0.433069976,486.0,0.961007,0.47044118
FDPS,72.0,0.456397562,392.0,-0.692645,-0.648682933
FDXR,596.0,0.384661194,188.0,0.655875,-0.197089469
FEN1,1340.0,0.407867196,413.0,-1.007219,-0.572438001
FERMT3,399.0,0.435119014,149.0,0.275432,-0.776079959
FGD2,907.0,0.441856308,171.0,-0.44681,-0.428888801
FGFR1OP2,1663.0,0.396595515,353.0,-0.576833,-0.20236738
FGL2,3460.0,0.40966218,40.0,-0.877771,-0.880863651
FKBP1A,1132.0,0.428443098,174.0,0.290069,0.07055574
FKBPL,24.0,0.377510344,270.0,0.159562,0.055164008
FLOT1,422.0,0.472159534,339.0,0.995086,-0.016514654
FN3K,442.0,0.389857108,61.0,1.434957,0.276153034
FN3KRP,3667.0,0.380720834,50.0,0.266862,0.421430171
FOXJ3,3176.0,0.401878681,312.0,-0.111753,0.191454535
FOXK2,3108.0,0.440496276,171.0,-0.307511,-0.103083093
FOXRED1,443.0,0.438630908,167.0,1.046719,0.13145929
FSCN1,1184.0,0.396100853,132.0,1.452352,-0.140622472
FTH1,530.0,0.425357612,235.0,-0.023595,-0.168759952
FTL,1031.0,0.428438948,199.0,0.330425,-0.089008073
FTSJ1,638.0,0.457521275,569.0,0.631012,-0.102078158
FTSJ3,698.0,0.388239396,646.0,-0.577328,0.180863405
FXN,6365.0,0.40465004,220.0,0.274927,-0.177905137
GABARAPL2,564.0,0.431291441,136.0,0.064781,-0.788627944
GABPB1,1320.0,0.423118524,469.0,-0.130735,0.381811882
GALK1,292.0,0.455574511,63.0,0.348707,-0.005065123
GANAB,989.0,0.425909644,1027.0,-0.943317,-0.317752379
GAS6,315.0,0.393865445,183.0,2.491128,0.35580683
GAS7,6619.0,0.423630168,311.0,-0.143616,-0.036048403
GBE1,708.0,0.404013874,283.0,-0.725052,-0.04098587
GBP1,1735.0,0.42614962,220.0,0.014203,-1.100842588
GBP2,5058.0,0.440134196,314.0,-0.526039,-0.742450006
GBP4,4106.0,0.42983554,116.0,-0.973117,-0.970158483
GBP5,1753.0,0.421901204,537.0,0.192195,-1.114580027
GCH1,2011.0,0.419329122,161.0,-1.0574,-0.650779595
GFOD2,622.0,0.396604754,295.0,0.328545,0.027934472
GGA2,5408.0,0.377812588,83.0,-0.55616,-0.047177512
GGCX,5211.0,0.417836117,106.0,-0.450951,0.194026723
GIGYF1,2212.0,0.443456438,1210.0,0.755168,-0.007411963
GINS3,1415.0,0.387351931,208.0,-1.092166,-0.893442584
GLA,1699.0,0.378726947,110.0,0.414343,-0.33422912
GLE1,1357.0,0.383457083,114.0,-0.249895,0.221059403
GLRX,1188.0,0.430296645,211.0,-0.793454,-1.162243967
GLRX3,3557.0,0.41418463,539.0,-0.138144,-0.214193764
GLUD1,1558.0,0.392454008,1132.0,0.784975,0.701310833
GLYR1,2033.0,0.39940414,57.0,-0.592547,0.15584596
GMEB1,4582.0,0.43446142,142.0,-1.043721,0.019852082
GMPPA,198.0,0.434966364,375.0,0.468153,-0.033643537
GMPR,3984.0,0.435743929,114.0,0.89912,-0.21721397
GMPR2,464.0,0.453637396,704.0,0.089284,0.463978023
GNAI1,1947.0,0.435804474,356.0,-0.35747,-0.653845404
GNG7,3803.0,0.398730372,237.0,1.032453,0.577738776
GNPDA1,1360.0,0.395964134,67.0,0.187076,0.090655788
GOLGA2,1243.0,0.401070546,13.0,0.108824,-0.000796564
GON4L,926.0,0.418089888,175.0,-0.837629,0.48608993
GOSR1,5968.0,0.408103421,237.0,-0.061355,0.1875283
GOSR2,3258.0,0.374298057,541.0,-0.472866,0.284203909
GOT2,1054.0,0.444803236,129.0,0.745523,0.688050572
GPS2,97.0,0.431122181,76.0,0.690779,-0.1313373
GPX7,626.0,0.395840774,39.0,0.562716,-0.275865771
GRAMD1A,299.0,0.411657297,748.0,-0.081009,-0.231920412
GRB2,2292.0,0.4413596,358.0,0.99394,0.231819966
GSTM4,2467.0,0.390909061,314.0,1.691944,0.622912762
GTF2A2,1070.0,0.420716795,404.0,0.667046,-0.082959897
GTF2E2,604.0,0.365750105,273.0,-0.475209,-0.653090498
GTF3C2,932.0,0.372227001,397.0,-0.180777,0.063689352
GTPBP1,2894.0,0.424954603,154.0,0.02444,-0.042935239
GTPBP3,1032.0,0.436547413,95.0,0.243093,-0.022403902
GTSE1,680.0,0.368527868,212.0,0.105687,0.203417092
HADH,818.0,0.383558671,219.0,-0.324353,0.00380378
HADHA,615.0,0.383558671,130.0,0.169626,0.008934849
HAUS5,3319.0,0.378752573,51.0,-0.171952,-0.216199551
HAUS8,346.0,0.37535995,111.0,0.278929,-0.307634346
HCCS,1274.0,0.398607648,275.0,-0.458846,-0.215559135
HCK,337.0,0.440224323,364.0,-0.470826,-0.560832964
HDAC1,591.0,0.390040122,63.0,0.670649,0.256493254
HDDC3,763.0,0.387287166,29.0,0.283409,0.148154919
HDGF,1342.0,0.465394593,322.0,-0.103541,0.09787439
HDLBP,2343.0,0.397687311,375.0,-0.311797,-0.022069839
HEATR3,1385.0,0.384091545,883.0,-0.991226,-0.307834466
HEBP2,9119.0,0.359416339,297.0,1.127684,0.32736522
HECA,3704.0,0.443714129,285.0,-0.221845,-0.097124018
HECTD3,3914.0,0.446742268,98.0,0.370013,-0.326864464
HERC2,726.0,0.429958504,109.0,-0.421203,0.01645365
HERC5,379.0,0.393838904,153.0,-0.92074,-0.28257052
HERC6,651.0,0.398146132,183.0,-1.278204,-0.510269188
HIP1,4874.0,0.430847644,52.0,-1.118532,0.052670901
HLA-A,4150.0,0.424443523,84.0,0.371748,-0.289990764
HLA-C,420.0,0.421684519,65.0,0.124877,-0.283332408
HLA-DRA,409.0,0.420807891,109.0,0.150945,-0.867424822
HLA-E,1459.0,0.413523771,126.0,-0.316433,-0.310897085
HLA-F,121.0,0.407256461,124.0,0.014365,-1.545271986
HMBOX1,3560.0,0.369177113,482.0,-1.74319,-0.601081181
HMBS,266.0,0.451934812,299.0,-0.130361,-0.473068404
HMGB2,3775.0,0.450826504,193.0,0.452242,-0.046880684
HMGCS1,3661.0,0.374424323,345.0,-1.114342,-0.551832667
HMOX1,616.0,0.436401717,107.0,0.071538,-0.620912906
HNRNPA0,7504.0,0.386421138,284.0,0.417105,0.131178763
HNRNPD,1688.0,0.420386111,318.0,0.407144,0.236679675
HNRNPL,1102.0,0.449817015,176.0,0.29241,0.05071241
HNRNPU,4156.0,0.432126199,218.0,-0.409503,-0.047597669
HNRNPUL1,2135.0,0.394022965,339.0,0.199574,0.285599836
HNRNPUL2,2674.0,0.436897081,229.0,-0.950668,-0.1151859
HSBP1,3274.0,0.4454546,174.0,0.229402,0.228258893
HSD17B7,398.0,0.431983247,99.0,-0.550827,-0.142320796
HSP90AB1,313.0,0.39509298,251.0,-0.405985,-0.124229199
HSPA1L,428.0,0.464100714,183.0,0.601441,1.123710969
HSPA4L,7877.0,0.413794867,342.0,-2.424206,-0.317257704
HSPB11,107.0,0.34538245,284.0,0.637106,-0.013831622
HTRA2,571.0,0.421976635,602.0,0.677698,0.23047002
HTT,3901.0,0.373695076,145.0,-0.45973,-0.004503996
HUS1,2068.0,0.374612864,131.0,-0.317836,-0.0833944
HYI,310.0,0.378597605,196.0,1.368511,0.355043114
HYOU1,1409.0,0.403839016,234.0,-1.311333,-0.661309291
ICAM1,1537.0,0.426062071,319.0,-0.687928,-1.091392094
IER3IP1,3342.0,0.438740024,97.0,0.144713,-0.004865418
IFI16,254.0,0.415211655,290.0,-0.114873,-0.467855028
IFI30,213.0,0.431523306,62.0,-0.085685,-0.759326428
IFI35,160.0,0.418462024,223.0,0.680276,-0.764078968
IFI44,267.0,0.403888008,124.0,-0.734838,-1.140125993
IFI44L,5058.0,0.403608012,200.0,-0.790065,-1.106895349
IFIH1,121.0,0.412344512,377.0,-1.028446,-0.424239002
IFIT1,2775.0,0.411248073,495.0,-0.189268,-0.954777156
IFIT2,1901.0,0.420797646,175.0,-0.642372,-1.004278717
IFIT3,843.0,0.417440574,529.0,-0.589068,-1.208784567
IFIT5,2354.0,0.414819429,231.0,-0.461986,-0.317951508
IFITM1,159.0,0.431550176,180.0,1.019706,-0.478681755
IFT27,109.0,0.4030938,426.0,0.843354,-0.02701801
IGFBP3,1605.0,0.43060006,132.0,1.561755,0.064509824
IGFBP7,558.0,0.392734536,34.0,1.350864,-0.352512736
IL16,3965.0,0.367979445,2395.0,0.290626,-0.768525971
IL17RA,5874.0,0.376798811,133.0,-1.395313,-0.177463841
IL1RN,1145.0,0.411881061,408.0,1.589712,1.440974136
IL4I1,16.0,0.4139018,621.0,0.772034,-1.014268082
ILF2,656.0,0.426220446,239.0,-0.495844,0.104705318
IMPA2,2898.0,0.383680893,242.0,-1.803107,-0.519098292
INO80,5209.0,0.374025479,351.0,-0.462879,-0.727336727
INPP1,263.0,0.395712795,700.0,0.471789,-0.293747009
INPP5D,1195.0,0.436077769,512.0,-0.18585,-0.583712174
INSR,4801.0,0.380857973,411.0,-0.096388,0.137153696
IPO5,2508.0,0.381335948,180.0,-0.695941,-0.088819568
IRF7,92.0,0.423538356,367.0,1.417174,-0.253790285
IRF8,1327.0,0.384714127,507.0,-1.804192,-0.205841818
IRF9,369.0,0.432057622,127.0,0.22638,-0.20004179
IRGQ,7659.0,0.399674011,156.0,0.150921,-0.10094041
ISCU,607.0,0.454630229,1331.0,0.303459,-0.020443737
ISG15,62.0,0.419522688,77.0,0.72596,-1.084485325
ISG20,952.0,0.419932377,2368.0,0.262351,-0.681127454
ISOC1,1056.0,0.418535314,18.0,-0.591726,0.046475146
ITGB2,415.0,0.457304004,395.0,0.364279,-0.494670511
ITPKB,2981.0,0.440250717,340.0,0.174999,-0.009323415
JUNB,496.0,0.414023332,276.0,1.1969,-0.275493882
JUP,157.0,0.458302936,298.0,0.931012,0.84101686
KANK2,2291.0,0.394238955,361.0,0.882147,0.227047008
KARS,4202.0,0.383913431,144.0,-0.239783,-0.449328266
KDM1A,327.0,0.428444011,149.0,0.220088,0.088053397
KDM2A,3716.0,0.372295488,864.0,0.599595,0.040536999
KDM2B,2488.0,0.393022165,407.0,-0.271212,0.018129749
KDM3B,1327.0,0.37791414,200.0,-0.626939,0.14624661
KDM4A,1148.0,0.378142374,166.0,-0.049076,-0.027092111
KHSRP,1024.0,0.456900489,110.0,0.242605,0.212638847
KIAA2013,727.0,0.385456054,191.0,0.354031,0.028780953
KIF20A,757.0,0.371463873,496.0,-0.259569,-0.934723039
KIF22,75.0,0.392489541,388.0,0.456287,-0.491854069
KIF2C,588.0,0.387865377,395.0,-0.373711,-1.111960736
KIF3B,3792.0,0.390782105,180.0,-0.225681,0.025831602
KIF3C,2392.0,0.403852971,657.0,-0.359557,0.096247404
KIF5B,3198.0,0.418236129,470.0,-1.170675,0.242598684
KTI12,594.0,0.370414154,39.0,0.269445,-2.58e-05
LAMP1,1311.0,0.390985106,281.0,0.574423,0.106882982
LANCL2,2422.0,0.433733517,578.0,0.030313,-0.26694288
LAP3,503.0,0.426841798,162.0,-1.285014,-1.290294698
LDHD,1826.0,0.398770776,52.0,0.489208,0.104583549
LENG1,560.0,0.445950324,48.0,0.220411,0.101018077
LGALS3,159.0,0.420172221,88.0,-0.475556,-0.245462788
LGALS3BP,1225.0,0.419930622,179.0,-0.107316,-0.815647066
LGALS9,641.0,0.410654931,118.0,-0.153099,-0.673365246
LIN54,4893.0,0.441729058,383.0,-0.538261,-0.10964341
LPCAT1,2228.0,0.380803123,133.0,-0.501232,0.081588612
LPXN,1776.0,0.432350833,254.0,-0.32468,-1.073056975
LRPPRC,2376.0,0.377375074,58.0,-0.761445,-0.212246814
LRRC25,843.0,0.434491636,642.0,0.36182,-0.801321774
LRRC41,465.0,0.438391248,44.0,0.012491,0.322064442
LRRC59,1755.0,0.423067849,236.0,-0.497722,-0.258888147
LSM1,486.0,0.409616526,410.0,-0.343036,-0.346193114
LSM6,1871.0,0.435100303,139.0,0.325252,0.002939197
LTA4H,391.0,0.355044638,145.0,0.719235,0.402035443
LYN,4058.0,0.418972994,282.0,-0.46589,-0.769272911
LYPLAL1,1137.0,0.3973742,157.0,-0.06788,0.206152271
LYRM4,6830.0,0.366844497,217.0,0.921494,0.16107372
LYSMD2,596.0,0.394037378,501.0,0.052747,-0.528328752
M6PR,1457.0,0.379162834,275.0,-0.207962,0.293082231
MAD2L1,4528.0,0.407191351,124.0,-1.364035,-0.223271266
MAGED2,327.0,0.466698843,233.0,1.432773,0.762762948
MAGOH,153.0,0.416054235,162.0,0.918101,-0.144298571
MAN2B1,128.0,0.381728903,76.0,0.21504,-0.286043473
MANF,717.0,0.420319188,97.0,-0.450103,-0.52955212
MAP4K1,170.0,0.374128007,140.0,0.29881,-0.795808967
MARCKSL1,768.0,0.468216312,206.0,0.994376,0.487951277
MAX,2676.0,0.337149475,479.0,0.592708,0.148516011
MBD2,3723.0,0.420256858,229.0,0.404912,-0.156552851
MBP,4041.0,0.393290432,264.0,-1.21346,-0.716735537
MCM2,662.0,0.460999542,110.0,-0.636395,-0.461972777
MCM4,2618.0,0.371821308,942.0,-1.112428,-0.471206785
MCM5,3214.0,0.470488076,94.0,0.20375,-0.501795625
MDC1,658.0,0.415783633,440.0,-0.508269,0.040891668
MDH1,210.0,0.381672323,435.0,0.085312,0.175207877
ME1,1535.0,0.411214685,265.0,-2.352161,-1.056734482
ME3,171.0,0.395156177,377.0,1.900557,0.357346906
MECR,1365.0,0.445670958,612.0,0.822304,0.409608828
MED17,2631.0,0.366528813,275.0,-1.187978,-0.070200898
MED19,934.0,0.439623042,93.0,-0.04186,0.044705252
MED28,10307.0,0.440157501,27.0,-0.197134,0.146043747
MED29,4550.0,0.464327351,57.0,0.850517,-0.261848587
MEF2C,6848.0,0.41426337,654.0,0.524784,0.325812234
MEN1,824.0,0.454590692,504.0,1.083045,0.13505456
METTL13,961.0,0.396264071,347.0,-1.054066,-0.089382234
MGST3,1295.0,0.374563048,428.0,0.629325,0.14373555
MIF4GD,787.0,0.397877071,137.0,0.433204,0.136470998
MINK1,774.0,0.455972684,525.0,-1.108525,-0.173884443
MIS12,1334.0,0.420723459,745.0,-0.595481,0.100208291
MLEC,5319.0,0.43043384,173.0,0.316991,0.298187986
MLX,1636.0,0.386664187,65.0,-0.423416,-0.518237613
MMACHC,1852.0,0.382684622,371.0,0.248493,-0.688899477
MMADHC,5382.0,0.406207656,205.0,-0.89083,-0.292628214
MMGT1,4451.0,0.406300672,388.0,-1.007663,0.107721149
MMP1,502.0,0.392399458,189.0,-2.304919,-0.436064928
MMP14,1722.0,0.419367787,285.0,0.070183,-0.582327441
MMP9,193.0,0.404253633,19.0,-1.666894,-1.672528783
MORC3,2052.0,0.406702124,375.0,-0.713395,-0.099774134
MORF4L1,1066.0,0.420719378,454.0,0.097501,-0.0706273
MOV10,619.0,0.412681236,1415.0,0.553544,0.303235447
MPDU1,797.0,0.440676037,216.0,-0.272634,-0.144710472
MPHOSPH10,87.0,0.404440607,352.0,0.007253,-0.042993804
MRI1,2018.0,0.459301832,75.0,0.811155,0.818177024
MRPL13,1075.0,0.395373051,313.0,-0.689552,-0.012859062
MRPL15,1888.0,0.407701507,63.0,0.384391,-0.000947046
MRPL16,212.0,0.368940255,214.0,0.229131,0.083315933
MRPL17,6554.0,0.424450505,105.0,1.197296,-0.085644064
MRPL2,580.0,0.458698472,164.0,0.702884,0.068304162
MRPL20,187.0,0.445765675,96.0,1.005932,0.053702832
MRPL21,55.0,0.417448467,293.0,2.156838,0.131201843
MRPL27,2133.0,0.436300758,31.0,0.870709,-0.003715523
MRPL40,113.0,0.406843086,653.0,1.509251,0.040477877
MRPL46,1889.0,0.422788385,25.0,-0.040411,0.137714083
MRPL48,1284.0,0.368940255,212.0,1.209729,0.125992267
MRPL51,2069.0,0.35376587,169.0,0.586455,-0.203179768
MRPL53,198.0,0.441261883,155.0,0.743059,-0.135060427
MRPL9,407.0,0.432679379,437.0,0.579743,0.200051154
MRPS11,2793.0,0.477818717,1491.0,0.840721,0.147630809
MRPS15,468.0,0.440649404,164.0,1.651846,0.00406169
MRPS17,1334.0,0.413812124,30.0,0.57465,-0.199676583
MRPS18B,936.0,0.408462865,157.0,-0.114729,-0.079430038
MRPS36,933.0,0.3748339,84.0,0.635017,-0.031906436
MRPS7,453.0,0.455992019,233.0,0.235309,-0.114704148
MSI2,5168.0,0.366385762,173.0,-1.716113,0.007717621
MSTO1,694.0,0.421389639,1152.0,-0.277083,-0.120275147
MT1E,291.0,0.588704726,179.0,-1.344083,-1.226408207
MT2A,316.0,0.576670685,123.0,0.12969,-1.368506219
MTA2,684.0,0.459443446,761.0,-0.522238,-0.290004243
MTFMT,1550.0,0.414190941,26.0,-0.304739,-0.358363164
MTHFS,1663.0,0.434592403,179.0,0.719213,0.041228386
MTMR1,2442.0,0.424163835,319.0,-0.523204,-0.070528469
MTMR14,421.0,0.371137969,151.0,0.492826,-0.127000034
MVP,50.0,0.435053297,193.0,-0.023704,0.023594435
MX1,456.0,0.433488503,982.0,-0.490325,-1.605789285
MX2,1812.0,0.430094961,104.0,0.505429,-0.432658578
MYADM,2833.0,0.384589896,681.0,0.919286,0.41234629
MYCBP,3972.0,0.381803634,73.0,-0.211676,0.107852881
MYL12A,812.0,0.453450746,478.0,0.439544,-0.307190143
MYO18A,3647.0,0.395788337,484.0,-1.372836,-0.310927675
MYO9B,1401.0,0.398943925,152.0,-0.227233,-0.15966203
N6AMT1,5137.0,0.427535625,28.0,0.22551,0.204649197
NAA40,3212.0,0.389371031,261.0,-0.602278,-0.805149874
NAB1,2433.0,0.361024962,572.0,-0.628993,-0.103079048
NADK,1672.0,0.3959688,563.0,-0.485805,-0.328225821
NADSYN1,464.0,0.447848979,126.0,-0.332969,-0.351782519
NAGK,1297.0,0.42527382,474.0,0.587906,0.204635552
NANS,37.0,0.458552255,132.0,0.452978,0.732179747
NAPA,1862.0,0.477781443,318.0,1.064771,0.060801149
NAT10,4915.0,0.387474071,245.0,0.374901,0.089492678
NBAS,140.0,0.414580543,44.0,-0.319927,0.118222262
NCALD,2767.0,0.374888213,460.0,-1.260834,-0.837545867
NCAPD3,2971.0,0.431957579,606.0,-1.109912,-0.337236051
NCAPG2,3501.0,0.41630572,200.0,-0.894571,-0.377673529
NCF1,2381.0,0.415579251,70.0,0.760858,-0.994661998
NCK2,1267.0,0.457831152,276.0,-0.16375,-0.165756641
NCKIPSD,4981.0,0.449411541,126.0,-0.470345,-0.327210627
NCOA5,1332.0,0.416761948,402.0,-0.137597,0.108800743
NCOA7,3259.0,0.404217869,470.0,-1.464441,-0.386007966
NDC80,61.0,0.356199389,182.0,0.315479,-0.581625409
NDRG2,841.0,0.376266446,941.0,0.174168,0.145459249
NDUFA4,1685.0,0.439642808,129.0,0.505641,-0.050861936
NEU1,667.0,0.413226082,156.0,0.106365,-0.497614044
NFATC2IP,3242.0,0.412267479,15.0,-0.322232,-0.222458776
NFKB1,708.0,0.4099683,467.0,-0.643488,-0.069203538
NFKB2,153.0,0.424806573,563.0,0.725647,-0.0552203
NFKBIE,1053.0,0.409138176,25.0,0.672402,-0.098594544
NGDN,1255.0,0.423783924,27.0,0.124483,-0.047656289
NGRN,1679.0,0.414477409,50.0,0.144772,-0.280074401
NINJ1,5217.0,0.455972644,71.0,1.701694,1.456891458
NIP7,1593.0,0.443769116,318.0,-0.467679,-0.066103673
NIT2,2351.0,0.432361565,74.0,0.19794,0.396052187
NMNAT3,2689.0,0.397393877,1228.0,2.325862,1.154194775
NMT1,3377.0,0.454689408,31.0,-0.123518,-0.073626707
NONO,1092.0,0.432928506,710.0,-0.05884,0.196491903
NOP14,912.0,0.38067473,187.0,-0.407897,-0.11958228
NOP2,785.0,0.393538298,198.0,-0.088788,-0.205651756
NOTCH2,6062.0,0.409327653,297.0,-1.052599,0.106200836
NPTN,1068.0,0.388989686,197.0,-0.292985,0.375841542
NR2C2,6271.0,0.390767743,362.0,-0.900998,0.067479875
NRBF2,883.0,0.43605128,224.0,-0.406681,-0.056267586
NRF1,1901.0,0.447602651,500.0,0.181505,-0.042566382
NRGN,833.0,0.413631862,152.0,1.098655,-0.06152419
NRP1,3846.0,0.416817106,523.0,0.044673,-0.141793919
NSFL1C,1587.0,0.42738001,868.0,0.208952,0.161906725
NSMAF,602.0,0.358586884,214.0,0.05565,0.067754373
NTAN1,178.0,0.344459601,320.0,0.140245,-0.000572238
NUBP1,246.0,0.455923678,142.0,0.278699,-0.150323506
NUCKS1,5461.0,0.359398328,271.0,0.103021,0.57394253
NUDC,716.0,0.476401948,127.0,0.063168,-0.313348224
NUDT16,5489.0,0.428387545,75.0,-0.092979,0.036971556
NUMA1,663.0,0.474508115,436.0,-0.195141,0.025419716
NUP93,5678.0,0.382018893,495.0,-0.278443,0.103315016
NXF1,2943.0,0.375826754,136.0,-0.180364,-0.070004222
OCIAD2,4872.0,0.363821488,322.0,0.306908,0.155174739
OGDH,1071.0,0.396078149,159.0,-0.348439,-0.107097165
OPA3,7233.0,0.475004358,100.0,0.363781,0.491623467
OSBPL2,2363.0,0.383456763,571.0,-0.657693,-0.211859202
OSBPL5,1099.0,0.381371042,158.0,0.139937,0.421554594
OVCA2,792.0,0.429983078,65.0,0.313446,-0.384518923
P2RX4,573.0,0.442596273,304.0,0.751785,0.566201911
PAAF1,509.0,0.376143366,341.0,-0.24054,-0.377949241
PACSIN2,1591.0,0.413490434,405.0,-1.370863,-0.190037832
PARK7,451.0,0.457171775,163.0,1.331355,0.729434397
PARP1,769.0,0.460215809,171.0,-1.018776,-0.224808025
PARP10,332.0,0.422654659,200.0,0.181133,-0.201971621
PARP12,816.0,0.416480622,874.0,0.004039,-0.397200635
PARP14,2243.0,0.414355918,59.0,-0.668738,-0.456153851
PARP9,451.0,0.418102187,327.0,-0.744563,-0.334609927
PARVG,2043.0,0.383803232,484.0,0.361373,-0.695194076
PBK,750.0,0.413339119,464.0,-0.982086,-0.934136319
PCNA,338.0,0.425000199,239.0,-0.13365,-0.252398098
PDAP1,2007.0,0.464659554,134.0,0.211965,0.243070678
PDCD2,155.0,0.440448783,111.0,0.478669,-0.202746848
PDCD2L,48.0,0.433436103,33.0,-0.531058,-0.647787078
PDCD6IP,3211.0,0.388727459,158.0,-0.298106,0.409175309
PDHA1,2054.0,0.402514578,145.0,0.343214,-0.159402587
PDHB,2974.0,0.442593378,43.0,-0.298638,-0.156971284
PDLIM1,357.0,0.379179626,233.0,0.581024,0.29297184
PDXDC1,2055.0,0.375670185,335.0,-0.532649,-0.028366283
PDXK,6244.0,0.398158884,198.0,-0.171964,-0.156684222
PEBP1,796.0,0.360152166,326.0,0.941547,0.375001783
PEF1,769.0,0.441759403,424.0,0.717914,0.465675539
PELO,5222.0,0.385240523,985.0,-0.541082,-0.014339274
PEPD,395.0,0.450896903,133.0,-0.095689,-0.203699491
PEX16,585.0,0.43213601,312.0,1.221217,0.287999053
PEX6,946.0,0.370078344,93.0,0.257491,0.317340553
PEX7,2294.0,0.407005497,102.0,0.496067,0.270104387
PFDN5,124.0,0.497062947,117.0,1.461231,-0.243435326
PFDN6,574.0,0.470152145,222.0,0.97567,-0.317829127
PGM1,570.0,0.393980016,681.0,-0.043354,0.160062939
PHB,988.0,0.45268542,190.0,0.528866,0.084496723
PHF10,104.0,0.365149381,79.0,0.290043,0.121236401
PI4K2A,2692.0,0.385068362,57.0,0.11438,-0.001421463
PIAS1,3626.0,0.396022529,741.0,-0.830742,-0.002316875
PIGH,1430.0,0.434471606,98.0,0.394955,0.036476608
PIK3AP1,3866.0,0.407313024,128.0,-0.78394,-0.709648549
PIR,205.0,0.385796208,485.0,-0.017224,-0.076732192
PITPNC1,4686.0,0.369070722,874.0,0.679726,-0.504148079
PLA2G7,1187.0,0.402486321,269.0,-2.324057,-0.459545038
PLAUR,323.0,0.418467601,226.0,0.278317,-0.377727092
PLCB2,818.0,0.468984469,301.0,0.023332,-0.473401373
PLCG1,3987.0,0.454806205,121.0,-0.563441,-0.25870701
PLD4,273.0,0.377985619,192.0,1.313599,-0.275369376
PLEKHO1,5192.0,0.424698037,839.0,0.813722,-0.523109604
PLEKHO2,2119.0,0.429714475,134.0,0.258859,-0.543193958
PLSCR1,10376.0,0.415598704,388.0,-1.195036,-0.297606471
PML,3324.0,0.431306474,140.0,0.399296,-0.045057975
POLR1C,1131.0,0.439933821,86.0,0.1188,-0.373189173
POLR1D,1469.0,0.427162265,456.0,0.479157,0.149196814
POLR2F,1600.0,0.47244007,250.0,1.021009,0.125931672
POLR2H,1065.0,0.427596015,1167.0,0.865536,0.188621563
POLR3H,3481.0,0.444306047,388.0,0.555999,-0.022802226
POLR3K,1023.0,0.473025152,46.0,-0.072103,0.025546532
PPA2,660.0,0.432735716,20.0,0.213786,0.500930688
PPIE,4556.0,0.446406574,56.0,-0.016533,-0.097738156
PPIL1,1921.0,0.453832883,252.0,-0.268032,0.312882145
PPP1R14B,282.0,0.457456004,268.0,1.166641,-0.03299134
PRC1,1136.0,0.367783806,234.0,-0.672824,-0.309201867
PRCC,357.0,0.381841119,290.0,0.026881,0.052546827
PRDX1,303.0,0.414090753,341.0,0.159532,0.082042595
PRDX6,944.0,0.433706552,51.0,-0.171628,-0.034105569
PREB,658.0,0.378530018,403.0,-0.382672,0.217221754
PREP,579.0,0.425974009,233.0,0.328725,0.146728352
PRG4,784.0,0.366727173,51.0,-3.497329,-0.653537541
PRIM2,1166.0,0.350864643,125.0,0.072446,-0.384446316
PRKAB1,1305.0,0.365943644,289.0,0.317563,0.632182866
PRKAR2A,5019.0,0.427443141,254.0,-3.414066,-0.080070427
PRKCB,5795.0,0.38010529,197.0,-1.52882,-0.616102264
PRKCD,451.0,0.404392693,469.0,0.061602,-0.156098943
PRKRA,683.0,0.420894136,659.0,0.200924,0.10916798
PRKRIP1,3224.0,0.453589322,55.0,0.343285,0.230487421
PRMT5,393.0,0.386451423,508.0,-0.688227,0.227445009
PRMT7,3655.0,0.450088803,850.0,0.478469,-0.203469026
PROCR,549.0,0.357872186,218.0,0.929167,-0.233455575
PRPS1,3908.0,0.466551451,409.0,-1.370361,-0.723356953
PRPSAP1,2056.0,0.390811115,688.0,-0.130622,0.059515714
PRRC1,3173.0,0.409170839,188.0,-0.373868,-0.17162556
PSMA5,2997.0,0.446573967,225.0,0.180558,-0.006922036
PSMA6,187.0,0.423632682,445.0,0.27297,-0.049547762
PSMB10,58.0,0.455018511,128.0,0.827806,-1.016354233
PSMB2,3775.0,0.389848815,412.0,0.582545,-0.102630329
PSMB8,242.0,0.411206622,522.0,0.5366,-0.282935009
PSMB9,5497.0,0.431095699,69.0,0.29357,-0.596481102
PSMC3,66.0,0.485654947,194.0,1.015346,0.05097427
PSMD11,2567.0,0.390095635,61.0,-0.691277,-0.118407467
PSMD13,384.0,0.437236365,242.0,1.080445,-0.170949701
PSMD8,450.0,0.458928351,52.0,0.294449,-0.072395213
PSME2,53.0,0.443656162,65.0,1.082385,-0.416424601
PSMG1,5308.0,0.427553471,578.0,0.237571,0.105884775
PSTPIP2,1923.0,0.429639796,96.0,-0.7567,-0.332062321
PTBP1,1504.0,0.473818895,106.0,0.534244,0.155477233
PTDSS1,3765.0,0.367954205,423.0,-0.297759,0.307250882
PTGS1,3346.0,0.37260918,633.0,-0.293123,-0.112774262
PTP4A1,3419.0,0.421202001,1153.0,-1.07097,-0.282413281
PTPMT1,1899.0,0.450492628,193.0,1.478321,0.408365175
PTPN18,2185.0,0.381656528,101.0,2.044046,0.848200468
PTPN7,1593.0,0.440747449,781.0,0.579911,-0.213971433
PTPRE,2994.0,0.426620112,1843.0,0.220548,-0.252472369
PTPRF,4571.0,0.452810321,356.0,-0.474152,0.813341044
PTRH2,3186.0,0.370743372,1544.0,0.378443,0.161942402
PWWP2B,819.0,0.424412275,29.0,1.069271,0.664111773
PYCR2,578.0,0.474148407,230.0,-0.049248,-0.579613192
PYGL,175.0,0.392036998,127.0,0.122625,0.607357467
QARS,97.0,0.458996209,396.0,-0.091142,-0.20135042
RAB11FIP1,4277.0,0.380614122,56.0,-1.168465,-0.176750786
RAB12,1120.0,0.38483812,283.0,0.269083,0.021766073
RAB21,5246.0,0.435367738,267.0,0.055705,0.155869276
RAB31,3231.0,0.437498832,175.0,0.414431,0.50209447
RAB35,2172.0,0.408841719,189.0,-0.721017,0.334109713
RAB7A,1376.0,0.419395127,232.0,0.250765,0.027010047
RAB8B,4163.0,0.425956778,96.0,-0.431734,0.305724227
RAB9A,1716.0,0.417525007,283.0,-0.686909,-0.040589159
RABGGTA,77.0,0.387342734,512.0,0.383475,-0.172716766
RABGGTB,440.0,0.409412379,78.0,0.093274,-0.17009497
RABIF,4760.0,0.447399225,159.0,-0.512498,-0.236386762
RACGAP1,1895.0,0.366370127,354.0,-0.765805,-0.491111293
RAD9A,924.0,0.444046557,185.0,0.903878,-0.140426062
RAE1,1112.0,0.432613552,365.0,-0.32197,0.111404112
RAI1,1472.0,0.455620822,469.0,-0.608514,0.084318228
RAN,2043.0,0.442855294,361.0,-0.460666,-0.057299984
RANBP10,3359.0,0.379453562,1256.0,-0.04751,-0.132619963
RANGAP1,3145.0,0.481547647,765.0,0.472954,0.121379435
RAPGEF1,2727.0,0.425793135,159.0,-0.410102,-0.04996282
RARS,114.0,0.423508657,41.0,0.03832,0.240121929
RBBP4,6506.0,0.404056961,164.0,-0.239795,-0.038116177
RBBP5,3098.0,0.421849625,474.0,-1.813982,-0.141811767
RBKS,251.0,0.392307233,1371.0,0.313974,0.263819927
RBM12,3599.0,0.375183789,304.0,-0.940824,0.037512722
RBM14,3443.0,0.468008211,139.0,-0.152994,0.240321718
RBM4B,5277.0,0.396841232,170.0,0.175853,0.077653602
RBMX,1201.0,0.353737079,210.0,0.223392,0.204841745
RBPJ,4223.0,0.4178224,518.0,1.068279,-0.029941268
RBX1,821.0,0.46562919,52.0,1.496377,-0.041061291
RC3H1,7637.0,0.410085914,87.0,-0.866165,0.204606852
RCCD1,1773.0,0.374130224,280.0,0.746854,-0.060623734
RCOR1,4070.0,0.439565312,228.0,-0.260824,0.144294864
REEP4,591.0,0.460338979,469.0,0.034745,0.148064253
REEP5,2962.0,0.457536941,144.0,0.439991,0.725947058
RELB,408.0,0.418226182,131.0,0.242672,-0.240276144
REPIN1,2683.0,0.45080531,489.0,0.275072,0.627392671
RET,2082.0,0.379562012,357.0,-3.162628,0.341065336
RFC4,89.0,0.411167541,282.0,-0.300232,-0.228584292
RFK,1882.0,0.429285662,357.0,-0.701373,-0.176476826
RFX5,1546.0,0.386685917,221.0,-0.360053,0.041417324
RFXAP,1850.0,0.421314391,156.0,-0.764764,0.17450096
RHBDF2,740.0,0.423256567,294.0,-0.062146,-0.08965056
RHOT2,568.0,0.454546166,881.0,0.08712,0.073126674
RNASEH1,4369.0,0.404567903,700.0,-0.825437,0.043003542
RNASEH2B,3930.0,0.37625722,399.0,0.101476,-0.308316336
RNASET2,1070.0,0.374792559,407.0,0.940918,-0.242206039
RNF114,1751.0,0.459950313,36.0,-0.315929,-0.338659563
RNF20,5226.0,0.396317502,92.0,-0.701919,-0.046123138
RNF213,5288.0,0.417718743,150.0,-0.873194,-0.367926505
RNF216,2819.0,0.430061571,259.0,0.04491,0.139790356
RNF25,102.0,0.375620157,88.0,0.831846,0.043693718
RNF31,88.0,0.389352607,358.0,0.028695,-0.025446748
RNMT,4581.0,0.415128602,241.0,-0.52647,0.070994269
RNPEP,463.0,0.447181346,896.0,-0.83366,-0.28443935
RPA1,2907.0,0.381710028,170.0,-0.996224,-0.094196368
RPA2,639.0,0.400070522,793.0,0.321993,-0.068737072
RPAIN,471.0,0.394698889,570.0,-0.138548,-0.757254771
RPL11,461.0,0.442317923,45.0,1.285236,-0.113600099
RPL14,5208.0,0.496792394,133.0,1.016157,-0.035015285
RPL23,3146.0,0.464880603,90.0,1.239509,-0.262527078
RPL26,53.0,0.427802183,389.0,0.232407,-0.192867723
RPL31,1260.0,0.451994935,87.0,1.449487,-0.046933176
RPL34,1350.0,0.436455219,198.0,1.452422,0.213770212
RPL5,1058.0,0.451564158,75.0,1.366321,-0.105639293
RPL7,1077.0,0.460258279,707.0,0.340156,-0.069372571
RPS11,373.0,0.483080585,92.0,1.179839,0.004655769
RPS24,4247.0,0.430653047,142.0,1.314476,-0.104250933
RPS25,109.0,0.467193878,63.0,0.552845,-0.740186336
RPS27A,743.0,0.450449292,321.0,0.861338,0.080801352
RPS3A,306.0,0.426765211,80.0,0.563266,-0.170185367
RPS4X,629.0,0.442998752,96.0,1.606017,-0.131031003
RPS6,2723.0,0.413925579,42.0,1.473542,-0.14185219
RPS6KA1,828.0,0.389798854,163.0,-0.817879,-0.430026434
RPS6KA4,735.0,0.38455359,226.0,0.63875,0.012081523
RPS7,66.0,0.428822459,109.0,0.996538,-0.217778056
RPTOR,2341.0,0.385169267,805.0,-0.100491,-0.073943536
RREB1,3012.0,0.456825357,492.0,-0.699795,0.241433903
RRM1,2304.0,0.437568848,689.0,-0.013288,0.320238668
RRP8,5071.0,0.446233376,148.0,0.783507,0.497955983
RRS1,978.0,0.468289248,104.0,0.620442,0.235011187
RTN3,1690.0,0.358048129,187.0,-0.753629,-0.200459475
RTN4IP1,1108.0,0.372133716,477.0,0.14022,-0.186100058
RUNX1,4334.0,0.416076551,1578.0,-0.244817,-0.025248728
RWDD1,6365.0,0.401367905,746.0,1.008625,0.062872776
S100A8,71.0,0.444112716,170.0,-1.564362,-2.684870498
S100A9,189.0,0.439508357,43.0,-2.919532,-2.858897053
SAMD9,1815.0,0.395660052,270.0,-1.317605,-0.839335789
SAMD9L,1162.0,0.396305952,1248.0,-1.197103,-0.815085321
SAMM50,150.0,0.345249646,197.0,0.283783,0.393564364
SAMSN1,684.0,0.407246581,430.0,-0.359903,-0.385907717
SAP18,1754.0,0.427429047,39.0,0.195554,0.162584865
SAP30BP,1541.0,0.449617255,257.0,0.41891,-0.187252473
SAR1A,5213.0,0.411769389,203.0,0.067009,0.084356863
SAR1B,5806.0,0.392367964,253.0,-0.648939,-0.176786654
SARS,1054.0,0.40098191,100.0,0.243702,0.263656865
SASH3,1369.0,0.387406112,182.0,0.012153,-0.579602894
SCAMP4,1741.0,0.472519575,351.0,0.377002,0.153837296
SCO1,8645.0,0.407339367,61.0,-1.095017,-0.214919143
SDCCAG8,307.0,0.360606297,1542.0,-0.186725,0.0899654
SEC11C,205.0,0.423646802,92.0,-0.673958,-0.431944376
SEC13,332.0,0.457264526,210.0,0.42631,0.051815253
SEC14L1,2986.0,0.420320088,665.0,-0.665991,-0.05918507
SEC22A,2559.0,0.422343815,79.0,-0.077714,0.292233777
SEC24B,1221.0,0.400931805,155.0,-0.862058,0.075746147
SEC24D,2115.0,0.386600041,297.0,-1.088173,0.123352737
SEC61B,270.0,0.404562259,76.0,0.998845,0.376167194
SEMA3F,960.0,0.38837398,318.0,-0.345418,-0.076666955
SEMA4D,2318.0,0.393173667,572.0,-0.281095,0.244403267
SERPINA1,1707.0,0.420489385,573.0,-1.360712,-0.205397603
SERPINB8,2096.0,0.38524815,520.0,-0.941937,-0.634158048
SETMAR,321.0,0.414235412,398.0,0.132178,0.298410087
SEZ6L2,540.0,0.431800162,245.0,1.08408,0.356647601
SF1,2419.0,0.374481437,721.0,0.21495,0.198330451
SF3B2,563.0,0.453902675,40.0,-0.875783,0.12055784
SFXN4,500.0,0.402513841,45.0,0.723966,0.144112378
SH3BP1,433.0,0.395530944,313.0,1.019572,-0.265166827
SH3PXD2B,4870.0,0.420952884,171.0,0.260662,0.202365814
SHMT1,4335.0,0.394510245,509.0,-0.453344,-0.679837317
SIGLEC1,1590.0,0.42099348,0.0,-0.288448,-0.748330912
SIPA1,2933.0,0.437718847,296.0,0.494075,-0.319375622
SIRPA,3027.0,0.429235057,360.0,-0.559515,-0.387456704
SKP1,8791.0,0.433886974,179.0,-0.169204,0.324482397
SLBP,3046.0,0.391438372,553.0,0.0583,-0.320200508
SLC25A10,1929.0,0.386184273,191.0,0.669001,0.160299202
SLC25A19,477.0,0.386093473,224.0,0.836921,-0.016954044
SLC25A20,787.0,0.382641976,199.0,-0.776785,0.324482181
SLC25A3,504.0,0.383836987,354.0,-0.228714,0.375021226
SLC25A40,2688.0,0.363984785,375.0,-1.96096,-0.029756898
SLC25A42,2156.0,0.366871382,156.0,-0.007405,0.123195785
SLC25A6,450.0,0.487227384,137.0,0.48445,0.071837516
SLC27A3,163.0,0.439664345,91.0,0.337219,0.006567722
SLC39A10,2661.0,0.346494338,214.0,-0.68311,0.166118727
SLC44A1,8291.0,0.4365497,264.0,0.507546,1.144556206
SLC9A3R1,709.0,0.400889529,235.0,-0.495905,-0.04288319
SMAP2,1225.0,0.404145004,415.0,0.12881,-0.305951314
SMC1A,5954.0,0.490702048,340.0,-1.057647,0.190422579
SMG5,1363.0,0.383248033,540.0,-0.92875,-0.130064005
SMS,2660.0,0.417677888,252.0,-0.254932,-0.069251202
SMYD3,223.0,0.378821529,130.0,1.105834,0.387022779
SNRNP200,676.0,0.454045162,132.0,-0.810682,-0.085470957
SNRPC,474.0,0.427936125,450.0,0.536892,0.048153361
SNRPD1,4386.0,0.384326147,161.0,0.294877,0.198804401
SNRPN,279.0,0.390283395,1145.0,0.684748,-0.086311464
SNX24,5071.0,0.338464018,185.0,0.416181,-0.526577043
SNX30,6144.0,0.426743352,148.0,-1.467737,-0.195129801
SNX33,5086.0,0.383330712,96.0,0.456773,-0.012651058
SOD1,353.0,0.438546885,148.0,0.511054,0.148907295
SOD2,13436.0,0.435065133,1828.0,-0.315021,-0.236978967
SP110,3922.0,0.401738483,258.0,-0.002628,-0.570538024
SPC24,1691.0,0.381793277,320.0,-1.461747,-0.450940487
SPC25,540.0,0.373816265,131.0,0.341506,-0.401303413
SPCS1,3333.0,0.417439524,205.0,-0.684683,0.103264485
SPI1,383.0,0.406748349,223.0,0.883976,-0.387899388
SPRYD4,1406.0,0.430591965,75.0,0.104525,-0.465100746
SQSTM1,1485.0,0.412192979,360.0,0.081899,-0.172000971
SRC,2671.0,0.437602812,449.0,0.405219,0.335045274
SRGAP2,3018.0,0.377689891,542.0,0.723809,-0.121435164
SRI,5365.0,0.424260151,79.0,0.469193,0.246640942
SRP19,2645.0,0.430943803,189.0,0.261415,-0.011087423
SRPRB,1784.0,0.427990824,285.0,-0.025361,0.005232258
SRR,1392.0,0.393840903,354.0,0.58605,0.40231401
SRXN1,2099.0,0.37663928,185.0,-0.145991,-0.300889395
SS18L2,777.0,0.45997865,208.0,0.491298,-0.51706247
SSH1,5298.0,0.373517564,146.0,-0.428223,0.010479451
SSH3,2595.0,0.376349937,178.0,0.721878,0.578550384
SSR2,592.0,0.425839932,80.0,0.326904,-0.627763197
SSR3,3698.0,0.388415977,156.0,-0.546013,0.104179126
SSR4,87.0,0.444947593,150.0,0.626763,-0.080489522
SSRP1,422.0,0.394601844,267.0,-0.895111,-0.320028653
SSU72,400.0,0.445120823,325.0,0.763684,0.027731654
ST13,3666.0,0.439823793,468.0,-0.316109,-0.024731663
ST14,553.0,0.454138745,193.0,-0.510125,0.044092654
ST3GAL4,594.0,0.39537481,557.0,0.792147,-0.132925576
STARD10,1682.0,0.427301627,944.0,-0.310556,-0.264927711
STAT1,3294.0,0.408136156,388.0,-0.903036,-0.95914346
STAT2,1791.0,0.409862748,203.0,-0.077584,-0.258478952
STAT6,1168.0,0.380869476,499.0,0.008357,0.201952531
STMN1,1138.0,0.394107416,364.0,1.230119,-0.032597266
STOM,2222.0,0.387137797,117.0,0.34191,-0.076861656
STOML2,531.0,0.456962681,143.0,0.445743,0.082412441
STX3,5058.0,0.403902965,547.0,-1.333397,-0.278728967
STX7,14891.0,0.417568039,327.0,-0.095399,-0.009581328
STX8,107.0,0.378438911,150.0,0.668248,-0.105704564
SUCLG1,223.0,0.43877655,193.0,0.403988,0.195309041
SUFU,3380.0,0.361614756,191.0,0.286188,0.211018186
SUMF1,999.0,0.37076871,37.0,1.156881,-0.271339179
SUPT4H1,1112.0,0.438747077,103.0,0.664625,-0.170583642
SURF2,1720.0,0.440503417,48.0,0.887331,0.055736624
SURF4,2281.0,0.385472445,476.0,-0.187237,0.028476378
SURF6,4908.0,0.42467207,78.0,-0.16628,0.571699317
SVIP,4195.0,0.357937352,217.0,0.282669,1.416537323
SYTL1,80.0,0.364244725,197.0,0.338383,0.142593473
TACC3,165.0,0.385699108,155.0,0.293506,-0.485169122
TADA2B,3064.0,0.464060586,151.0,0.560323,0.085535797
TAF12,689.0,0.435926756,522.0,0.83392,0.11680581
TAP2,5256.0,0.374969764,175.0,-0.460099,-0.595342598
TATDN2,2040.0,0.415810908,581.0,-0.317149,0.576866247
TBC1D20,3109.0,0.435441414,148.0,-0.05217,0.650412575
TBC1D9B,1396.0,0.395340616,37.0,-0.183938,0.044140241
TBCC,556.0,0.434161456,73.0,0.577241,-0.034370611
TCEAL3,260.0,0.368171822,262.0,1.072242,0.679293164
TCEAL4,3020.0,0.432120515,489.0,1.187245,0.497637011
TCOF1,1640.0,0.41523122,108.0,0.072761,0.405442815
TDP1,1721.0,0.418036689,317.0,-0.049863,0.033985892
TDRD7,242.0,0.375852104,234.0,-0.775972,-0.064465886
TDRKH,973.0,0.419795099,182.0,-0.570466,0.071469321
TEP1,2777.0,0.379550228,40.0,-0.53641,0.18342715
TFE3,1431.0,0.379068139,541.0,0.21513,-0.022267008
TFEB,621.0,0.429366592,302.0,1.592165,0.580529742
THADA,112.0,0.415199561,352.0,-0.04413,0.000205066
THBD,2144.0,0.448063145,160.0,0.907736,0.085961881
THUMPD1,2715.0,0.455087735,225.0,-0.368347,0.186623574
THYN1,205.0,0.377954149,484.0,1.158892,0.307213953
TIMM50,3932.0,0.424829064,722.0,0.494997,0.094813936
TIMM8B,2046.0,0.447942532,30.0,0.353543,-0.231479075
TK2,3965.0,0.360054507,593.0,0.329099,-0.091142414
TLE1,571.0,0.374791795,1295.0,-1.84418,-0.262707685
TM9SF2,2020.0,0.372522209,233.0,-1.731535,0.009210407
TMED3,1710.0,0.439016102,188.0,0.718162,-0.194065965
TMED9,708.0,0.44685712,67.0,-0.109209,0.121093876
TMEM126A,52.0,0.406087664,295.0,0.010005,-0.093549928
TMEM199,2431.0,0.370998168,90.0,-0.079526,-0.348421043
TMEM63A,1407.0,0.385482014,622.0,-0.508903,0.086542594
TMOD1,2050.0,0.392927141,213.0,1.351155,-0.751228871
TMSB10,278.0,0.470652003,95.0,0.571798,-0.397741793
TNFAIP2,2079.0,0.44214387,131.0,0.430314,-0.578170718
TNFAIP3,1995.0,0.416242917,370.0,-0.617612,-0.457180889
TNFAIP8L2,497.0,0.440670719,126.0,1.26509,-0.114529407
TNIP1,770.0,0.448321216,241.0,0.065657,-0.273548023
TNK2,822.0,0.420245651,543.0,0.649433,0.053433071
TNPO2,2070.0,0.408799881,358.0,0.016184,0.19965936
TNRC18,1316.0,0.449521205,349.0,0.355434,0.107706444
TOMM5,518.0,0.441712708,107.0,0.628981,0.154604858
TOMM6,1957.0,0.431553434,255.0,0.683518,0.00106587
TOP2A,1003.0,0.364102812,159.0,-0.695596,-0.253733555
TOR1A,3160.0,0.446121485,77.0,-0.245175,-0.044855401
TPD52L2,1600.0,0.385071878,138.0,0.04586,-0.073680246
TPI1,620.0,0.479135356,527.0,0.148214,0.200022849
TPM1,757.0,0.403626605,257.0,0.366337,0.124808619
TRAF1,7433.0,0.438949906,572.0,0.87838,-0.749587677
TRAF3,5716.0,0.386659664,353.0,-0.540393,0.567919187
TRAF6,6100.0,0.426668941,381.0,-0.594076,0.114211342
TRAPPC3,634.0,0.441060625,519.0,0.608338,-0.008383866
TRAPPC5,42.0,0.453352607,241.0,1.874876,0.163370714
TRAPPC6B,2539.0,0.437369008,335.0,-0.054796,-0.126301463
TRAPPC9,3079.0,0.431357199,134.0,0.092456,-0.073126051
TRIM11,3522.0,0.453298916,255.0,0.090282,0.280992316
TRIM13,5308.0,0.419190719,763.0,-0.030219,-1.01409728
TRIM14,3117.0,0.369225689,165.0,0.110445,-0.200433015
TRIM22,1215.0,0.424423711,379.0,-0.699354,-0.49396597
TRIM26,1431.0,0.384319522,565.0,0.273262,-0.236417466
TRIM27,2956.0,0.441704825,359.0,-0.156183,-0.366066967
TRIM41,1657.0,0.454716896,737.0,0.045991,0.117823455
TRIM5,2312.0,0.426412011,303.0,-0.878949,-0.071406231
TRIP12,3739.0,0.40441217,297.0,-1.44828,-0.092690285
TRIP13,2852.0,0.433721983,145.0,-0.461987,-0.573505815
TRMT5,3660.0,0.405137655,572.0,0.158802,0.223981536
TRUB2,4655.0,0.434714666,759.0,0.932079,-0.076256065
TSFM,1390.0,0.429356434,57.0,0.01238,-0.292630463
TSPAN14,15147.0,0.398868986,305.0,0.120685,1.595198377
TSPYL1,7303.0,0.373212405,287.0,-0.569119,0.101810398
TSR2,1366.0,0.464925113,443.0,0.897363,-0.062102255
TTC39C,3394.0,0.378954091,452.0,0.804183,-0.022251477
TTC7A,2213.0,0.393400181,1272.0,-0.296975,0.274288498
TTPAL,5319.0,0.425556123,145.0,-0.344522,0.017311737
TUBA1C,110.0,0.451729991,576.0,-0.114951,-0.144685666
TUBA4A,644.0,0.402818439,556.0,1.498765,0.315976163
TUBB,1030.0,0.390058461,509.0,0.435748,0.079807753
TUBB6,2302.0,0.468445054,1139.0,0.577336,-0.247414857
TUBGCP4,1934.0,0.368175973,296.0,-1.076092,0.014389847
TUSC1,1294.0,0.429789613,537.0,1.370706,0.699400279
TXNL4A,3129.0,0.472736328,466.0,0.704773,-0.324075156
TYMP,18.0,0.429537249,376.0,0.380683,-0.392923495
TYMS,581.0,0.364557025,159.0,-0.372747,-0.376734598
TYROBP,168.0,0.417048036,81.0,0.981529,-0.348232541
UBAP2L,353.0,0.367068802,167.0,-0.288478,-0.108200579
UBE2B,4002.0,0.405496028,420.0,-0.016279,0.141773405
UBE2E1,1034.0,0.417917446,229.0,0.404151,0.500856006
UBE2L3,2365.0,0.455573936,198.0,0.884545,0.17517423
UBE2L6,703.0,0.431638779,653.0,-0.316607,-0.550765776
UBE4B,1283.0,0.418913915,688.0,-0.505573,0.231126446
UBIAD1,2303.0,0.446280173,334.0,0.166086,0.150483935
UBR4,797.0,0.387393976,4.0,-0.534997,0.347433401
UBTF,2209.0,0.400105612,296.0,0.426807,0.34576593
UBXN1,220.0,0.422601268,194.0,0.066677,-0.167556839
UCK2,4043.0,0.447469338,640.0,0.282544,-0.456583325
UGGT1,5935.0,0.374564832,178.0,-0.994867,-0.223659314
UHRF1BP1,5130.0,0.373569339,234.0,-1.369852,0.125044377
UNC45A,377.0,0.475530537,1022.0,0.358589,-0.0351433
UNG,1024.0,0.368897526,209.0,0.264904,-0.097559858
UNK,1388.0,0.447315534,42.0,0.007288,0.142258016
UQCR11,4379.0,0.470309826,75.0,0.621174,0.281674162
UQCRC1,129.0,0.462829321,45.0,-0.25518,0.125649816
UQCRH,193.0,0.365128489,320.0,0.458629,-0.207165888
UROD,171.0,0.391539164,133.0,0.912602,0.187262733
UROS,3849.0,0.422413435,266.0,0.551668,0.010622218
USP18,580.0,0.434940763,338.0,-0.57684,-1.012452752
USP39,571.0,0.39295741,223.0,0.490901,-0.250069069
UTP6,2466.0,0.429918331,83.0,-0.126427,-0.059887543
VAC14,489.0,0.396517204,827.0,0.147094,-0.196150262
VAMP8,451.0,0.398153421,156.0,0.798198,0.550708182
VASP,824.0,0.388921088,342.0,0.944228,0.208638713
VAT1,1456.0,0.406330787,120.0,1.366401,0.653770791
VDAC3,475.0,0.440388181,210.0,1.267871,1.259852511
VDR,3209.0,0.450036866,401.0,-0.529133,0.837240543
VGLL4,2489.0,0.432812067,506.0,-0.054104,-0.029158232
VIM,431.0,0.411136971,462.0,1.121531,-0.087787397
VPS28,291.0,0.476756313,109.0,0.818106,-0.041248173
VPS33B,559.0,0.447669729,583.0,0.295136,0.026455965
VPS39,2053.0,0.440628838,173.0,-0.103923,-0.046002205
VPS52,2870.0,0.393546356,887.0,0.444571,0.078421767
WASF2,4090.0,0.365213822,245.0,0.146063,0.083690544
WBP2,1040.0,0.392225719,515.0,0.082041,-0.524738083
WDR1,1039.0,0.393247178,368.0,0.092069,0.173275665
WDR36,3619.0,0.40459335,117.0,-0.909436,-0.172918446
WDR37,8068.0,0.365587877,173.0,-0.860388,-0.142986258
WDR4,293.0,0.380589271,581.0,-1.520394,-0.405733268
WDR47,1216.0,0.402106333,376.0,-1.35225,-0.548111504
WDR48,1924.0,0.419028298,472.0,-0.93885,-0.052089876
WDR5,1979.0,0.401607191,171.0,-0.072993,-0.067223556
WDR54,97.0,0.394793766,128.0,1.542307,0.327536478
WDR61,197.0,0.411764619,310.0,0.020783,0.056794709
WDR77,4184.0,0.412330102,139.0,0.37963,0.273218805
WDR91,4946.0,0.380864599,823.0,-0.165422,-0.131714677
WDR92,2520.0,0.427217839,117.0,-0.211091,-0.1864984
YTHDF1,1279.0,0.384821843,294.0,0.149972,-0.044939362
YTHDF3,3082.0,0.406652071,509.0,-0.430311,0.078561211
YY1,5192.0,0.440120149,480.0,0.152821,0.236064818
ZBED1,2221.0,0.457533868,282.0,0.111478,-0.023046317
ZBTB8OS,1087.0,0.406816332,276.0,0.616999,-0.96676967
ZC3H12A,768.0,0.421626239,1056.0,0.609638,0.121641627
ZC3H4,2169.0,0.436042942,38.0,0.617426,0.137220234
ZFP36L1,2846.0,0.395541595,976.0,0.116299,0.206535961
ZMAT2,1942.0,0.460376067,101.0,-0.092102,0.346368537
ZMIZ2,4165.0,0.419562196,128.0,0.415395,-0.17270579
ZMYM3,1292.0,0.378831729,749.0,0.292058,0.069107648
ZNF207,13817.0,0.386696564,148.0,-0.526334,0.020039141
ZNF414,113.0,0.422835658,118.0,1.902377,0.20230158
ZNF511,243.0,0.452392726,55.0,1.0191,-1.668919799
ZNF516,4816.0,0.393186692,318.0,-0.612191,0.063911447
ZNF622,1298.0,0.463753859,120.0,0.150071,0.087459553
ZNHIT2,49.0,0.440612513,85.0,0.640883,0.023134209
ZWINT,4585.0,0.411772707,37.0,-0.599415,-0.660017638
