,3prime,tAI,max_5_UTR_length,TCGA-AN-A0FL,TCGA-AN-A0FL.1
AAK1,17874.0,0.380718848,505.0,-1.026092,-0.154937645
AATF,207.0,0.367011205,251.0,-0.811733,-0.43187272
ABCC1,1793.0,0.393368456,175.0,-1.314516,0.307912658
ABCF3,5726.0,0.387768135,869.0,0.751311,0.087059314
ABHD12,654.0,0.374654709,279.0,0.978132,0.223627482
ABR,2562.0,0.39474042,600.0,-1.516662,-0.759172363
ABT1,2092.0,0.423473096,40.0,0.838199,-0.038264838
ACADVL,176.0,0.46877374,457.0,0.050406,0.333018054
ACBD6,155.0,0.433964845,621.0,0.126865,-0.180850506
ACIN1,584.0,0.404933544,328.0,-0.501076,-0.305538656
ACO1,4661.0,0.37721508,227.0,-0.151828,-0.027755333
ACOT11,1220.0,0.392289045,176.0,1.172006,0.406947908
ACOT9,4514.0,0.358892202,225.0,-0.312941,0.21127619
ACP2,814.0,0.411581374,548.0,0.352604,0.484806254
ACSF2,1484.0,0.405139059,501.0,-0.399227,0.149034959
ACSL1,1530.0,0.417966714,990.0,1.356433,0.741214468
ACSL5,1022.0,0.380976548,307.0,-1.061925,-0.000978446
ACTB,613.0,0.469768794,192.0,0.618716,-0.102163685
ACTL6A,452.0,0.409046191,387.0,0.462033,0.152357741
ACTR1A,3151.0,0.432463663,108.0,-0.431521,-0.515207508
ADA,312.0,0.444091501,440.0,0.247678,0.037032723
ADAMDEC1,715.0,0.41564171,547.0,-1.274464,-0.356480205
ADD1,1928.0,0.439806775,863.0,-0.78376,0.636230692
ADPRH,2067.0,0.380088169,541.0,-0.356626,-0.233314143
ADSSL1,320.0,0.393141878,776.0,1.74735,0.714119671
AGAP3,508.0,0.436856677,1584.0,0.885856,0.127018918
AHNAK,842.0,0.382138706,300.0,-2.25434,-0.750446027
AHSA1,225.0,0.374296292,431.0,0.429074,-0.099860415
AIF1,121.0,0.4069451,222.0,-1.509026,-1.043019174
AIFM2,1911.0,0.447982482,217.0,0.218243,-0.125339215
AK1,1528.0,0.389481519,153.0,0.872599,0.16670978
AK2,2893.0,0.384271636,345.0,-0.628069,-0.274245867
AKR1C2,3804.0,0.449591167,413.0,7.889789,3.30461629
AKR7A2,10996.0,0.385600504,22.0,-0.577286,-0.678281002
ALDH18A1,838.0,0.380333742,511.0,0.958254,0.995805034
ALDH3A2,2525.0,0.42484639,221.0,-1.6904,-0.517695629
ALDH6A1,4647.0,0.38708374,724.0,0.345191,1.268957287
ALG1,2498.0,0.432230555,181.0,-0.014298,-0.236018318
ALG5,380.0,0.362014155,67.0,0.288869,0.227946183
ALG9,4217.0,0.365461171,1107.0,0.524832,-0.366014336
AMBRA1,1041.0,0.36170155,362.0,0.134895,0.166297077
AMPD2,903.0,0.389224108,566.0,0.920248,0.362595048
AMPD3,1695.0,0.423686063,472.0,-1.409679,-0.796910815
ANAPC13,1361.0,0.393644021,731.0,1.245512,-0.462471175
ANAPC5,235.0,0.390209877,197.0,-0.839066,-0.268650457
ANKLE2,1737.0,0.418251419,90.0,-1.642323,-0.472352174
ANKRD16,135.0,0.465649334,543.0,1.514128,1.063468375
ANXA2,496.0,0.429738522,160.0,-2.025306,-1.391075351
ANXA5,1441.0,0.418050335,165.0,0.020105,-0.238723446
AP1B1,1153.0,0.424070668,187.0,1.326111,0.606339705
AP1M1,914.0,0.463388599,173.0,0.270646,0.285621223
APBA1,3797.0,0.387421148,276.0,3.518698,1.807993422
APIP,427.0,0.433104693,127.0,0.883107,1.013754701
APOBEC3B,339.0,0.43450554,55.0,2.043506,-0.264644379
APOBEC3C,1979.0,0.381716897,103.0,-0.353002,-0.48350634
APOBEC3G,322.0,0.410940579,404.0,-1.442127,-0.959734315
APOL2,1195.0,0.42932248,477.0,0.18167,-0.885898467
ARF6,2971.0,0.462806813,621.0,-0.267493,0.431496423
ARFIP2,2430.0,0.403729309,291.0,0.093555,0.388546664
ARHGAP17,2624.0,0.371011524,117.0,0.432703,0.355203935
ARHGAP30,773.0,0.384451823,645.0,-1.894786,-1.570976339
ARHGEF10,1378.0,0.370244255,202.0,-0.798747,-0.016876637
ARID2,3145.0,0.362288628,128.0,-0.137155,0.258683915
ARID3A,3881.0,0.411693449,290.0,-2.231528,-1.721557132
ARIH2,3112.0,0.397061561,878.0,-1.30341,-0.039397977
ARL8A,1065.0,0.409602486,171.0,0.968337,1.416142493
ARRB1,6041.0,0.39512759,224.0,0.047859,-0.194303112
ASF1B,950.0,0.395794233,172.0,0.656475,0.20611255
ASS1,1357.0,0.394201053,356.0,1.033778,0.2557909
ATPAF1,3039.0,0.439253133,510.0,0.409223,1.150451938
BAG1,2764.0,0.431693656,501.0,0.545948,-0.013747568
BAG3,537.0,0.387438444,306.0,1.398587,0.029838268
BASP1,971.0,0.520859146,259.0,-3.332944,-1.641731593
BBS7,1531.0,0.408023089,184.0,-1.708191,-0.366475732
BCAT2,364.0,0.445598481,657.0,1.195823,0.413303233
BCKDHB,3082.0,0.419736544,88.0,-0.379153,0.484807059
BCL2L13,4109.0,0.411790332,769.0,-0.25116,0.189105952
BID,4193.0,0.428633517,498.0,0.707662,0.237834567
BLVRA,3376.0,0.414260839,177.0,-1.854554,-1.00938562
BOLA2,40.0,0.43059393,513.0,1.120133,0.491668748
BOLA3,383.0,0.406657227,38.0,0.779611,0.021335259
BRD2,787.0,0.377809737,2066.0,-0.471637,0.049292553
BRD3,3285.0,0.401150236,188.0,-0.098789,0.009832457
BSPRY,1091.0,0.380011644,48.0,2.514588,0.524369164
BST2,411.0,0.444557266,81.0,0.096038,-0.28847563
BUB3,1535.0,0.421992618,242.0,-0.134528,-0.201470717
C1QB,152.0,0.436596666,340.0,-1.54962,-0.443500491
C1QC,327.0,0.41150294,283.0,-0.957813,-0.531301121
C2CD3,671.0,0.360398895,227.0,-1.046297,-0.446452099
C3,5088.0,0.430632158,93.0,-2.921835,-0.20728152
CAP1,1134.0,0.406948565,416.0,0.640131,0.030267411
CAPN1,720.0,0.455130071,197.0,0.604387,0.294356354
CAPRIN1,5632.0,0.374918508,189.0,-0.619557,0.081032292
CAPZB,5180.0,0.446052528,622.0,-0.407118,-0.276823437
CARD16,437.0,0.41300235,27.0,-0.947159,-1.282282343
CARHSP1,4898.0,0.362100245,360.0,0.343289,-0.357309825
CASC3,1778.0,0.370720542,295.0,-1.677589,-0.522808427
CASP1,750.0,0.424742838,44.0,-1.901248,-0.907823685
CASP8,1794.0,0.376118708,303.0,-0.102118,-0.499661813
CAT,629.0,0.397270122,89.0,0.870933,0.761072331
CBL,8368.0,0.375957197,142.0,-0.119922,0.155977932
CBLL1,3286.0,0.400851504,467.0,-0.1849,0.012363208
CBR3,54.0,0.445176236,228.0,1.38261,0.577206067
CBS,4385.0,0.477784031,626.0,3.625869,-0.69226914
CBX5,10815.0,0.390902295,318.0,-0.225253,-0.13110413
CBX8,2504.0,0.36735217,118.0,-0.536672,-0.242850336
CCDC115,2169.0,0.385110507,452.0,0.93353,-0.023996225
CCDC58,2462.0,0.421830022,75.0,0.879277,0.661613385
CCDC88C,1302.0,0.396031427,154.0,0.265622,0.381991787
CCL5,886.0,0.462166288,68.0,-2.273838,-0.916415646
CCNDBP1,2336.0,0.44393643,231.0,-1.01271,-0.617686018
CCS,4244.0,0.460896681,43.0,0.657018,-0.289941011
CCT3,238.0,0.457984718,231.0,0.377468,0.011985651
CCT4,1361.0,0.393363555,164.0,-0.697349,-0.024894646
CD14,128.0,0.416321757,392.0,0.985858,0.468602942
CD209,3046.0,0.440000747,67.0,-1.850733,-0.63486511
CD36,2894.0,0.410517795,414.0,-0.88439,-0.514427594
CD40,982.0,0.429065654,90.0,-1.274394,-1.233032936
CD44,3115.0,0.39995987,434.0,1.225684,1.167567068
CD63,923.0,0.512738356,403.0,1.876359,1.718371766
CD74,635.0,0.427357309,187.0,-1.020071,-0.608551322
CDC25C,437.0,0.364786128,387.0,-0.275016,-0.535263776
CDC26,271.0,0.395637029,359.0,0.257988,-0.272879535
CDC34,560.0,0.46431386,199.0,0.287394,-0.009470021
CDC42EP3,3941.0,0.420378821,1009.0,-1.846384,-0.475556531
CDCA3,816.0,0.351209268,820.0,0.172329,-0.244809507
CDCA8,1353.0,0.384295288,290.0,1.084335,0.016755914
CDIPT,1864.0,0.442654716,541.0,0.873331,-0.568012838
CDK1,2313.0,0.398329505,154.0,0.228236,-0.071145425
CDK19,4557.0,0.421511824,180.0,0.250523,0.189604804
CDK2AP1,766.0,0.439144625,522.0,1.092153,0.017206199
CDK5RAP2,367.0,0.371069462,192.0,-0.818178,0.110841423
CDK5RAP3,284.0,0.469750898,1791.0,-0.930829,-0.054449155
CDKAL1,1365.0,0.417875209,167.0,-0.135107,0.215600588
CDKN2AIPNL,3639.0,0.409801696,53.0,-1.06046,-0.008646667
CDKN2C,2247.0,0.381912025,1216.0,-0.08232,-0.048225721
CENPH,1478.0,0.418392258,87.0,-2.2031,-0.729918632
CENPV,301.0,0.385948267,62.0,1.143409,0.666253429
CEP55,939.0,0.397841874,304.0,0.295339,-0.005399655
CES3,2100.0,0.377378956,446.0,4.620228,1.170046436
CETN2,868.0,0.433727498,47.0,-0.300122,-0.775215908
CFL1,677.0,0.502791,234.0,0.528449,-0.288242125
CHAC2,786.0,0.395629742,277.0,0.31469,-0.212666032
CHCHD4,3528.0,0.445497334,326.0,0.790466,0.989600374
CHMP4A,296.0,0.447100154,262.0,0.462215,-0.087324356
CHMP5,1241.0,0.442987983,200.0,0.496662,0.149787409
CHMP6,980.0,0.489861105,78.0,0.080751,0.009030284
CHST11,4211.0,0.430763246,498.0,-1.634955,0.29120139
CHTF8,2425.0,0.424551152,142.0,-0.068386,0.109213769
CIAPIN1,1024.0,0.451663323,242.0,0.401827,-0.039771956
CISD2,5376.0,0.433298698,107.0,0.907268,0.240475539
CKAP4,2872.0,0.386259817,84.0,0.414241,-0.155001243
CKS2,300.0,0.317949998,98.0,0.226768,-0.086112444
CLCC1,5185.0,0.369704467,150.0,0.302871,0.357232649
CLCN7,1698.0,0.459147749,110.0,0.115071,0.065038762
CLIC1,290.0,0.4571302,573.0,0.305836,-0.484479751
CLK2,350.0,0.410673686,925.0,-0.416495,0.34191607
CLK3,1233.0,0.4268607,461.0,-0.226319,0.239808107
CLPTM1,458.0,0.383990827,351.0,1.496142,0.448431355
CLTA,288.0,0.450950874,514.0,1.082249,-0.116216012
CLTB,319.0,0.48548545,210.0,-0.163823,-0.706792407
CLTC,3104.0,0.384957863,443.0,-1.051694,-0.031315364
CNBP,6850.0,0.433298698,206.0,0.470787,0.0843645
CNPY2,123.0,0.392778455,553.0,1.494233,0.094832981
CNPY3,1042.0,0.459231502,584.0,1.788252,0.353673729
COG3,1967.0,0.414689223,142.0,0.274625,0.451325882
COMMD1,306.0,0.423842833,138.0,0.607981,-0.172189157
COMMD3,431.0,0.360487018,35.0,-0.642707,0.042005761
COMMD5,498.0,0.445713337,399.0,2.20762,0.187958181
COMMD6,1375.0,0.396967837,328.0,-0.291281,-0.12832769
COMMD9,2340.0,0.418062772,89.0,0.514118,-0.173264265
COPB1,446.0,0.381738818,307.0,-0.222533,0.016848005
COPE,165.0,0.478760693,55.0,0.739463,-0.053574393
COQ6,671.0,0.374062527,159.0,0.341958,0.742057998
COQ7,5700.0,0.42379098,133.0,-0.656161,0.196537965
CORO1A,112.0,0.457388252,435.0,-1.422759,-1.323670997
COX17,1735.0,0.484254073,86.0,0.926419,0.95099275
COX5A,860.0,0.429944966,140.0,0.870106,0.55255425
COX7A2,302.0,0.441893926,98.0,0.355595,1.200754777
CPM,5262.0,0.406054343,75.0,-1.543556,-0.486813015
CPSF4,923.0,0.452412439,277.0,0.562247,-0.398620544
CPT1A,2761.0,0.374132033,170.0,-0.237163,0.472558326
CPT2,602.0,0.431256564,515.0,0.312639,0.882244483
CRKL,3904.0,0.422225684,509.0,-0.295173,0.009331643
CRTAP,5601.0,0.446308827,120.0,-0.390475,0.124948067
CRTC3,3205.0,0.355982524,186.0,-1.335516,-0.738343638
CRY2,2337.0,0.383442872,132.0,-0.134942,0.031143573
CRYL1,462.0,0.386242786,79.0,0.479893,0.500391933
CSRP1,1183.0,0.493833101,217.0,0.889177,-0.209394613
CST3,2762.0,0.475763324,186.0,0.707101,0.479103834
CSTF2,1931.0,0.372934478,58.0,-0.524311,-0.32244949
CTBP1,800.0,0.464034004,393.0,0.744358,-0.008323839
CTNNA1,1216.0,0.412513324,1103.0,-1.101863,0.808867901
CTNNB1,1106.0,0.432073699,448.0,-0.704143,1.02581924
CTNNBIP1,2448.0,0.394834327,307.0,2.656034,1.799495992
CTPS2,1870.0,0.416273085,744.0,-0.585597,0.2047563
CTSG,119.0,0.369503415,37.0,-4.390571,-1.239814141
CTSH,1072.0,0.446467856,1192.0,2.250524,1.353738477
CUEDC1,2047.0,0.374410739,719.0,-0.432008,-0.108335048
CUX1,1040.0,0.395555213,127.0,-1.259722,-0.571610725
CXCL10,814.0,0.410287201,105.0,-1.36325,-1.405012534
CYBB,2544.0,0.418993019,61.0,-2.359251,-1.093707744
CYP2S1,1051.0,0.420869286,58.0,-1.762973,-0.107640704
CYTH4,1837.0,0.406296106,377.0,-1.376687,-0.453567824
DAB2,1757.0,0.368483127,531.0,-1.271019,-0.420416951
DAGLB,721.0,0.377719723,170.0,0.380617,0.545630511
DAP3,768.0,0.366492687,184.0,0.02652,0.851929827
DAPP1,2082.0,0.348655603,90.0,-0.637101,-0.625947254
DBI,233.0,0.467027529,479.0,1.369836,0.450527937
DCAF8,1877.0,0.380310979,212.0,-0.203617,-0.107850815
DCP1A,4153.0,0.411936399,381.0,-2.052279,0.044253788
DCPS,4731.0,0.375605648,329.0,2.138326,0.857968289
DCTN5,10597.0,0.443116252,177.0,0.179409,-0.01271082
DDAH2,653.0,0.361046801,1104.0,1.675621,0.419819007
DDB2,1223.0,0.43604051,195.0,-1.152765,-0.023782839
DDX23,713.0,0.445931172,91.0,-0.277043,-0.092977084
DDX31,1870.0,0.361830896,544.0,-0.348269,-0.029130239
DDX47,438.0,0.379294484,22.0,-1.113132,-0.158043005
DDX54,1704.0,0.467316231,28.0,-0.637372,-0.517172584
DDX56,586.0,0.438032149,643.0,-0.950739,-0.170538659
DDX59,217.0,0.413095257,243.0,-0.223264,0.23229181
DHODH,3463.0,0.371608285,21.0,1.10014,1.157424601
DHPS,121.0,0.474111752,121.0,1.05314,0.611460725
DHX15,459.0,0.379133957,168.0,-0.696961,-0.037642973
DHX34,591.0,0.384465978,349.0,0.982038,0.295230936
DHX58,357.0,0.440330409,223.0,-1.116412,-1.255108935
DIABLO,719.0,0.425893605,1182.0,-0.351889,-0.110683551
DMAP1,63.0,0.471306,301.0,0.151822,0.065633422
DMXL2,1274.0,0.389901613,225.0,-3.811386,-0.59823107
DNAJA4,1736.0,0.398301408,169.0,-0.762036,-0.319079554
DNAJC14,1509.0,0.37755465,204.0,-0.088759,-0.386638641
DNAJC19,1326.0,0.403482491,259.0,0.529428,0.317764225
DNAJC25,1212.0,0.430964931,56.0,0.487144,0.035026725
DNAJC8,969.0,0.416719859,33.0,-0.405565,-0.561288139
DNM1,1255.0,0.393835111,116.0,-3.313954,-0.623173832
DNTTIP2,3564.0,0.408096853,58.0,-0.499136,-0.192608949
DOCK11,3681.0,0.373818855,63.0,-2.888346,-0.620813
DOCK2,524.0,0.446250827,52.0,-2.679591,-0.945122664
DOK2,438.0,0.384043737,481.0,-1.37267,-0.640255129
DPCD,197.0,0.459155016,389.0,0.221242,-0.229442601
DPF2,2501.0,0.393394442,133.0,0.102202,-0.197525308
DPH1,1310.0,0.448716064,341.0,-0.576982,0.076541274
DPH5,784.0,0.413363166,165.0,-0.172649,-0.156696673
DPY30,562.0,0.438431353,279.0,-0.034133,-0.038696389
DPYSL2,2472.0,0.430530829,431.0,-0.106099,-0.09962213
DRAP1,142.0,0.432809908,245.0,1.642823,-0.026716205
DRG1,4594.0,0.444150091,131.0,1.430056,0.859890819
DSN1,5330.0,0.392894937,373.0,-0.577355,-0.384502525
DSTN,2786.0,0.375776803,438.0,-0.370077,0.053511753
DTL,2265.0,0.372315747,921.0,-0.05871,-0.083224046
DTX3L,3456.0,0.408848169,89.0,0.058606,-0.065544902
DUSP12,374.0,0.419884133,34.0,-0.695866,-0.060274245
DUT,1937.0,0.36471409,109.0,-0.446418,-0.793026222
DYNLT1,514.0,0.420362019,78.0,0.540865,0.476048895
EBAG9,1437.0,0.39438748,402.0,1.081369,0.990731443
ECH1,191.0,0.389477111,85.0,0.977231,0.34747122
ECHDC2,2269.0,0.400166641,752.0,-0.707012,-0.167369868
ECM1,322.0,0.43792189,199.0,-2.243968,-0.657743141
EDEM2,76.0,0.379021051,100.0,0.932371,0.782109111
EEA1,5374.0,0.405861636,265.0,-1.095387,0.189676924
EEF1A2,286.0,0.417272363,329.0,-5.648564,-2.122615409
EFTUD2,1331.0,0.444646836,398.0,-0.666037,-0.142030228
EHD1,3363.0,0.446314898,447.0,0.934408,0.347825443
EIF2AK2,8063.0,0.394727306,557.0,-0.097477,-0.550568338
EIF2B3,1058.0,0.383118637,239.0,0.169782,0.192073615
EIF3F,5840.0,0.435728237,33.0,-0.115831,0.23324508
EIF3L,1718.0,0.380710116,245.0,0.839806,0.170642407
EIF4A3,1120.0,0.381528282,222.0,0.482718,0.037312896
ELAVL1,4910.0,0.437605432,167.0,0.597977,0.271970022
EMG1,248.0,0.433768095,143.0,-0.565587,-0.170388358
EMILIN2,2605.0,0.379592019,159.0,-1.889826,-0.30438504
ENDOD1,7728.0,0.376426787,118.0,-0.55349,0.612739884
ENOSF1,2904.0,0.382279782,622.0,-1.123437,-0.725090602
ENY2,2576.0,0.41756619,146.0,1.682225,0.149860691
EPSTI1,2106.0,0.391777705,469.0,-0.000491,-0.778619404
ERCC1,2342.0,0.45058755,188.0,0.777685,-0.276472547
ERCC6L,4809.0,0.354829683,623.0,-0.348941,-0.105308261
ERH,415.0,0.383837906,71.0,1.121833,-0.08748647
ERLIN1,2041.0,0.444737514,478.0,-2.080871,-0.447013221
ERP29,1277.0,0.401191178,118.0,0.473212,-0.263562936
ETV6,4356.0,0.398240844,274.0,-0.397709,-0.422149551
EXOC4,1232.0,0.388187525,35.0,-0.679842,0.007727641
EXOC8,6907.0,0.436106501,127.0,-0.150062,0.085907254
EXOSC1,536.0,0.430105347,451.0,-0.680278,0.024548308
EXOSC2,3902.0,0.431273517,32.0,-0.682837,-0.050767474
F8A1,571.0,0.46317284,15.0,-1.10039,0.334734316
FAAH,2043.0,0.384592892,82.0,-2.410563,-0.393724498
FAF1,4425.0,0.401181969,453.0,-0.580036,-0.341403594
FAM122A,4542.0,0.40477622,33.0,0.135424,0.37667646
FAM168A,6285.0,0.395008865,285.0,-1.092026,-0.123874626
FAM177A1,2165.0,0.411149627,459.0,-0.178242,0.119158152
FAM192A,1824.0,0.379195199,1475.0,0.532013,-0.051016772
FAM20B,4428.0,0.4357945,293.0,-0.077508,0.515777489
FAM32A,1091.0,0.408676074,42.0,1.068872,0.105511668
FAM50A,286.0,0.482889735,110.0,-0.064037,-0.749147139
FBP1,248.0,0.397353747,331.0,-0.149715,-0.286820112
FBXO4,526.0,0.393825218,58.0,-1.919224,-0.399536913
FBXO6,503.0,0.42307306,166.0,1.107327,-0.749655783
FCER1G,305.0,0.4202976,25.0,-1.284161,-0.605954361
FCGRT,309.0,0.433069976,486.0,1.55345,1.479574743
FDPS,72.0,0.456397562,392.0,0.833619,0.27413167
FDXR,596.0,0.384661194,188.0,0.479315,0.033720844
FEN1,1340.0,0.407867196,413.0,0.27715,-0.036790494
FERMT3,399.0,0.435119014,149.0,-1.105246,-0.65303232
FGD2,907.0,0.441856308,171.0,-2.319963,-1.013888864
FGFR1OP2,1663.0,0.396595515,353.0,-1.42229,-0.165000071
FGL2,3460.0,0.40966218,40.0,-2.107602,-0.279889228
FKBP1A,1132.0,0.428443098,174.0,0.527564,0.277320553
FKBPL,24.0,0.377510344,270.0,1.412082,0.317237624
FLOT1,422.0,0.472159534,339.0,1.081456,0.018528821
FN3K,442.0,0.389857108,61.0,2.223297,1.068911679
FN3KRP,3667.0,0.380720834,50.0,0.616569,0.065748996
FOXJ3,3176.0,0.401878681,312.0,-0.160586,-0.025288158
FOXK2,3108.0,0.440496276,171.0,0.23054,0.058647979
FOXRED1,443.0,0.438630908,167.0,0.728369,0.889951383
FSCN1,1184.0,0.396100853,132.0,1.258711,-0.209017709
FTH1,530.0,0.425357612,235.0,-0.215133,-0.353940805
FTL,1031.0,0.428438948,199.0,0.483895,-0.437316557
FTSJ1,638.0,0.457521275,569.0,-0.565883,-0.280385263
FTSJ3,698.0,0.388239396,646.0,-0.774665,-0.916224055
FXN,6365.0,0.40465004,220.0,0.632209,0.330131463
GABARAPL2,564.0,0.431291441,136.0,0.713101,0.477814546
GABPB1,1320.0,0.423118524,469.0,-0.471183,-0.123897481
GALK1,292.0,0.455574511,63.0,0.696118,-0.217377777
GANAB,989.0,0.425909644,1027.0,0.408011,-0.145000156
GAS6,315.0,0.393865445,183.0,-1.282926,0.449605639
GAS7,6619.0,0.423630168,311.0,-3.239125,-1.014474575
GBE1,708.0,0.404013874,283.0,0.105794,0.28425417
GBP1,1735.0,0.42614962,220.0,-0.543566,-0.840540181
GBP2,5058.0,0.440134196,314.0,-1.58627,-0.833019245
GBP4,4106.0,0.42983554,116.0,-1.340125,-0.600454176
GBP5,1753.0,0.421901204,537.0,-2.323736,-1.718087124
GFOD2,622.0,0.396604754,295.0,0.843895,-0.614331435
GGA2,5408.0,0.377812588,83.0,0.059428,-0.024342639
GGCX,5211.0,0.417836117,106.0,0.288266,0.893760811
GIGYF1,2212.0,0.443456438,1210.0,-0.217482,0.297150776
GINS3,1415.0,0.387351931,208.0,0.210979,-0.220722219
GLA,1699.0,0.378726947,110.0,-0.254482,0.414217628
GLE1,1357.0,0.383457083,114.0,0.004018,0.318886196
GLRX,1188.0,0.430296645,211.0,0.180018,-0.704790024
GLRX3,3557.0,0.41418463,539.0,0.7713,0.606164149
GLUD1,1558.0,0.392454008,1132.0,-0.749987,-0.057531005
GLYR1,2033.0,0.39940414,57.0,-0.0668,0.29034621
GMEB1,4582.0,0.43446142,142.0,-1.167598,-0.172034248
GMPPA,198.0,0.434966364,375.0,1.245163,-0.298064632
GMPR,3984.0,0.435743929,114.0,5.512496,2.52189452
GMPR2,464.0,0.453637396,704.0,-0.542781,0.092672524
GNAI1,1947.0,0.435804474,356.0,0.231311,0.3588823
GNG7,3803.0,0.398730372,237.0,1.536245,0.51671985
GNPDA1,1360.0,0.395964134,67.0,-1.40724,-0.902406652
GOLGA2,1243.0,0.401070546,13.0,0.05564,-0.112987983
GON4L,926.0,0.418089888,175.0,-1.006807,0.106827932
GOSR1,5968.0,0.408103421,237.0,-0.912734,0.034839273
GOSR2,3258.0,0.374298057,541.0,-0.807838,0.036194966
GOT2,1054.0,0.444803236,129.0,0.820263,1.599191437
GPS2,97.0,0.431122181,76.0,-0.179581,-0.371136324
GPSM2,4697.0,0.401967226,496.0,0.229252,-0.118529171
GPX7,626.0,0.395840774,39.0,-2.480408,-1.310184104
GRAMD1A,299.0,0.411657297,748.0,0.673272,0.459397664
GRB2,2292.0,0.4413596,358.0,0.504186,-0.117938687
GSTM4,2467.0,0.390909061,314.0,0.970401,0.013861956
GTF2A2,1070.0,0.420716795,404.0,0.333553,0.376271134
GTF2E2,604.0,0.365750105,273.0,-1.076587,-0.337677559
GTF3C2,932.0,0.372227001,397.0,-1.000928,-0.11619592
GTPBP1,2894.0,0.424954603,154.0,0.998126,0.463433217
GTPBP3,1032.0,0.436547413,95.0,-0.318785,0.343363523
GTSE1,680.0,0.368527868,212.0,0.574438,0.311612386
GTSF1,222.0,0.36097632,86.0,-2.534733,-0.460068936
HADH,818.0,0.383558671,219.0,1.618972,1.133089239
HADHA,615.0,0.383558671,130.0,-0.699828,0.2127492
HAUS5,3319.0,0.378752573,51.0,-0.688121,-0.100492091
HAUS8,346.0,0.37535995,111.0,0.857332,-0.244540495
HCCS,1274.0,0.398607648,275.0,0.09022,0.137826675
HCK,337.0,0.440224323,364.0,-1.781046,-0.706216407
HDAC1,591.0,0.390040122,63.0,-0.467697,-0.45348444
HDDC3,763.0,0.387287166,29.0,-0.50976,-0.550903213
HDGF,1342.0,0.465394593,322.0,0.984655,0.284732158
HDLBP,2343.0,0.397687311,375.0,-0.979496,-0.258894766
HEATR3,1385.0,0.384091545,883.0,-0.706275,0.211874623
HEBP2,9119.0,0.359416339,297.0,0.956519,0.651159461
HECA,3704.0,0.443714129,285.0,0.454348,0.562399685
HECTD3,3914.0,0.446742268,98.0,0.983637,-0.135977796
HERC2,726.0,0.429958504,109.0,-0.209623,0.212653227
HERC5,379.0,0.393838904,153.0,1.385288,0.664987754
HERC6,651.0,0.398146132,183.0,1.469302,0.371155981
HIP1,4874.0,0.430847644,52.0,-1.326727,-0.194158709
HLA-A,4150.0,0.424443523,84.0,1.508386,0.175988034
HLA-C,420.0,0.421684519,65.0,1.452385,0.960495675
HLA-DRA,409.0,0.420807891,109.0,-1.570807,-1.02552329
HLA-E,1459.0,0.413523771,126.0,0.652095,-0.154880555
HLA-F,121.0,0.407256461,124.0,0.419089,-0.237675609
HMBOX1,3560.0,0.369177113,482.0,-0.971079,1.319803314
HMBS,266.0,0.451934812,299.0,1.002955,0.487821871
HMGB2,3775.0,0.450826504,193.0,-0.380762,-0.632785852
HMGCS1,3661.0,0.374424323,345.0,0.899745,0.337358157
HMOX1,616.0,0.436401717,107.0,0.358954,-0.260260459
HNRNPA0,7504.0,0.386421138,284.0,-0.677651,-0.745816659
HNRNPD,1688.0,0.420386111,318.0,0.309699,0.249573565
HNRNPL,1102.0,0.449817015,176.0,0.136109,-0.323744239
HNRNPU,4156.0,0.432126199,218.0,-0.014755,0.014339104
HNRNPUL1,2135.0,0.394022965,339.0,0.406093,0.385571075
HNRNPUL2,2674.0,0.436897081,229.0,0.451009,0.482193097
HSBP1,3274.0,0.4454546,174.0,1.673317,-0.108674238
HSD17B7,398.0,0.431983247,99.0,-0.226466,-0.38628072
HSP90AB1,313.0,0.39509298,251.0,0.370731,-0.335469198
HSPA1L,428.0,0.464100714,183.0,-0.411352,0.298958085
HSPA4L,7877.0,0.413794867,342.0,-0.346169,0.153982569
HSPB11,107.0,0.34538245,284.0,-0.053428,-0.129226715
HTRA2,571.0,0.421976635,602.0,0.240378,0.234966854
HTT,3901.0,0.373695076,145.0,-0.431116,0.123173628
HUS1,2068.0,0.374612864,131.0,-1.425786,-0.264256961
HYI,310.0,0.378597605,196.0,0.522738,0.433967254
HYOU1,1409.0,0.403839016,234.0,1.577242,0.364277071
ICAM1,1537.0,0.426062071,319.0,-1.489639,-0.483550701
IER3IP1,3342.0,0.438740024,97.0,-0.033838,-0.364846757
IFI16,254.0,0.415211655,290.0,-1.034283,-0.466740575
IFI30,213.0,0.431523306,62.0,-0.373345,-0.666033784
IFI35,160.0,0.418462024,223.0,0.445414,-0.237364005
IFI44,267.0,0.403888008,124.0,0.914407,-0.095061475
IFI44L,5058.0,0.403608012,200.0,0.502049,0.204526875
IFIH1,121.0,0.412344512,377.0,1.493354,0.131864988
IFIT1,2775.0,0.411248073,495.0,2.422468,-0.144868908
IFIT2,1901.0,0.420797646,175.0,1.207602,0.024137515
IFIT3,843.0,0.417440574,529.0,0.745354,-0.382045844
IFIT5,2354.0,0.414819429,231.0,0.31178,-0.166928918
IFITM1,159.0,0.431550176,180.0,0.352404,0.464932356
IFT27,109.0,0.4030938,426.0,-1.753301,-1.033401092
IGFBP3,1605.0,0.43060006,132.0,1.326054,0.967381262
IGFBP7,558.0,0.392734536,34.0,-0.107115,0.162128764
IKBKE,745.0,0.435100597,714.0,-2.197604,-0.222079138
IL16,3965.0,0.367979445,2395.0,-2.873455,-1.046969265
IL17RA,5874.0,0.376798811,133.0,-0.34089,0.114302795
IL1RN,1145.0,0.411881061,408.0,-0.764669,-0.260354321
IL4I1,16.0,0.4139018,621.0,0.10046,-0.456419683
ILF2,656.0,0.426220446,239.0,1.006347,-0.186799756
IMPA2,2898.0,0.383680893,242.0,1.917423,0.887442744
INO80,5209.0,0.374025479,351.0,-1.435482,-0.32532197
INPP1,263.0,0.395712795,700.0,0.661537,0.192071035
INPP5D,1195.0,0.436077769,512.0,-0.281677,-0.441331909
INSR,4801.0,0.380857973,411.0,-0.064004,0.169675731
IPO5,2508.0,0.381335948,180.0,-0.519944,0.327574203
IRF7,92.0,0.423538356,367.0,1.220103,0.584492804
IRF8,1327.0,0.384714127,507.0,-1.763481,-0.81715397
IRF9,369.0,0.432057622,127.0,0.155042,-0.028067257
IRGQ,7659.0,0.399674011,156.0,1.045038,-0.143010225
ISCU,607.0,0.454630229,1331.0,0.036197,0.327784982
ISG15,62.0,0.419522688,77.0,3.885857,0.326995544
ISG20,952.0,0.419932377,2368.0,-0.513068,-1.10124457
ISOC1,1056.0,0.418535314,18.0,0.95715,0.506231903
ITGB2,415.0,0.457304004,395.0,-1.295059,-0.600842595
ITPKB,2981.0,0.440250717,340.0,0.987653,0.490889684
JUNB,496.0,0.414023332,276.0,-0.99917,-0.835261691
JUP,157.0,0.458302936,298.0,-0.389956,0.26839284
KANK2,2291.0,0.394238955,361.0,-0.650132,-0.590187086
KARS,4202.0,0.383913431,144.0,0.649229,0.174859555
KCNN4,560.0,0.425737469,396.0,5.996221,2.700905236
KDM1A,327.0,0.428444011,149.0,-0.866005,0.109939312
KDM2A,3716.0,0.372295488,864.0,-0.179846,0.419089515
KDM2B,2488.0,0.393022165,407.0,-1.543905,0.003451944
KDM3B,1327.0,0.37791414,200.0,-1.121851,-0.292522367
KDM4A,1148.0,0.378142374,166.0,-0.124331,0.303315311
KHSRP,1024.0,0.456900489,110.0,-0.49245,-0.508857243
KIAA2013,727.0,0.385456054,191.0,3.710088,1.10552614
KIF20A,757.0,0.371463873,496.0,-0.935618,0.187796271
KIF22,75.0,0.392489541,388.0,-0.511533,0.193950105
KIF2C,588.0,0.387865377,395.0,0.591033,-0.136710061
KIF3B,3792.0,0.390782105,180.0,-1.13838,-0.13981235
KIF3C,2392.0,0.403852971,657.0,-2.23492,0.038598384
KIF5B,3198.0,0.418236129,470.0,0.341569,0.602168472
KLHL7,3616.0,0.41595405,521.0,0.876497,0.596478206
KTI12,594.0,0.370414154,39.0,-0.610145,-0.063266259
LAMP1,1311.0,0.390985106,281.0,0.98826,1.447723945
LANCL2,2422.0,0.433733517,578.0,0.472832,-0.143758581
LAP3,503.0,0.426841798,162.0,0.049911,-0.953259549
LDHD,1826.0,0.398770776,52.0,0.532848,0.607837311
LENG1,560.0,0.445950324,48.0,1.162848,-0.03245446
LGALS3,159.0,0.420172221,88.0,0.930759,0.037133405
LGALS3BP,1225.0,0.419930622,179.0,1.384606,1.038531934
LGALS9,641.0,0.410654931,118.0,0.789475,-0.162221296
LIN54,4893.0,0.441729058,383.0,0.000463,0.139013713
LPCAT1,2228.0,0.380803123,133.0,-2.84597,-0.890319023
LPXN,1776.0,0.432350833,254.0,-1.629015,-0.994103565
LRPPRC,2376.0,0.377375074,58.0,-1.223478,0.635042347
LRRC25,843.0,0.434491636,642.0,-0.85598,0.352179217
LRRC41,465.0,0.438391248,44.0,-0.276652,-0.378166425
LRRC59,1755.0,0.423067849,236.0,-0.333084,-0.237070635
LSM1,486.0,0.409616526,410.0,-0.67306,-0.269336015
LSM6,1871.0,0.435100303,139.0,0.411468,0.29565498
LTA4H,391.0,0.355044638,145.0,-2.038721,-1.075520479
LYN,4058.0,0.418972994,282.0,-0.483736,0.20770371
LYPLAL1,1137.0,0.3973742,157.0,0.05769,0.242225154
LYRM4,6830.0,0.366844497,217.0,0.120064,0.151785518
LYSMD2,596.0,0.394037378,501.0,-1.708143,-0.861291831
M6PR,1457.0,0.379162834,275.0,-0.27723,0.901186318
MAD2L1,4528.0,0.407191351,124.0,0.592563,-0.214787668
MAFB,2032.0,0.405989564,390.0,-2.089127,-1.520545565
MAGED2,327.0,0.466698843,233.0,-0.584343,-1.136454309
MAGOH,153.0,0.416054235,162.0,1.151381,0.054855287
MAN2B1,128.0,0.381728903,76.0,1.844774,1.404110109
MANF,717.0,0.420319188,97.0,-0.266991,-0.724131683
MAP4K1,170.0,0.374128007,140.0,-3.152183,-2.180528326
MARCKSL1,768.0,0.468216312,206.0,0.704319,0.781291432
MAX,2676.0,0.337149475,479.0,0.521231,-0.240539787
MBD2,3723.0,0.420256858,229.0,-0.895678,-0.013278036
MBP,4041.0,0.393290432,264.0,-0.408574,-0.151474448
MCM2,662.0,0.460999542,110.0,0.234861,-0.4466403
MCM4,2618.0,0.371821308,942.0,-0.613508,-0.476964871
MCM5,3214.0,0.470488076,94.0,1.149803,-0.46497371
MDC1,658.0,0.415783633,440.0,-0.911648,-0.325129049
MDH1,210.0,0.381672323,435.0,0.941141,0.696104348
ME1,1535.0,0.411214685,265.0,-1.78379,-0.908131812
ME3,171.0,0.395156177,377.0,-1.386459,-0.323172838
MECR,1365.0,0.445670958,612.0,0.490319,-0.31937007
MED17,2631.0,0.366528813,275.0,0.120335,0.222185415
MED19,934.0,0.439623042,93.0,-0.110263,0.196006961
MED28,10307.0,0.440157501,27.0,0.073204,0.368331545
MED29,4550.0,0.464327351,57.0,0.118833,-0.204577075
MEF2C,6848.0,0.41426337,654.0,-0.710943,-0.01065768
MEN1,824.0,0.454590692,504.0,0.77127,-0.013050459
METTL13,961.0,0.396264071,347.0,-0.104859,0.115142608
MGST3,1295.0,0.374563048,428.0,1.279358,-0.185843068
MIF4GD,787.0,0.397877071,137.0,-0.352339,-0.594294911
MINK1,774.0,0.455972684,525.0,-1.475896,-0.680990103
MIS12,1334.0,0.420723459,745.0,-0.891,0.173863124
MLEC,5319.0,0.43043384,173.0,-0.194246,0.038604927
MLLT10,2252.0,0.36295117,1568.0,-2.696432,0.443051277
MLX,1636.0,0.386664187,65.0,0.02089,-0.4724795
MMACHC,1852.0,0.382684622,371.0,0.241987,0.102233375
MMADHC,5382.0,0.406207656,205.0,0.402621,0.840464452
MMGT1,4451.0,0.406300672,388.0,-0.047925,0.453935473
MMP1,502.0,0.392399458,189.0,-1.338492,-0.664931157
MMP14,1722.0,0.419367787,285.0,-0.471932,-0.033167357
MMP9,193.0,0.404253633,19.0,1.881461,-0.116164227
MORC3,2052.0,0.406702124,375.0,-1.03639,-0.3431324
MORF4L1,1066.0,0.420719378,454.0,-0.763879,-0.104071302
MOV10,619.0,0.412681236,1415.0,-0.082338,-0.067584549
MPDU1,797.0,0.440676037,216.0,-0.25054,0.058581547
MPHOSPH10,87.0,0.404440607,352.0,-0.251114,-0.288890134
MRI1,2018.0,0.459301832,75.0,0.020937,0.166801561
MRPL13,1075.0,0.395373051,313.0,0.875531,0.720165677
MRPL15,1888.0,0.407701507,63.0,1.728022,0.957230593
MRPL16,212.0,0.368940255,214.0,0.755014,0.84025697
MRPL17,6554.0,0.424450505,105.0,0.984127,0.789482202
MRPL2,580.0,0.458698472,164.0,2.075369,0.469445267
MRPL20,187.0,0.445765675,96.0,1.068223,0.513955351
MRPL21,55.0,0.417448467,293.0,0.670369,0.711773596
MRPL27,2133.0,0.436300758,31.0,0.144478,0.774557821
MRPL40,113.0,0.406843086,653.0,1.056651,0.445732084
MRPL46,1889.0,0.422788385,25.0,-1.148232,0.549094318
MRPL48,1284.0,0.368940255,212.0,0.535435,0.201655392
MRPL51,2069.0,0.35376587,169.0,-0.214787,0.619493648
MRPL53,198.0,0.441261883,155.0,0.159819,0.319556627
MRPL9,407.0,0.432679379,437.0,0.522283,0.903408017
MRPS11,2793.0,0.477818717,1491.0,0.040134,0.572535065
MRPS15,468.0,0.440649404,164.0,0.982412,0.545743391
MRPS17,1334.0,0.413812124,30.0,0.523161,1.248676199
MRPS18B,936.0,0.408462865,157.0,1.156721,0.969052607
MRPS36,933.0,0.3748339,84.0,0.199328,0.632216082
MRPS7,453.0,0.455992019,233.0,0.858556,0.779225016
MSI2,5168.0,0.366385762,173.0,0.022178,0.168430613
MSTO1,694.0,0.421389639,1152.0,-0.100665,-0.063965598
MT2A,316.0,0.576670685,123.0,-1.112005,-2.689440524
MTA2,684.0,0.459443446,761.0,0.159129,0.037495102
MTFMT,1550.0,0.414190941,26.0,-1.12826,0.227147295
MTHFS,1663.0,0.434592403,179.0,0.686255,-0.283663207
MTMR1,2442.0,0.424163835,319.0,-0.377622,0.469437254
MTMR14,421.0,0.371137969,151.0,0.161553,-0.220258762
MVP,50.0,0.435053297,193.0,-1.059325,-0.810652558
MX1,456.0,0.433488503,982.0,2.603004,0.846017553
MX2,1812.0,0.430094961,104.0,1.979505,-0.084754846
MYADM,2833.0,0.384589896,681.0,1.571406,0.65814432
MYCBP,3972.0,0.381803634,73.0,0.596801,0.431228327
MYL12A,812.0,0.453450746,478.0,-0.149687,0.127626126
MYO18A,3647.0,0.395788337,484.0,-0.980269,-0.273106357
MYO9B,1401.0,0.398943925,152.0,-0.071884,0.047208038
N6AMT1,5137.0,0.427535625,28.0,-0.740163,-0.026039148
NAA40,3212.0,0.389371031,261.0,0.578046,0.552586511
NAB1,2433.0,0.361024962,572.0,0.94133,0.756202403
NADK,1672.0,0.3959688,563.0,0.802793,0.115678296
NADSYN1,464.0,0.447848979,126.0,0.494032,0.067783073
NAGK,1297.0,0.42527382,474.0,0.107608,-0.227051093
NANS,37.0,0.458552255,132.0,1.324605,0.364314056
NAPA,1862.0,0.477781443,318.0,1.593831,0.662421717
NAT10,4915.0,0.387474071,245.0,-0.209459,-0.23316507
NBAS,140.0,0.414580543,44.0,-1.538038,-0.257102513
NCALD,2767.0,0.374888213,460.0,4.062564,2.563623824
NCAPD3,2971.0,0.431957579,606.0,-0.041556,0.240403357
NCAPG2,3501.0,0.41630572,200.0,-0.863925,-0.245551948
NCF1,2381.0,0.415579251,70.0,-0.821507,-0.645175773
NCK2,1267.0,0.457831152,276.0,1.600391,0.641929234
NCKIPSD,4981.0,0.449411541,126.0,-0.729189,-0.362738739
NCOA5,1332.0,0.416761948,402.0,-0.068342,-0.182337178
NCOA7,3259.0,0.404217869,470.0,-0.822532,-0.567083455
NDC80,61.0,0.356199389,182.0,0.356413,0.157938036
NDRG2,841.0,0.376266446,941.0,4.395199,2.336398245
NDUFA4,1685.0,0.439642808,129.0,3.089687,0.656069917
NEU1,667.0,0.413226082,156.0,1.04668,0.407796079
NFATC2IP,3242.0,0.412267479,15.0,0.082096,0.192768888
NFKB1,708.0,0.4099683,467.0,-0.175964,0.061720327
NFKB2,153.0,0.424806573,563.0,-0.271501,-0.304131194
NFKBIE,1053.0,0.409138176,25.0,1.229734,0.299870469
NGDN,1255.0,0.423783924,27.0,0.052634,-0.097296505
NGRN,1679.0,0.414477409,50.0,-0.479889,0.469571492
NINJ1,5217.0,0.455972644,71.0,1.339877,1.18824474
NIP7,1593.0,0.443769116,318.0,0.607536,-0.37716347
NIT2,2351.0,0.432361565,74.0,-0.720528,-0.423525749
NMNAT3,2689.0,0.397393877,1228.0,1.19975,1.180265413
NMT1,3377.0,0.454689408,31.0,-0.278769,-0.230954125
NONO,1092.0,0.432928506,710.0,-0.281257,-0.067514605
NOP14,912.0,0.38067473,187.0,-0.421833,-0.173277441
NOP2,785.0,0.393538298,198.0,-0.565451,-0.552513483
NOTCH2,6062.0,0.409327653,297.0,-0.974352,-0.116315402
NPTN,1068.0,0.388989686,197.0,-0.205444,0.323242123
NR2C2,6271.0,0.390767743,362.0,-0.472359,0.188927957
NRBF2,883.0,0.43605128,224.0,-0.483199,-0.526472683
NRF1,1901.0,0.447602651,500.0,0.225119,0.316383594
NRGN,833.0,0.413631862,152.0,1.229366,-0.009482988
NRP1,3846.0,0.416817106,523.0,-0.643473,-0.13572581
NSFL1C,1587.0,0.42738001,868.0,0.553605,-0.10763874
NSMAF,602.0,0.358586884,214.0,-0.474098,-0.355421609
NTAN1,178.0,0.344459601,320.0,0.363017,-0.097111494
NUBP1,246.0,0.455923678,142.0,-0.882511,-0.301020629
NUCKS1,5461.0,0.359398328,271.0,-0.178402,-0.442939369
NUDC,716.0,0.476401948,127.0,-0.385749,-0.85403061
NUDT16,5489.0,0.428387545,75.0,0.80532,0.85312435
NUMA1,663.0,0.474508115,436.0,-0.842447,-0.437985009
NUP93,5678.0,0.382018893,495.0,-0.317808,0.17330867
NXF1,2943.0,0.375826754,136.0,-0.429518,0.520558438
OCIAD2,4872.0,0.363821488,322.0,0.827685,0.593064849
OGDH,1071.0,0.396078149,159.0,-0.379207,0.101031171
OPA3,7233.0,0.475004358,100.0,0.943084,1.52210487
OSBPL2,2363.0,0.383456763,571.0,-0.161612,-0.02606799
OSBPL5,1099.0,0.381371042,158.0,-1.440405,-0.378401888
OVCA2,792.0,0.429983078,65.0,0.17474,-0.107324756
P2RX4,573.0,0.442596273,304.0,-1.101202,0.202007384
PAAF1,509.0,0.376143366,341.0,-0.642124,-0.382584185
PACSIN2,1591.0,0.413490434,405.0,1.463401,0.971484042
PARK7,451.0,0.457171775,163.0,1.892656,0.78548985
PARP1,769.0,0.460215809,171.0,-0.140963,0.148950496
PARP10,332.0,0.422654659,200.0,1.019647,0.026540257
PARP12,816.0,0.416480622,874.0,0.463001,-0.198982796
PARP14,2243.0,0.414355918,59.0,-0.226686,-0.42390234
PARP9,451.0,0.418102187,327.0,0.625587,0.068380879
PARVG,2043.0,0.383803232,484.0,-0.942115,-0.782597967
PBK,750.0,0.413339119,464.0,-0.023365,-0.257607948
PCNA,338.0,0.425000199,239.0,-0.117887,-0.348330952
PDAP1,2007.0,0.464659554,134.0,0.857923,-0.09699954
PDCD2,155.0,0.440448783,111.0,0.444716,-0.071862313
PDCD2L,48.0,0.433436103,33.0,0.375241,-0.065473002
PDCD6IP,3211.0,0.388727459,158.0,-0.106854,0.225334668
PDHA1,2054.0,0.402514578,145.0,1.746547,0.118119631
PDHB,2974.0,0.442593378,43.0,-0.926095,0.190909144
PDLIM1,357.0,0.379179626,233.0,-0.595385,-0.75578747
PDXDC1,2055.0,0.375670185,335.0,-0.230156,0.20362072
PDXK,6244.0,0.398158884,198.0,0.057703,0.018316809
PEBP1,796.0,0.360152166,326.0,0.438587,-0.145876972
PEF1,769.0,0.441759403,424.0,-0.409603,-0.598866128
PELO,5222.0,0.385240523,985.0,-1.014599,-0.516377473
PEPD,395.0,0.450896903,133.0,-0.17892,0.292108218
PEX16,585.0,0.43213601,312.0,1.096065,0.425209444
PEX6,946.0,0.370078344,93.0,0.56508,0.486217819
PEX7,2294.0,0.407005497,102.0,-0.276143,0.333256388
PFDN5,124.0,0.497062947,117.0,0.124487,-0.446632435
PFDN6,574.0,0.470152145,222.0,1.777359,-0.401706179
PGM1,570.0,0.393980016,681.0,0.260226,0.384547051
PHB,988.0,0.45268542,190.0,2.088612,0.060675811
PHF10,104.0,0.365149381,79.0,0.02171,0.115936411
PI4K2A,2692.0,0.385068362,57.0,-0.678129,0.365869732
PIAS1,3626.0,0.396022529,741.0,-1.057469,-0.122606281
PIK3AP1,3866.0,0.407313024,128.0,2.712147,1.537793542
PIR,205.0,0.385796208,485.0,1.355062,0.488285396
PITPNC1,4686.0,0.369070722,874.0,1.613067,0.744847761
PLA2G7,1187.0,0.402486321,269.0,-1.101282,0.470861463
PLAUR,323.0,0.418467601,226.0,1.128311,0.510411359
PLCB2,818.0,0.468984469,301.0,-2.363951,-0.655944978
PLCG1,3987.0,0.454806205,121.0,-0.690152,-0.013412816
PLD4,273.0,0.377985619,192.0,-3.56104,0.182903699
PLEKHO1,5192.0,0.424698037,839.0,0.092665,-0.33258661
PLEKHO2,2119.0,0.429714475,134.0,-0.818095,-0.773349986
PLSCR1,10376.0,0.415598704,388.0,1.089154,1.048133647
PML,3324.0,0.431306474,140.0,-0.377646,-0.592422656
POLR1C,1131.0,0.439933821,86.0,1.251218,0.516742332
POLR1D,1469.0,0.427162265,456.0,0.078596,0.162298794
POLR2F,1600.0,0.47244007,250.0,2.269551,0.680106523
POLR2H,1065.0,0.427596015,1167.0,1.146023,-0.253601918
POLR3H,3481.0,0.444306047,388.0,0.75463,0.059019357
POLR3K,1023.0,0.473025152,46.0,-0.160306,-0.206717084
PPA2,660.0,0.432735716,20.0,1.113044,1.073154277
PPIE,4556.0,0.446406574,56.0,0.537355,-0.016268016
PPIL1,1921.0,0.453832883,252.0,0.31852,-0.059798123
PPP1R14B,282.0,0.457456004,268.0,2.254501,0.752440253
PPP1R3G,2923.0,0.390061911,0.0,0.129897,0.166933087
PRC1,1136.0,0.367783806,234.0,-0.587068,-0.214057085
PRCC,357.0,0.381841119,290.0,0.683055,0.008256065
PRDX1,303.0,0.414090753,341.0,-0.208744,-0.565426358
PRDX6,944.0,0.433706552,51.0,0.836466,0.565728042
PREB,658.0,0.378530018,403.0,-0.640879,-0.218666797
PREP,579.0,0.425974009,233.0,0.622267,0.33400968
PRG4,784.0,0.366727173,51.0,-2.812323,-0.016065235
PRIM2,1166.0,0.350864643,125.0,-0.114173,-0.50158679
PRKAB1,1305.0,0.365943644,289.0,-0.148353,0.638781837
PRKAR2A,5019.0,0.427443141,254.0,-2.490855,0.008641322
PRKCB,5795.0,0.38010529,197.0,-2.565911,-1.143349002
PRKCD,451.0,0.404392693,469.0,-0.904443,-0.595815003
PRKRA,683.0,0.420894136,659.0,0.810965,0.688867472
PRKRIP1,3224.0,0.453589322,55.0,0.554115,0.068651276
PRMT5,393.0,0.386451423,508.0,-0.569271,-0.381998422
PRMT7,3655.0,0.450088803,850.0,0.949782,0.347309722
PROCR,549.0,0.357872186,218.0,-1.775945,0.004457381
PRPS1,3908.0,0.466551451,409.0,0.032823,0.343326032
PRPSAP1,2056.0,0.390811115,688.0,2.02186,1.22855447
PRRC1,3173.0,0.409170839,188.0,-0.575507,-0.598525885
PSMA5,2997.0,0.446573967,225.0,0.297569,-0.159260372
PSMA6,187.0,0.423632682,445.0,0.222324,-0.054432762
PSMB10,58.0,0.455018511,128.0,0.656436,-0.581571973
PSMB2,3775.0,0.389848815,412.0,0.724679,-0.207565479
PSMB8,242.0,0.411206622,522.0,0.683892,-0.459772807
PSMB9,5497.0,0.431095699,69.0,0.684654,-0.31762036
PSMC3,66.0,0.485654947,194.0,0.610464,0.077401951
PSMD11,2567.0,0.390095635,61.0,-0.375444,0.005783043
PSMD13,384.0,0.437236365,242.0,0.425319,-0.108863444
PSMD8,450.0,0.458928351,52.0,0.262298,0.313873263
PSME2,53.0,0.443656162,65.0,1.397965,-0.31346944
PSMG1,5308.0,0.427553471,578.0,0.853769,0.723482982
PSTPIP2,1923.0,0.429639796,96.0,-2.31903,-1.010813237
PTBP1,1504.0,0.473818895,106.0,0.023016,-0.164686832
PTDSS1,3765.0,0.367954205,423.0,1.140205,0.773320414
PTGS1,3346.0,0.37260918,633.0,-2.245856,-0.370685332
PTP4A1,3419.0,0.421202001,1153.0,-0.206122,-0.142311483
PTPMT1,1899.0,0.450492628,193.0,0.377771,0.560260928
PTPN18,2185.0,0.381656528,101.0,0.32736,-0.138203315
PTPN7,1593.0,0.440747449,781.0,-2.445244,-0.584320038
PTPRE,2994.0,0.426620112,1843.0,-1.63927,-0.751168942
PTPRF,4571.0,0.452810321,356.0,0.155986,0.159514235
PTRH2,3186.0,0.370743372,1544.0,-0.047313,-0.256801801
PWWP2B,819.0,0.424412275,29.0,0.669893,0.232443958
PYCR2,578.0,0.474148407,230.0,0.515815,0.352930336
PYGL,175.0,0.392036998,127.0,0.410767,0.187604422
QARS,97.0,0.458996209,396.0,-0.242811,0.163820182
RAB11FIP1,4277.0,0.380614122,56.0,-0.981284,-0.144386842
RAB12,1120.0,0.38483812,283.0,-0.432743,0.523842919
RAB21,5246.0,0.435367738,267.0,-0.509128,0.208636196
RAB31,3231.0,0.437498832,175.0,-2.265254,-1.041639488
RAB35,2172.0,0.408841719,189.0,-0.696135,-0.233374789
RAB7A,1376.0,0.419395127,232.0,0.783745,0.969058479
RAB8B,4163.0,0.425956778,96.0,-2.221786,-0.329695313
RAB9A,1716.0,0.417525007,283.0,1.27441,1.259040788
RABGGTA,77.0,0.387342734,512.0,-0.235578,-0.22548468
RABGGTB,440.0,0.409412379,78.0,-0.686984,-0.455244092
RABIF,4760.0,0.447399225,159.0,0.439061,0.447896828
RACGAP1,1895.0,0.366370127,354.0,0.009131,0.166074961
RAD9A,924.0,0.444046557,185.0,0.127286,-0.298333109
RAE1,1112.0,0.432613552,365.0,-0.805962,0.275700167
RAI1,1472.0,0.455620822,469.0,-0.75761,-0.105092874
RAN,2043.0,0.442855294,361.0,-0.674866,-0.319195141
RANBP10,3359.0,0.379453562,1256.0,0.052909,0.245880829
RANGAP1,3145.0,0.481547647,765.0,1.532042,0.325415454
RAPGEF1,2727.0,0.425793135,159.0,-0.222597,-0.171674651
RARS,114.0,0.423508657,41.0,-0.986559,0.025350035
RBBP4,6506.0,0.404056961,164.0,-0.692601,-0.249772742
RBBP5,3098.0,0.421849625,474.0,-0.265878,0.418484257
RBKS,251.0,0.392307233,1371.0,-1.824712,-0.821905021
RBM12,3599.0,0.375183789,304.0,-0.88864,-0.155545877
RBM14,3443.0,0.468008211,139.0,0.102439,-0.124620631
RBM4B,5277.0,0.396841232,170.0,-0.184013,-0.2140455
RBMX,1201.0,0.353737079,210.0,-0.662056,0.30837
RBPJ,4223.0,0.4178224,518.0,-0.089267,0.112059826
RBX1,821.0,0.46562919,52.0,1.455593,-0.316702137
RC3H1,7637.0,0.410085914,87.0,-0.26385,0.085087203
RCCD1,1773.0,0.374130224,280.0,-0.565847,-0.307870109
RCOR1,4070.0,0.439565312,228.0,0.058916,0.199823286
REEP4,591.0,0.460338979,469.0,-0.282707,-0.735419794
REEP5,2962.0,0.457536941,144.0,-0.686733,-0.070476674
RELB,408.0,0.418226182,131.0,0.46275,-0.097159979
REPIN1,2683.0,0.45080531,489.0,0.252555,0.314852059
RET,2082.0,0.379562012,357.0,-4.617927,0.086631148
RFC4,89.0,0.411167541,282.0,-0.334669,-0.21435799
RFK,1882.0,0.429285662,357.0,0.076065,0.202499629
RFX5,1546.0,0.386685917,221.0,-0.505873,-0.225685223
RFXAP,1850.0,0.421314391,156.0,0.194975,-1.227237715
RHBDF2,740.0,0.423256567,294.0,0.38744,-0.150352136
RHOT2,568.0,0.454546166,881.0,-0.500108,0.35709115
RNASEH1,4369.0,0.404567903,700.0,-0.583036,-0.038107837
RNASEH2B,3930.0,0.37625722,399.0,-0.641988,-0.630576537
RNASET2,1070.0,0.374792559,407.0,1.813166,1.222721931
RNF114,1751.0,0.459950313,36.0,1.086114,0.301180143
RNF167,289.0,0.375291206,776.0,0.136145,0.335612984
RNF20,5226.0,0.396317502,92.0,-0.284933,-0.3538055
RNF213,5288.0,0.417718743,150.0,-1.479946,-0.39739379
RNF25,102.0,0.375620157,88.0,0.590067,0.061459995
RNF31,88.0,0.389352607,358.0,0.805919,-0.077805152
RNLS,1252.0,0.416402283,135.0,-0.885867,-0.170316193
RNMT,4581.0,0.415128602,241.0,-0.629796,0.111711472
RNPEP,463.0,0.447181346,896.0,0.165387,-0.105386085
RP9,437.0,0.42869019,18.0,0.453902,0.429488861
RPA1,2907.0,0.381710028,170.0,-0.556916,-0.54117972
RPA2,639.0,0.400070522,793.0,-1.277903,-0.46836568
RPAIN,471.0,0.394698889,570.0,-0.02403,0.085085258
RPL11,461.0,0.442317923,45.0,-0.551788,-0.534304687
RPL14,5208.0,0.496792394,133.0,-0.241062,-0.773310531
RPL23,3146.0,0.464880603,90.0,-1.15574,0.172956307
RPL26,53.0,0.427802183,389.0,-1.294188,-0.779376289
RPL31,1260.0,0.451994935,87.0,-0.012153,-0.127442087
RPL34,1350.0,0.436455219,198.0,0.967127,-1.355071504
RPL5,1058.0,0.451564158,75.0,0.437207,-0.074150458
RPL7,1077.0,0.460258279,707.0,0.413342,-0.696098177
RPS11,373.0,0.483080585,92.0,1.172082,-0.195137716
RPS24,4247.0,0.430653047,142.0,0.04268,-0.415670369
RPS25,109.0,0.467193878,63.0,0.660543,0.52635707
RPS27A,743.0,0.450449292,321.0,0.41039,-0.207168761
RPS3A,306.0,0.426765211,80.0,-1.009165,-0.116607178
RPS4X,629.0,0.442998752,96.0,-0.198883,0.203077431
RPS6,2723.0,0.413925579,42.0,0.359638,-0.769726854
RPS6KA1,828.0,0.389798854,163.0,1.130079,0.560664139
RPS6KA4,735.0,0.38455359,226.0,0.209995,0.159189277
RPS7,66.0,0.428822459,109.0,0.178915,-0.150969922
RPTOR,2341.0,0.385169267,805.0,0.494861,0.32728094
RREB1,3012.0,0.456825357,492.0,-0.047877,0.372223134
RRM1,2304.0,0.437568848,689.0,-0.503021,0.067533544
RRP8,5071.0,0.446233376,148.0,0.364641,-0.158549369
RRS1,978.0,0.468289248,104.0,1.142682,-0.345941674
RTN3,1690.0,0.358048129,187.0,0.731779,0.04542494
RTN4IP1,1108.0,0.372133716,477.0,0.438399,0.535816068
RUNX1,4334.0,0.416076551,1578.0,-0.878303,0.128924701
RUNX3,2611.0,0.405217602,439.0,-1.7862,-0.382619334
RWDD1,6365.0,0.401367905,746.0,-0.158444,-0.67368536
S100A8,71.0,0.444112716,170.0,-0.803171,-2.410461292
S100A9,189.0,0.439508357,43.0,-1.087547,-2.894567422
SAMD9,1815.0,0.395660052,270.0,-0.351109,-0.182460752
SAMD9L,1162.0,0.396305952,1248.0,-2.760692,-0.827476062
SAMM50,150.0,0.345249646,197.0,1.991035,0.877418902
SAMSN1,684.0,0.407246581,430.0,-2.474714,-0.842804585
SAP18,1754.0,0.427429047,39.0,0.696035,-0.020066297
SAP30BP,1541.0,0.449617255,257.0,0.406549,-0.127367768
SAR1A,5213.0,0.411769389,203.0,-0.214802,-0.332427168
SAR1B,5806.0,0.392367964,253.0,0.436471,-0.435563655
SARS,1054.0,0.40098191,100.0,0.514036,-0.014615876
SASH3,1369.0,0.387406112,182.0,-1.837545,-0.900902172
SCAMP4,1741.0,0.472519575,351.0,-0.12016,0.327474789
SCO1,8645.0,0.407339367,61.0,-0.408155,0.266962408
SDCCAG8,307.0,0.360606297,1542.0,-0.248104,-0.079900732
SEC11C,205.0,0.423646802,92.0,0.675457,-0.65666249
SEC13,332.0,0.457264526,210.0,0.65649,-0.111366302
SEC14L1,2986.0,0.420320088,665.0,1.704703,-0.023659553
SEC22A,2559.0,0.422343815,79.0,0.129719,-0.404497249
SEC24B,1221.0,0.400931805,155.0,0.122797,0.440799084
SEC24D,2115.0,0.386600041,297.0,-1.283483,-0.602427926
SEC61B,270.0,0.404562259,76.0,1.157576,0.464409121
SEMA3F,960.0,0.38837398,318.0,-0.630453,0.436841278
SEMA4A,755.0,0.412797256,345.0,1.425169,0.279514114
SEMA4D,2318.0,0.393173667,572.0,-0.21715,0.650640826
SERPINA1,1707.0,0.420489385,573.0,-3.196833,-0.318606486
SERPINB8,2096.0,0.38524815,520.0,-2.840182,-1.257597611
SETMAR,321.0,0.414235412,398.0,-0.139437,0.177060649
SEZ6L2,540.0,0.431800162,245.0,2.329385,1.246061313
SF1,2419.0,0.374481437,721.0,-0.065293,-0.06326617
SF3B2,563.0,0.453902675,40.0,-0.208172,-0.025712104
SFXN4,500.0,0.402513841,45.0,1.404588,0.917320631
SH3BP1,433.0,0.395530944,313.0,0.88773,-0.119249512
SH3PXD2B,4870.0,0.420952884,171.0,-1.208782,-0.6241104
SHMT1,4335.0,0.394510245,509.0,0.131663,-0.03040158
SIGLEC1,1590.0,0.42099348,0.0,-1.016488,0.036799593
SIPA1,2933.0,0.437718847,296.0,1.400386,-0.074780708
SIRPA,3027.0,0.429235057,360.0,2.581045,1.717312528
SKP1,8791.0,0.433886974,179.0,-0.951774,0.186648441
SLBP,3046.0,0.391438372,553.0,0.604666,-0.256319345
SLC25A10,1929.0,0.386184273,191.0,1.731126,1.109427717
SLC25A19,477.0,0.386093473,224.0,0.885257,0.512591841
SLC25A20,787.0,0.382641976,199.0,0.073541,0.836716959
SLC25A3,504.0,0.383836987,354.0,-0.40738,0.184956888
SLC25A40,2688.0,0.363984785,375.0,-0.598463,-0.045461892
SLC25A42,2156.0,0.366871382,156.0,0.946216,-0.092751042
SLC25A6,450.0,0.487227384,137.0,0.53975,0.56602072
SLC27A3,163.0,0.439664345,91.0,0.065615,-0.312255328
SLC39A10,2661.0,0.346494338,214.0,0.253015,1.293479746
SLC43A2,6357.0,0.437839378,341.0,0.886244,0.659663246
SLC43A3,838.0,0.382351997,447.0,1.258316,1.025894029
SLC44A1,8291.0,0.4365497,264.0,-1.427735,0.076392572
SLC9A3R1,709.0,0.400889529,235.0,0.105088,-0.39276898
SMAP2,1225.0,0.404145004,415.0,-0.797528,-0.495162876
SMC1A,5954.0,0.490702048,340.0,-0.357682,0.255513258
SMG5,1363.0,0.383248033,540.0,0.640384,-0.180570842
SMS,2660.0,0.417677888,252.0,0.172173,0.196980898
SMYD3,223.0,0.378821529,130.0,-2.511997,-1.042875005
SNRNP200,676.0,0.454045162,132.0,-0.257406,-0.069906607
SNRPC,474.0,0.427936125,450.0,0.966617,-0.028445224
SNRPD1,4386.0,0.384326147,161.0,0.251618,0.219679023
SNRPN,279.0,0.390283395,1145.0,1.447378,-0.017504248
SNX24,5071.0,0.338464018,185.0,-3.696561,-0.814687888
SNX30,6144.0,0.426743352,148.0,-0.1062,0.647371793
SNX33,5086.0,0.383330712,96.0,-0.731308,-0.149176563
SOD1,353.0,0.438546885,148.0,0.520195,-0.249791272
SOD2,13436.0,0.435065133,1828.0,0.550298,-1.023529076
SP110,3922.0,0.401738483,258.0,-0.40344,-0.143013161
SPC24,1691.0,0.381793277,320.0,0.848483,0.103337307
SPC25,540.0,0.373816265,131.0,1.18275,0.428423206
SPCS1,3333.0,0.417439524,205.0,-0.196099,0.028257407
SPI1,383.0,0.406748349,223.0,-0.973643,-0.045659017
SPRYD4,1406.0,0.430591965,75.0,1.721936,1.238726173
SQSTM1,1485.0,0.412192979,360.0,-0.124059,-0.813907604
SRC,2671.0,0.437602812,449.0,1.730121,0.68830459
SRGAP2,3018.0,0.377689891,542.0,-0.512462,-0.077546777
SRI,5365.0,0.424260151,79.0,-0.799169,-0.478429527
SRP19,2645.0,0.430943803,189.0,-0.536368,-0.275347661
SRPRB,1784.0,0.427990824,285.0,1.750884,1.053734897
SRR,1392.0,0.393840903,354.0,-2.32057,-0.42697538
SRXN1,2099.0,0.37663928,185.0,-0.99432,-0.291301042
SS18L2,777.0,0.45997865,208.0,-0.520706,0.137835623
SSH1,5298.0,0.373517564,146.0,-1.854327,-0.480281504
SSH3,2595.0,0.376349937,178.0,-0.640312,-0.602907089
SSR2,592.0,0.425839932,80.0,0.896626,-0.280132383
SSR3,3698.0,0.388415977,156.0,-0.252611,-0.174893662
SSR4,87.0,0.444947593,150.0,1.69348,0.280536877
SSRP1,422.0,0.394601844,267.0,-0.186219,0.085956615
SSU72,400.0,0.445120823,325.0,1.2466,-0.033089527
ST13,3666.0,0.439823793,468.0,0.699295,0.451134433
ST14,553.0,0.454138745,193.0,1.386503,0.372768128
ST3GAL4,594.0,0.39537481,557.0,2.538403,1.258486612
STARD10,1682.0,0.427301627,944.0,-1.606995,-1.164673241
STAT1,3294.0,0.408136156,388.0,0.769055,0.180868057
STAT2,1791.0,0.409862748,203.0,0.18028,-0.105110054
STAT6,1168.0,0.380869476,499.0,-0.043317,-0.063529317
STMN1,1138.0,0.394107416,364.0,0.768642,-0.871240133
STOM,2222.0,0.387137797,117.0,-1.668101,0.04859856
STOML2,531.0,0.456962681,143.0,0.44863,0.201788307
STX3,5058.0,0.403902965,547.0,-0.55494,0.100012111
STX7,14891.0,0.417568039,327.0,0.161345,0.703890153
STX8,107.0,0.378438911,150.0,-0.831073,-0.272589166
SUCLG1,223.0,0.43877655,193.0,0.720022,0.551557821
SUFU,3380.0,0.361614756,191.0,-0.714128,-0.435358158
SUMF1,999.0,0.37076871,37.0,1.250377,0.838643146
SUPT4H1,1112.0,0.438747077,103.0,0.008663,0.276809813
SURF2,1720.0,0.440503417,48.0,1.261816,-0.386596846
SURF4,2281.0,0.385472445,476.0,0.620936,0.554571513
SURF6,4908.0,0.42467207,78.0,0.614037,-0.212967867
SVIP,4195.0,0.357937352,217.0,0.369751,0.456571369
SYTL1,80.0,0.364244725,197.0,-4.258272,-1.048162594
TACC3,165.0,0.385699108,155.0,0.250552,-0.433335183
TADA2B,3064.0,0.464060586,151.0,0.440836,0.26823141
TAP2,5256.0,0.374969764,175.0,0.767795,-0.004435136
TBC1D20,3109.0,0.435441414,148.0,-0.470805,-0.39156185
TBC1D9B,1396.0,0.395340616,37.0,-1.684199,-0.577342533
TBCC,556.0,0.434161456,73.0,1.00774,0.40067403
TCEAL3,260.0,0.368171822,262.0,-0.752819,-0.761686726
TCEAL4,3020.0,0.432120515,489.0,0.024559,-0.895624815
TCOF1,1640.0,0.41523122,108.0,-0.922276,-0.646740796
TDP1,1721.0,0.418036689,317.0,0.09194,0.140269552
TDRD7,242.0,0.375852104,234.0,-0.860653,-0.246414445
TDRKH,973.0,0.419795099,182.0,0.113733,0.158387916
TEP1,2777.0,0.379550228,40.0,-1.934669,-0.259636867
TFE3,1431.0,0.379068139,541.0,-0.434813,-1.197539492
TFEB,621.0,0.429366592,302.0,1.876809,0.475541335
THADA,112.0,0.415199561,352.0,-0.991141,-0.250447633
THBD,2144.0,0.448063145,160.0,-1.921748,-0.817524167
THUMPD1,2715.0,0.455087735,225.0,-0.333804,0.271162145
THYN1,205.0,0.377954149,484.0,0.622861,0.030097219
TIMM50,3932.0,0.424829064,722.0,0.798784,-0.126767197
TIMM8B,2046.0,0.447942532,30.0,1.766519,0.153018914
TK2,3965.0,0.360054507,593.0,-0.803111,-0.012526593
TLE1,571.0,0.374791795,1295.0,1.072664,0.406017881
TM9SF2,2020.0,0.372522209,233.0,0.304788,0.592751885
TMED3,1710.0,0.439016102,188.0,2.614275,0.326431479
TMED9,708.0,0.44685712,67.0,0.220208,0.486913788
TMEM126A,52.0,0.406087664,295.0,0.081289,0.442995072
TMEM199,2431.0,0.370998168,90.0,-0.397363,-0.049593127
TMEM63A,1407.0,0.385482014,622.0,2.038305,1.703091936
TMOD1,2050.0,0.392927141,213.0,1.870438,1.369313298
TNFAIP2,2079.0,0.44214387,131.0,-2.637674,-0.843078317
TNFAIP3,1995.0,0.416242917,370.0,-1.791053,-0.138136558
TNFAIP8L2,497.0,0.440670719,126.0,-0.307903,-1.069438562
TNIP1,770.0,0.448321216,241.0,-1.148742,-0.115934277
TNK2,822.0,0.420245651,543.0,-1.662457,-0.334633106
TNPO2,2070.0,0.408799881,358.0,0.543689,0.41807734
TNRC18,1316.0,0.449521205,349.0,0.259593,0.260077247
TOMM5,518.0,0.441712708,107.0,0.42158,0.722021949
TOMM6,1957.0,0.431553434,255.0,1.141886,0.296808627
TOP2A,1003.0,0.364102812,159.0,-1.085648,-0.3786591
TOR1A,3160.0,0.446121485,77.0,0.067217,0.122042303
TPD52L2,1600.0,0.385071878,138.0,0.088821,0.087498312
TPI1,620.0,0.479135356,527.0,-0.060391,0.061173944
TPM1,757.0,0.403626605,257.0,-2.013062,-0.951070904
TRAF1,7433.0,0.438949906,572.0,-2.248789,-0.807717158
TRAF3,5716.0,0.386659664,353.0,-1.159075,0.033326397
TRAF6,6100.0,0.426668941,381.0,-0.519518,0.367989276
TRAPPC3,634.0,0.441060625,519.0,0.637164,-0.164872312
TRAPPC5,42.0,0.453352607,241.0,0.390379,0.297738757
TRAPPC6B,2539.0,0.437369008,335.0,-0.241301,-0.097166395
TRAPPC9,3079.0,0.431357199,134.0,1.337729,0.421678199
TRIM11,3522.0,0.453298916,255.0,0.425068,-0.001092749
TRIM14,3117.0,0.369225689,165.0,0.173671,0.208648764
TRIM22,1215.0,0.424423711,379.0,-0.439865,0.076224928
TRIM26,1431.0,0.384319522,565.0,0.407126,0.147658825
TRIM27,2956.0,0.441704825,359.0,0.526489,-0.004717476
TRIM41,1657.0,0.454716896,737.0,-1.180985,0.462373643
TRIM5,2312.0,0.426412011,303.0,0.56855,0.077604034
TRIP12,3739.0,0.40441217,297.0,-0.539981,-0.000866537
TRIP13,2852.0,0.433721983,145.0,-1.095092,-1.05430653
TRMT5,3660.0,0.405137655,572.0,-0.061369,0.279180008
TRUB2,4655.0,0.434714666,759.0,0.752428,0.851248639
TSFM,1390.0,0.429356434,57.0,0.716529,0.610747403
TSPAN14,15147.0,0.398868986,305.0,0.483969,1.015742204
TSPYL1,7303.0,0.373212405,287.0,0.183513,0.110521221
TSR2,1366.0,0.464925113,443.0,0.451415,0.185490422
TTC39C,3394.0,0.378954091,452.0,-0.860121,-0.068279718
TTC7A,2213.0,0.393400181,1272.0,-0.375859,0.316753836
TTPAL,5319.0,0.425556123,145.0,0.026632,0.35597341
TTYH3,3063.0,0.383645273,187.0,1.17116,0.763108149
TUBA1C,110.0,0.451729991,576.0,-0.137654,-0.052213968
TUBA4A,644.0,0.402818439,556.0,2.158775,1.012829445
TUBB,1030.0,0.390058461,509.0,0.063172,-0.376888342
TUBB6,2302.0,0.468445054,1139.0,-0.599395,-0.727618933
TUBGCP4,1934.0,0.368175973,296.0,-1.957031,-0.196886445
TUSC1,1294.0,0.429789613,537.0,0.017895,-0.687764884
TXNL4A,3129.0,0.472736328,466.0,0.04315,0.01188189
TYMP,18.0,0.429537249,376.0,-0.532356,-0.764944981
TYMS,581.0,0.364557025,159.0,-0.439211,-0.360980578
UBAP2L,353.0,0.367068802,167.0,-0.087157,-0.024736977
UBE2B,4002.0,0.405496028,420.0,-0.654693,-0.524008681
UBE2E1,1034.0,0.417917446,229.0,0.445123,-0.423556265
UBE2E2,1962.0,0.352966355,180.0,-1.448518,-1.477764974
UBE2L3,2365.0,0.455573936,198.0,0.228894,-0.140317655
UBE2L6,703.0,0.431638779,653.0,0.412638,-0.48001656
UBE4B,1283.0,0.418913915,688.0,1.230919,1.043838826
UBIAD1,2303.0,0.446280173,334.0,1.785631,1.712050098
UBR4,797.0,0.387393976,4.0,-0.731628,0.103712493
UBTF,2209.0,0.400105612,296.0,-0.221161,0.064713747
UBXN1,220.0,0.422601268,194.0,0.366097,-0.197686186
UCK2,4043.0,0.447469338,640.0,1.213047,0.499302801
UGGT1,5935.0,0.374564832,178.0,0.437571,0.411482594
UHRF1BP1,5130.0,0.373569339,234.0,-0.527295,0.03220091
UNC45A,377.0,0.475530537,1022.0,-0.456817,-0.387205007
UNG,1024.0,0.368897526,209.0,0.125641,0.400540135
UNK,1388.0,0.447315534,42.0,0.135019,-0.199787479
UQCR11,4379.0,0.470309826,75.0,0.306519,0.586712299
UQCRC1,129.0,0.462829321,45.0,0.259402,0.644985526
UQCRH,193.0,0.365128489,320.0,1.371298,1.488095952
UROD,171.0,0.391539164,133.0,1.227534,0.215950545
UROS,3849.0,0.422413435,266.0,1.107268,-0.099655424
USP18,580.0,0.434940763,338.0,1.046071,0.052547644
USP39,571.0,0.39295741,223.0,0.013193,-0.014713673
UTP6,2466.0,0.429918331,83.0,-1.153343,-0.150922776
VAC14,489.0,0.396517204,827.0,0.573765,0.472259726
VAMP8,451.0,0.398153421,156.0,0.370962,0.63237212
VASP,824.0,0.388921088,342.0,1.368696,0.581077803
VAT1,1456.0,0.406330787,120.0,0.58801,0.221682278
VDAC3,475.0,0.440388181,210.0,-0.208452,0.123125993
VDR,3209.0,0.450036866,401.0,0.023865,0.273521317
VGLL4,2489.0,0.432812067,506.0,0.571388,0.578181219
VIM,431.0,0.411136971,462.0,-0.994716,-0.845279961
VLDLR,6202.0,0.388727284,416.0,2.017057,0.791518732
VPS28,291.0,0.476756313,109.0,1.709583,0.058537313
VPS33B,559.0,0.447669729,583.0,-1.544376,-0.083471488
VPS39,2053.0,0.440628838,173.0,-1.062109,-0.208639778
VPS52,2870.0,0.393546356,887.0,0.145272,0.327527097
WASF2,4090.0,0.365213822,245.0,-0.882658,-0.019510021
WBP2,1040.0,0.392225719,515.0,2.142069,0.508705046
WDFY2,7044.0,0.36603015,340.0,0.173436,0.254691395
WDR1,1039.0,0.393247178,368.0,0.795141,0.323062049
WDR36,3619.0,0.40459335,117.0,-0.958769,-0.225914872
WDR37,8068.0,0.365587877,173.0,-1.070174,-0.423565698
WDR4,293.0,0.380589271,581.0,-0.093827,0.0509673
WDR47,1216.0,0.402106333,376.0,-1.273341,-0.336084599
WDR48,1924.0,0.419028298,472.0,-0.706395,0.017657006
WDR5,1979.0,0.401607191,171.0,0.563718,0.286501136
WDR54,97.0,0.394793766,128.0,-3.335776,-0.691365767
WDR61,197.0,0.411764619,310.0,0.194336,-0.078869082
WDR77,4184.0,0.412330102,139.0,1.256648,-0.297559394
WDR91,4946.0,0.380864599,823.0,0.364581,-0.040309818
WDR92,2520.0,0.427217839,117.0,-0.716798,0.078499408
YTHDF1,1279.0,0.384821843,294.0,0.20261,0.093506705
YTHDF3,3082.0,0.406652071,509.0,0.339747,0.38091694
YY1,5192.0,0.440120149,480.0,1.147765,-0.131572921
ZBED1,2221.0,0.457533868,282.0,-0.951886,-0.190267975
ZBTB8OS,1087.0,0.406816332,276.0,0.497216,-0.010368287
ZC3H12A,768.0,0.421626239,1056.0,-0.526485,0.00447514
ZC3H4,2169.0,0.436042942,38.0,0.037875,-0.068721913
ZCCHC10,81.0,0.361883573,67.0,-1.101766,0.053743747
ZCCHC2,2006.0,0.404185753,0.0,-0.055796,1.327897195
ZFP36L1,2846.0,0.395541595,976.0,-1.080222,-0.238009941
ZMAT2,1942.0,0.460376067,101.0,-0.26799,-0.386821322
ZMIZ2,4165.0,0.419562196,128.0,-0.870831,0.02967738
ZMYM3,1292.0,0.378831729,749.0,-0.415213,0.128600617
ZNF207,13817.0,0.386696564,148.0,-0.558287,-0.229575901
ZNF414,113.0,0.422835658,118.0,-0.556339,-0.080406942
ZNF511,243.0,0.452392726,55.0,1.799547,-0.023872248
ZNF516,4816.0,0.393186692,318.0,-3.236376,-0.728855638
ZNF622,1298.0,0.463753859,120.0,-0.98833,-0.615976805
ZNHIT2,49.0,0.440612513,85.0,0.531004,-0.224333259
ZWINT,4585.0,0.411772707,37.0,-0.218876,0.120305943
