,3prime,tAI,max_5_UTR_length,TCGA-C8-A12L,TCGA-C8-A12L.1
AAK1,17874.0,0.380718848,505.0,0.070655,-0.135496824
AATF,207.0,0.367011205,251.0,2.273359,0.408519408
ABCC1,1793.0,0.393368456,175.0,1.069827,0.702290819
ABCF3,5726.0,0.387768135,869.0,0.262844,0.359334148
ABHD12,654.0,0.374654709,279.0,-0.478711,-0.236291316
ABHD6,1639.0,0.384216096,505.0,-0.601471,-0.245860015
ABR,2562.0,0.39474042,600.0,-0.356799,0.009094245
ABT1,2092.0,0.423473096,40.0,-0.453017,-0.021327753
ACADVL,176.0,0.46877374,457.0,0.534606,0.631342548
ACBD6,155.0,0.433964845,621.0,0.259027,0.410769523
ACIN1,584.0,0.404933544,328.0,0.081544,0.098764894
ACO1,4661.0,0.37721508,227.0,-0.652478,-0.426613942
ACOT11,1220.0,0.392289045,176.0,1.655178,0.480818049
ACOT9,4514.0,0.358892202,225.0,1.064765,0.529737463
ACP2,814.0,0.411581374,548.0,-0.591466,-0.319165825
ACSF2,1484.0,0.405139059,501.0,-1.900198,-1.170611737
ACSL1,1530.0,0.417966714,990.0,-0.389643,-0.613925812
ACSL5,1022.0,0.380976548,307.0,-1.040987,-0.516957956
ACTB,613.0,0.469768794,192.0,0.236917,-0.412613666
ACTL6A,452.0,0.409046191,387.0,1.688334,0.398456808
ACTR1A,3151.0,0.432463663,108.0,-0.488154,-0.223655539
ADA,312.0,0.444091501,440.0,1.043474,0.144172977
ADD1,1928.0,0.439806775,863.0,-0.051823,-0.415453391
ADPRH,2067.0,0.380088169,541.0,-1.285318,-0.640584831
ADSSL1,320.0,0.393141878,776.0,0.405868,-0.254194494
AGAP3,508.0,0.436856677,1584.0,-0.981948,-0.517677303
AHNAK,842.0,0.382138706,300.0,-0.049403,0.074565655
AHSA1,225.0,0.374296292,431.0,0.519659,0.281955943
AIF1,121.0,0.4069451,222.0,-1.319774,-0.599600558
AIFM2,1911.0,0.447982482,217.0,-1.566177,-0.364125068
AK1,1528.0,0.389481519,153.0,-0.051274,-0.126163242
AK2,2893.0,0.384271636,345.0,-0.31235,-0.332475266
AKR1C2,3804.0,0.449591167,413.0,2.251359,-0.278806503
AKR7A2,10996.0,0.385600504,22.0,-0.98267,-0.872702074
ALDH18A1,838.0,0.380333742,511.0,-0.090292,-0.092669407
ALDH3A2,2525.0,0.42484639,221.0,-0.486668,0.031487458
ALDH6A1,4647.0,0.38708374,724.0,-0.978694,-1.080162214
ALG1,2498.0,0.432230555,181.0,-0.117748,0.30642311
ALG5,380.0,0.362014155,67.0,-0.689594,0.171548206
ALG9,4217.0,0.365461171,1107.0,0.56955,0.766265485
ALOX5AP,976.0,0.392577632,248.0,-0.267796,0.982208904
AMBRA1,1041.0,0.36170155,362.0,-0.602971,-0.327096151
AMPD2,903.0,0.389224108,566.0,0.240714,0.144136466
AMPD3,1695.0,0.423686063,472.0,0.019842,0.055692519
ANAPC13,1361.0,0.393644021,731.0,-0.247295,-0.452175669
ANAPC5,235.0,0.390209877,197.0,0.231192,-0.010785721
ANKLE2,1737.0,0.418251419,90.0,0.009851,0.142863811
ANKRD16,135.0,0.465649334,543.0,0.925645,0.551867952
ANKRD35,249.0,0.402949835,108.0,-1.270603,-0.147352456
ANXA2,496.0,0.429738522,160.0,1.286824,0.725894974
ANXA5,1441.0,0.418050335,165.0,0.502409,0.005839621
AP1B1,1153.0,0.424070668,187.0,0.604344,0.055005191
AP1M1,914.0,0.463388599,173.0,0.49039,0.024747151
APBA1,3797.0,0.387421148,276.0,-1.929708,-0.232299131
APIP,427.0,0.433104693,127.0,-1.197191,-0.545921132
APOBEC3B,339.0,0.43450554,55.0,1.286326,-0.12017447
APOBEC3C,1979.0,0.381716897,103.0,-0.912453,-0.635867542
APOBEC3G,322.0,0.410940579,404.0,-0.998635,-0.433263527
APOL2,1195.0,0.42932248,477.0,0.405886,0.385668037
ARF6,2971.0,0.462806813,621.0,-0.675203,-0.755359378
ARFIP2,2430.0,0.403729309,291.0,-1.600092,-0.821789062
ARHGAP17,2624.0,0.371011524,117.0,0.068994,-0.072361634
ARHGAP30,773.0,0.384451823,645.0,0.221751,-0.295098485
ARHGEF10,1378.0,0.370244255,202.0,-0.78071,-0.127961649
ARID2,3145.0,0.362288628,128.0,-0.015147,0.034105408
ARID3A,3881.0,0.411693449,290.0,0.73263,0.078657239
ARIH2,3112.0,0.397061561,878.0,-0.511959,-0.089796038
ARL8A,1065.0,0.409602486,171.0,0.104163,0.449653915
ARRB1,6041.0,0.39512759,224.0,-0.244908,0.001626971
ASF1B,950.0,0.395794233,172.0,1.674853,0.748781404
ASS1,1357.0,0.394201053,356.0,2.04476,1.178642482
ATPAF1,3039.0,0.439253133,510.0,-0.475801,-0.126147492
AXL,1863.0,0.417061167,376.0,-1.129114,0.282355705
B4GALT7,4483.0,0.433879574,93.0,-0.912658,-0.65249184
BAG1,2764.0,0.431693656,501.0,-1.598249,-0.778824399
BAG3,537.0,0.387438444,306.0,0.639988,-0.067208371
BASP1,971.0,0.520859146,259.0,-0.412127,-0.173217863
BBS7,1531.0,0.408023089,184.0,0.390918,-0.245304099
BCAT2,364.0,0.445598481,657.0,-0.58537,-0.748727121
BCKDHB,3082.0,0.419736544,88.0,0.126379,0.17084014
BCL2,5279.0,0.374049285,493.0,-3.5414,-0.388869812
BCL2L13,4109.0,0.411790332,769.0,0.51131,0.199128909
BID,4193.0,0.428633517,498.0,1.261106,0.524366302
BLVRA,3376.0,0.414260839,177.0,-0.797456,-0.300603881
BOLA2,40.0,0.43059393,513.0,0.141471,-0.034074152
BOLA3,383.0,0.406657227,38.0,0.864452,0.229909411
BRD2,787.0,0.377809737,2066.0,-0.505668,-0.056575954
BRD3,3285.0,0.401150236,188.0,0.248548,-0.076306775
BSPRY,1091.0,0.380011644,48.0,-0.601738,-0.833605285
BST2,411.0,0.444557266,81.0,-2.979277,-1.68969779
BUB3,1535.0,0.421992618,242.0,-0.33327,0.051818746
C1QB,152.0,0.436596666,340.0,-0.187261,0.205493978
C1QC,327.0,0.41150294,283.0,-0.468317,0.334483859
C2CD3,671.0,0.360398895,227.0,0.751001,0.670788717
C3,5088.0,0.430632158,93.0,-1.707785,0.077165075
CAP1,1134.0,0.406948565,416.0,-0.170627,-0.229063203
CAPN1,720.0,0.455130071,197.0,0.287507,-0.090344286
CAPRIN1,5632.0,0.374918508,189.0,-0.617537,-0.149679783
CAPZB,5180.0,0.446052528,622.0,-0.83947,-0.226857674
CARD16,437.0,0.41300235,27.0,-0.831806,-0.204669906
CARHSP1,4898.0,0.362100245,360.0,0.269147,-0.125323469
CASC3,1778.0,0.370720542,295.0,-0.109787,-0.020556222
CASP1,750.0,0.424742838,44.0,-0.441753,-0.242942749
CASP8,1794.0,0.376118708,303.0,0.919825,0.289672754
CAT,629.0,0.397270122,89.0,-0.429797,-0.414412347
CBL,8368.0,0.375957197,142.0,0.651356,0.162088832
CBLL1,3286.0,0.400851504,467.0,-0.63793,-0.067144503
CBR3,54.0,0.445176236,228.0,-1.472182,-1.251865837
CBS,4385.0,0.477784031,626.0,-0.218811,-1.409368725
CBX5,10815.0,0.390902295,318.0,0.509468,0.263761333
CBX8,2504.0,0.36735217,118.0,0.28434,0.158981727
CCDC115,2169.0,0.385110507,452.0,-0.722208,0.148445582
CCDC125,2554.0,0.359965106,322.0,-1.737179,-0.9684284
CCDC58,2462.0,0.421830022,75.0,-0.621453,-0.46195121
CCDC88C,1302.0,0.396031427,154.0,-0.046618,-0.712183741
CCL5,886.0,0.462166288,68.0,-0.742536,-0.496055161
CCNA2,1206.0,0.409154498,373.0,2.019275,0.610232161
CCNB2,168.0,0.374401461,184.0,1.938042,0.334037716
CCNDBP1,2336.0,0.44393643,231.0,-1.021309,0.720076369
CCS,4244.0,0.460896681,43.0,-0.545381,-0.364541034
CCT3,238.0,0.457984718,231.0,0.751426,0.336063465
CCT4,1361.0,0.393363555,164.0,0.779079,0.228359271
CD14,128.0,0.416321757,392.0,-0.304638,-0.415582721
CD209,3046.0,0.440000747,67.0,-0.819256,-0.823577881
CD36,2894.0,0.410517795,414.0,-2.413071,-0.978025334
CD40,982.0,0.429065654,90.0,-0.862104,-0.265873794
CD44,3115.0,0.39995987,434.0,1.423395,0.669610588
CD63,923.0,0.512738356,403.0,0.112583,0.351904448
CD74,635.0,0.427357309,187.0,-0.537301,-0.155618474
CDC25C,437.0,0.364786128,387.0,0.414672,0.002984438
CDC26,271.0,0.395637029,359.0,-0.239037,-0.343907402
CDC34,560.0,0.46431386,199.0,-0.07919,0.166490116
CDC42EP3,3941.0,0.420378821,1009.0,0.329976,0.130873623
CDCA3,816.0,0.351209268,820.0,1.908172,0.604375444
CDCA8,1353.0,0.384295288,290.0,0.838923,0.167916362
CDIPT,1864.0,0.442654716,541.0,-0.01433,-0.024445793
CDK1,2313.0,0.398329505,154.0,1.791459,1.293640398
CDK19,4557.0,0.421511824,180.0,0.296338,0.182413761
CDK2AP1,766.0,0.439144625,522.0,0.378703,0.056531297
CDK5RAP2,367.0,0.371069462,192.0,-0.690678,-0.159339716
CDK5RAP3,284.0,0.469750898,1791.0,-0.497448,0.51720465
CDKAL1,1365.0,0.417875209,167.0,-0.597193,-0.066699811
CDKN2AIPNL,3639.0,0.409801696,53.0,-0.952876,0.080348567
CDKN2C,2247.0,0.381912025,1216.0,-0.39023,0.087977789
CEBPD,1714.0,0.430497143,44.0,1.29208,0.26176045
CENPH,1478.0,0.418392258,87.0,0.030854,-0.075979855
CENPV,301.0,0.385948267,62.0,-0.541798,-0.401225663
CEP55,939.0,0.397841874,304.0,1.652271,0.600222631
CES3,2100.0,0.377378956,446.0,6.245704,2.305236564
CETN2,868.0,0.433727498,47.0,0.903985,0.340668715
CFL1,677.0,0.502791,234.0,0.318644,-0.278294697
CHAC2,786.0,0.395629742,277.0,1.335575,0.287755103
CHCHD4,3528.0,0.445497334,326.0,-0.333741,0.064953949
CHMP4A,296.0,0.447100154,262.0,-1.34517,-0.20861548
CHMP5,1241.0,0.442987983,200.0,-0.916785,-0.381332456
CHMP6,980.0,0.489861105,78.0,-0.059444,0.267919467
CHTF8,2425.0,0.424551152,142.0,0.358299,1.001031066
CIAPIN1,1024.0,0.451663323,242.0,0.820624,0.4069733
CISD2,5376.0,0.433298698,107.0,-0.217656,0.119277731
CKAP4,2872.0,0.386259817,84.0,0.513507,0.46238929
CKS2,300.0,0.317949998,98.0,0.351923,0.719843704
CLCC1,5185.0,0.369704467,150.0,0.581131,0.54490731
CLCN7,1698.0,0.459147749,110.0,-0.168988,-0.294167114
CLIC1,290.0,0.4571302,573.0,-0.28301,-0.36325347
CLK2,350.0,0.410673686,925.0,0.441798,0.131009856
CLK3,1233.0,0.4268607,461.0,-0.204545,0.258880382
CLPTM1,458.0,0.383990827,351.0,0.520751,0.134286343
CLTA,288.0,0.450950874,514.0,-0.226923,-0.171768386
CLTB,319.0,0.48548545,210.0,-0.49572,-0.008016817
CLTC,3104.0,0.384957863,443.0,0.620247,-0.055010763
CNBP,6850.0,0.433298698,206.0,-0.378519,-0.012663523
CNPY2,123.0,0.392778455,553.0,0.159539,0.249731295
CNPY3,1042.0,0.459231502,584.0,-0.19437,0.269526851
COG3,1967.0,0.414689223,142.0,0.542359,0.477789284
COMMD1,306.0,0.423842833,138.0,-0.486586,0.036740812
COMMD3,431.0,0.360487018,35.0,-0.23184,-0.038356885
COMMD5,498.0,0.445713337,399.0,-0.105563,-0.116731195
COMMD6,1375.0,0.396967837,328.0,0.051602,0.137735813
COMMD9,2340.0,0.418062772,89.0,-1.24374,-0.217801747
COPB1,446.0,0.381738818,307.0,-0.038517,0.140467416
COPE,165.0,0.478760693,55.0,0.281407,0.169545855
COQ6,671.0,0.374062527,159.0,-0.868877,-0.086453738
COQ7,5700.0,0.42379098,133.0,-0.60421,-0.008145448
CORO1A,112.0,0.457388252,435.0,-1.08045,-0.544231952
COX17,1735.0,0.484254073,86.0,-0.889242,-0.805923308
COX5A,860.0,0.429944966,140.0,0.498589,-0.479652696
COX7A2,302.0,0.441893926,98.0,0.127466,0.073297982
CPM,5262.0,0.406054343,75.0,-0.219358,-0.322629151
CPSF4,923.0,0.452412439,277.0,-1.029771,0.008488145
CPT1A,2761.0,0.374132033,170.0,1.102396,0.717120695
CPT2,602.0,0.431256564,515.0,-0.191735,-0.137157069
CRCP,8457.0,0.390198146,145.0,0.616523,0.363532257
CRKL,3904.0,0.422225684,509.0,0.273235,0.061424292
CRTAP,5601.0,0.446308827,120.0,-0.812479,0.307198431
CRTC3,3205.0,0.355982524,186.0,0.157278,0.282648862
CRY2,2337.0,0.383442872,132.0,-2.025467,-0.759477696
CRYL1,462.0,0.386242786,79.0,-0.426669,-0.182082947
CSRP1,1183.0,0.493833101,217.0,-1.11265,-0.85612933
CST3,2762.0,0.475763324,186.0,-2.790793,-0.954234963
CSTF2,1931.0,0.372934478,58.0,-0.222932,-0.34566408
CTBP1,800.0,0.464034004,393.0,0.586178,0.001289051
CTNNA1,1216.0,0.412513324,1103.0,0.030935,0.242154179
CTNNB1,1106.0,0.432073699,448.0,-0.097962,0.185497076
CTNNBIP1,2448.0,0.394834327,307.0,-0.371691,0.288806885
CTPS2,1870.0,0.416273085,744.0,0.331791,0.080935842
CTSG,119.0,0.369503415,37.0,-1.287659,1.19082956
CTSH,1072.0,0.446467856,1192.0,-0.324983,0.037898042
CUEDC1,2047.0,0.374410739,719.0,-0.711645,-0.437252734
CUX1,1040.0,0.395555213,127.0,-0.6598,0.011600048
CXCL10,814.0,0.410287201,105.0,0.505971,-0.458935275
CXCL9,2323.0,0.403736618,74.0,1.474924,0.317615398
CYBB,2544.0,0.418993019,61.0,-0.287126,0.191326012
CYP2S1,1051.0,0.420869286,58.0,-0.716145,-0.087054998
CYTH4,1837.0,0.406296106,377.0,-0.875631,-0.431458045
DAB2,1757.0,0.368483127,531.0,-0.854583,-0.391509624
DAGLB,721.0,0.377719723,170.0,0.737039,0.78582077
DAP3,768.0,0.366492687,184.0,0.238541,0.101867921
DAPP1,2082.0,0.348655603,90.0,-0.042003,-0.053021046
DBI,233.0,0.467027529,479.0,-0.13553,-0.578584889
DCAF8,1877.0,0.380310979,212.0,-0.194674,-0.012950016
DCP1A,4153.0,0.411936399,381.0,-0.566801,-0.118623652
DCPS,4731.0,0.375605648,329.0,0.683535,0.178465528
DCTN5,10597.0,0.443116252,177.0,0.748432,0.091011707
DDAH2,653.0,0.361046801,1104.0,-1.329573,-0.59728187
DDB2,1223.0,0.43604051,195.0,-0.87364,-0.185000037
DDX23,713.0,0.445931172,91.0,-0.542807,-0.076098725
DDX31,1870.0,0.361830896,544.0,1.095502,0.629098575
DDX47,438.0,0.379294484,22.0,0.452905,0.42163482
DDX54,1704.0,0.467316231,28.0,0.341613,0.423365415
DDX56,586.0,0.438032149,643.0,0.188667,0.581985249
DDX59,217.0,0.413095257,243.0,0.202647,-0.113228865
DHODH,3463.0,0.371608285,21.0,-0.747417,-0.286714552
DHPS,121.0,0.474111752,121.0,0.559494,0.829607222
DHX15,459.0,0.379133957,168.0,-0.033272,0.154865735
DHX34,591.0,0.384465978,349.0,0.53708,0.259841572
DHX58,357.0,0.440330409,223.0,-1.597796,-0.54679595
DIABLO,719.0,0.425893605,1182.0,-0.153045,0.040150662
DMAP1,63.0,0.471306,301.0,-1.456672,-0.014882286
DMXL2,1274.0,0.389901613,225.0,0.182712,0.124458144
DNAJA4,1736.0,0.398301408,169.0,0.849417,0.368941163
DNAJC19,1326.0,0.403482491,259.0,-0.284796,0.176512475
DNAJC25,1212.0,0.430964931,56.0,-0.527469,-0.312475504
DNAJC8,969.0,0.416719859,33.0,-0.720146,-0.414564502
DNM1,1255.0,0.393835111,116.0,-0.743859,-0.310751027
DNTTIP2,3564.0,0.408096853,58.0,2.008649,0.664089381
DOCK11,3681.0,0.373818855,63.0,-0.205386,-0.147995279
DOCK2,524.0,0.446250827,52.0,-0.767029,-0.156146431
DOK2,438.0,0.384043737,481.0,0.071231,-0.14973772
DPCD,197.0,0.459155016,389.0,-0.17897,-0.048675235
DPF2,2501.0,0.393394442,133.0,-0.385269,-0.193468306
DPH1,1310.0,0.448716064,341.0,-0.358674,-0.268270949
DPH5,784.0,0.413363166,165.0,-0.476194,0.237642487
DPY30,562.0,0.438431353,279.0,-0.020787,0.339083572
DPYSL2,2472.0,0.430530829,431.0,-1.260046,-0.58995284
DRAP1,142.0,0.432809908,245.0,-0.152011,0.180135566
DRG1,4594.0,0.444150091,131.0,0.442146,0.923162327
DSN1,5330.0,0.392894937,373.0,0.488981,-0.476001826
DSTN,2786.0,0.375776803,438.0,-0.045604,0.006897489
DTL,2265.0,0.372315747,921.0,0.445523,0.416107787
DTX3L,3456.0,0.408848169,89.0,-0.807401,-0.690659433
DUSP12,374.0,0.419884133,34.0,0.815201,0.546262797
DUT,1937.0,0.36471409,109.0,0.156067,-0.36131252
DYNLT1,514.0,0.420362019,78.0,0.01013,-0.015520745
EBAG9,1437.0,0.39438748,402.0,-0.196901,-0.252070708
ECH1,191.0,0.389477111,85.0,0.389034,0.359449208
ECHDC2,2269.0,0.400166641,752.0,-0.938789,-0.745360878
ECM1,322.0,0.43792189,199.0,-0.622259,-0.282354323
EDEM2,76.0,0.379021051,100.0,0.51927,0.43378323
EEA1,5374.0,0.405861636,265.0,0.203395,0.158598315
EEF1A2,286.0,0.417272363,329.0,2.089263,0.506275
EFTUD2,1331.0,0.444646836,398.0,0.412277,0.076230338
EHD1,3363.0,0.446314898,447.0,0.467718,0.163698993
EIF2AK2,8063.0,0.394727306,557.0,-0.901505,-0.698386542
EIF2B3,1058.0,0.383118637,239.0,0.115685,0.118756987
EIF3F,5840.0,0.435728237,33.0,-1.276705,-0.091216802
EIF3L,1718.0,0.380710116,245.0,-0.154091,0.130018283
EIF4A3,1120.0,0.381528282,222.0,0.39215,0.062848863
ELAVL1,4910.0,0.437605432,167.0,0.6374,0.095354934
EMG1,248.0,0.433768095,143.0,0.310706,0.243376847
EMILIN2,2605.0,0.379592019,159.0,-0.143769,-0.295119697
ENDOD1,7728.0,0.376426787,118.0,1.160059,0.81938343
ENOSF1,2904.0,0.382279782,622.0,0.426678,-0.679284064
ENY2,2576.0,0.41756619,146.0,-0.049845,0.340263611
EPSTI1,2106.0,0.391777705,469.0,-0.207173,-0.638095968
ERCC1,2342.0,0.45058755,188.0,-0.453934,-0.106416401
ERCC6L,4809.0,0.354829683,623.0,0.746503,0.162587267
ERH,415.0,0.383837906,71.0,-0.788164,-0.00959562
ERLIN1,2041.0,0.444737514,478.0,-0.480963,0.093283646
ERP29,1277.0,0.401191178,118.0,-0.120274,0.389538887
ETV6,4356.0,0.398240844,274.0,-0.011307,-0.223863148
EXOC4,1232.0,0.388187525,35.0,-0.69372,0.046832476
EXOC8,6907.0,0.436106501,127.0,0.527335,0.09980571
EXOSC1,536.0,0.430105347,451.0,-0.632039,0.096106451
EXOSC2,3902.0,0.431273517,32.0,0.907583,-0.0512534
F8A1,571.0,0.46317284,15.0,0.66114,0.226223065
FAAH,2043.0,0.384592892,82.0,-0.996687,-0.199704053
FAF1,4425.0,0.401181969,453.0,0.239778,-0.167450106
FAM122A,4542.0,0.40477622,33.0,-0.600678,-0.021433922
FAM168A,6285.0,0.395008865,285.0,0.998461,0.330754986
FAM177A1,2165.0,0.411149627,459.0,0.635132,0.650465678
FAM192A,1824.0,0.379195199,1475.0,0.316555,0.18250799
FAM20B,4428.0,0.4357945,293.0,0.437838,0.210044136
FAM32A,1091.0,0.408676074,42.0,0.07147,0.457533652
FAM50A,286.0,0.482889735,110.0,0.130543,0.364187069
FBP1,248.0,0.397353747,331.0,-0.579341,-0.170072835
FBXL20,9338.0,0.383104745,254.0,0.446393,-0.268134
FBXO4,526.0,0.393825218,58.0,-0.303035,0.041427208
FBXO6,503.0,0.42307306,166.0,-0.434594,-0.411655471
FCER1G,305.0,0.4202976,25.0,-0.584147,-0.327014933
FCGRT,309.0,0.433069976,486.0,-1.753753,-0.518059106
FDPS,72.0,0.456397562,392.0,0.421225,0.297810762
FDXR,596.0,0.384661194,188.0,-0.138473,-0.716769675
FEN1,1340.0,0.407867196,413.0,0.742549,0.379067425
FERMT3,399.0,0.435119014,149.0,-0.322166,-0.214440156
FGD2,907.0,0.441856308,171.0,-0.721406,-0.309088712
FGFR1OP2,1663.0,0.396595515,353.0,-0.245805,0.10410301
FGL2,3460.0,0.40966218,40.0,-1.551795,-0.705928522
FKBP1A,1132.0,0.428443098,174.0,-0.035749,-0.042104083
FKBPL,24.0,0.377510344,270.0,-1.1558,0.060662687
FLOT1,422.0,0.472159534,339.0,-0.969644,-0.218311855
FN3K,442.0,0.389857108,61.0,0.168898,-0.011622412
FN3KRP,3667.0,0.380720834,50.0,-0.02527,-0.551269025
FOXJ3,3176.0,0.401878681,312.0,-0.542245,-0.230887384
FOXK2,3108.0,0.440496276,171.0,0.370173,-0.162296825
FOXRED1,443.0,0.438630908,167.0,0.435478,0.79093821
FSCN1,1184.0,0.396100853,132.0,-0.154874,-0.564899166
FTH1,530.0,0.425357612,235.0,0.540822,-0.198635278
FTL,1031.0,0.428438948,199.0,-0.282545,-0.353061971
FTSJ1,638.0,0.457521275,569.0,0.142496,-0.213826855
FTSJ3,698.0,0.388239396,646.0,0.999618,0.522719312
FXN,6365.0,0.40465004,220.0,-0.328826,-0.868827842
GABARAPL2,564.0,0.431291441,136.0,-1.074883,-0.413186489
GABPB1,1320.0,0.423118524,469.0,-0.006247,-0.238989592
GALK1,292.0,0.455574511,63.0,0.387645,-0.158275948
GANAB,989.0,0.425909644,1027.0,-0.098506,-0.137000427
GAS6,315.0,0.393865445,183.0,-1.98116,-0.481045691
GAS7,6619.0,0.423630168,311.0,-2.316058,-0.583919916
GBE1,708.0,0.404013874,283.0,2.185903,0.912245507
GBP1,1735.0,0.42614962,220.0,0.400098,0.237282353
GBP2,5058.0,0.440134196,314.0,0.401099,0.581746987
GBP4,4106.0,0.42983554,116.0,-0.670752,-0.413621273
GBP5,1753.0,0.421901204,537.0,1.215302,0.176142122
GCH1,2011.0,0.419329122,161.0,0.426899,-0.094198575
GFOD2,622.0,0.396604754,295.0,0.856782,0.58206967
GGA2,5408.0,0.377812588,83.0,-0.637116,-0.368723596
GGCX,5211.0,0.417836117,106.0,0.44592,0.378325326
GIGYF1,2212.0,0.443456438,1210.0,-1.210932,-0.277034415
GINS3,1415.0,0.387351931,208.0,1.463568,0.255942638
GLA,1699.0,0.378726947,110.0,-0.384796,-0.468606034
GLE1,1357.0,0.383457083,114.0,1.046096,0.274093809
GLRX,1188.0,0.430296645,211.0,-0.991382,-0.9087012
GLRX3,3557.0,0.41418463,539.0,0.345131,0.206711848
GLUD1,1558.0,0.392454008,1132.0,-1.098362,-0.373488461
GLYR1,2033.0,0.39940414,57.0,-0.82241,-0.332387502
GMEB1,4582.0,0.43446142,142.0,-0.071879,-0.213855918
GMPPA,198.0,0.434966364,375.0,-0.377018,-0.192322
GMPR,3984.0,0.435743929,114.0,-2.838379,-0.935301359
GMPR2,464.0,0.453637396,704.0,-0.688486,-0.489532534
GNAI1,1947.0,0.435804474,356.0,0.470704,0.023885846
GNG7,3803.0,0.398730372,237.0,-2.055542,-0.332233808
GNPDA1,1360.0,0.395964134,67.0,-0.632455,-0.429463186
GOLGA2,1243.0,0.401070546,13.0,0.779616,0.299773885
GON4L,926.0,0.418089888,175.0,0.463216,0.112679915
GOSR1,5968.0,0.408103421,237.0,0.269405,0.328361751
GOSR2,3258.0,0.374298057,541.0,0.106498,0.433609027
GOT2,1054.0,0.444803236,129.0,0.578803,0.657309733
GPS2,97.0,0.431122181,76.0,-0.218132,0.135641832
GPSM2,4697.0,0.401967226,496.0,1.388213,0.328013691
GPX7,626.0,0.395840774,39.0,-0.591943,0.080984237
GRAMD1A,299.0,0.411657297,748.0,0.019747,-0.143414752
GRB2,2292.0,0.4413596,358.0,0.106793,-0.004470734
GSTM4,2467.0,0.390909061,314.0,-2.114378,-2.322832783
GTF2A2,1070.0,0.420716795,404.0,0.466655,0.431907479
GTF2E2,604.0,0.365750105,273.0,0.006697,-0.0373353
GTF3C2,932.0,0.372227001,397.0,0.255427,0.209734028
GTPBP1,2894.0,0.424954603,154.0,0.128977,0.130949021
GTPBP3,1032.0,0.436547413,95.0,0.559957,-0.001795632
GTSE1,680.0,0.368527868,212.0,2.647358,1.091882661
GTSF1,222.0,0.36097632,86.0,-1.168756,-0.725304294
HADH,818.0,0.383558671,219.0,-0.123856,-0.268220413
HADHA,615.0,0.383558671,130.0,-0.366188,-0.184624771
HAUS5,3319.0,0.378752573,51.0,0.291007,0.109359093
HAUS8,346.0,0.37535995,111.0,1.166611,0.017869133
HCCS,1274.0,0.398607648,275.0,0.189299,0.060621255
HCK,337.0,0.440224323,364.0,-0.423232,0.005779421
HDAC1,591.0,0.390040122,63.0,-0.3983,-0.134980937
HDDC3,763.0,0.387287166,29.0,-0.308455,-0.044538177
HDGF,1342.0,0.465394593,322.0,1.358149,0.376956033
HDLBP,2343.0,0.397687311,375.0,-0.20545,0.054554429
HEATR3,1385.0,0.384091545,883.0,1.354452,0.685496032
HEBP2,9119.0,0.359416339,297.0,0.788363,0.250956286
HECA,3704.0,0.443714129,285.0,0.908973,0.280807996
HECTD3,3914.0,0.446742268,98.0,0.037366,-0.084593708
HERC2,726.0,0.429958504,109.0,-0.505784,0.045279158
HERC5,379.0,0.393838904,153.0,-1.340029,-0.258150701
HERC6,651.0,0.398146132,183.0,-1.148686,-0.774899696
HIP1,4874.0,0.430847644,52.0,-0.373454,-0.276973014
HLA-A,4150.0,0.424443523,84.0,-0.41482,-1.351753795
HLA-C,420.0,0.421684519,65.0,-0.883259,0.053925281
HLA-DRA,409.0,0.420807891,109.0,-0.511976,-0.522465882
HLA-E,1459.0,0.413523771,126.0,-0.768532,-0.234925679
HLA-F,121.0,0.407256461,124.0,-1.499782,-0.164140952
HMBOX1,3560.0,0.369177113,482.0,0.174427,-0.802893425
HMBS,266.0,0.451934812,299.0,0.470646,0.168190356
HMGB2,3775.0,0.450826504,193.0,-0.462287,-0.830975798
HMGCS1,3661.0,0.374424323,345.0,0.549715,0.673183939
HMOX1,616.0,0.436401717,107.0,-0.342348,-0.149907284
HNRNPA0,7504.0,0.386421138,284.0,-0.675049,-0.504753417
HNRNPD,1688.0,0.420386111,318.0,0.19493,-0.371572744
HNRNPL,1102.0,0.449817015,176.0,0.143871,-0.232496471
HNRNPU,4156.0,0.432126199,218.0,0.139279,0.084967004
HNRNPUL1,2135.0,0.394022965,339.0,0.376707,0.184905181
HNRNPUL2,2674.0,0.436897081,229.0,0.135053,-0.132350052
HSBP1,3274.0,0.4454546,174.0,-0.429519,-0.197656579
HSD11B1,4482.0,0.426649415,154.0,-0.736155,0.367624476
HSD17B7,398.0,0.431983247,99.0,0.371021,0.45159684
HSP90AB1,313.0,0.39509298,251.0,0.668085,0.406449117
HSPA1L,428.0,0.464100714,183.0,-0.50839,-0.408390645
HSPA4L,7877.0,0.413794867,342.0,1.826047,0.373166272
HSPB11,107.0,0.34538245,284.0,-0.468654,0.171833236
HTRA2,571.0,0.421976635,602.0,-0.2101,-0.430745297
HTT,3901.0,0.373695076,145.0,0.48757,0.180071207
HUS1,2068.0,0.374612864,131.0,0.332928,0.062570546
HYI,310.0,0.378597605,196.0,-1.104194,-0.152050144
HYOU1,1409.0,0.403839016,234.0,0.890004,0.341525328
ICAM1,1537.0,0.426062071,319.0,1.713699,0.545345306
IER3IP1,3342.0,0.438740024,97.0,0.163374,0.259425154
IFI16,254.0,0.415211655,290.0,-1.284311,-0.547909444
IFI30,213.0,0.431523306,62.0,0.501553,0.21038268
IFI35,160.0,0.418462024,223.0,-1.136928,0.060323552
IFI44,267.0,0.403888008,124.0,-1.669732,-0.896748433
IFI44L,5058.0,0.403608012,200.0,-2.886137,-0.898054508
IFIH1,121.0,0.412344512,377.0,-0.075945,-0.17705823
IFIT1,2775.0,0.411248073,495.0,-2.870842,-0.917102242
IFIT2,1901.0,0.420797646,175.0,-1.483496,-0.783858278
IFIT3,843.0,0.417440574,529.0,-1.200547,-0.860668359
IFIT5,2354.0,0.414819429,231.0,-1.516607,-0.415540091
IFITM1,159.0,0.431550176,180.0,-2.754271,0.188890412
IFT27,109.0,0.4030938,426.0,-0.204962,0.005005731
IGFBP3,1605.0,0.43060006,132.0,1.871915,0.320357757
IGFBP7,558.0,0.392734536,34.0,-1.124566,-0.453452017
IKBKE,745.0,0.435100597,714.0,0.882889,0.565173053
IL16,3965.0,0.367979445,2395.0,-1.288442,-0.459994142
IL17RA,5874.0,0.376798811,133.0,1.564216,1.49030082
IL1RN,1145.0,0.411881061,408.0,1.730566,0.726365903
IL4I1,16.0,0.4139018,621.0,0.338981,-0.070992843
ILF2,656.0,0.426220446,239.0,1.019455,0.115972696
IMPA2,2898.0,0.383680893,242.0,1.556792,0.846147534
INO80,5209.0,0.374025479,351.0,-0.136336,-0.270291123
INPP1,263.0,0.395712795,700.0,-0.628127,-0.216525339
INPP5D,1195.0,0.436077769,512.0,-1.057354,-0.387521751
INSR,4801.0,0.380857973,411.0,-0.335936,-0.24787993
IPO5,2508.0,0.381335948,180.0,0.781858,0.667274283
IRF7,92.0,0.423538356,367.0,-0.457777,0.094821428
IRF8,1327.0,0.384714127,507.0,-1.200726,-0.317304835
IRF9,369.0,0.432057622,127.0,-0.76371,-0.370503924
IRGQ,7659.0,0.399674011,156.0,0.461273,-0.021106639
ISCU,607.0,0.454630229,1331.0,-0.72408,-0.256388295
ISG15,62.0,0.419522688,77.0,-2.076862,-1.242220952
ISG20,952.0,0.419932377,2368.0,0.417154,-0.029458497
ISOC1,1056.0,0.418535314,18.0,-1.28207,-0.908127942
ITGB2,415.0,0.457304004,395.0,0.102196,0.495628272
ITPKB,2981.0,0.440250717,340.0,-0.382326,-0.145031013
ITPRIP,5382.0,0.396785481,453.0,0.076003,0.446131003
JUNB,496.0,0.414023332,276.0,1.453162,1.34287261
JUP,157.0,0.458302936,298.0,1.190719,1.170681916
KANK2,2291.0,0.394238955,361.0,0.981121,-0.211403804
KARS,4202.0,0.383913431,144.0,-0.311704,-0.056501374
KCNN4,560.0,0.425737469,396.0,2.307051,0.958296324
KDM1A,327.0,0.428444011,149.0,0.000839,-0.15461479
KDM2A,3716.0,0.372295488,864.0,0.74311,0.293050782
KDM2B,2488.0,0.393022165,407.0,0.547351,0.206724906
KDM3B,1327.0,0.37791414,200.0,-0.431234,-0.081008554
KDM4A,1148.0,0.378142374,166.0,-0.425919,0.167634146
KHSRP,1024.0,0.456900489,110.0,-0.049815,-0.353846153
KIAA2013,727.0,0.385456054,191.0,-0.12219,-0.216923857
KIF20A,757.0,0.371463873,496.0,0.875884,-0.058980355
KIF22,75.0,0.392489541,388.0,0.379925,0.529940582
KIF2C,588.0,0.387865377,395.0,1.056081,0.215807982
KIF3B,3792.0,0.390782105,180.0,0.206424,0.064949326
KIF3C,2392.0,0.403852971,657.0,1.536353,0.36350266
KIF5B,3198.0,0.418236129,470.0,0.666707,0.591624795
KLHL7,3616.0,0.41595405,521.0,0.070266,0.053684281
KTI12,594.0,0.370414154,39.0,0.306639,0.067714181
LAMP1,1311.0,0.390985106,281.0,0.324862,0.378866442
LANCL2,2422.0,0.433733517,578.0,0.091432,-0.501379613
LAP3,503.0,0.426841798,162.0,-0.299713,-0.257957997
LDHD,1826.0,0.398770776,52.0,-3.720859,-0.553130185
LENG1,560.0,0.445950324,48.0,-0.439379,0.130906226
LGALS3,159.0,0.420172221,88.0,-0.321447,-0.215685592
LGALS3BP,1225.0,0.419930622,179.0,-1.867143,-1.530656068
LGALS9,641.0,0.410654931,118.0,-0.925647,-0.183688738
LIN54,4893.0,0.441729058,383.0,0.261286,0.253230431
LPCAT1,2228.0,0.380803123,133.0,0.563123,0.124246287
LPCAT4,239.0,0.432241557,94.0,0.378325,1.124857424
LPXN,1776.0,0.432350833,254.0,0.253721,-0.286787252
LRPPRC,2376.0,0.377375074,58.0,0.559656,0.340168318
LRRC25,843.0,0.434491636,642.0,0.261989,-0.235267196
LRRC41,465.0,0.438391248,44.0,0.212076,-0.253296528
LRRC59,1755.0,0.423067849,236.0,1.194027,0.203280633
LSM1,486.0,0.409616526,410.0,-0.100089,-0.068073646
LSM6,1871.0,0.435100303,139.0,-0.159789,0.153806671
LTA4H,391.0,0.355044638,145.0,-0.112231,-0.2480274
LYN,4058.0,0.418972994,282.0,0.986419,0.550284472
LYPLAL1,1137.0,0.3973742,157.0,0.170427,0.433261327
LYRM4,6830.0,0.366844497,217.0,-0.331979,-0.137707766
LYSMD2,596.0,0.394037378,501.0,0.66208,0.262113818
M6PR,1457.0,0.379162834,275.0,0.906534,0.575407325
MAD2L1,4528.0,0.407191351,124.0,1.225381,0.51100434
MAFB,2032.0,0.405989564,390.0,0.907175,-0.359147861
MAGED2,327.0,0.466698843,233.0,-2.288974,-0.922079365
MAGOH,153.0,0.416054235,162.0,0.009104,0.247167292
MAN2B1,128.0,0.381728903,76.0,1.321355,0.60630184
MANF,717.0,0.420319188,97.0,-0.058938,-0.079057987
MAP4K1,170.0,0.374128007,140.0,-0.468952,0.232739183
MARCKSL1,768.0,0.468216312,206.0,-1.090349,-0.543486067
MAX,2676.0,0.337149475,479.0,-0.935577,-0.710037481
MBD2,3723.0,0.420256858,229.0,0.723893,0.434409106
MBP,4041.0,0.393290432,264.0,0.460158,-0.409738972
MCM2,662.0,0.460999542,110.0,0.379702,0.117791105
MCM4,2618.0,0.371821308,942.0,1.190123,0.095229509
MCM5,3214.0,0.470488076,94.0,1.334465,0.2677146
MDC1,658.0,0.415783633,440.0,-0.378833,-0.290357263
MDH1,210.0,0.381672323,435.0,0.136902,-0.269419232
ME1,1535.0,0.411214685,265.0,2.167543,0.583114067
ME3,171.0,0.395156177,377.0,-1.66402,-0.420197368
MECR,1365.0,0.445670958,612.0,-1.173092,-0.493481782
MED17,2631.0,0.366528813,275.0,0.222582,0.162540693
MED19,934.0,0.439623042,93.0,0.305475,-0.028337442
MED28,10307.0,0.440157501,27.0,-0.040619,0.135371826
MED29,4550.0,0.464327351,57.0,0.052429,-0.200207768
MEF2C,6848.0,0.41426337,654.0,-1.242731,-0.609471566
MEN1,824.0,0.454590692,504.0,-0.322398,-0.104706252
METTL13,961.0,0.396264071,347.0,1.010505,0.778441898
MGST3,1295.0,0.374563048,428.0,0.479826,-0.4723716
MIF4GD,787.0,0.397877071,137.0,0.754875,0.177045253
MINK1,774.0,0.455972684,525.0,-0.000495,-0.20200074
MIS12,1334.0,0.420723459,745.0,-0.528209,-0.204265419
MLEC,5319.0,0.43043384,173.0,-0.155684,0.306852838
MLLT10,2252.0,0.36295117,1568.0,0.607773,0.282669849
MLX,1636.0,0.386664187,65.0,0.203656,0.808550989
MMACHC,1852.0,0.382684622,371.0,-0.253986,0.294184083
MMADHC,5382.0,0.406207656,205.0,-0.087267,0.293966134
MMP1,502.0,0.392399458,189.0,5.766375,2.064903429
MMP14,1722.0,0.419367787,285.0,0.115228,0.71413323
MMP9,193.0,0.404253633,19.0,-0.408686,0.618766348
MORC3,2052.0,0.406702124,375.0,-1.541879,-0.538868232
MORF4L1,1066.0,0.420719378,454.0,-0.203937,0.261019655
MOV10,619.0,0.412681236,1415.0,-0.564699,-0.261215117
MPDU1,797.0,0.440676037,216.0,-0.85488,-0.374135073
MPHOSPH10,87.0,0.404440607,352.0,0.369747,0.222711544
MRI1,2018.0,0.459301832,75.0,0.871915,0.720129725
MRPL13,1075.0,0.395373051,313.0,-0.119844,0.225926616
MRPL15,1888.0,0.407701507,63.0,0.136733,0.022310271
MRPL16,212.0,0.368940255,214.0,-0.056929,0.007115043
MRPL17,6554.0,0.424450505,105.0,-0.334758,0.103737478
MRPL2,580.0,0.458698472,164.0,0.413993,-0.051170018
MRPL20,187.0,0.445765675,96.0,-0.462682,0.154512118
MRPL21,55.0,0.417448467,293.0,0.261691,0.026432062
MRPL27,2133.0,0.436300758,31.0,0.163759,0.234139339
MRPL40,113.0,0.406843086,653.0,-1.034804,-0.164527693
MRPL46,1889.0,0.422788385,25.0,-0.278813,0.096565011
MRPL48,1284.0,0.368940255,212.0,0.800385,0.102469437
MRPL51,2069.0,0.35376587,169.0,0.515885,-0.165023539
MRPL53,198.0,0.441261883,155.0,-0.372445,-0.063743258
MRPL9,407.0,0.432679379,437.0,1.16887,0.148772144
MRPS11,2793.0,0.477818717,1491.0,-0.369454,-0.11068026
MRPS15,468.0,0.440649404,164.0,-0.623917,0.025334963
MRPS17,1334.0,0.413812124,30.0,0.643432,-0.241860685
MRPS18B,936.0,0.408462865,157.0,-1.366952,-0.129150908
MRPS36,933.0,0.3748339,84.0,-0.392396,-0.427026891
MRPS7,453.0,0.455992019,233.0,0.353333,-0.178377886
MSI2,5168.0,0.366385762,173.0,0.28641,-0.55059792
MSTO1,694.0,0.421389639,1152.0,0.373028,-0.012002504
MT1E,291.0,0.588704726,179.0,-0.725462,-1.003809152
MT2A,316.0,0.576670685,123.0,1.209148,-0.432932624
MTA2,684.0,0.459443446,761.0,-0.003118,0.283548086
MTFMT,1550.0,0.414190941,26.0,-0.16353,-0.164941751
MTHFS,1663.0,0.434592403,179.0,-0.559283,0.257088415
MTMR1,2442.0,0.424163835,319.0,0.824515,0.267883337
MTMR14,421.0,0.371137969,151.0,0.066388,0.132984107
MVP,50.0,0.435053297,193.0,0.659355,0.84543432
MX1,456.0,0.433488503,982.0,-1.570353,-1.105459541
MX2,1812.0,0.430094961,104.0,-1.863418,-0.412950707
MYADM,2833.0,0.384589896,681.0,-0.172493,-0.801285706
MYCBP,3972.0,0.381803634,73.0,-0.92285,-0.246970677
MYL12A,812.0,0.453450746,478.0,0.338851,-0.026619666
MYO18A,3647.0,0.395788337,484.0,0.311243,-0.027832432
MYO9B,1401.0,0.398943925,152.0,0.43283,0.223156908
N6AMT1,5137.0,0.427535625,28.0,-0.810586,0.083096537
NAA40,3212.0,0.389371031,261.0,-0.062814,0.203763995
NAB1,2433.0,0.361024962,572.0,0.370014,0.413814205
NADK,1672.0,0.3959688,563.0,-0.998777,-0.324698223
NADSYN1,464.0,0.447848979,126.0,0.341518,0.433128282
NAGK,1297.0,0.42527382,474.0,-0.147159,-0.282966664
NANS,37.0,0.458552255,132.0,-0.640783,-0.703410135
NAPA,1862.0,0.477781443,318.0,-0.633585,-0.085339858
NAT10,4915.0,0.387474071,245.0,-0.334111,0.11792796
NBAS,140.0,0.414580543,44.0,-0.105162,0.195771604
NCALD,2767.0,0.374888213,460.0,-2.513468,-1.137523614
NCAPD3,2971.0,0.431957579,606.0,1.315595,0.324596974
NCAPG2,3501.0,0.41630572,200.0,0.16439,-0.156375503
NCF1,2381.0,0.415579251,70.0,-0.824845,0.227762891
NCK2,1267.0,0.457831152,276.0,0.124664,-0.093302254
NCKIPSD,4981.0,0.449411541,126.0,-0.102765,-0.039977529
NCOA5,1332.0,0.416761948,402.0,0.12593,0.021015308
NCOA7,3259.0,0.404217869,470.0,1.603731,0.180483647
NDC80,61.0,0.356199389,182.0,1.479705,0.737512052
NDRG2,841.0,0.376266446,941.0,-2.664483,-1.145862637
NDUFA4,1685.0,0.439642808,129.0,0.078968,-0.677042972
NEU1,667.0,0.413226082,156.0,-0.601509,-0.322205166
NFATC2IP,3242.0,0.412267479,15.0,0.006584,0.004475269
NFKB1,708.0,0.4099683,467.0,0.069215,-0.087488816
NFKB2,153.0,0.424806573,563.0,-0.070305,-0.3401271
NFKBIE,1053.0,0.409138176,25.0,-0.36963,-0.254076266
NGDN,1255.0,0.423783924,27.0,-0.055586,0.478502857
NGRN,1679.0,0.414477409,50.0,-0.097831,0.13003752
NINJ1,5217.0,0.455972644,71.0,-2.000515,-0.804194671
NIP7,1593.0,0.443769116,318.0,0.800035,0.867203482
NIT2,2351.0,0.432361565,74.0,0.801233,0.110524664
NMNAT3,2689.0,0.397393877,1228.0,-0.074128,0.003498805
NMT1,3377.0,0.454689408,31.0,-0.269402,0.108863816
NONO,1092.0,0.432928506,710.0,-0.758284,-0.330812637
NOP14,912.0,0.38067473,187.0,0.710577,0.36288289
NOP2,785.0,0.393538298,198.0,1.315931,0.871111181
NOTCH2,6062.0,0.409327653,297.0,1.492423,0.204996219
NPTN,1068.0,0.388989686,197.0,0.158787,0.332072721
NR2C2,6271.0,0.390767743,362.0,0.059687,0.105726898
NRBF2,883.0,0.43605128,224.0,0.971346,0.632334201
NRF1,1901.0,0.447602651,500.0,-0.516009,-0.113431153
NRGN,833.0,0.413631862,152.0,1.429525,0.001686354
NRP1,3846.0,0.416817106,523.0,-0.719175,-0.433419793
NSFL1C,1587.0,0.42738001,868.0,-0.59103,-0.53793314
NSMAF,602.0,0.358586884,214.0,0.137446,-0.063392585
NTAN1,178.0,0.344459601,320.0,0.57536,0.323186403
NUBP1,246.0,0.455923678,142.0,0.234417,0.030320127
NUCKS1,5461.0,0.359398328,271.0,0.256353,-0.791277486
NUDC,716.0,0.476401948,127.0,-0.153532,-0.179630712
NUDT16,5489.0,0.428387545,75.0,-0.64447,-0.249465649
NUMA1,663.0,0.474508115,436.0,-0.118346,0.020561562
NUP93,5678.0,0.382018893,495.0,1.133439,0.024564796
NXF1,2943.0,0.375826754,136.0,0.150478,0.380010411
OCIAD2,4872.0,0.363821488,322.0,-0.292641,-0.069457059
OGDH,1071.0,0.396078149,159.0,0.31038,-0.116860379
OPA3,7233.0,0.475004358,100.0,0.502556,-0.363607598
OSBPL2,2363.0,0.383456763,571.0,0.826741,0.730616319
OSBPL5,1099.0,0.381371042,158.0,0.294088,0.402641518
OVCA2,792.0,0.429983078,65.0,-0.417177,-0.227923168
P2RX4,573.0,0.442596273,304.0,-0.113817,0.2371206
PAAF1,509.0,0.376143366,341.0,0.261947,0.157317879
PACSIN2,1591.0,0.413490434,405.0,0.783033,0.408052628
PARK7,451.0,0.457171775,163.0,-0.841827,-0.720377768
PARP1,769.0,0.460215809,171.0,0.883103,0.327832217
PARP10,332.0,0.422654659,200.0,0.127323,-0.226708764
PARP12,816.0,0.416480622,874.0,0.017774,0.363819914
PARP14,2243.0,0.414355918,59.0,-0.703956,-0.350672315
PARP9,451.0,0.418102187,327.0,-0.96248,-0.597875488
PARVG,2043.0,0.383803232,484.0,-0.601753,0.016768168
PBK,750.0,0.413339119,464.0,0.563617,0.100807942
PCNA,338.0,0.425000199,239.0,1.424441,0.659391666
PDAP1,2007.0,0.464659554,134.0,-0.50015,-0.409666554
PDCD2,155.0,0.440448783,111.0,-0.863885,-0.213634384
PDCD2L,48.0,0.433436103,33.0,0.603893,0.360419078
PDCD6IP,3211.0,0.388727459,158.0,-0.410557,-0.280375581
PDHA1,2054.0,0.402514578,145.0,0.331453,-0.158660937
PDHB,2974.0,0.442593378,43.0,-0.89644,-0.223500622
PDLIM1,357.0,0.379179626,233.0,0.894195,0.292879601
PDXDC1,2055.0,0.375670185,335.0,0.476752,0.246569265
PDXK,6244.0,0.398158884,198.0,0.210806,-0.188702265
PEBP1,796.0,0.360152166,326.0,-0.087313,-0.41143593
PEF1,769.0,0.441759403,424.0,-1.26208,-0.463153167
PELO,5222.0,0.385240523,985.0,0.736287,0.557800992
PEPD,395.0,0.450896903,133.0,-0.273084,0.229029298
PEX16,585.0,0.43213601,312.0,-0.746968,0.533846815
PEX6,946.0,0.370078344,93.0,0.444373,-0.043010763
PEX7,2294.0,0.407005497,102.0,-0.178633,-0.175771531
PFDN5,124.0,0.497062947,117.0,-0.787835,0.201493477
PFDN6,574.0,0.470152145,222.0,-0.748471,0.134999257
PGM1,570.0,0.393980016,681.0,0.326642,-0.036004748
PHB,988.0,0.45268542,190.0,-0.005587,0.009970984
PHF10,104.0,0.365149381,79.0,-1.117324,-0.267830174
PI4K2A,2692.0,0.385068362,57.0,-0.333451,0.26225522
PIAS1,3626.0,0.396022529,741.0,0.283257,0.099848428
PIK3AP1,3866.0,0.407313024,128.0,-0.197181,-0.252938771
PIR,205.0,0.385796208,485.0,1.113395,0.292775998
PITPNC1,4686.0,0.369070722,874.0,1.112511,-0.06217434
PLAUR,323.0,0.418467601,226.0,1.362663,0.692720197
PLCB2,818.0,0.468984469,301.0,-1.130503,-0.205944335
PLCG1,3987.0,0.454806205,121.0,0.25311,0.116108709
PLD4,273.0,0.377985619,192.0,-2.780106,-0.534009107
PLEKHO1,5192.0,0.424698037,839.0,-0.005109,-0.414164909
PLEKHO2,2119.0,0.429714475,134.0,-0.551545,-0.402680502
PLSCR1,10376.0,0.415598704,388.0,1.117575,0.741650247
PML,3324.0,0.431306474,140.0,-0.193858,-0.046454413
POLR1C,1131.0,0.439933821,86.0,0.243774,0.06921542
POLR1D,1469.0,0.427162265,456.0,-0.509173,-0.109876374
POLR2F,1600.0,0.47244007,250.0,0.555539,0.213443993
POLR2H,1065.0,0.427596015,1167.0,0.45697,0.184329838
POLR3H,3481.0,0.444306047,388.0,0.210058,0.013619486
POLR3K,1023.0,0.473025152,46.0,-0.400746,0.031655359
PPA2,660.0,0.432735716,20.0,-0.226513,-0.170679041
PPIE,4556.0,0.446406574,56.0,-0.686103,-0.178755657
PPIL1,1921.0,0.453832883,252.0,-0.326626,-0.314779192
PPP1R14B,282.0,0.457456004,268.0,0.658813,-0.024150932
PPP1R3G,2923.0,0.390061911,0.0,1.97384,0.502648451
PRC1,1136.0,0.367783806,234.0,1.344233,0.835816921
PRCC,357.0,0.381841119,290.0,0.633334,0.194440086
PRDX1,303.0,0.414090753,341.0,0.465576,-0.135033927
PRDX6,944.0,0.433706552,51.0,0.24679,-0.082345509
PREB,658.0,0.378530018,403.0,0.227919,0.064903906
PREP,579.0,0.425974009,233.0,0.539273,-0.269649091
PRG4,784.0,0.366727173,51.0,-2.591504,0.672993675
PRIM2,1166.0,0.350864643,125.0,0.826632,0.4840406
PRKAB1,1305.0,0.365943644,289.0,-0.902016,-0.111270032
PRKAR2A,5019.0,0.427443141,254.0,0.353002,-0.129236421
PRKCB,5795.0,0.38010529,197.0,-0.924384,-0.393006282
PRKCD,451.0,0.404392693,469.0,-1.054542,-0.281318533
PRKRA,683.0,0.420894136,659.0,0.413929,0.208383608
PRKRIP1,3224.0,0.453589322,55.0,-1.089185,-0.720472408
PRMT5,393.0,0.386451423,508.0,0.32714,0.202954691
PRMT7,3655.0,0.450088803,850.0,0.183767,0.247281343
PROCR,549.0,0.357872186,218.0,-0.97469,-0.272985518
PRPS1,3908.0,0.466551451,409.0,-0.197539,-0.317280365
PRPSAP1,2056.0,0.390811115,688.0,0.420345,0.123379157
PRRC1,3173.0,0.409170839,188.0,-0.090733,-0.07383082
PSMA5,2997.0,0.446573967,225.0,0.228296,-0.260674343
PSMA6,187.0,0.423632682,445.0,0.331936,-0.185709052
PSMB10,58.0,0.455018511,128.0,-0.707317,-0.621273012
PSMB2,3775.0,0.389848815,412.0,0.01936,-0.15426144
PSMB8,242.0,0.411206622,522.0,-0.538169,-0.311239088
PSMB9,5497.0,0.431095699,69.0,-0.227053,-0.166519285
PSMC3,66.0,0.485654947,194.0,0.029531,0.176302122
PSMD11,2567.0,0.390095635,61.0,1.383526,0.168112231
PSMD13,384.0,0.437236365,242.0,-0.663189,0.231711099
PSMD8,450.0,0.458928351,52.0,0.02021,0.367071791
PSME2,53.0,0.443656162,65.0,-0.190357,-0.382584102
PSMG1,5308.0,0.427553471,578.0,0.411066,0.438106486
PSTPIP2,1923.0,0.429639796,96.0,-0.150694,-0.019749929
PTBP1,1504.0,0.473818895,106.0,0.123037,-0.226580823
PTDSS1,3765.0,0.367954205,423.0,0.294507,-0.399696727
PTGS1,3346.0,0.37260918,633.0,-0.083833,0.044392481
PTP4A1,3419.0,0.421202001,1153.0,0.599288,0.08874525
PTPMT1,1899.0,0.450492628,193.0,-0.792992,0.017403006
PTPN18,2185.0,0.381656528,101.0,-0.731947,-0.220243276
PTPN7,1593.0,0.440747449,781.0,0.335689,-0.249483067
PTPRE,2994.0,0.426620112,1843.0,-1.094965,-0.103575338
PTPRF,4571.0,0.452810321,356.0,-0.104039,-0.758523325
PTRH2,3186.0,0.370743372,1544.0,0.748799,0.083656677
PWWP2B,819.0,0.424412275,29.0,-0.155159,-0.691707059
PYCR2,578.0,0.474148407,230.0,0.396533,0.17341617
PYGL,175.0,0.392036998,127.0,-0.314171,-0.191195149
QARS,97.0,0.458996209,396.0,-0.552365,0.158564067
RAB11FIP1,4277.0,0.380614122,56.0,0.420496,0.260163358
RAB12,1120.0,0.38483812,283.0,-0.062611,0.153017831
RAB21,5246.0,0.435367738,267.0,0.291886,0.540355843
RAB31,3231.0,0.437498832,175.0,0.619595,0.274467597
RAB35,2172.0,0.408841719,189.0,0.353793,0.32613915
RAB7A,1376.0,0.419395127,232.0,0.351137,0.535948982
RAB8B,4163.0,0.425956778,96.0,-0.277813,-0.115974881
RAB9A,1716.0,0.417525007,283.0,0.286845,0.398593804
RABGGTA,77.0,0.387342734,512.0,-0.193921,-0.024891124
RABGGTB,440.0,0.409412379,78.0,-0.723908,-0.196620579
RABIF,4760.0,0.447399225,159.0,0.690846,0.463930579
RACGAP1,1895.0,0.366370127,354.0,1.360661,0.512779627
RAD9A,924.0,0.444046557,185.0,0.56906,0.416661348
RAE1,1112.0,0.432613552,365.0,0.555738,0.235514881
RAI1,1472.0,0.455620822,469.0,0.32523,0.071264954
RAN,2043.0,0.442855294,361.0,0.631999,0.147965806
RANBP10,3359.0,0.379453562,1256.0,0.683098,0.532804898
RANGAP1,3145.0,0.481547647,765.0,1.123434,0.53338321
RAPGEF1,2727.0,0.425793135,159.0,0.492791,0.175440802
RARS,114.0,0.423508657,41.0,-0.3841,0.034758386
RASGRP2,183.0,0.381671176,582.0,-0.92472,-0.030985404
RASGRP4,985.0,0.374724859,214.0,-1.509302,-0.219376298
RBBP4,6506.0,0.404056961,164.0,-0.72799,-0.298634266
RBBP5,3098.0,0.421849625,474.0,0.653796,0.436636067
RBKS,251.0,0.392307233,1371.0,0.412007,0.133491793
RBM12,3599.0,0.375183789,304.0,0.115485,-0.051448811
RBM14,3443.0,0.468008211,139.0,0.398391,0.090177754
RBM4B,5277.0,0.396841232,170.0,0.307157,0.055887568
RBMX,1201.0,0.353737079,210.0,0.105131,0.231602621
RBPJ,4223.0,0.4178224,518.0,-0.391863,-0.116592808
RBX1,821.0,0.46562919,52.0,-0.068387,0.069645886
RC3H1,7637.0,0.410085914,87.0,-0.307481,-0.094444569
RCCD1,1773.0,0.374130224,280.0,0.253857,0.00100234
RCOR1,4070.0,0.439565312,228.0,1.18518,-0.137733204
REEP4,591.0,0.460338979,469.0,0.600086,-0.079846732
REEP5,2962.0,0.457536941,144.0,-0.799131,-0.002999427
RELB,408.0,0.418226182,131.0,0.050654,-0.139900726
REPIN1,2683.0,0.45080531,489.0,-1.186777,-0.551440011
RFC4,89.0,0.411167541,282.0,0.966682,0.224980765
RFK,1882.0,0.429285662,357.0,-0.895976,0.040881146
RFX5,1546.0,0.386685917,221.0,0.579132,-0.293363156
RFXAP,1850.0,0.421314391,156.0,-0.959961,0.157763664
RHBDF2,740.0,0.423256567,294.0,1.350923,0.386438736
RHOT2,568.0,0.454546166,881.0,-0.339712,-0.188670643
RNASEH1,4369.0,0.404567903,700.0,0.394437,-0.46106294
RNASEH2B,3930.0,0.37625722,399.0,-0.523805,-0.014606707
RNASET2,1070.0,0.374792559,407.0,-0.177681,-0.83999435
RNF114,1751.0,0.459950313,36.0,-0.317557,-0.119047367
RNF167,289.0,0.375291206,776.0,-0.453533,-0.009069372
RNF20,5226.0,0.396317502,92.0,-0.65186,0.106033334
RNF213,5288.0,0.417718743,150.0,0.467787,-0.262683607
RNF216,2819.0,0.430061571,259.0,0.277276,0.132062367
RNF25,102.0,0.375620157,88.0,-0.957274,-0.258590529
RNF31,88.0,0.389352607,358.0,-0.307327,-0.224378543
RNLS,1252.0,0.416402283,135.0,-1.129386,-0.06305294
RNMT,4581.0,0.415128602,241.0,0.555197,0.345786035
RNPEP,463.0,0.447181346,896.0,0.518541,0.065228527
RP9,437.0,0.42869019,18.0,0.071897,-0.030418036
RPA1,2907.0,0.381710028,170.0,0.033357,-0.289305196
RPA2,639.0,0.400070522,793.0,-0.751344,-0.419243521
RPAIN,471.0,0.394698889,570.0,-0.41449,-1.51570641
RPL11,461.0,0.442317923,45.0,-1.177764,-0.244262556
RPL14,5208.0,0.496792394,133.0,-1.354372,0.180058036
RPL23,3146.0,0.464880603,90.0,-1.501745,0.183885825
RPL26,53.0,0.427802183,389.0,-1.566001,-0.167730035
RPL31,1260.0,0.451994935,87.0,-1.027819,0.147823008
RPL34,1350.0,0.436455219,198.0,-1.47681,-0.111652297
RPL5,1058.0,0.451564158,75.0,-0.516191,0.342064164
RPL7,1077.0,0.460258279,707.0,-1.368299,0.233918835
RPS11,373.0,0.483080585,92.0,-0.678721,0.123486688
RPS24,4247.0,0.430653047,142.0,-0.941964,0.270555189
RPS25,109.0,0.467193878,63.0,-0.349514,0.023371175
RPS27A,743.0,0.450449292,321.0,-0.696229,-0.091548965
RPS3A,306.0,0.426765211,80.0,-1.209119,0.225509969
RPS4X,629.0,0.442998752,96.0,-0.887429,0.014341234
RPS6,2723.0,0.413925579,42.0,-1.429435,0.400349184
RPS6KA1,828.0,0.389798854,163.0,-0.127192,0.063391512
RPS6KA4,735.0,0.38455359,226.0,0.335036,0.053324777
RPS7,66.0,0.428822459,109.0,-0.247182,-0.075435924
RPTOR,2341.0,0.385169267,805.0,0.451341,-0.114773206
RREB1,3012.0,0.456825357,492.0,0.15761,0.271495475
RRM1,2304.0,0.437568848,689.0,0.407067,0.251355605
RRP8,5071.0,0.446233376,148.0,-0.674799,0.311338642
RRS1,978.0,0.468289248,104.0,0.01814,0.357878836
RTN3,1690.0,0.358048129,187.0,-0.08726,-0.002975572
RTN4IP1,1108.0,0.372133716,477.0,0.543931,0.137282782
RUNX1,4334.0,0.416076551,1578.0,-0.509746,0.173579763
RUNX3,2611.0,0.405217602,439.0,1.08372,-0.454629357
RWDD1,6365.0,0.401367905,746.0,-0.422979,0.013811059
S100A8,71.0,0.444112716,170.0,8.84438,2.774210907
S100A9,189.0,0.439508357,43.0,9.47986,2.536857664
SAMD9,1815.0,0.395660052,270.0,-0.015185,-0.04252862
SAMD9L,1162.0,0.396305952,1248.0,-1.260735,-0.339110982
SAMM50,150.0,0.345249646,197.0,0.872799,-0.348716739
SAMSN1,684.0,0.407246581,430.0,-0.991321,-0.541842533
SAP18,1754.0,0.427429047,39.0,-0.878029,0.058461038
SAP30BP,1541.0,0.449617255,257.0,0.185997,0.123766381
SAR1A,5213.0,0.411769389,203.0,-0.836247,-0.453947164
SAR1B,5806.0,0.392367964,253.0,-0.363303,-0.400864383
SARS,1054.0,0.40098191,100.0,-0.131439,-0.009367446
SASH3,1369.0,0.387406112,182.0,-0.618801,-0.48090003
SCAMP4,1741.0,0.472519575,351.0,-0.467624,0.113314017
SCO1,8645.0,0.407339367,61.0,-0.463279,-0.315524872
SDCCAG8,307.0,0.360606297,1542.0,0.623158,0.34512557
SEC11C,205.0,0.423646802,92.0,0.024272,0.23016733
SEC13,332.0,0.457264526,210.0,0.2728,-0.062399711
SEC14L1,2986.0,0.420320088,665.0,0.283606,0.019011003
SEC22A,2559.0,0.422343815,79.0,-0.399756,0.032114832
SEC24B,1221.0,0.400931805,155.0,-0.025855,0.015968693
SEC24D,2115.0,0.386600041,297.0,0.339098,0.147130348
SEC61B,270.0,0.404562259,76.0,-0.277681,-0.110262286
SEMA3F,960.0,0.38837398,318.0,-0.993116,-0.542618538
SEMA4A,755.0,0.412797256,345.0,-0.737462,-0.142971921
SEMA4D,2318.0,0.393173667,572.0,-0.414001,0.08369275
SERPINA1,1707.0,0.420489385,573.0,-0.912628,-0.560431805
SERPINB8,2096.0,0.38524815,520.0,0.765182,0.239440683
SETMAR,321.0,0.414235412,398.0,0.901847,0.586441442
SEZ6L2,540.0,0.431800162,245.0,-0.526302,-0.059274143
SF1,2419.0,0.374481437,721.0,-0.019785,-0.041233932
SF3B2,563.0,0.453902675,40.0,0.076958,0.112450909
SFXN4,500.0,0.402513841,45.0,-0.221103,-0.419286021
SH3BP1,433.0,0.395530944,313.0,1.604484,0.467645894
SH3PXD2B,4870.0,0.420952884,171.0,-0.518591,-0.25608398
SHMT1,4335.0,0.394510245,509.0,-0.573802,-0.618663308
SIGLEC1,1590.0,0.42099348,0.0,-1.361818,-0.682560631
SIPA1,2933.0,0.437718847,296.0,-0.149058,-0.169233657
SIRPA,3027.0,0.429235057,360.0,-1.107112,-0.349818735
SKP1,8791.0,0.433886974,179.0,-0.661651,-0.072721497
SLBP,3046.0,0.391438372,553.0,1.121055,0.616392688
SLC25A10,1929.0,0.386184273,191.0,0.192287,-0.297813114
SLC25A19,477.0,0.386093473,224.0,0.674301,0.418432372
SLC25A20,787.0,0.382641976,199.0,-0.33792,-0.409498481
SLC25A3,504.0,0.383836987,354.0,0.528128,0.355632542
SLC25A40,2688.0,0.363984785,375.0,-0.659988,-0.03377131
SLC25A6,450.0,0.487227384,137.0,-0.668174,-0.303710651
SLC27A3,163.0,0.439664345,91.0,-0.533702,0.17036986
SLC39A10,2661.0,0.346494338,214.0,0.39977,0.388848781
SLC43A2,6357.0,0.437839378,341.0,-0.258878,0.950468437
SLC44A1,8291.0,0.4365497,264.0,-0.319506,-0.313111762
SLC9A3R1,709.0,0.400889529,235.0,0.322221,-0.517349886
SMAP2,1225.0,0.404145004,415.0,-1.095414,-0.680173127
SMC1A,5954.0,0.490702048,340.0,0.844037,-0.248139178
SMG5,1363.0,0.383248033,540.0,0.831493,0.293367719
SMS,2660.0,0.417677888,252.0,0.650238,0.038546347
SMYD3,223.0,0.378821529,130.0,0.426564,-0.068625648
SNRNP200,676.0,0.454045162,132.0,0.667659,0.117351826
SNRPC,474.0,0.427936125,450.0,-0.698668,-0.27729132
SNRPD1,4386.0,0.384326147,161.0,0.598935,0.06871887
SNRPN,279.0,0.390283395,1145.0,-0.357025,0.362094257
SNX24,5071.0,0.338464018,185.0,-0.621252,0.437097372
SNX30,6144.0,0.426743352,148.0,-0.458262,-0.349536964
SNX33,5086.0,0.383330712,96.0,-0.264301,0.049214898
SOD1,353.0,0.438546885,148.0,0.022349,-0.607167486
SOD2,13436.0,0.435065133,1828.0,1.267269,-0.091389135
SP110,3922.0,0.401738483,258.0,-1.168167,-0.570274638
SPC24,1691.0,0.381793277,320.0,3.1156,0.968181689
SPC25,540.0,0.373816265,131.0,0.775239,0.698789151
SPCS1,3333.0,0.417439524,205.0,-0.539066,0.155163224
SPI1,383.0,0.406748349,223.0,-0.528788,-0.149631419
SPRYD4,1406.0,0.430591965,75.0,-0.351637,-0.305511671
SQSTM1,1485.0,0.412192979,360.0,-0.740461,-0.442071766
SRC,2671.0,0.437602812,449.0,0.204296,0.108330698
SRGAP2,3018.0,0.377689891,542.0,0.755275,0.173205384
SRI,5365.0,0.424260151,79.0,-1.04779,-0.504540722
SRP19,2645.0,0.430943803,189.0,-0.223082,-0.173423126
SRPRB,1784.0,0.427990824,285.0,0.93868,0.630074036
SRR,1392.0,0.393840903,354.0,-0.892085,-0.540102292
SRXN1,2099.0,0.37663928,185.0,-0.023937,-0.384476743
SS18L2,777.0,0.45997865,208.0,-0.932417,0.289568203
SSH1,5298.0,0.373517564,146.0,0.299617,-0.10046179
SSH3,2595.0,0.376349937,178.0,-0.452844,-0.307037531
SSR2,592.0,0.425839932,80.0,0.438067,0.099243842
SSR3,3698.0,0.388415977,156.0,0.717085,0.551092931
SSR4,87.0,0.444947593,150.0,0.713756,0.436308032
SSRP1,422.0,0.394601844,267.0,0.270672,-0.067025889
SSU72,400.0,0.445120823,325.0,-0.250928,0.135223209
ST13,3666.0,0.439823793,468.0,0.177666,0.225218747
ST14,553.0,0.454138745,193.0,1.805804,0.48505236
STARD10,1682.0,0.427301627,944.0,-0.237145,-0.782904069
STAT1,3294.0,0.408136156,388.0,1.036,0.248303285
STAT2,1791.0,0.409862748,203.0,0.143792,0.005200931
STAT6,1168.0,0.380869476,499.0,0.202005,0.272072209
STMN1,1138.0,0.394107416,364.0,0.019242,-0.630788023
STOM,2222.0,0.387137797,117.0,-1.209044,-0.167685253
STOML2,531.0,0.456962681,143.0,-0.4169,-0.407249033
STX11,4481.0,0.457080677,192.0,-0.713852,-0.061231669
STX3,5058.0,0.403902965,547.0,0.556442,0.210986813
STX7,14891.0,0.417568039,327.0,0.49327,0.234741895
STX8,107.0,0.378438911,150.0,-0.858007,-0.5569482
SUCLG1,223.0,0.43877655,193.0,0.102641,-0.01553424
SUFU,3380.0,0.361614756,191.0,-0.572792,0.005530596
SUMF1,999.0,0.37076871,37.0,0.429488,0.698288639
SUPT4H1,1112.0,0.438747077,103.0,-0.489306,0.620452248
SURF2,1720.0,0.440503417,48.0,0.726375,0.594902166
SURF4,2281.0,0.385472445,476.0,1.072478,0.530471585
SURF6,4908.0,0.42467207,78.0,0.64137,0.703735334
SVIP,4195.0,0.357937352,217.0,0.048773,0.250591402
SYTL1,80.0,0.364244725,197.0,-1.374977,-0.259471958
TACC3,165.0,0.385699108,155.0,1.519879,0.451568935
TADA2B,3064.0,0.464060586,151.0,0.117114,-0.301243921
TAF12,689.0,0.435926756,522.0,-0.707965,0.133534773
TAP2,5256.0,0.374969764,175.0,0.327689,-0.160809718
TATDN2,2040.0,0.415810908,581.0,-0.231227,-0.265241727
TBC1D20,3109.0,0.435441414,148.0,-0.927298,-0.29269417
TBC1D9B,1396.0,0.395340616,37.0,-0.420515,-0.059375942
TBCC,556.0,0.434161456,73.0,-0.83622,-0.238303694
TCEAL3,260.0,0.368171822,262.0,-1.540598,-1.198759995
TCEAL4,3020.0,0.432120515,489.0,-1.305887,-0.774472744
TCOF1,1640.0,0.41523122,108.0,0.218747,-0.080465239
TDP1,1721.0,0.418036689,317.0,0.774202,-0.029274683
TDRD7,242.0,0.375852104,234.0,-0.433977,-0.023571294
TDRKH,973.0,0.419795099,182.0,2.339642,1.184805753
TEP1,2777.0,0.379550228,40.0,1.425891,1.124003421
TFE3,1431.0,0.379068139,541.0,0.162884,-0.070479206
TFEB,621.0,0.429366592,302.0,-0.279264,-0.299208509
THADA,112.0,0.415199561,352.0,0.359339,0.099384743
THBD,2144.0,0.448063145,160.0,-1.390665,-0.158125152
THUMPD1,2715.0,0.455087735,225.0,-0.120302,-0.025435828
THYN1,205.0,0.377954149,484.0,-0.357827,-0.275405296
TIMM50,3932.0,0.424829064,722.0,0.414709,-0.371232685
TIMM8B,2046.0,0.447942532,30.0,0.39675,0.075995255
TK2,3965.0,0.360054507,593.0,-0.267978,0.048127151
TLE1,571.0,0.374791795,1295.0,0.527516,0.288618084
TM9SF2,2020.0,0.372522209,233.0,0.905641,0.390902099
TMED3,1710.0,0.439016102,188.0,0.501293,0.174550867
TMED9,708.0,0.44685712,67.0,-0.243863,0.237190565
TMEM126A,52.0,0.406087664,295.0,0.097074,0.045732389
TMEM199,2431.0,0.370998168,90.0,-0.108001,0.565752118
TMEM63A,1407.0,0.385482014,622.0,1.029522,0.561282314
TMOD1,2050.0,0.392927141,213.0,0.924109,0.270647842
TMSB10,278.0,0.470652003,95.0,0.242403,-0.099188387
TNFAIP2,2079.0,0.44214387,131.0,1.450975,-0.064394468
TNFAIP3,1995.0,0.416242917,370.0,-0.026239,0.074765995
TNFAIP8L2,497.0,0.440670719,126.0,-1.244827,-0.361811004
TNIP1,770.0,0.448321216,241.0,0.122136,0.031268722
TNK2,822.0,0.420245651,543.0,-0.52482,-0.724504153
TNPO2,2070.0,0.408799881,358.0,1.010417,0.717977206
TNRC18,1316.0,0.449521205,349.0,0.158685,-0.398705859
TOMM5,518.0,0.441712708,107.0,-0.151857,-0.38321202
TOP2A,1003.0,0.364102812,159.0,1.152918,0.343913026
TOR1A,3160.0,0.446121485,77.0,0.469573,0.575784789
TPD52L2,1600.0,0.385071878,138.0,0.916545,0.446225579
TPI1,620.0,0.479135356,527.0,1.2131,0.486834616
TPM1,757.0,0.403626605,257.0,0.076309,-0.405590562
TRAF1,7433.0,0.438949906,572.0,-0.756578,-1.103796659
TRAF3,5716.0,0.386659664,353.0,0.074748,-0.350600474
TRAF6,6100.0,0.426668941,381.0,-0.133269,-0.164786747
TRAPPC3,634.0,0.441060625,519.0,-0.795703,-0.054821813
TRAPPC5,42.0,0.453352607,241.0,0.610159,0.142083682
TRAPPC6B,2539.0,0.437369008,335.0,-0.24595,0.132411867
TRAPPC9,3079.0,0.431357199,134.0,0.237159,-0.041367813
TRIM11,3522.0,0.453298916,255.0,0.714149,0.264450604
TRIM13,5308.0,0.419190719,763.0,0.564514,0.504804322
TRIM14,3117.0,0.369225689,165.0,-0.395065,-0.247307267
TRIM22,1215.0,0.424423711,379.0,-1.747091,-0.429719221
TRIM26,1431.0,0.384319522,565.0,-0.36065,-0.176537369
TRIM27,2956.0,0.441704825,359.0,-0.17457,-0.223643481
TRIM41,1657.0,0.454716896,737.0,-1.185373,-0.108064167
TRIM5,2312.0,0.426412011,303.0,-0.433804,0.159876318
TRIP12,3739.0,0.40441217,297.0,-0.002473,0.210284883
TRIP13,2852.0,0.433721983,145.0,1.748591,0.684433384
TRMT5,3660.0,0.405137655,572.0,-0.967552,-0.168718481
TRUB2,4655.0,0.434714666,759.0,0.205284,0.242222274
TSFM,1390.0,0.429356434,57.0,0.598983,0.39584877
TSPAN14,15147.0,0.398868986,305.0,-0.559777,-0.247976802
TSPYL1,7303.0,0.373212405,287.0,0.700458,0.341102239
TSR2,1366.0,0.464925113,443.0,-0.540197,-0.019177098
TTC39C,3394.0,0.378954091,452.0,-0.994417,-0.385366105
TTC7A,2213.0,0.393400181,1272.0,0.413819,-0.039873045
TTPAL,5319.0,0.425556123,145.0,0.661765,0.512796102
TTYH3,3063.0,0.383645273,187.0,2.104122,1.065686439
TUBA1C,110.0,0.451729991,576.0,1.215375,0.515612075
TUBA4A,644.0,0.402818439,556.0,0.97791,-0.040527144
TUBB,1030.0,0.390058461,509.0,-0.060965,-0.494712576
TUBB6,2302.0,0.468445054,1139.0,0.144665,0.041093748
TUBGCP4,1934.0,0.368175973,296.0,0.71578,0.446777146
TUSC1,1294.0,0.429789613,537.0,-0.693627,0.098914226
TXNL4A,3129.0,0.472736328,466.0,0.396308,0.332384737
TYMP,18.0,0.429537249,376.0,1.454313,0.23296147
TYMS,581.0,0.364557025,159.0,1.104836,0.085926652
TYROBP,168.0,0.417048036,81.0,-0.992813,-0.172324497
UBAP2L,353.0,0.367068802,167.0,0.655579,0.165193661
UBE2B,4002.0,0.405496028,420.0,-1.089691,-0.003051421
UBE2E1,1034.0,0.417917446,229.0,0.091,0.546414468
UBE2E2,1962.0,0.352966355,180.0,0.431391,-0.248186651
UBE2L3,2365.0,0.455573936,198.0,-0.516023,-0.561731318
UBE2L6,703.0,0.431638779,653.0,-0.648513,-0.712031964
UBE4B,1283.0,0.418913915,688.0,-0.298283,-0.107009277
UBIAD1,2303.0,0.446280173,334.0,-0.604803,0.084468008
UBR4,797.0,0.387393976,4.0,0.230778,0.246121251
UBTF,2209.0,0.400105612,296.0,-0.627533,-0.14054279
UBXN1,220.0,0.422601268,194.0,-1.132655,-0.321050414
UCK2,4043.0,0.447469338,640.0,1.240168,0.213416799
UGGT1,5935.0,0.374564832,178.0,0.717129,0.357060184
UHRF1BP1,5130.0,0.373569339,234.0,-0.28937,-0.328577837
UNC45A,377.0,0.475530537,1022.0,-0.21032,0.227441504
UNG,1024.0,0.368897526,209.0,0.887803,0.480974362
UNK,1388.0,0.447315534,42.0,0.008437,-0.188175524
UQCR11,4379.0,0.470309826,75.0,-0.619956,-0.028015125
UQCRC1,129.0,0.462829321,45.0,-0.095182,0.157671614
UQCRH,193.0,0.365128489,320.0,0.390832,-0.282131779
UROD,171.0,0.391539164,133.0,-1.073801,-0.310084886
UROS,3849.0,0.422413435,266.0,-0.497845,-0.23766484
USP18,580.0,0.434940763,338.0,-0.206665,-0.360109655
USP39,571.0,0.39295741,223.0,0.150616,0.020053588
UTP6,2466.0,0.429918331,83.0,0.519313,0.40954872
VAC14,489.0,0.396517204,827.0,-0.593912,-0.167855274
VAMP8,451.0,0.398153421,156.0,0.140483,0.513145492
VASP,824.0,0.388921088,342.0,0.738869,0.405149753
VAT1,1456.0,0.406330787,120.0,-0.546234,-0.474809944
VDAC3,475.0,0.440388181,210.0,0.095469,-0.520318206
VDR,3209.0,0.450036866,401.0,0.622154,0.268122891
VGLL4,2489.0,0.432812067,506.0,0.233142,0.365347754
VIM,431.0,0.411136971,462.0,-1.16429,-0.611620382
VPS28,291.0,0.476756313,109.0,-0.294002,-0.007223826
VPS33B,559.0,0.447669729,583.0,0.026085,0.119326281
VPS39,2053.0,0.440628838,173.0,-0.992864,-0.061246715
VPS52,2870.0,0.393546356,887.0,-0.960715,-0.131890437
WASF2,4090.0,0.365213822,245.0,-0.110144,-0.1465798
WBP2,1040.0,0.392225719,515.0,-0.254229,-0.190506384
WDFY2,7044.0,0.36603015,340.0,0.109093,-0.105219453
WDR1,1039.0,0.393247178,368.0,0.494466,-0.002532429
WDR36,3619.0,0.40459335,117.0,-0.446174,0.303423738
WDR37,8068.0,0.365587877,173.0,0.335837,-0.040336875
WDR4,293.0,0.380589271,581.0,0.647699,0.504306917
WDR47,1216.0,0.402106333,376.0,0.165696,0.416838682
WDR48,1924.0,0.419028298,472.0,-0.781393,-0.303334132
WDR5,1979.0,0.401607191,171.0,0.946317,0.499268833
WDR54,97.0,0.394793766,128.0,-0.43666,-0.635218108
WDR61,197.0,0.411764619,310.0,-0.129839,-0.116987467
WDR77,4184.0,0.412330102,139.0,0.580203,0.005162755
WDR91,4946.0,0.380864599,823.0,0.094168,-0.227724713
WDR92,2520.0,0.427217839,117.0,-0.174566,0.019532799
YTHDF1,1279.0,0.384821843,294.0,0.842576,0.588235116
YTHDF3,3082.0,0.406652071,509.0,-0.194681,0.070804948
YY1,5192.0,0.440120149,480.0,0.219136,-0.485304674
ZBED1,2221.0,0.457533868,282.0,-0.571473,-0.027207757
ZBTB8OS,1087.0,0.406816332,276.0,-0.065582,0.793130133
ZC3H12A,768.0,0.421626239,1056.0,0.468954,-0.353737241
ZC3H4,2169.0,0.436042942,38.0,0.33022,0.112729887
ZCCHC10,81.0,0.361883573,67.0,-0.861796,0.380439421
ZCCHC2,2006.0,0.404185753,0.0,0.595835,-0.066101437
ZFP36L1,2846.0,0.395541595,976.0,-0.234988,0.110867412
ZMAT2,1942.0,0.460376067,101.0,-0.93911,-0.344654429
ZMIZ2,4165.0,0.419562196,128.0,-0.159623,-0.001804714
ZMYM3,1292.0,0.378831729,749.0,-1.81157,-0.590289155
ZNF207,13817.0,0.386696564,148.0,0.307989,0.053579715
ZNF414,113.0,0.422835658,118.0,0.461633,0.450543578
ZNF511,243.0,0.452392726,55.0,-0.106436,-0.060261015
ZNF516,4816.0,0.393186692,318.0,-2.927811,-0.717485457
ZNF622,1298.0,0.463753859,120.0,0.447723,0.184276993
ZNHIT2,49.0,0.440612513,85.0,-1.321942,-0.125126824
ZNHIT3,419.0,0.425204303,73.0,0.724398,0.264320491
ZWINT,4585.0,0.411772707,37.0,1.15172,0.456061701
