,3prime,tAI,max_5_UTR_length,TCGA-AO-A12E,TCGA-AO-A12E.1
AAK1,17874.0,0.380718848,505.0,-0.021839,-0.312372059
AATF,207.0,0.367011205,251.0,0.403383,-0.599350057
ABCC1,1793.0,0.393368456,175.0,0.181881,0.09323315
ABCF3,5726.0,0.387768135,869.0,-0.026107,0.058356697
ABHD12,654.0,0.374654709,279.0,0.246291,-0.127618786
ABHD6,1639.0,0.384216096,505.0,0.71134,0.160064901
ABR,2562.0,0.39474042,600.0,0.343457,0.447947166
ABT1,2092.0,0.423473096,40.0,-0.294709,-0.055068879
ACADVL,176.0,0.46877374,457.0,0.575683,0.15055597
ACBD6,155.0,0.433964845,621.0,-0.896674,-0.246382927
ACIN1,584.0,0.404933544,328.0,0.071599,0.129162365
ACO1,4661.0,0.37721508,227.0,0.818165,0.316501461
ACOT11,1220.0,0.392289045,176.0,0.688041,0.10773487
ACOT9,4514.0,0.358892202,225.0,-0.023589,-0.278383605
ACP2,814.0,0.411581374,548.0,0.024464,0.05906228
ACSF2,1484.0,0.405139059,501.0,0.514165,0.757405875
ACSL1,1530.0,0.417966714,990.0,1.758628,1.365045273
ACSL5,1022.0,0.380976548,307.0,-0.159332,-0.578265158
ACTB,613.0,0.469768794,192.0,0.017605,-0.437619108
ACTL6A,452.0,0.409046191,387.0,-0.485144,-0.292311405
ACTR1A,3151.0,0.432463663,108.0,0.185513,0.373412135
ADA,312.0,0.444091501,440.0,-1.220184,-0.401874301
ADD1,1928.0,0.439806775,863.0,0.080838,0.020697231
ADPRH,2067.0,0.380088169,541.0,-0.394319,-0.595739202
ADSSL1,320.0,0.393141878,776.0,0.045302,0.685068828
AGAP3,508.0,0.436856677,1584.0,0.009124,0.436673807
AHNAK,842.0,0.382138706,300.0,0.421315,-0.054554976
AHSA1,225.0,0.374296292,431.0,-0.059979,0.023237788
AIF1,121.0,0.4069451,222.0,0.25942,-0.821843818
AIFM2,1911.0,0.447982482,217.0,0.766501,0.940650059
AK1,1528.0,0.389481519,153.0,0.152957,-0.004840313
AK2,2893.0,0.384271636,345.0,-0.028859,0.097239437
AKR1C2,3804.0,0.449591167,413.0,3.265179,1.304998555
AKR7A2,10996.0,0.385600504,22.0,0.228062,0.122308105
ALDH18A1,838.0,0.380333742,511.0,0.433917,0.267486148
ALDH3A2,2525.0,0.42484639,221.0,1.2359,0.970527796
ALDH6A1,4647.0,0.38708374,724.0,1.021315,0.447620128
ALG1,2498.0,0.432230555,181.0,0.752064,0.73452762
ALG5,380.0,0.362014155,67.0,-0.522886,-0.895149728
ALG9,4217.0,0.365461171,1107.0,-0.296751,-0.777858174
ALOX5AP,976.0,0.392577632,248.0,1.504492,-0.004594576
AMBRA1,1041.0,0.36170155,362.0,-0.595388,-0.079977905
AMPD2,903.0,0.389224108,566.0,-0.468537,-0.156688931
AMPD3,1695.0,0.423686063,472.0,-0.53247,-0.487944178
ANAPC13,1361.0,0.393644021,731.0,0.120147,-0.621312517
ANAPC5,235.0,0.390209877,197.0,0.08527,0.410942188
ANKLE2,1737.0,0.418251419,90.0,0.208083,0.361892494
ANKRD16,135.0,0.465649334,543.0,-0.037132,0.274771737
ANXA2,496.0,0.429738522,160.0,-0.416639,-0.709012536
ANXA5,1441.0,0.418050335,165.0,-0.015835,-0.755000746
AP1B1,1153.0,0.424070668,187.0,-0.033056,-0.056266548
AP1M1,914.0,0.463388599,173.0,0.318914,0.313762985
APIP,427.0,0.433104693,127.0,-0.223624,-0.0734641
APOBEC3C,1979.0,0.381716897,103.0,-0.039594,-0.622534792
APOBEC3G,322.0,0.410940579,404.0,0.102984,-0.669837809
APOL2,1195.0,0.42932248,477.0,0.038442,-0.013018134
ARF6,2971.0,0.462806813,621.0,-0.153277,-0.436260003
ARFIP2,2430.0,0.403729309,291.0,0.753509,0.623819432
ARHGAP17,2624.0,0.371011524,117.0,0.117444,-0.083867413
ARHGAP30,773.0,0.384451823,645.0,0.069545,-0.147767005
ARHGEF10,1378.0,0.370244255,202.0,0.365741,0.06400397
ARID2,3145.0,0.362288628,128.0,0.34585,0.205048625
ARID3A,3881.0,0.411693449,290.0,0.430027,0.49685899
ARIH2,3112.0,0.397061561,878.0,0.031096,0.335340965
ARL8A,1065.0,0.409602486,171.0,-0.301784,-0.837883141
ARRB1,6041.0,0.39512759,224.0,0.093397,-0.017811604
ASF1B,950.0,0.395794233,172.0,0.494301,-0.060866185
ASS1,1357.0,0.394201053,356.0,-0.640679,-0.537081037
ATPAF1,3039.0,0.439253133,510.0,0.298481,0.482690731
ATRIP,162.0,0.417082642,462.0,1.168503,0.023838409
AXL,1863.0,0.417061167,376.0,0.26971,0.528590635
BAG1,2764.0,0.431693656,501.0,-0.146732,0.063452152
BAG3,537.0,0.387438444,306.0,0.630363,0.763450484
BASP1,971.0,0.520859146,259.0,0.674481,-0.240183518
BBS7,1531.0,0.408023089,184.0,0.043027,-0.01316284
BCAT2,364.0,0.445598481,657.0,0.411614,0.095615066
BCKDHB,3082.0,0.419736544,88.0,0.268868,0.144534249
BCL2,5279.0,0.374049285,493.0,-0.872767,-0.385171586
BCL2L13,4109.0,0.411790332,769.0,-0.271229,-0.494165418
BID,4193.0,0.428633517,498.0,-0.462081,-0.484219766
BLVRA,3376.0,0.414260839,177.0,1.476917,1.033650275
BOLA2,40.0,0.43059393,513.0,0.843696,1.033105632
BOLA3,383.0,0.406657227,38.0,0.172648,0.44984393
BRD2,787.0,0.377809737,2066.0,-0.24254,0.019177364
BRD3,3285.0,0.401150236,188.0,-0.063933,-0.017980299
BRI3BP,5801.0,0.359622664,143.0,-0.146168,-0.623287592
BSPRY,1091.0,0.380011644,48.0,-0.315108,0.582554156
BST2,411.0,0.444557266,81.0,1.044782,0.636660744
BUB3,1535.0,0.421992618,242.0,0.6372,0.086105834
C1QB,152.0,0.436596666,340.0,0.247897,-0.251561701
C1QC,327.0,0.41150294,283.0,0.469799,0.129647603
C2CD3,671.0,0.360398895,227.0,0.305959,-0.321349001
C3,5088.0,0.430632158,93.0,0.659445,-0.086326499
CAP1,1134.0,0.406948565,416.0,0.350739,-0.117979965
CAPN1,720.0,0.455130071,197.0,-0.447159,-0.242347311
CAPRIN1,5632.0,0.374918508,189.0,-0.498319,-0.579194623
CAPZB,5180.0,0.446052528,622.0,-0.242753,0.078141673
CARD16,437.0,0.41300235,27.0,0.456681,-0.187081524
CARHSP1,4898.0,0.362100245,360.0,0.162457,0.460511789
CASC3,1778.0,0.370720542,295.0,0.142999,-0.059372738
CASP1,750.0,0.424742838,44.0,0.181455,-0.442023083
CASP8,1794.0,0.376118708,303.0,0.488275,0.359796718
CAT,629.0,0.397270122,89.0,0.082331,0.111080247
CBL,8368.0,0.375957197,142.0,-0.377766,-0.390598541
CBLL1,3286.0,0.400851504,467.0,0.309095,0.226710207
CBR3,54.0,0.445176236,228.0,0.044309,0.034819652
CBS,4385.0,0.477784031,626.0,-2.548165,-1.200603652
CBX5,10815.0,0.390902295,318.0,-0.055346,0.154405034
CBX8,2504.0,0.36735217,118.0,-0.421239,-0.163237756
CCDC115,2169.0,0.385110507,452.0,-0.191218,0.178768512
CCDC125,2554.0,0.359965106,322.0,0.844777,1.05850021
CCDC58,2462.0,0.421830022,75.0,-0.442929,-0.284281924
CCDC88C,1302.0,0.396031427,154.0,-0.024683,-0.293096329
CCL5,886.0,0.462166288,68.0,-1.087887,-0.012256321
CCNA2,1206.0,0.409154498,373.0,0.003639,-0.222075313
CCS,4244.0,0.460896681,43.0,0.390931,0.226608885
CCT3,238.0,0.457984718,231.0,-0.832179,0.257794722
CCT4,1361.0,0.393363555,164.0,-0.205956,0.27885215
CD14,128.0,0.416321757,392.0,0.274942,-0.181258843
CD209,3046.0,0.440000747,67.0,0.661923,0.301371991
CD36,2894.0,0.410517795,414.0,2.810045,1.577314312
CD40,982.0,0.429065654,90.0,-0.382891,0.039039504
CD44,3115.0,0.39995987,434.0,-0.612116,-0.451651357
CD63,923.0,0.512738356,403.0,0.277352,1.194940388
CD74,635.0,0.427357309,187.0,0.12869,-0.262651372
CDC25C,437.0,0.364786128,387.0,0.822444,0.51068546
CDC26,271.0,0.395637029,359.0,-0.311471,-0.827801344
CDC34,560.0,0.46431386,199.0,-0.203342,0.203398903
CDCA3,816.0,0.351209268,820.0,0.649676,-0.191864989
CDCA8,1353.0,0.384295288,290.0,0.431676,-0.609100368
CDIPT,1864.0,0.442654716,541.0,0.329764,0.04614294
CDK1,2313.0,0.398329505,154.0,0.312921,0.145101563
CDK2AP1,766.0,0.439144625,522.0,-0.492148,-0.562538319
CDK5RAP2,367.0,0.371069462,192.0,-0.080424,-0.023272312
CDK5RAP3,284.0,0.469750898,1791.0,0.338868,0.225173635
CDKAL1,1365.0,0.417875209,167.0,0.113865,0.005073985
CDKN2AIPNL,3639.0,0.409801696,53.0,0.745835,0.491299252
CDKN2C,2247.0,0.381912025,1216.0,0.975019,0.817610379
CEBPD,1714.0,0.430497143,44.0,1.275844,0.212230081
CENPH,1478.0,0.418392258,87.0,0.485146,0.571704573
CENPV,301.0,0.385948267,62.0,-2.094829,-0.788305218
CETN2,868.0,0.433727498,47.0,-0.200288,0.099325455
CFL1,677.0,0.502791,234.0,-0.805561,-1.172744201
CHAC2,786.0,0.395629742,277.0,-0.538327,-0.508294597
CHCHD4,3528.0,0.445497334,326.0,-0.122824,0.714528042
CHMP4A,296.0,0.447100154,262.0,-0.115949,0.197768169
CHMP5,1241.0,0.442987983,200.0,0.091759,0.024392237
CHMP6,980.0,0.489861105,78.0,-0.029418,0.515735773
CIAPIN1,1024.0,0.451663323,242.0,-0.479762,-0.370965956
CISD2,5376.0,0.433298698,107.0,-0.21893,-0.459238111
CKAP4,2872.0,0.386259817,84.0,-0.562803,-0.817454528
CKS2,300.0,0.317949998,98.0,0.096643,0.311775609
CLCC1,5185.0,0.369704467,150.0,0.08279,0.274003762
CLCN7,1698.0,0.459147749,110.0,0.972874,0.886437377
CLIC1,290.0,0.4571302,573.0,-0.208718,-0.249182537
CLK3,1233.0,0.4268607,461.0,-0.409109,-0.086259421
CLPTM1,458.0,0.383990827,351.0,0.339086,-0.554550354
CLTA,288.0,0.450950874,514.0,0.032785,0.423601494
CLTB,319.0,0.48548545,210.0,-0.086118,0.178658604
CLTC,3104.0,0.384957863,443.0,0.406736,0.123328792
CNBP,6850.0,0.433298698,206.0,-0.336677,-0.100593581
CNPY2,123.0,0.392778455,553.0,0.020613,0.044640152
CNPY3,1042.0,0.459231502,584.0,0.0468,-0.304333362
COG3,1967.0,0.414689223,142.0,-0.482561,-0.141268009
COMMD1,306.0,0.423842833,138.0,-0.385807,-0.259656735
COMMD3,431.0,0.360487018,35.0,-0.443032,0.01828457
COMMD5,498.0,0.445713337,399.0,-0.027581,0.299584479
COMMD6,1375.0,0.396967837,328.0,-0.727603,-0.339286284
COMMD9,2340.0,0.418062772,89.0,-0.486845,-0.24914492
COPB1,446.0,0.381738818,307.0,0.15484,-0.268155032
COPE,165.0,0.478760693,55.0,0.007825,-0.213551499
COQ6,671.0,0.374062527,159.0,0.677388,0.132262447
COQ7,5700.0,0.42379098,133.0,0.265799,0.33789971
CORO1A,112.0,0.457388252,435.0,0.378954,-0.978605979
COX17,1735.0,0.484254073,86.0,0.344298,0.420043322
COX5A,860.0,0.429944966,140.0,0.066275,-0.10897259
COX7A2,302.0,0.441893926,98.0,0.167482,0.429408554
CPM,5262.0,0.406054343,75.0,1.121846,0.715036043
CPSF4,923.0,0.452412439,277.0,0.348844,-0.212202722
CPT1A,2761.0,0.374132033,170.0,1.131725,0.636953134
CPT2,602.0,0.431256564,515.0,0.744972,0.493076807
CRCP,8457.0,0.390198146,145.0,0.042159,-0.256464639
CRKL,3904.0,0.422225684,509.0,-0.820388,-0.287144037
CRTAP,5601.0,0.446308827,120.0,-0.115838,-0.833381431
CRTC3,3205.0,0.355982524,186.0,-0.302304,-1.051844742
CRYL1,462.0,0.386242786,79.0,-0.813956,0.00788812
CSRP1,1183.0,0.493833101,217.0,0.156693,-0.914248977
CST3,2762.0,0.475763324,186.0,0.267749,0.055272784
CSTF2,1931.0,0.372934478,58.0,-0.276516,-0.309501012
CTBP1,800.0,0.464034004,393.0,-0.183353,-0.201150336
CTNNA1,1216.0,0.412513324,1103.0,0.334312,-1.071262462
CTNNB1,1106.0,0.432073699,448.0,-0.075495,-1.169841604
CTNNBIP1,2448.0,0.394834327,307.0,-0.069043,-0.01266349
CTPS2,1870.0,0.416273085,744.0,-0.216342,0.309462531
CTSG,119.0,0.369503415,37.0,3.99555,1.440749218
CTSH,1072.0,0.446467856,1192.0,-0.607137,0.063585326
CUEDC1,2047.0,0.374410739,719.0,0.817154,0.526143844
CUX1,1040.0,0.395555213,127.0,0.319495,0.163274061
CXCL10,814.0,0.410287201,105.0,-0.862676,-0.841701929
CXCL9,2323.0,0.403736618,74.0,-1.765565,-0.55741837
CYBB,2544.0,0.418993019,61.0,1.054509,-0.21184843
CYP2S1,1051.0,0.420869286,58.0,0.074221,-0.736894772
CYTH4,1837.0,0.406296106,377.0,0.368535,-0.152284309
DAB2,1757.0,0.368483127,531.0,0.409695,-0.007924278
DAGLB,721.0,0.377719723,170.0,0.504966,0.313886951
DAP3,768.0,0.366492687,184.0,-0.441045,-0.096840814
DAPP1,2082.0,0.348655603,90.0,0.023856,-0.04116367
DBI,233.0,0.467027529,479.0,0.049712,-0.294177757
DCAF8,1877.0,0.380310979,212.0,-0.307264,-0.0270296
DCP1A,4153.0,0.411936399,381.0,-0.08376,-0.237063725
DCPS,4731.0,0.375605648,329.0,-0.815001,-1.015195006
DCTN5,10597.0,0.443116252,177.0,-0.285973,0.464312129
DDAH2,653.0,0.361046801,1104.0,-0.25737,-0.140248974
DDB2,1223.0,0.43604051,195.0,-0.005132,0.222795791
DDX23,713.0,0.445931172,91.0,0.364426,-0.136602023
DDX31,1870.0,0.361830896,544.0,-0.144005,-0.23884061
DDX47,438.0,0.379294484,22.0,0.507881,-0.083483889
DDX54,1704.0,0.467316231,28.0,0.395601,0.583165159
DDX56,586.0,0.438032149,643.0,0.19919,-0.001578452
DDX59,217.0,0.413095257,243.0,-0.074227,-0.123822217
DHODH,3463.0,0.371608285,21.0,-0.031855,0.054947892
DHPS,121.0,0.474111752,121.0,0.208094,0.561169398
DHX15,459.0,0.379133957,168.0,0.289319,0.212620081
DHX34,591.0,0.384465978,349.0,-0.15588,-0.396112622
DHX58,357.0,0.440330409,223.0,1.354669,0.524144867
DIABLO,719.0,0.425893605,1182.0,0.348336,0.76003575
DMAP1,63.0,0.471306,301.0,0.22588,0.149901188
DMXL2,1274.0,0.389901613,225.0,0.465405,-0.021623047
DNAJA4,1736.0,0.398301408,169.0,-0.122187,-0.306951789
DNAJC14,1509.0,0.37755465,204.0,0.426446,0.341728547
DNAJC19,1326.0,0.403482491,259.0,-0.312207,0.177904783
DNAJC25,1212.0,0.430964931,56.0,0.081733,-0.687827409
DNAJC8,969.0,0.416719859,33.0,-0.196343,-0.055099779
DNM1,1255.0,0.393835111,116.0,-0.828867,-0.531246825
DNTTIP2,3564.0,0.408096853,58.0,0.022999,-0.240138817
DOCK11,3681.0,0.373818855,63.0,0.273778,-0.047740431
DOCK2,524.0,0.446250827,52.0,0.423693,-0.496286941
DOK2,438.0,0.384043737,481.0,-0.154166,-0.766063422
DPCD,197.0,0.459155016,389.0,-0.314418,0.23120874
DPF2,2501.0,0.393394442,133.0,-0.860161,-0.263344891
DPH1,1310.0,0.448716064,341.0,1.139896,0.167474006
DPH5,784.0,0.413363166,165.0,-0.031717,-0.16869325
DPY30,562.0,0.438431353,279.0,-0.254089,-0.216043665
DPYSL2,2472.0,0.430530829,431.0,0.719747,-0.258095063
DRAP1,142.0,0.432809908,245.0,-0.801439,-0.580565262
DRG1,4594.0,0.444150091,131.0,-0.725837,-0.132931996
DSN1,5330.0,0.392894937,373.0,0.532914,0.735492831
DSTN,2786.0,0.375776803,438.0,0.332763,0.179266851
DTX3L,3456.0,0.408848169,89.0,0.94995,0.469529446
DUSP12,374.0,0.419884133,34.0,-0.901464,-0.403460655
DUT,1937.0,0.36471409,109.0,-0.189455,0.03513017
DYNLT1,514.0,0.420362019,78.0,-0.658308,0.204610318
EBAG9,1437.0,0.39438748,402.0,0.162874,0.378857827
ECH1,191.0,0.389477111,85.0,0.256801,0.203839206
ECHDC2,2269.0,0.400166641,752.0,0.089084,0.211026612
ECM1,322.0,0.43792189,199.0,0.92192,-0.159192985
EEA1,5374.0,0.405861636,265.0,0.640064,0.412254388
EEF1A2,286.0,0.417272363,329.0,1.730909,0.23825686
EFTUD2,1331.0,0.444646836,398.0,0.445263,0.053169949
EHD1,3363.0,0.446314898,447.0,-0.722423,-0.353925696
EIF2AK2,8063.0,0.394727306,557.0,1.110904,0.233167916
EIF2B3,1058.0,0.383118637,239.0,-0.266233,0.14019537
EIF3F,5840.0,0.435728237,33.0,-0.039413,0.005534717
EIF3L,1718.0,0.380710116,245.0,-0.498206,-0.021625223
EIF4A3,1120.0,0.381528282,222.0,0.069972,0.018043762
ELAVL1,4910.0,0.437605432,167.0,-0.186441,-0.066063764
EMG1,248.0,0.433768095,143.0,0.10254,-0.095325183
EMILIN2,2605.0,0.379592019,159.0,0.786584,0.462240772
ENDOD1,7728.0,0.376426787,118.0,-0.777522,-0.345852565
ENOSF1,2904.0,0.382279782,622.0,-0.231286,-0.035771161
ENY2,2576.0,0.41756619,146.0,-0.270603,-0.00749986
EPSTI1,2106.0,0.391777705,469.0,0.373887,0.149579635
ERCC1,2342.0,0.45058755,188.0,-0.237558,0.430353922
ERCC6L,4809.0,0.354829683,623.0,0.129448,-0.146159073
ERH,415.0,0.383837906,71.0,-0.192136,-0.005216879
ERLIN1,2041.0,0.444737514,478.0,-0.036755,0.112957734
ERP29,1277.0,0.401191178,118.0,-0.102779,0.017716462
ETV6,4356.0,0.398240844,274.0,0.073221,-0.209680599
EXOC4,1232.0,0.388187525,35.0,0.124785,0.369072225
EXOC8,6907.0,0.436106501,127.0,-0.404105,0.535217821
EXOSC1,536.0,0.430105347,451.0,0.019956,0.174626277
EXOSC2,3902.0,0.431273517,32.0,0.139492,0.081707006
F8A1,571.0,0.46317284,15.0,0.132293,-0.209250676
FAAH,2043.0,0.384592892,82.0,0.902353,0.761584584
FAF1,4425.0,0.401181969,453.0,0.117058,0.033293181
FAM122A,4542.0,0.40477622,33.0,0.122874,0.11143218
FAM168A,6285.0,0.395008865,285.0,-0.576924,-1.017624352
FAM177A1,2165.0,0.411149627,459.0,-0.20348,-0.320374526
FAM192A,1824.0,0.379195199,1475.0,-0.416297,-0.136689866
FAM20B,4428.0,0.4357945,293.0,-0.744035,-0.451830617
FAM32A,1091.0,0.408676074,42.0,-0.321159,0.296560067
FAM50A,286.0,0.482889735,110.0,-0.158269,-0.138485203
FBP1,248.0,0.397353747,331.0,0.52498,0.228611281
FBXL20,9338.0,0.383104745,254.0,0.074739,-0.063313647
FBXO4,526.0,0.393825218,58.0,0.354283,0.451071848
FBXO6,503.0,0.42307306,166.0,0.462744,-0.022994949
FCER1G,305.0,0.4202976,25.0,0.636836,-0.659126464
FCGRT,309.0,0.433069976,486.0,0.227467,0.363323754
FCHO1,270.0,0.372951657,283.0,1.349532,0.395891751
FDPS,72.0,0.456397562,392.0,-0.403269,-0.110534724
FDXR,596.0,0.384661194,188.0,0.454823,0.257246142
FEN1,1340.0,0.407867196,413.0,-0.672213,-0.194303936
FERMT3,399.0,0.435119014,149.0,0.356283,-0.675799661
FGD2,907.0,0.441856308,171.0,0.994793,-0.246187808
FGFR1OP2,1663.0,0.396595515,353.0,0.504185,0.219895962
FGL2,3460.0,0.40966218,40.0,0.99269,0.175719257
FKBP1A,1132.0,0.428443098,174.0,-0.393306,-0.520639596
FKBPL,24.0,0.377510344,270.0,-0.334409,0.270589962
FLOT1,422.0,0.472159534,339.0,0.206224,0.202406023
FN3K,442.0,0.389857108,61.0,0.563759,0.135651508
FN3KRP,3667.0,0.380720834,50.0,0.535964,0.446851635
FOXJ3,3176.0,0.401878681,312.0,0.131011,0.080126057
FOXK2,3108.0,0.440496276,171.0,0.086855,-0.296431806
FOXRED1,443.0,0.438630908,167.0,-0.251203,-0.428274639
FSCN1,1184.0,0.396100853,132.0,-0.36305,-0.738220673
FTH1,530.0,0.425357612,235.0,-0.690091,-0.5334165
FTL,1031.0,0.428438948,199.0,-0.41294,-0.623668949
FTSJ1,638.0,0.457521275,569.0,-0.584876,-0.149064211
FTSJ3,698.0,0.388239396,646.0,0.080055,0.204683886
FXN,6365.0,0.40465004,220.0,0.124172,-0.086976985
GABARAPL2,564.0,0.431291441,136.0,-0.239796,-0.875306098
GABPB1,1320.0,0.423118524,469.0,-0.290201,0.03339338
GALK1,292.0,0.455574511,63.0,1.023732,0.473601597
GANAB,989.0,0.425909644,1027.0,-0.516628,-0.566819439
GAS6,315.0,0.393865445,183.0,-0.75641,-0.205018391
GAS7,6619.0,0.423630168,311.0,0.335137,0.134846779
GBE1,708.0,0.404013874,283.0,0.820586,0.830790711
GBP1,1735.0,0.42614962,220.0,0.273156,-0.54310999
GBP2,5058.0,0.440134196,314.0,0.615573,-0.257065978
GBP4,4106.0,0.42983554,116.0,1.049532,0.194382887
GBP5,1753.0,0.421901204,537.0,-1.830208,-2.276207983
GCH1,2011.0,0.419329122,161.0,-0.464404,0.15749791
GGA2,5408.0,0.377812588,83.0,0.179895,0.275790398
GGCX,5211.0,0.417836117,106.0,0.218569,-0.738310355
GIGYF1,2212.0,0.443456438,1210.0,0.345022,0.366930438
GINS3,1415.0,0.387351931,208.0,0.626631,0.760510696
GLA,1699.0,0.378726947,110.0,0.321421,0.109615727
GLE1,1357.0,0.383457083,114.0,-0.057367,-0.291474009
GLRX,1188.0,0.430296645,211.0,0.251006,0.010961945
GLRX3,3557.0,0.41418463,539.0,-0.36339,-0.302046163
GLUD1,1558.0,0.392454008,1132.0,0.404047,0.246173822
GLYR1,2033.0,0.39940414,57.0,0.678547,0.067228954
GMEB1,4582.0,0.43446142,142.0,-0.244123,-0.30781941
GMPPA,198.0,0.434966364,375.0,0.073145,0.258207444
GMPR,3984.0,0.435743929,114.0,1.627206,0.895220504
GMPR2,464.0,0.453637396,704.0,0.151972,0.569812881
GNAI1,1947.0,0.435804474,356.0,0.45222,0.974070643
GNG7,3803.0,0.398730372,237.0,-0.216078,-0.4816723
GNPDA1,1360.0,0.395964134,67.0,0.434718,0.444629739
GOLGA2,1243.0,0.401070546,13.0,0.199694,0.048575533
GON4L,926.0,0.418089888,175.0,-0.283077,0.452376563
GOSR1,5968.0,0.408103421,237.0,0.347979,-0.0845524
GOSR2,3258.0,0.374298057,541.0,0.157198,0.107359893
GOT2,1054.0,0.444803236,129.0,0.075301,0.21366585
GPS2,97.0,0.431122181,76.0,0.973642,-0.35466733
GPX7,626.0,0.395840774,39.0,-1.174996,-1.334569865
GRAMD1A,299.0,0.411657297,748.0,-0.31573,0.760195343
GRB2,2292.0,0.4413596,358.0,0.152521,0.275056786
GSTM4,2467.0,0.390909061,314.0,0.503323,0.82319718
GTF2A2,1070.0,0.420716795,404.0,-0.198228,-0.13200636
GTF2E2,604.0,0.365750105,273.0,0.09579,-0.750538049
GTF3C2,932.0,0.372227001,397.0,-0.226654,0.061720216
GTPBP1,2894.0,0.424954603,154.0,-0.46044,-0.192502067
GTPBP3,1032.0,0.436547413,95.0,0.211019,0.338880932
GTSE1,680.0,0.368527868,212.0,0.157881,-0.430623216
HADH,818.0,0.383558671,219.0,0.329494,0.591409183
HADHA,615.0,0.383558671,130.0,0.022022,-0.048331479
HAUS5,3319.0,0.378752573,51.0,0.000355,0.267753887
HAUS8,346.0,0.37535995,111.0,-0.212964,-0.2360873
HCCS,1274.0,0.398607648,275.0,-0.165644,-0.210602634
HCK,337.0,0.440224323,364.0,0.473507,-0.118794173
HDAC1,591.0,0.390040122,63.0,0.047218,-0.022467511
HDDC3,763.0,0.387287166,29.0,-0.084244,0.103583936
HDGF,1342.0,0.465394593,322.0,-0.710434,-1.061628358
HDLBP,2343.0,0.397687311,375.0,-0.115279,-0.289007676
HEATR3,1385.0,0.384091545,883.0,0.050513,-0.157979472
HEBP2,9119.0,0.359416339,297.0,-0.352706,-0.092275394
HECA,3704.0,0.443714129,285.0,-0.285564,0.163793397
HECTD3,3914.0,0.446742268,98.0,-0.008622,0.162096648
HERC2,726.0,0.429958504,109.0,0.106918,0.322761458
HERC5,379.0,0.393838904,153.0,0.534194,-0.184690773
HERC6,651.0,0.398146132,183.0,2.242611,1.870483171
HIP1,4874.0,0.430847644,52.0,0.709053,0.515718155
HLA-A,4150.0,0.424443523,84.0,-0.163032,-1.1179522
HLA-C,420.0,0.421684519,65.0,-0.149995,-0.258663606
HLA-DRA,409.0,0.420807891,109.0,-0.068027,-0.40965817
HLA-E,1459.0,0.413523771,126.0,0.031814,-0.117520144
HLA-F,121.0,0.407256461,124.0,-0.516868,-0.743157994
HMBOX1,3560.0,0.369177113,482.0,0.204597,-0.160791778
HMBS,266.0,0.451934812,299.0,-0.571841,-0.253133722
HMGB2,3775.0,0.450826504,193.0,0.405584,-0.036085352
HMGCS1,3661.0,0.374424323,345.0,0.389965,-0.394364451
HMOX1,616.0,0.436401717,107.0,-0.144083,-0.211188712
HNRNPA0,7504.0,0.386421138,284.0,-0.209612,-0.742130575
HNRNPD,1688.0,0.420386111,318.0,0.0627,-0.452951936
HNRNPL,1102.0,0.449817015,176.0,-0.255342,-0.163339514
HNRNPU,4156.0,0.432126199,218.0,-0.033525,-0.230970457
HNRNPUL1,2135.0,0.394022965,339.0,-0.269616,-0.318740213
HNRNPUL2,2674.0,0.436897081,229.0,-0.674926,-0.801558789
HSBP1,3274.0,0.4454546,174.0,-0.692095,-0.677986987
HSD11B1,4482.0,0.426649415,154.0,0.286909,-0.457905133
HSD17B7,398.0,0.431983247,99.0,-0.100921,-0.29389867
HSP90AB1,313.0,0.39509298,251.0,-0.06996,-0.444961791
HSPA1L,428.0,0.464100714,183.0,0.184016,0.039771985
HSPA4L,7877.0,0.413794867,342.0,0.852437,0.467091927
HSPB11,107.0,0.34538245,284.0,0.192143,-0.103058101
HTRA2,571.0,0.421976635,602.0,-0.137574,0.181241354
HTT,3901.0,0.373695076,145.0,-0.295819,0.108821864
HUS1,2068.0,0.374612864,131.0,-0.246984,0.440845858
HYI,310.0,0.378597605,196.0,0.303099,0.75815125
HYOU1,1409.0,0.403839016,234.0,-0.400008,-1.035895073
ICAM1,1537.0,0.426062071,319.0,-0.869231,-1.053645781
IER3IP1,3342.0,0.438740024,97.0,-0.602765,-0.609497378
IFI16,254.0,0.415211655,290.0,0.175726,-0.816835709
IFI30,213.0,0.431523306,62.0,0.540816,-0.496048733
IFI35,160.0,0.418462024,223.0,2.069428,0.392207165
IFI44,267.0,0.403888008,124.0,2.148787,1.575265791
IFI44L,5058.0,0.403608012,200.0,2.708936,1.563504139
IFIH1,121.0,0.412344512,377.0,1.612209,0.379202389
IFIT1,2775.0,0.411248073,495.0,3.054686,1.458085695
IFIT2,1901.0,0.420797646,175.0,1.444966,0.998009353
IFIT3,843.0,0.417440574,529.0,2.671042,1.331341724
IFIT5,2354.0,0.414819429,231.0,1.326505,0.887706394
IFITM1,159.0,0.431550176,180.0,1.401304,0.528791633
IFT27,109.0,0.4030938,426.0,-0.175342,-0.064823518
IGFBP3,1605.0,0.43060006,132.0,-0.159204,-0.699805673
IGFBP7,558.0,0.392734536,34.0,-0.400641,-0.594225096
IL16,3965.0,0.367979445,2395.0,-0.760299,-0.756955275
IL1RN,1145.0,0.411881061,408.0,-0.274227,0.435197051
IL4I1,16.0,0.4139018,621.0,-0.172154,-0.676481265
ILF2,656.0,0.426220446,239.0,-0.776285,-0.233997441
IMPA2,2898.0,0.383680893,242.0,-1.340023,-0.919215422
INO80,5209.0,0.374025479,351.0,-0.067735,0.174611738
INPP1,263.0,0.395712795,700.0,-0.222992,-0.523510903
INPP5D,1195.0,0.436077769,512.0,0.521823,-0.601297573
INSR,4801.0,0.380857973,411.0,-0.104974,0.179368539
IPO5,2508.0,0.381335948,180.0,-0.697364,-0.368450132
IRF8,1327.0,0.384714127,507.0,0.069404,0.020013182
IRF9,369.0,0.432057622,127.0,0.812996,0.391514864
IRGQ,7659.0,0.399674011,156.0,-0.823705,-0.372080672
ISCU,607.0,0.454630229,1331.0,0.075427,0.400311601
ISG15,62.0,0.419522688,77.0,2.644765,0.428822882
ISG20,952.0,0.419932377,2368.0,-0.51878,-1.300165451
ISOC1,1056.0,0.418535314,18.0,1.421525,0.989066891
ITGB2,415.0,0.457304004,395.0,0.491389,-0.158097705
ITPKB,2981.0,0.440250717,340.0,-0.515564,0.128591858
ITPRIP,5382.0,0.396785481,453.0,0.644133,0.652305194
JUNB,496.0,0.414023332,276.0,0.4955,-0.3986405
JUP,157.0,0.458302936,298.0,0.270173,-0.888991709
KANK2,2291.0,0.394238955,361.0,0.117328,0.329867782
KARS,4202.0,0.383913431,144.0,-0.500974,-0.372486671
KDM1A,327.0,0.428444011,149.0,-0.248325,-0.191125581
KDM2A,3716.0,0.372295488,864.0,-0.082898,-0.013799987
KDM2B,2488.0,0.393022165,407.0,-0.02641,0.259474419
KDM3B,1327.0,0.37791414,200.0,0.543664,0.37690574
KDM4A,1148.0,0.378142374,166.0,-0.20595,-0.036265824
KHSRP,1024.0,0.456900489,110.0,-0.032542,-0.158494045
KIAA2013,727.0,0.385456054,191.0,-0.236588,-0.777941552
KIF20A,757.0,0.371463873,496.0,1.21126,-0.386177549
KIF22,75.0,0.392489541,388.0,0.335812,-0.091571113
KIF2C,588.0,0.387865377,395.0,0.491198,-0.082996484
KIF3B,3792.0,0.390782105,180.0,0.285101,0.535603279
KIF5B,3198.0,0.418236129,470.0,0.04282,-0.086184741
KLHL7,3616.0,0.41595405,521.0,-0.414927,0.09834105
KTI12,594.0,0.370414154,39.0,-0.625452,0.164614736
LAMP1,1311.0,0.390985106,281.0,-0.616309,0.062677025
LANCL2,2422.0,0.433733517,578.0,0.001376,-0.221859094
LAP3,503.0,0.426841798,162.0,0.480674,0.145567749
LDHD,1826.0,0.398770776,52.0,1.275232,0.934557044
LENG1,560.0,0.445950324,48.0,-0.235822,0.302698169
LGALS3,159.0,0.420172221,88.0,0.527125,0.829778435
LGALS3BP,1225.0,0.419930622,179.0,1.304056,0.979315967
LGALS9,641.0,0.410654931,118.0,0.989197,-0.044658414
LIN54,4893.0,0.441729058,383.0,0.336284,0.307619272
LPCAT1,2228.0,0.380803123,133.0,1.547072,0.464549737
LPXN,1776.0,0.432350833,254.0,-0.016342,-0.657117046
LRPPRC,2376.0,0.377375074,58.0,0.204151,-0.257775017
LRRC25,843.0,0.434491636,642.0,0.757318,-0.221637094
LRRC41,465.0,0.438391248,44.0,-0.14316,0.238035147
LRRC59,1755.0,0.423067849,236.0,0.389257,-0.197113775
LSM1,486.0,0.409616526,410.0,0.21409,-0.400175925
LSM6,1871.0,0.435100303,139.0,-0.352471,0.019683348
LTA4H,391.0,0.355044638,145.0,0.360257,0.16741094
LYN,4058.0,0.418972994,282.0,0.633867,-0.38395973
LYPLAL1,1137.0,0.3973742,157.0,-0.008643,0.286982073
LYRM4,6830.0,0.366844497,217.0,-0.196849,-0.840557303
LYSMD2,596.0,0.394037378,501.0,-0.051471,0.036312619
M6PR,1457.0,0.379162834,275.0,0.450643,0.307330672
MAD2L1,4528.0,0.407191351,124.0,-0.055738,0.019978287
MAFB,2032.0,0.405989564,390.0,0.034898,-0.615874919
MAGED2,327.0,0.466698843,233.0,0.613133,0.410632198
MAGOH,153.0,0.416054235,162.0,-0.16731,-0.214631189
MAN2B1,128.0,0.381728903,76.0,-0.340094,-0.446624464
MANF,717.0,0.420319188,97.0,-0.213417,-0.300584024
MARCKSL1,768.0,0.468216312,206.0,-0.89444,-0.79107146
MAX,2676.0,0.337149475,479.0,0.450012,0.349754675
MBD2,3723.0,0.420256858,229.0,-0.657968,-0.411177909
MBP,4041.0,0.393290432,264.0,-0.072919,-1.096485656
MCM2,662.0,0.460999542,110.0,0.423851,-0.004328928
MCM4,2618.0,0.371821308,942.0,-0.403752,0.028390157
MCM5,3214.0,0.470488076,94.0,-0.278014,0.243873887
MDC1,658.0,0.415783633,440.0,0.341917,-0.303859085
MDH1,210.0,0.381672323,435.0,-0.021981,0.241759986
ME1,1535.0,0.411214685,265.0,1.788916,1.194561248
ME3,171.0,0.395156177,377.0,0.320358,0.334326807
MECR,1365.0,0.445670958,612.0,0.591994,0.085000978
MED17,2631.0,0.366528813,275.0,-0.647576,0.160054926
MED19,934.0,0.439623042,93.0,-0.697908,-0.895694351
MED29,4550.0,0.464327351,57.0,-0.105403,0.292980234
MEN1,824.0,0.454590692,504.0,-0.562177,-0.060167669
METTL13,961.0,0.396264071,347.0,-0.416603,-0.24564371
MGST3,1295.0,0.374563048,428.0,-0.997065,-0.050342975
MIF4GD,787.0,0.397877071,137.0,0.553996,-0.001910656
MINK1,774.0,0.455972684,525.0,0.643916,-0.253985362
MIS12,1334.0,0.420723459,745.0,0.688571,0.683766016
MLEC,5319.0,0.43043384,173.0,-0.744606,-0.314718184
MLLT10,2252.0,0.36295117,1568.0,-0.323127,0.364438142
MMADHC,5382.0,0.406207656,205.0,-0.113806,-0.01020674
MMGT1,4451.0,0.406300672,388.0,-0.324999,-0.036769063
MMP1,502.0,0.392399458,189.0,-3.869583,-0.684907321
MMP14,1722.0,0.419367787,285.0,-1.173499,-1.022806336
MMP9,193.0,0.404253633,19.0,-3.60177,-1.669134774
MORC3,2052.0,0.406702124,375.0,-0.115687,-0.19874317
MORF4L1,1066.0,0.420719378,454.0,-0.495503,-0.701535149
MOV10,619.0,0.412681236,1415.0,0.810062,0.335162272
MPDU1,797.0,0.440676037,216.0,0.844232,-0.335498123
MPHOSPH10,87.0,0.404440607,352.0,-0.485785,-0.493691646
MRI1,2018.0,0.459301832,75.0,-0.07731,0.359516162
MRPL13,1075.0,0.395373051,313.0,0.333613,0.017843896
MRPL15,1888.0,0.407701507,63.0,0.074427,-0.450848654
MRPL16,212.0,0.368940255,214.0,-0.551896,0.127098136
MRPL17,6554.0,0.424450505,105.0,0.410807,0.033213294
MRPL2,580.0,0.458698472,164.0,-0.33483,0.373282782
MRPL20,187.0,0.445765675,96.0,0.106816,0.393913811
MRPL21,55.0,0.417448467,293.0,1.084447,0.188985198
MRPL27,2133.0,0.436300758,31.0,0.334168,0.30347816
MRPL40,113.0,0.406843086,653.0,-0.363256,-0.121387428
MRPL46,1889.0,0.422788385,25.0,0.100455,0.198920095
MRPL48,1284.0,0.368940255,212.0,-0.949677,0.458458297
MRPL51,2069.0,0.35376587,169.0,0.165309,-0.03974951
MRPL53,198.0,0.441261883,155.0,0.148876,-0.079056478
MRPL9,407.0,0.432679379,437.0,-0.67052,0.088835026
MRPS11,2793.0,0.477818717,1491.0,0.020638,0.197208764
MRPS15,468.0,0.440649404,164.0,0.329871,0.505153275
MRPS17,1334.0,0.413812124,30.0,0.010864,0.00825494
MRPS18B,936.0,0.408462865,157.0,0.082988,0.058322954
MRPS36,933.0,0.3748339,84.0,0.681817,0.837573616
MRPS7,453.0,0.455992019,233.0,0.436547,-0.002800838
MSI2,5168.0,0.366385762,173.0,0.859161,0.156466139
MSTO1,694.0,0.421389639,1152.0,-0.371532,-0.181290639
MT2A,316.0,0.576670685,123.0,1.089105,-2.328691975
MTA2,684.0,0.459443446,761.0,-0.564382,-0.261282288
MTFMT,1550.0,0.414190941,26.0,-0.186138,-0.293552747
MTHFS,1663.0,0.434592403,179.0,-0.203359,-0.109769678
MTMR1,2442.0,0.424163835,319.0,-0.050504,0.141650291
MTMR14,421.0,0.371137969,151.0,0.188307,-0.32659474
MVP,50.0,0.435053297,193.0,0.412648,0.649366492
MX1,456.0,0.433488503,982.0,3.144028,1.574999859
MX2,1812.0,0.430094961,104.0,0.917048,-0.572200624
MYADM,2833.0,0.384589896,681.0,0.093105,-0.581454885
MYCBP,3972.0,0.381803634,73.0,0.157999,0.01711455
MYL12A,812.0,0.453450746,478.0,-0.480313,-0.587083658
MYO18A,3647.0,0.395788337,484.0,0.569767,0.060107548
MYO9B,1401.0,0.398943925,152.0,0.207448,-0.150776546
N6AMT1,5137.0,0.427535625,28.0,-0.087022,0.108774866
NAA40,3212.0,0.389371031,261.0,-0.639052,-0.118396951
NADK,1672.0,0.3959688,563.0,0.262682,-0.255098754
NADSYN1,464.0,0.447848979,126.0,-0.795983,-0.471200307
NAGK,1297.0,0.42527382,474.0,-0.113726,-0.033545272
NANS,37.0,0.458552255,132.0,0.483569,0.285715617
NAPA,1862.0,0.477781443,318.0,0.284187,0.243334998
NAT10,4915.0,0.387474071,245.0,-0.371559,-0.144277606
NBAS,140.0,0.414580543,44.0,-0.113237,0.053949227
NCALD,2767.0,0.374888213,460.0,0.82056,-1.011628514
NCAPD3,2971.0,0.431957579,606.0,-0.169081,0.125425615
NCAPG2,3501.0,0.41630572,200.0,0.629097,0.191655339
NCF1,2381.0,0.415579251,70.0,0.004792,-0.603770812
NCK2,1267.0,0.457831152,276.0,-0.909553,-1.027053131
NCKIPSD,4981.0,0.449411541,126.0,0.356531,0.327524212
NCOA5,1332.0,0.416761948,402.0,-0.090095,-0.214254381
NCOA7,3259.0,0.404217869,470.0,0.675139,-0.202922211
NDC80,61.0,0.356199389,182.0,-0.655806,0.458583142
NDRG2,841.0,0.376266446,941.0,1.203606,-0.067394848
NDUFA4,1685.0,0.439642808,129.0,0.642285,0.293116119
NEU1,667.0,0.413226082,156.0,0.534816,-0.199727287
NFATC2IP,3242.0,0.412267479,15.0,0.252208,-0.381679473
NFKB1,708.0,0.4099683,467.0,-0.327985,-0.63571465
NFKB2,153.0,0.424806573,563.0,0.136725,-0.43054922
NFKBIE,1053.0,0.409138176,25.0,-0.663365,-0.790702325
NGDN,1255.0,0.423783924,27.0,-0.153098,0.455661967
NGRN,1679.0,0.414477409,50.0,0.032353,-0.813375818
NINJ1,5217.0,0.455972644,71.0,0.347472,0.8861945
NIP7,1593.0,0.443769116,318.0,-0.395726,-0.334144693
NIT2,2351.0,0.432361565,74.0,-0.206723,-0.159363811
NMNAT3,2689.0,0.397393877,1228.0,0.269801,0.246754136
NMT1,3377.0,0.454689408,31.0,0.551179,0.080651007
NONO,1092.0,0.432928506,710.0,-0.239433,-0.132304211
NOP14,912.0,0.38067473,187.0,0.168254,0.286323952
NOP2,785.0,0.393538298,198.0,0.385713,0.091800639
NOTCH2,6062.0,0.409327653,297.0,0.409249,0.403407201
NPTN,1068.0,0.388989686,197.0,0.38826,-0.132818491
NR2C2,6271.0,0.390767743,362.0,-0.644055,-0.311036293
NRBF2,883.0,0.43605128,224.0,-0.435512,-0.238012632
NRF1,1901.0,0.447602651,500.0,-0.232962,-0.038977157
NRGN,833.0,0.413631862,152.0,-0.767162,-0.133341893
NRP1,3846.0,0.416817106,523.0,0.216769,-0.24383491
NSFL1C,1587.0,0.42738001,868.0,0.083401,0.419418397
NSMAF,602.0,0.358586884,214.0,-1.098622,0.056645075
NTAN1,178.0,0.344459601,320.0,-0.354431,-0.242123812
NUBP1,246.0,0.455923678,142.0,0.14521,0.264292859
NUCKS1,5461.0,0.359398328,271.0,-0.138278,-0.062627208
NUDC,716.0,0.476401948,127.0,0.008987,0.073805282
NUDT16,5489.0,0.428387545,75.0,0.272249,0.192467475
NUMA1,663.0,0.474508115,436.0,-0.217382,-0.200320667
NUP93,5678.0,0.382018893,495.0,-0.460719,-0.29863263
NXF1,2943.0,0.375826754,136.0,-0.49184,-0.206724655
OCIAD2,4872.0,0.363821488,322.0,0.239681,-0.173976634
OGDH,1071.0,0.396078149,159.0,1.211354,0.381184043
OPA3,7233.0,0.475004358,100.0,-0.414695,0.204255311
OSBPL2,2363.0,0.383456763,571.0,0.113993,0.131967791
OSBPL5,1099.0,0.381371042,158.0,-0.011937,0.269275625
OVCA2,792.0,0.429983078,65.0,0.925716,0.556393976
P2RX4,573.0,0.442596273,304.0,0.501319,0.849781276
PAAF1,509.0,0.376143366,341.0,0.075124,0.332574471
PACSIN2,1591.0,0.413490434,405.0,-0.047728,-0.499165078
PARK7,451.0,0.457171775,163.0,0.034184,-0.182477974
PARP1,769.0,0.460215809,171.0,0.148819,-0.092624706
PARP10,332.0,0.422654659,200.0,1.304724,0.72278279
PARP12,816.0,0.416480622,874.0,1.191627,0.597947491
PARP14,2243.0,0.414355918,59.0,0.486574,0.27346459
PARP9,451.0,0.418102187,327.0,1.38469,0.806446558
PARVG,2043.0,0.383803232,484.0,0.57289,-0.54656665
PBK,750.0,0.413339119,464.0,0.739401,0.461727076
PCNA,338.0,0.425000199,239.0,0.480504,0.375869271
PDAP1,2007.0,0.464659554,134.0,0.150793,-0.188755111
PDCD2,155.0,0.440448783,111.0,-0.151935,0.129836466
PDCD2L,48.0,0.433436103,33.0,-0.037002,0.087585425
PDCD6IP,3211.0,0.388727459,158.0,0.428403,0.468850612
PDHA1,2054.0,0.402514578,145.0,0.028105,0.15094823
PDHB,2974.0,0.442593378,43.0,0.498033,0.184055201
PDLIM1,357.0,0.379179626,233.0,-0.363863,-1.076752172
PDXDC1,2055.0,0.375670185,335.0,0.495427,0.765195897
PDXK,6244.0,0.398158884,198.0,-0.323187,-0.179962
PEBP1,796.0,0.360152166,326.0,-0.17426,-0.072947437
PEF1,769.0,0.441759403,424.0,0.007024,0.160047232
PELO,5222.0,0.385240523,985.0,-0.120229,0.289796506
PEPD,395.0,0.450896903,133.0,-0.277999,0.029456827
PEX16,585.0,0.43213601,312.0,-0.740666,0.572465987
PEX6,946.0,0.370078344,93.0,-0.085107,0.314894631
PEX7,2294.0,0.407005497,102.0,0.172588,0.074630298
PFDN5,124.0,0.497062947,117.0,0.205312,0.061402172
PFDN6,574.0,0.470152145,222.0,0.092942,0.115238729
PGM1,570.0,0.393980016,681.0,0.048036,-0.235757756
PHB,988.0,0.45268542,190.0,0.143233,0.233825272
PHF10,104.0,0.365149381,79.0,-0.0623,-0.050115544
PI4K2A,2692.0,0.385068362,57.0,-0.095585,0.311677324
PIAS1,3626.0,0.396022529,741.0,-0.103203,-0.223686336
PIGH,1430.0,0.434471606,98.0,0.399565,1.402508768
PIK3AP1,3866.0,0.407313024,128.0,0.863519,-1.0594844
PIR,205.0,0.385796208,485.0,0.088073,-0.394536856
PITPNC1,4686.0,0.369070722,874.0,-0.601321,-0.868655129
PLAUR,323.0,0.418467601,226.0,-0.501739,-1.047293941
PLCB2,818.0,0.468984469,301.0,0.204494,-0.556884127
PLCG1,3987.0,0.454806205,121.0,0.139406,0.105783795
PLD4,273.0,0.377985619,192.0,2.13814,-1.036049882
PLEKHO1,5192.0,0.424698037,839.0,-0.881778,-0.518575104
PLEKHO2,2119.0,0.429714475,134.0,0.279291,-0.396843381
PLSCR1,10376.0,0.415598704,388.0,0.855053,0.792279473
PML,3324.0,0.431306474,140.0,0.1099,-0.189985974
POLR1C,1131.0,0.439933821,86.0,-0.407054,-0.08699785
POLR1D,1469.0,0.427162265,456.0,-0.578098,-0.018368222
POLR2F,1600.0,0.47244007,250.0,-0.724782,-0.537994463
POLR2H,1065.0,0.427596015,1167.0,-0.320925,-0.29285049
POLR3H,3481.0,0.444306047,388.0,-0.527741,-0.320399853
POLR3K,1023.0,0.473025152,46.0,0.939585,-0.07383146
PPA2,660.0,0.432735716,20.0,-0.298925,0.071131006
PPIE,4556.0,0.446406574,56.0,0.212439,-0.029447602
PPIL1,1921.0,0.453832883,252.0,-0.036094,-0.174146143
PPP1R14B,282.0,0.457456004,268.0,-1.436546,-0.765520489
PRC1,1136.0,0.367783806,234.0,0.249051,0.052112319
PRCC,357.0,0.381841119,290.0,-0.565565,-0.546608804
PRDX1,303.0,0.414090753,341.0,-0.324743,-0.348629107
PRDX6,944.0,0.433706552,51.0,-0.460775,-0.220483724
PREB,658.0,0.378530018,403.0,-0.056002,0.323084253
PREP,579.0,0.425974009,233.0,-0.271363,-0.633915512
PRG4,784.0,0.366727173,51.0,0.806432,-0.324378995
PRIM2,1166.0,0.350864643,125.0,-0.231032,-0.104386488
PRKAB1,1305.0,0.365943644,289.0,0.577566,0.65186261
PRKAR2A,5019.0,0.427443141,254.0,0.262013,0.094689814
PRKCB,5795.0,0.38010529,197.0,0.06203,-0.199588109
PRKCD,451.0,0.404392693,469.0,-0.146671,-0.331191582
PRKRA,683.0,0.420894136,659.0,-0.297583,-0.385402346
PRKRIP1,3224.0,0.453589322,55.0,0.076613,0.396481891
PRMT5,393.0,0.386451423,508.0,-0.024506,-0.094740132
PRMT7,3655.0,0.450088803,850.0,-0.223416,0.442102201
PROCR,549.0,0.357872186,218.0,-0.010768,0.269925264
PRPS1,3908.0,0.466551451,409.0,0.00776,0.418433716
PRPSAP1,2056.0,0.390811115,688.0,0.274602,0.108511212
PRRC1,3173.0,0.409170839,188.0,0.284887,0.292366095
PSMA5,2997.0,0.446573967,225.0,0.172969,-0.160479821
PSMA6,187.0,0.423632682,445.0,0.091794,0.16504827
PSMB10,58.0,0.455018511,128.0,0.184206,0.072768549
PSMB2,3775.0,0.389848815,412.0,-0.001344,0.133613557
PSMB8,242.0,0.411206622,522.0,0.703771,0.360036291
PSMB9,5497.0,0.431095699,69.0,1.025335,0.403385101
PSMC3,66.0,0.485654947,194.0,-0.750824,-0.177069165
PSMD11,2567.0,0.390095635,61.0,0.570328,-0.142622979
PSMD13,384.0,0.437236365,242.0,-0.305681,-0.098637321
PSMD8,450.0,0.458928351,52.0,-0.001958,0.045801393
PSME2,53.0,0.443656162,65.0,0.815512,0.480867382
PSMG1,5308.0,0.427553471,578.0,-0.01932,0.24872397
PSTPIP2,1923.0,0.429639796,96.0,-0.218091,0.408711989
PTBP1,1504.0,0.473818895,106.0,0.10508,-0.050687478
PTDSS1,3765.0,0.367954205,423.0,-0.361203,-0.548140302
PTGS1,3346.0,0.37260918,633.0,1.196904,0.431442886
PTP4A1,3419.0,0.421202001,1153.0,0.273307,-0.909200983
PTPMT1,1899.0,0.450492628,193.0,-0.864281,-0.368142816
PTPN18,2185.0,0.381656528,101.0,0.443352,-0.070078218
PTPN7,1593.0,0.440747449,781.0,-0.3869,0.050212214
PTPRE,2994.0,0.426620112,1843.0,-0.173647,-0.462576247
PTPRF,4571.0,0.452810321,356.0,-0.193839,-0.27634071
PTRH2,3186.0,0.370743372,1544.0,-0.163125,-0.431512564
PWWP2B,819.0,0.424412275,29.0,0.062495,0.085140377
PYCR2,578.0,0.474148407,230.0,0.409692,0.346533206
PYGL,175.0,0.392036998,127.0,0.915807,0.719939312
QARS,97.0,0.458996209,396.0,-0.275567,0.307081489
RAB11FIP1,4277.0,0.380614122,56.0,0.075608,0.093776487
RAB12,1120.0,0.38483812,283.0,-0.95872,-0.193920298
RAB21,5246.0,0.435367738,267.0,0.30437,0.198102858
RAB31,3231.0,0.437498832,175.0,0.036626,-0.574194347
RAB35,2172.0,0.408841719,189.0,0.222769,0.332008881
RAB7A,1376.0,0.419395127,232.0,-0.034215,0.177901589
RAB8B,4163.0,0.425956778,96.0,-0.027738,-0.129880615
RAB9A,1716.0,0.417525007,283.0,-0.274045,-0.065264998
RABGGTA,77.0,0.387342734,512.0,-0.039286,0.047495357
RABGGTB,440.0,0.409412379,78.0,0.227788,0.046039035
RABIF,4760.0,0.447399225,159.0,-0.324714,0.049436278
RACGAP1,1895.0,0.366370127,354.0,1.144025,-0.128597035
RAD9A,924.0,0.444046557,185.0,0.556231,0.294248759
RAE1,1112.0,0.432613552,365.0,-0.020362,-0.042641396
RAI1,1472.0,0.455620822,469.0,0.822716,0.123943952
RAN,2043.0,0.442855294,361.0,0.039121,-0.195637698
RANBP10,3359.0,0.379453562,1256.0,-0.321509,-0.194921064
RANGAP1,3145.0,0.481547647,765.0,-0.609539,-0.52978605
RAPGEF1,2727.0,0.425793135,159.0,-0.058005,-0.261427553
RARS,114.0,0.423508657,41.0,0.287883,0.307432094
RASGRP4,985.0,0.374724859,214.0,1.566078,0.094939833
RBBP4,6506.0,0.404056961,164.0,0.024452,-0.05799273
RBBP5,3098.0,0.421849625,474.0,-0.039332,-0.016344892
RBKS,251.0,0.392307233,1371.0,0.497434,0.189445967
RBM12,3599.0,0.375183789,304.0,0.027669,-0.256084028
RBM14,3443.0,0.468008211,139.0,0.060964,-0.133050271
RBM4B,5277.0,0.396841232,170.0,-0.604921,-1.128899836
RBMX,1201.0,0.353737079,210.0,-0.229174,-0.046170327
RBPJ,4223.0,0.4178224,518.0,-0.092816,-0.038985828
RBX1,821.0,0.46562919,52.0,-0.674827,0.665175319
RC3H1,7637.0,0.410085914,87.0,-0.547797,-0.389582134
RCCD1,1773.0,0.374130224,280.0,0.05875,0.266252644
RCOR1,4070.0,0.439565312,228.0,-0.196724,-0.399278282
REEP4,591.0,0.460338979,469.0,0.559136,-0.082509877
REEP5,2962.0,0.457536941,144.0,0.333621,-0.030960072
RELB,408.0,0.418226182,131.0,-0.722952,-0.836251153
REPIN1,2683.0,0.45080531,489.0,0.211174,0.44575334
RFC4,89.0,0.411167541,282.0,-0.222545,0.254176701
RFK,1882.0,0.429285662,357.0,-0.229389,-0.187556923
RFX5,1546.0,0.386685917,221.0,-0.101552,0.083405084
RFXAP,1850.0,0.421314391,156.0,-0.538968,-0.107799056
RHBDF2,740.0,0.423256567,294.0,0.40893,0.133135661
RHOT2,568.0,0.454546166,881.0,0.370481,0.316848545
RINL,1279.0,0.357351373,413.0,0.414966,0.07314531
RNASE2,179.0,0.384567964,71.0,1.404326,0.542089888
RNASEH1,4369.0,0.404567903,700.0,-0.400296,-0.355450883
RNASEH2B,3930.0,0.37625722,399.0,-0.286724,-0.061034148
RNASET2,1070.0,0.374792559,407.0,0.038755,-0.1351625
RNF114,1751.0,0.459950313,36.0,-0.237307,0.264051494
RNF167,289.0,0.375291206,776.0,0.851193,0.520514951
RNF20,5226.0,0.396317502,92.0,0.075032,0.078573848
RNF213,5288.0,0.417718743,150.0,1.386803,0.805742969
RNF216,2819.0,0.430061571,259.0,0.130272,0.462814994
RNF25,102.0,0.375620157,88.0,-0.002347,-0.176698122
RNF31,88.0,0.389352607,358.0,-0.034611,0.447848593
RNLS,1252.0,0.416402283,135.0,1.075009,0.642053912
RNMT,4581.0,0.415128602,241.0,-0.782824,-0.833578994
RNPEP,463.0,0.447181346,896.0,-0.016843,-0.114858367
RP9,437.0,0.42869019,18.0,-0.416227,0.083979502
RPA1,2907.0,0.381710028,170.0,0.423226,-0.007712122
RPA2,639.0,0.400070522,793.0,-0.124818,-0.041384845
RPAIN,471.0,0.394698889,570.0,0.400236,-0.049927352
RPL11,461.0,0.442317923,45.0,-0.078915,0.032439738
RPL14,5208.0,0.496792394,133.0,-0.147291,0.643095617
RPL23,3146.0,0.464880603,90.0,-0.242981,-0.028959727
RPL26,53.0,0.427802183,389.0,0.085997,0.707565938
RPL31,1260.0,0.451994935,87.0,-0.173311,0.349498736
RPL34,1350.0,0.436455219,198.0,0.064081,0.870481878
RPL5,1058.0,0.451564158,75.0,-0.557404,0.096429701
RPL7,1077.0,0.460258279,707.0,-0.609801,0.996374975
RPS11,373.0,0.483080585,92.0,-0.5007,-0.261194116
RPS24,4247.0,0.430653047,142.0,-0.374873,0.464356044
RPS25,109.0,0.467193878,63.0,-0.355498,0.094575304
RPS27A,743.0,0.450449292,321.0,-0.385786,-0.508085296
RPS3A,306.0,0.426765211,80.0,-0.513555,-0.041579996
RPS4X,629.0,0.442998752,96.0,-0.351774,-0.182261547
RPS6,2723.0,0.413925579,42.0,-0.608156,1.213992572
RPS6KA1,828.0,0.389798854,163.0,0.199235,0.375226753
RPS6KA4,735.0,0.38455359,226.0,-0.440535,-0.368362653
RPS7,66.0,0.428822459,109.0,-0.612068,-0.315596137
RPTOR,2341.0,0.385169267,805.0,0.451032,0.591078683
RREB1,3012.0,0.456825357,492.0,0.288973,0.073132821
RRM1,2304.0,0.437568848,689.0,0.032956,0.26267036
RRP8,5071.0,0.446233376,148.0,0.101938,-0.043014966
RRS1,978.0,0.468289248,104.0,-0.15408,0.341911638
RTN3,1690.0,0.358048129,187.0,-0.444135,-0.201403762
RTN4IP1,1108.0,0.372133716,477.0,0.33304,0.071187938
RUNX1,4334.0,0.416076551,1578.0,0.519076,-0.025008807
RUNX3,2611.0,0.405217602,439.0,-0.128973,-2.04163019
RWDD1,6365.0,0.401367905,746.0,0.109493,-0.339457516
S100A8,71.0,0.444112716,170.0,-1.220605,-1.999231061
S100A9,189.0,0.439508357,43.0,-0.770642,-2.549246194
SAMD9,1815.0,0.395660052,270.0,2.984217,1.246628372
SAMD9L,1162.0,0.396305952,1248.0,1.937498,0.462443348
SAMM50,150.0,0.345249646,197.0,-0.712842,-0.172782055
SAMSN1,684.0,0.407246581,430.0,0.810623,-0.414397509
SAP18,1754.0,0.427429047,39.0,-0.570013,-0.151186137
SAP30BP,1541.0,0.449617255,257.0,0.144489,-0.044610101
SAR1A,5213.0,0.411769389,203.0,0.223801,-0.533467327
SAR1B,5806.0,0.392367964,253.0,0.701846,-0.117465125
SARS,1054.0,0.40098191,100.0,-0.145581,0.067534218
SASH3,1369.0,0.387406112,182.0,0.182201,-0.844707871
SCAMP4,1741.0,0.472519575,351.0,0.391587,0.494672874
SCO1,8645.0,0.407339367,61.0,0.855313,1.011539904
SDCCAG8,307.0,0.360606297,1542.0,0.17755,0.013659836
SEC11C,205.0,0.423646802,92.0,-0.584183,-1.305599132
SEC13,332.0,0.457264526,210.0,-0.319592,-0.048179891
SEC14L1,2986.0,0.420320088,665.0,0.245274,0.179530471
SEC22A,2559.0,0.422343815,79.0,-0.218614,0.931067199
SEC24B,1221.0,0.400931805,155.0,0.334858,0.008148332
SEC24D,2115.0,0.386600041,297.0,0.244702,0.140765333
SEC61B,270.0,0.404562259,76.0,-0.281869,-0.095433302
SEMA3F,960.0,0.38837398,318.0,0.889082,0.843375817
SEMA4D,2318.0,0.393173667,572.0,0.060128,0.46924981
SERPINA1,1707.0,0.420489385,573.0,2.296977,-0.170438127
SERPINB8,2096.0,0.38524815,520.0,0.166557,-0.753979497
SETMAR,321.0,0.414235412,398.0,-0.423679,-0.001375622
SEZ6L2,540.0,0.431800162,245.0,0.878253,0.343538294
SF1,2419.0,0.374481437,721.0,-0.317135,-0.426744333
SF3B2,563.0,0.453902675,40.0,-0.68268,-0.413934074
SFXN4,500.0,0.402513841,45.0,-0.212543,0.36072982
SH3BP1,433.0,0.395530944,313.0,-0.127681,-0.537828399
SH3PXD2B,4870.0,0.420952884,171.0,-0.665067,-0.711121143
SHMT1,4335.0,0.394510245,509.0,1.530611,1.159728731
SIGLEC1,1590.0,0.42099348,0.0,1.613877,0.347582979
SIPA1,2933.0,0.437718847,296.0,0.00277,-0.323803749
SIRPA,3027.0,0.429235057,360.0,0.767967,-0.111205162
SKP1,8791.0,0.433886974,179.0,0.225847,0.173633811
SLBP,3046.0,0.391438372,553.0,-0.203556,0.231001223
SLC25A10,1929.0,0.386184273,191.0,0.465224,0.396066388
SLC25A19,477.0,0.386093473,224.0,0.192292,0.578018047
SLC25A20,787.0,0.382641976,199.0,0.077856,-0.039791402
SLC25A3,504.0,0.383836987,354.0,-0.018099,-0.10547569
SLC25A40,2688.0,0.363984785,375.0,1.028462,0.422408755
SLC25A42,2156.0,0.366871382,156.0,0.679114,0.770589565
SLC25A6,450.0,0.487227384,137.0,-0.417208,-0.214980897
SLC27A3,163.0,0.439664345,91.0,0.637531,1.016628817
SLC39A10,2661.0,0.346494338,214.0,-0.342976,0.084650385
SLC43A2,6357.0,0.437839378,341.0,0.496017,-0.374042674
SLC44A1,8291.0,0.4365497,264.0,-0.402141,-0.281366861
SLC9A3R1,709.0,0.400889529,235.0,1.958765,1.131367234
SMAP2,1225.0,0.404145004,415.0,0.01633,-0.126783195
SMC1A,5954.0,0.490702048,340.0,0.19197,-0.04062467
SMG5,1363.0,0.383248033,540.0,-0.778444,0.139560719
SMS,2660.0,0.417677888,252.0,1.554063,1.582494709
SMYD3,223.0,0.378821529,130.0,-0.16161,0.326121415
SNRNP200,676.0,0.454045162,132.0,0.002679,-0.088282767
SNRPC,474.0,0.427936125,450.0,-0.14377,-0.738971054
SNRPD1,4386.0,0.384326147,161.0,-0.682299,0.037077483
SNRPN,279.0,0.390283395,1145.0,-0.104777,0.094241925
SNX24,5071.0,0.338464018,185.0,0.938557,0.823381838
SNX30,6144.0,0.426743352,148.0,-0.177288,0.060137244
SNX33,5086.0,0.383330712,96.0,-0.21542,-0.193834525
SOD1,353.0,0.438546885,148.0,-0.127387,-0.479085054
SOD2,13436.0,0.435065133,1828.0,0.640383,-0.42420436
SP110,3922.0,0.401738483,258.0,1.277898,1.000673466
SPC24,1691.0,0.381793277,320.0,0.177458,0.020293515
SPC25,540.0,0.373816265,131.0,0.279442,0.102000216
SPI1,383.0,0.406748349,223.0,0.767227,-0.594319662
SPRYD4,1406.0,0.430591965,75.0,-0.233978,0.100603566
SQSTM1,1485.0,0.412192979,360.0,0.495755,-0.100235186
SRC,2671.0,0.437602812,449.0,-0.587337,0.101009071
SRGAP2,3018.0,0.377689891,542.0,-0.117103,-0.201180859
SRI,5365.0,0.424260151,79.0,-0.173076,-0.035174385
SRP19,2645.0,0.430943803,189.0,0.096519,0.199854987
SRPRB,1784.0,0.427990824,285.0,-0.373625,-0.600215027
SRR,1392.0,0.393840903,354.0,0.852858,1.186965093
SRXN1,2099.0,0.37663928,185.0,0.372266,0.416320795
SSH1,5298.0,0.373517564,146.0,-0.177142,-0.103691076
SSH3,2595.0,0.376349937,178.0,0.752456,0.838309017
SSR2,592.0,0.425839932,80.0,-0.879144,1.649263219
SSR3,3698.0,0.388415977,156.0,0.175042,-1.591441639
SSR4,87.0,0.444947593,150.0,-0.82469,-0.662416972
SSRP1,422.0,0.394601844,267.0,-0.715144,-0.273565431
SSU72,400.0,0.445120823,325.0,-0.078608,0.185343972
ST13,3666.0,0.439823793,468.0,-0.423778,-0.695488356
ST14,553.0,0.454138745,193.0,-0.018313,-0.546573193
STARD10,1682.0,0.427301627,944.0,1.398723,0.570634412
STAT1,3294.0,0.408136156,388.0,1.107065,0.38845714
STAT2,1791.0,0.409862748,203.0,0.316054,-0.238726847
STAT6,1168.0,0.380869476,499.0,0.500528,0.43826706
STMN1,1138.0,0.394107416,364.0,-0.206873,-0.032378238
STOM,2222.0,0.387137797,117.0,0.357649,0.323940271
STOML2,531.0,0.456962681,143.0,-0.355007,0.022952683
STX3,5058.0,0.403902965,547.0,-0.473018,0.794264792
STX7,14891.0,0.417568039,327.0,-0.017045,-0.00904416
STX8,107.0,0.378438911,150.0,0.636955,0.241936026
SUCLG1,223.0,0.43877655,193.0,-0.054544,0.418791709
SUFU,3380.0,0.361614756,191.0,0.124912,-0.642434178
SUMF1,999.0,0.37076871,37.0,-0.268986,-0.329527034
SUPT4H1,1112.0,0.438747077,103.0,0.347003,-0.872240431
SURF2,1720.0,0.440503417,48.0,0.049882,0.176736566
SURF4,2281.0,0.385472445,476.0,-0.074346,-0.411178842
SURF6,4908.0,0.42467207,78.0,-0.25977,-0.061143712
SVIP,4195.0,0.357937352,217.0,-0.720697,0.240843395
SYTL1,80.0,0.364244725,197.0,0.304502,0.723330677
TACC3,165.0,0.385699108,155.0,0.081517,-0.13456203
TADA2B,3064.0,0.464060586,151.0,-0.156054,-0.351112433
TAF12,689.0,0.435926756,522.0,-0.054911,-0.206158087
TAP2,5256.0,0.374969764,175.0,0.899988,-0.254927278
TBC1D20,3109.0,0.435441414,148.0,0.277892,-0.053362175
TBC1D9B,1396.0,0.395340616,37.0,0.298581,0.315361414
TBCC,556.0,0.434161456,73.0,-1.080163,-0.381121077
TCEAL3,260.0,0.368171822,262.0,-0.402726,0.192145358
TCEAL4,3020.0,0.432120515,489.0,-0.543177,-0.044421703
TCOF1,1640.0,0.41523122,108.0,0.2503,0.39233138
TDP1,1721.0,0.418036689,317.0,0.038689,-0.346653744
TDRD7,242.0,0.375852104,234.0,1.042278,0.654675766
TDRKH,973.0,0.419795099,182.0,-0.292778,-0.043399472
TEP1,2777.0,0.379550228,40.0,-0.548991,-0.253544635
TFE3,1431.0,0.379068139,541.0,-0.125005,-0.158695102
TFEB,621.0,0.429366592,302.0,-0.098855,-0.493953513
THADA,112.0,0.415199561,352.0,0.146246,-0.147624249
THUMPD1,2715.0,0.455087735,225.0,0.138484,0.105802863
THYN1,205.0,0.377954149,484.0,-0.504308,-0.403432203
TIMM50,3932.0,0.424829064,722.0,-0.067308,0.203919412
TIMM8B,2046.0,0.447942532,30.0,-0.783337,0.069651248
TK2,3965.0,0.360054507,593.0,0.021644,0.085732656
TLE1,571.0,0.374791795,1295.0,0.203171,0.237918581
TM9SF2,2020.0,0.372522209,233.0,-0.417474,-1.012227784
TMED3,1710.0,0.439016102,188.0,-0.691721,-0.763743221
TMED9,708.0,0.44685712,67.0,-0.048768,-0.352183076
TMEM126A,52.0,0.406087664,295.0,-0.541735,-0.159120119
TMEM199,2431.0,0.370998168,90.0,0.810878,0.786963846
TMEM63A,1407.0,0.385482014,622.0,0.244357,-0.200410034
TMOD1,2050.0,0.392927141,213.0,-0.126654,0.004557596
TMSB10,278.0,0.470652003,95.0,-0.405748,-0.710788507
TNFAIP2,2079.0,0.44214387,131.0,-0.708232,-0.586839273
TNFAIP3,1995.0,0.416242917,370.0,-0.237649,-0.238595665
TNFAIP8L2,497.0,0.440670719,126.0,0.452608,-0.472673366
TNIP1,770.0,0.448321216,241.0,0.150394,-0.078044865
TNK2,822.0,0.420245651,543.0,-0.101359,-0.798972926
TNPO2,2070.0,0.408799881,358.0,0.036208,0.38589505
TNRC18,1316.0,0.449521205,349.0,0.206901,0.029260255
TOMM5,518.0,0.441712708,107.0,-0.059131,0.265459999
TOP2A,1003.0,0.364102812,159.0,1.10636,-0.074442939
TOR1A,3160.0,0.446121485,77.0,-0.078273,-0.14605298
TPD52L2,1600.0,0.385071878,138.0,-0.180541,0.022487116
TPI1,620.0,0.479135356,527.0,0.107015,0.00663115
TPM1,757.0,0.403626605,257.0,-0.459593,-0.623986081
TRAF3,5716.0,0.386659664,353.0,-1.153567,-0.0869727
TRAF6,6100.0,0.426668941,381.0,-0.801153,-0.250292534
TRAPPC3,634.0,0.441060625,519.0,0.189232,0.663764125
TRAPPC5,42.0,0.453352607,241.0,0.216382,0.224133257
TRAPPC6B,2539.0,0.437369008,335.0,-0.216068,0.165486338
TRAPPC9,3079.0,0.431357199,134.0,0.320136,0.181901499
TRIM11,3522.0,0.453298916,255.0,-0.299378,-0.294433009
TRIM13,5308.0,0.419190719,763.0,-1.033778,-0.506580027
TRIM14,3117.0,0.369225689,165.0,0.406686,0.069330718
TRIM22,1215.0,0.424423711,379.0,0.685002,0.64265603
TRIM26,1431.0,0.384319522,565.0,0.032338,0.177402995
TRIM27,2956.0,0.441704825,359.0,-0.434359,-0.197266123
TRIM41,1657.0,0.454716896,737.0,0.833423,0.1912053
TRIM5,2312.0,0.426412011,303.0,0.938259,0.370069309
TRIP12,3739.0,0.40441217,297.0,0.011502,-0.071396741
TRIP13,2852.0,0.433721983,145.0,0.582877,0.728827576
TRMT5,3660.0,0.405137655,572.0,-0.196468,-0.095476304
TRUB2,4655.0,0.434714666,759.0,0.502284,0.052494768
TSFM,1390.0,0.429356434,57.0,0.70229,0.631119514
TSPAN14,15147.0,0.398868986,305.0,-0.20711,0.219580683
TSPYL1,7303.0,0.373212405,287.0,0.03973,-0.453016938
TSR2,1366.0,0.464925113,443.0,0.097846,0.119397312
TTC39C,3394.0,0.378954091,452.0,-0.285868,-0.080862275
TTC7A,2213.0,0.393400181,1272.0,-0.168969,-0.859765432
TTPAL,5319.0,0.425556123,145.0,0.024492,-0.158739342
TTYH3,3063.0,0.383645273,187.0,0.174488,-0.13850943
TUBA1C,110.0,0.451729991,576.0,-0.267059,-0.470828286
TUBA4A,644.0,0.402818439,556.0,-0.508579,-0.787365145
TUBB,1030.0,0.390058461,509.0,-0.27883,-0.886077448
TUBB6,2302.0,0.468445054,1139.0,0.26112,-0.458508468
TUBGCP4,1934.0,0.368175973,296.0,0.429226,0.069547356
TUSC1,1294.0,0.429789613,537.0,0.090427,0.091248792
TXNL4A,3129.0,0.472736328,466.0,-0.757513,-0.746360622
TYMP,18.0,0.429537249,376.0,0.867289,-0.646094757
TYMS,581.0,0.364557025,159.0,-0.459144,-0.451159919
TYROBP,168.0,0.417048036,81.0,0.426028,-0.330402327
UBAP2L,353.0,0.367068802,167.0,-0.050141,-0.467926106
UBE2B,4002.0,0.405496028,420.0,0.101691,0.250240359
UBE2E1,1034.0,0.417917446,229.0,-0.504818,0.053543998
UBE2E2,1962.0,0.352966355,180.0,-0.772998,-1.688168957
UBE2L3,2365.0,0.455573936,198.0,-0.722342,-0.5473496
UBE2L6,703.0,0.431638779,653.0,0.315911,0.191192617
UBE4B,1283.0,0.418913915,688.0,-0.135346,-0.028068116
UBIAD1,2303.0,0.446280173,334.0,-0.055075,-0.221183315
UBR4,797.0,0.387393976,4.0,-0.029235,0.207822496
UBTF,2209.0,0.400105612,296.0,-0.217516,-0.284310858
UBXN1,220.0,0.422601268,194.0,-0.5813,-0.141975085
UCK2,4043.0,0.447469338,640.0,-1.043158,-0.583581607
UGGT1,5935.0,0.374564832,178.0,-0.188719,-0.540140316
UHRF1BP1,5130.0,0.373569339,234.0,0.292865,0.323836511
UNC45A,377.0,0.475530537,1022.0,-0.115081,0.278570203
UNG,1024.0,0.368897526,209.0,0.601922,0.369229111
UNK,1388.0,0.447315534,42.0,0.38108,0.415269237
UQCR11,4379.0,0.470309826,75.0,0.230923,-0.46058612
UQCRC1,129.0,0.462829321,45.0,0.198108,0.47155761
UQCRH,193.0,0.365128489,320.0,-0.124067,0.277091371
UROD,171.0,0.391539164,133.0,-0.039193,0.009541375
UROS,3849.0,0.422413435,266.0,0.652093,0.275612925
USP18,580.0,0.434940763,338.0,1.095418,-0.352485546
USP39,571.0,0.39295741,223.0,-0.162172,-0.545832495
UTP6,2466.0,0.429918331,83.0,0.155291,-0.379583402
VAC14,489.0,0.396517204,827.0,-0.306348,-0.150717308
VAMP8,451.0,0.398153421,156.0,-0.20482,0.041731933
VASP,824.0,0.388921088,342.0,-0.362273,-0.728045944
VAT1,1456.0,0.406330787,120.0,0.183988,0.326365096
VDAC3,475.0,0.440388181,210.0,-0.456555,-0.030918872
VDR,3209.0,0.450036866,401.0,-0.330371,-0.628340607
VGLL4,2489.0,0.432812067,506.0,-0.648749,-0.607561559
VIM,431.0,0.411136971,462.0,0.133715,-0.170230264
VPS28,291.0,0.476756313,109.0,-0.388925,0.01977245
VPS33B,559.0,0.447669729,583.0,-0.007611,0.183305339
VPS39,2053.0,0.440628838,173.0,0.209494,0.334284397
VPS52,2870.0,0.393546356,887.0,-0.013931,0.261040173
WASF2,4090.0,0.365213822,245.0,-0.292776,-0.334034997
WBP2,1040.0,0.392225719,515.0,0.736288,0.272760401
WDFY2,7044.0,0.36603015,340.0,-0.6757,0.115418259
WDR1,1039.0,0.393247178,368.0,-0.002934,-0.188622697
WDR36,3619.0,0.40459335,117.0,0.350474,-0.148788121
WDR37,8068.0,0.365587877,173.0,-1.007035,0.117794115
WDR4,293.0,0.380589271,581.0,-0.687983,-0.41584068
WDR47,1216.0,0.402106333,376.0,0.31562,0.184959883
WDR48,1924.0,0.419028298,472.0,0.102389,0.036811553
WDR5,1979.0,0.401607191,171.0,-0.620748,-0.106208724
WDR54,97.0,0.394793766,128.0,0.590735,0.613292478
WDR61,197.0,0.411764619,310.0,0.095007,0.155974752
WDR77,4184.0,0.412330102,139.0,-0.120888,0.052428061
WDR91,4946.0,0.380864599,823.0,0.042614,0.26338042
WDR92,2520.0,0.427217839,117.0,-0.152591,0.178080687
YTHDF1,1279.0,0.384821843,294.0,-0.078132,0.024397381
YTHDF3,3082.0,0.406652071,509.0,-0.088864,-0.244387192
YY1,5192.0,0.440120149,480.0,-0.222506,-0.128661147
ZBED1,2221.0,0.457533868,282.0,-0.648644,0.160748064
ZBTB8OS,1087.0,0.406816332,276.0,0.00195,0.2909421
ZC3H12A,768.0,0.421626239,1056.0,0.663888,0.259009512
ZC3H4,2169.0,0.436042942,38.0,-0.19171,-0.202107443
ZFP36L1,2846.0,0.395541595,976.0,-0.440507,-0.264815418
ZMAT2,1942.0,0.460376067,101.0,0.305125,0.150810747
ZMIZ2,4165.0,0.419562196,128.0,0.198611,-0.473442773
ZMYM3,1292.0,0.378831729,749.0,-0.178672,-0.108044775
ZNF207,13817.0,0.386696564,148.0,-0.082152,-0.178785023
ZNF414,113.0,0.422835658,118.0,-0.06461,0.202850689
ZNF511,243.0,0.452392726,55.0,0.148747,0.55846782
ZNF516,4816.0,0.393186692,318.0,-0.15993,-0.008475575
ZNF622,1298.0,0.463753859,120.0,0.294882,0.226938421
ZNHIT2,49.0,0.440612513,85.0,-0.697693,-0.384383615
ZNHIT3,419.0,0.425204303,73.0,0.22573,0.215063001
ZWINT,4585.0,0.411772707,37.0,0.538974,0.16973587
