,3prime,tAI,max_5_UTR_length,TCGA-AR-A1AS,TCGA-AR-A1AS.1
AAK1,17874.0,0.380718848,505.0,0.170284,0.161170602
AATF,207.0,0.367011205,251.0,0.156444,-0.338525453
ABCC1,1793.0,0.393368456,175.0,1.694777,0.734701222
ABCF3,5726.0,0.387768135,869.0,0.288571,0.340330789
ABHD12,654.0,0.374654709,279.0,0.255363,0.553528188
ABHD6,1639.0,0.384216096,505.0,-0.614819,-0.401648296
ABR,2562.0,0.39474042,600.0,-0.935909,-0.348917405
ABT1,2092.0,0.423473096,40.0,0.080927,-0.198902115
ACADVL,176.0,0.46877374,457.0,-0.562412,-0.041493312
ACBD6,155.0,0.433964845,621.0,0.299035,0.080207667
ACIN1,584.0,0.404933544,328.0,0.087716,0.015706751
ACO1,4661.0,0.37721508,227.0,-0.087899,0.115854524
ACOT11,1220.0,0.392289045,176.0,-0.144299,-0.071225889
ACOT9,4514.0,0.358892202,225.0,-0.404273,-0.071173569
ACP2,814.0,0.411581374,548.0,-1.118152,-0.542425263
ACSF2,1484.0,0.405139059,501.0,-0.015039,0.375004992
ACSL1,1530.0,0.417966714,990.0,-0.959768,-0.38087459
ACSL5,1022.0,0.380976548,307.0,-1.963814,-0.611827146
ACTB,613.0,0.469768794,192.0,0.553376,-0.467107027
ACTL6A,452.0,0.409046191,387.0,0.585741,-0.058696296
ACTR1A,3151.0,0.432463663,108.0,0.129942,-0.207661017
ADA,312.0,0.444091501,440.0,-1.471806,-0.606775794
ADAMDEC1,715.0,0.41564171,547.0,-2.450277,-0.70740266
ADD1,1928.0,0.439806775,863.0,-0.220905,-0.551941264
ADPRH,2067.0,0.380088169,541.0,-0.080986,-0.041707596
ADSSL1,320.0,0.393141878,776.0,0.301267,0.390128041
AGAP3,508.0,0.436856677,1584.0,-0.576837,-0.095110614
AHNAK,842.0,0.382138706,300.0,0.027169,0.426047675
AHSA1,225.0,0.374296292,431.0,0.185147,-0.288965352
AIF1,121.0,0.4069451,222.0,-0.113491,0.077282495
AIFM2,1911.0,0.447982482,217.0,-1.661996,0.07659675
AK1,1528.0,0.389481519,153.0,-0.609061,-0.390957303
AK2,2893.0,0.384271636,345.0,0.739676,0.406026586
AKR1C2,3804.0,0.449591167,413.0,-3.521986,-0.524818886
AKR7A2,10996.0,0.385600504,22.0,0.222364,-0.137198852
ALDH18A1,838.0,0.380333742,511.0,-0.018404,0.27684889
ALDH3A2,2525.0,0.42484639,221.0,-0.103962,0.255051813
ALDH6A1,4647.0,0.38708374,724.0,0.488496,0.622907599
ALG1,2498.0,0.432230555,181.0,0.917957,1.071608465
ALG5,380.0,0.362014155,67.0,0.033188,0.598959799
ALG9,4217.0,0.365461171,1107.0,-0.228597,0.087460083
ALOX5AP,976.0,0.392577632,248.0,0.731173,0.336905471
AMBRA1,1041.0,0.36170155,362.0,-0.007239,0.19569068
AMPD2,903.0,0.389224108,566.0,0.291778,0.249092166
AMPD3,1695.0,0.423686063,472.0,-0.442529,-0.245767262
ANAPC13,1361.0,0.393644021,731.0,0.456959,-0.22020911
ANAPC5,235.0,0.390209877,197.0,0.036881,-0.03617198
ANKLE2,1737.0,0.418251419,90.0,-0.388356,0.07967571
ANKRD16,135.0,0.465649334,543.0,-0.24508,-0.278631711
ANKRD35,249.0,0.402949835,108.0,-0.736465,-0.138501742
ANXA2,496.0,0.429738522,160.0,0.887899,0.132394404
ANXA5,1441.0,0.418050335,165.0,-0.25203,0.046275277
AP1B1,1153.0,0.424070668,187.0,0.562034,0.049880015
AP1M1,914.0,0.463388599,173.0,-0.10154,-0.135341638
APBA1,3797.0,0.387421148,276.0,-0.854912,0.038665827
APIP,427.0,0.433104693,127.0,-0.199439,0.051549683
APOBEC3B,339.0,0.43450554,55.0,-0.377763,-0.800933315
APOBEC3C,1979.0,0.381716897,103.0,0.494385,-0.157149286
APOBEC3G,322.0,0.410940579,404.0,-2.307626,-0.449143158
APOL2,1195.0,0.42932248,477.0,-1.732536,-0.459888051
ARF6,2971.0,0.462806813,621.0,-0.170234,-0.562398496
ARFIP2,2430.0,0.403729309,291.0,0.321363,0.123837488
ARHGAP17,2624.0,0.371011524,117.0,0.885342,0.018886501
ARHGAP30,773.0,0.384451823,645.0,-0.628075,-0.222036849
ARHGEF10,1378.0,0.370244255,202.0,-0.484127,-0.110328084
ARID2,3145.0,0.362288628,128.0,-0.536971,-0.254341648
ARID3A,3881.0,0.411693449,290.0,0.238124,-0.327432797
ARIH2,3112.0,0.397061561,878.0,-0.007626,0.028506512
ARL8A,1065.0,0.409602486,171.0,0.015645,-0.17137334
ARRB1,6041.0,0.39512759,224.0,-0.932361,-0.536324386
ASF1B,950.0,0.395794233,172.0,0.614052,-0.07519949
ASS1,1357.0,0.394201053,356.0,0.19241,-0.438397387
ATPAF1,3039.0,0.439253133,510.0,0.490219,-0.116478729
ATRIP,162.0,0.417082642,462.0,0.732401,0.013138618
AXL,1863.0,0.417061167,376.0,-0.464056,0.811170311
B4GALT7,4483.0,0.433879574,93.0,0.02534,-0.098285664
BAG1,2764.0,0.431693656,501.0,-0.28182,-0.374234268
BAG3,537.0,0.387438444,306.0,0.550728,0.085034595
BASP1,971.0,0.520859146,259.0,-0.953667,-0.163069273
BBS7,1531.0,0.408023089,184.0,-0.577376,-0.160535209
BCAT2,364.0,0.445598481,657.0,0.439551,-0.104571484
BCKDHB,3082.0,0.419736544,88.0,0.305925,0.430319827
BCL2,5279.0,0.374049285,493.0,-1.069573,-0.879347209
BCL2L13,4109.0,0.411790332,769.0,0.386244,0.114812573
BID,4193.0,0.428633517,498.0,-0.210646,-0.473754368
BLVRA,3376.0,0.414260839,177.0,0.779082,0.22359874
BOLA2,40.0,0.43059393,513.0,0.942207,0.146126891
BOLA3,383.0,0.406657227,38.0,0.079922,-0.267297142
BRD2,787.0,0.377809737,2066.0,0.161575,0.078121566
BRD3,3285.0,0.401150236,188.0,-0.520395,-0.024601633
BSPRY,1091.0,0.380011644,48.0,1.700795,0.689887988
BST2,411.0,0.444557266,81.0,-0.929229,-0.308859121
BUB3,1535.0,0.421992618,242.0,0.875996,0.148057365
C1QB,152.0,0.436596666,340.0,-0.060906,0.169343255
C1QC,327.0,0.41150294,283.0,-0.025831,0.0478993
C2CD3,671.0,0.360398895,227.0,0.093012,-0.377125129
C3,5088.0,0.430632158,93.0,-1.140702,-0.122265787
CAP1,1134.0,0.406948565,416.0,0.765242,0.207965867
CAPN1,720.0,0.455130071,197.0,-0.272967,-0.169876757
CAPRIN1,5632.0,0.374918508,189.0,0.20245,0.101092882
CAPZB,5180.0,0.446052528,622.0,0.218025,-0.013780253
CARD16,437.0,0.41300235,27.0,-2.210791,-0.634822382
CARHSP1,4898.0,0.362100245,360.0,1.2879,0.530138121
CASC3,1778.0,0.370720542,295.0,0.113214,-0.045282617
CASP1,750.0,0.424742838,44.0,-1.452037,-0.390552992
CASP8,1794.0,0.376118708,303.0,-0.206128,-0.02948833
CAT,629.0,0.397270122,89.0,0.217091,-0.181730394
CBL,8368.0,0.375957197,142.0,-0.117339,-0.028052595
CBLL1,3286.0,0.400851504,467.0,-0.355822,0.067592282
CBR3,54.0,0.445176236,228.0,-0.430737,-0.248614134
CBS,4385.0,0.477784031,626.0,-0.90153,-1.255308937
CBX5,10815.0,0.390902295,318.0,0.18442,0.126435469
CBX8,2504.0,0.36735217,118.0,-0.844799,0.198639594
CCDC115,2169.0,0.385110507,452.0,-0.355181,0.241870165
CCDC125,2554.0,0.359965106,322.0,0.308282,0.306705171
CCDC58,2462.0,0.421830022,75.0,0.869827,0.886907493
CCDC88C,1302.0,0.396031427,154.0,0.058521,-0.190670816
CCL5,886.0,0.462166288,68.0,-4.054379,-0.106644441
CCNA2,1206.0,0.409154498,373.0,-0.271413,0.004219032
CCNB2,168.0,0.374401461,184.0,0.292155,-0.194521372
CCNDBP1,2336.0,0.44393643,231.0,0.036042,-0.177577431
CCS,4244.0,0.460896681,43.0,-0.740799,0.234575005
CCT3,238.0,0.457984718,231.0,0.952448,-0.067442787
CCT4,1361.0,0.393363555,164.0,0.343624,0.014973528
CD14,128.0,0.416321757,392.0,0.700719,-0.065521625
CD209,3046.0,0.440000747,67.0,-1.57164,-0.656168577
CD36,2894.0,0.410517795,414.0,-1.361704,0.524853093
CD40,982.0,0.429065654,90.0,-0.946245,-0.474639366
CD44,3115.0,0.39995987,434.0,0.417515,-0.009705334
CD63,923.0,0.512738356,403.0,0.054907,0.197754042
CD74,635.0,0.427357309,187.0,0.623133,0.604529817
CDC25C,437.0,0.364786128,387.0,0.18261,-0.276312919
CDC26,271.0,0.395637029,359.0,-0.015851,-0.163995573
CDC34,560.0,0.46431386,199.0,0.324237,0.454140406
CDC42EP3,3941.0,0.420378821,1009.0,-1.371715,-0.185188768
CDCA3,816.0,0.351209268,820.0,-0.049657,-0.184730241
CDCA8,1353.0,0.384295288,290.0,0.089655,-0.333641742
CDIPT,1864.0,0.442654716,541.0,0.305702,0.721528082
CDK1,2313.0,0.398329505,154.0,-0.400241,-0.255988982
CDK19,4557.0,0.421511824,180.0,-0.468149,-0.520793392
CDK2AP1,766.0,0.439144625,522.0,-0.359974,-0.423320855
CDK5RAP2,367.0,0.371069462,192.0,0.137053,-0.012638481
CDK5RAP3,284.0,0.469750898,1791.0,0.021001,-0.347810978
CDKAL1,1365.0,0.417875209,167.0,0.020689,-0.013157246
CDKN2AIPNL,3639.0,0.409801696,53.0,-0.077628,-0.335924635
CDKN2C,2247.0,0.381912025,1216.0,-1.027317,-0.018607516
CEBPD,1714.0,0.430497143,44.0,-0.431328,0.121197721
CENPH,1478.0,0.418392258,87.0,0.273778,-0.194807322
CENPV,301.0,0.385948267,62.0,-0.048527,-0.086513848
CEP55,939.0,0.397841874,304.0,0.095702,-0.014999763
CES3,2100.0,0.377378956,446.0,2.59607,-0.296258811
CETN2,868.0,0.433727498,47.0,0.406335,0.346019696
CFL1,677.0,0.502791,234.0,0.466335,0.112808197
CHAC2,786.0,0.395629742,277.0,-0.128623,-0.246338302
CHCHD4,3528.0,0.445497334,326.0,0.394846,-0.265263953
CHMP4A,296.0,0.447100154,262.0,0.603487,0.214464047
CHMP5,1241.0,0.442987983,200.0,0.111974,0.19746053
CHMP6,980.0,0.489861105,78.0,-0.098941,0.04536275
CHST11,4211.0,0.430763246,498.0,-0.294852,-0.276920855
CHTF8,2425.0,0.424551152,142.0,1.121009,-0.200778751
CIAPIN1,1024.0,0.451663323,242.0,0.807066,0.123270458
CISD2,5376.0,0.433298698,107.0,-0.027894,0.134731262
CKAP4,2872.0,0.386259817,84.0,-0.161792,0.388682707
CKS2,300.0,0.317949998,98.0,0.501235,-0.042687622
CLCC1,5185.0,0.369704467,150.0,-0.02414,0.541611207
CLCN7,1698.0,0.459147749,110.0,0.985103,0.581022446
CLIC1,290.0,0.4571302,573.0,0.6804,-0.267399214
CLK2,350.0,0.410673686,925.0,0.597674,0.117964582
CLK3,1233.0,0.4268607,461.0,-0.074875,-0.239218453
CLPTM1,458.0,0.383990827,351.0,-0.217499,-0.156908079
CLTA,288.0,0.450950874,514.0,0.03449,0.091695652
CLTB,319.0,0.48548545,210.0,-0.31202,0.231971343
CLTC,3104.0,0.384957863,443.0,0.311734,-0.31522981
CNBP,6850.0,0.433298698,206.0,0.283932,0.135371181
CNPY2,123.0,0.392778455,553.0,-0.347143,-0.297573012
CNPY3,1042.0,0.459231502,584.0,-0.386913,-0.103887799
COG3,1967.0,0.414689223,142.0,-0.021999,0.246646295
COMMD1,306.0,0.423842833,138.0,-0.074735,0.063678405
COMMD3,431.0,0.360487018,35.0,0.65556,0.069405522
COMMD5,498.0,0.445713337,399.0,-0.29188,0.218882998
COMMD6,1375.0,0.396967837,328.0,0.609098,0.259578238
COMMD9,2340.0,0.418062772,89.0,0.082216,0.134141204
COPB1,446.0,0.381738818,307.0,0.117133,0.090818499
COPE,165.0,0.478760693,55.0,-0.047409,-0.095904692
COQ6,671.0,0.374062527,159.0,0.296996,0.176887703
COQ7,5700.0,0.42379098,133.0,0.769875,0.321489822
CORO1A,112.0,0.457388252,435.0,-1.050353,-0.557490187
COX17,1735.0,0.484254073,86.0,0.38686,0.389581498
COX5A,860.0,0.429944966,140.0,0.273251,-0.073455887
COX7A2,302.0,0.441893926,98.0,0.166179,0.265752452
CPM,5262.0,0.406054343,75.0,-0.595021,0.055655028
CPSF4,923.0,0.452412439,277.0,0.122876,-0.179632014
CPT1A,2761.0,0.374132033,170.0,-0.756981,0.207182549
CPT2,602.0,0.431256564,515.0,0.637895,0.59219258
CRCP,8457.0,0.390198146,145.0,0.01548,0.428523842
CRKL,3904.0,0.422225684,509.0,1.016996,0.411897156
CRTAP,5601.0,0.446308827,120.0,-0.341136,0.272423529
CRTC3,3205.0,0.355982524,186.0,0.432136,0.216733677
CRYL1,462.0,0.386242786,79.0,0.248315,0.336214021
CSRP1,1183.0,0.493833101,217.0,-0.392624,-0.231458313
CST3,2762.0,0.475763324,186.0,-1.586124,-0.742961405
CSTF2,1931.0,0.372934478,58.0,0.173653,0.142361495
CTBP1,800.0,0.464034004,393.0,0.018448,-0.247726146
CTNNA1,1216.0,0.412513324,1103.0,0.492413,-0.016370774
CTNNB1,1106.0,0.432073699,448.0,0.774271,0.180184651
CTNNBIP1,2448.0,0.394834327,307.0,0.788122,0.699808812
CTPS2,1870.0,0.416273085,744.0,-0.091576,0.007740817
CTSG,119.0,0.369503415,37.0,-3.423359,-0.144338265
CTSH,1072.0,0.446467856,1192.0,-0.429816,0.383109278
CUEDC1,2047.0,0.374410739,719.0,0.467927,0.176661662
CUX1,1040.0,0.395555213,127.0,-0.376043,-0.103527277
CXCL10,814.0,0.410287201,105.0,-4.112976,-1.828309201
CXCL9,2323.0,0.403736618,74.0,-4.79007,-0.825280094
CYBB,2544.0,0.418993019,61.0,-0.782623,-0.473922785
CYP2S1,1051.0,0.420869286,58.0,-0.342648,-0.025118612
CYTH4,1837.0,0.406296106,377.0,-0.067145,0.288292344
DAB2,1757.0,0.368483127,531.0,-0.530042,0.038073172
DAGLB,721.0,0.377719723,170.0,-0.028567,-0.312895583
DAP3,768.0,0.366492687,184.0,0.861142,-0.020302511
DAPP1,2082.0,0.348655603,90.0,-0.034912,-0.080212523
DBI,233.0,0.467027529,479.0,-0.219273,-1.090346652
DCAF8,1877.0,0.380310979,212.0,0.39943,0.467788843
DCP1A,4153.0,0.411936399,381.0,0.408589,0.211564352
DCPS,4731.0,0.375605648,329.0,0.288885,-0.25350216
DCTN5,10597.0,0.443116252,177.0,0.891763,0.154770376
DDAH2,653.0,0.361046801,1104.0,-0.114235,-0.091599627
DDB2,1223.0,0.43604051,195.0,-0.457318,-0.309700336
DDX23,713.0,0.445931172,91.0,0.18615,0.1323254
DDX31,1870.0,0.361830896,544.0,0.209549,0.00883831
DDX47,438.0,0.379294484,22.0,0.241748,-0.24349482
DDX54,1704.0,0.467316231,28.0,-0.086439,-0.333353144
DDX56,586.0,0.438032149,643.0,0.167651,-0.234941477
DDX59,217.0,0.413095257,243.0,0.62711,0.143512633
DHODH,3463.0,0.371608285,21.0,0.03154,0.491079753
DHPS,121.0,0.474111752,121.0,0.192481,-0.271039905
DHX15,459.0,0.379133957,168.0,0.453729,0.161283079
DHX34,591.0,0.384465978,349.0,0.41818,-0.232174276
DHX58,357.0,0.440330409,223.0,-0.614073,-0.277134145
DIABLO,719.0,0.425893605,1182.0,0.175033,0.115131563
DMAP1,63.0,0.471306,301.0,-0.353096,-0.005970636
DMXL2,1274.0,0.389901613,225.0,-0.647836,-0.131480132
DNAJA4,1736.0,0.398301408,169.0,0.043107,-0.262470077
DNAJC19,1326.0,0.403482491,259.0,0.147731,0.580228869
DNAJC25,1212.0,0.430964931,56.0,0.097369,-0.10852826
DNAJC8,969.0,0.416719859,33.0,0.211907,0.155003883
DNM1,1255.0,0.393835111,116.0,-0.51081,0.185522536
DNTTIP2,3564.0,0.408096853,58.0,0.298679,-0.007541717
DOCK11,3681.0,0.373818855,63.0,-1.468403,-0.156945648
DOCK2,524.0,0.446250827,52.0,-0.806331,-0.32441815
DOK2,438.0,0.384043737,481.0,-0.378037,-0.318691539
DPCD,197.0,0.459155016,389.0,0.829429,0.300727503
DPF2,2501.0,0.393394442,133.0,0.089187,-0.033769416
DPH1,1310.0,0.448716064,341.0,-0.285605,-0.411260479
DPH5,784.0,0.413363166,165.0,0.5474,0.105880651
DPY30,562.0,0.438431353,279.0,0.012483,-0.306464283
DPYSL2,2472.0,0.430530829,431.0,-1.449121,-0.300009794
DRAP1,142.0,0.432809908,245.0,-0.641064,0.179707698
DRG1,4594.0,0.444150091,131.0,0.255435,-0.133015617
DSN1,5330.0,0.392894937,373.0,0.115815,-0.14538806
DSTN,2786.0,0.375776803,438.0,-0.057485,-0.260878329
DTL,2265.0,0.372315747,921.0,1.192543,0.382506138
DTX3L,3456.0,0.408848169,89.0,-0.09273,0.02950585
DUSP12,374.0,0.419884133,34.0,0.558724,0.537656406
DUT,1937.0,0.36471409,109.0,0.130178,0.239999372
DYNLT1,514.0,0.420362019,78.0,0.83587,-0.098966862
EBAG9,1437.0,0.39438748,402.0,-0.367405,-0.275527374
ECH1,191.0,0.389477111,85.0,-0.24142,0.048621887
ECHDC2,2269.0,0.400166641,752.0,-0.898307,0.051648398
ECM1,322.0,0.43792189,199.0,1.444911,0.570237871
EDEM2,76.0,0.379021051,100.0,-0.272432,-0.248143362
EEA1,5374.0,0.405861636,265.0,-0.696898,0.273546952
EEF1A2,286.0,0.417272363,329.0,3.141951,0.881827431
EFTUD2,1331.0,0.444646836,398.0,0.420423,-0.07849014
EHD1,3363.0,0.446314898,447.0,-0.029794,-0.320427927
EIF2AK2,8063.0,0.394727306,557.0,-1.397548,-0.715907354
EIF2B3,1058.0,0.383118637,239.0,0.291938,-0.047954485
EIF3F,5840.0,0.435728237,33.0,0.433305,-0.145608923
EIF3L,1718.0,0.380710116,245.0,0.607521,-0.111700253
EIF4A3,1120.0,0.381528282,222.0,0.450776,-0.066465519
ELAVL1,4910.0,0.437605432,167.0,0.174707,0.051703646
EMG1,248.0,0.433768095,143.0,-0.121702,-0.314706351
EMILIN2,2605.0,0.379592019,159.0,-0.283605,0.084736036
ENDOD1,7728.0,0.376426787,118.0,0.463193,0.303657542
ENOSF1,2904.0,0.382279782,622.0,0.693199,0.293627049
ENY2,2576.0,0.41756619,146.0,-0.112397,0.751328677
EPSTI1,2106.0,0.391777705,469.0,-1.30636,-0.42476697
ERCC1,2342.0,0.45058755,188.0,0.295724,0.123148951
ERCC6L,4809.0,0.354829683,623.0,0.277665,-0.335148477
ERH,415.0,0.383837906,71.0,-0.035033,0.16796456
ERLIN1,2041.0,0.444737514,478.0,-0.145369,0.378728377
ERP29,1277.0,0.401191178,118.0,-0.336056,0.184362145
ETV6,4356.0,0.398240844,274.0,-0.10639,-0.332999059
EXOC4,1232.0,0.388187525,35.0,0.168587,-0.000998669
EXOC8,6907.0,0.436106501,127.0,-0.249708,0.296317034
EXOSC1,536.0,0.430105347,451.0,0.166516,0.090805613
EXOSC2,3902.0,0.431273517,32.0,0.139203,0.133037524
F8A1,571.0,0.46317284,15.0,-0.27792,0.089952556
FAAH,2043.0,0.384592892,82.0,0.711722,0.839174035
FAF1,4425.0,0.401181969,453.0,0.101979,-0.031114202
FAM122A,4542.0,0.40477622,33.0,-0.367829,-0.545270392
FAM168A,6285.0,0.395008865,285.0,-0.622677,-0.071186246
FAM177A1,2165.0,0.411149627,459.0,-0.693569,0.217089126
FAM192A,1824.0,0.379195199,1475.0,0.451415,0.46130033
FAM20B,4428.0,0.4357945,293.0,0.033425,0.257097991
FAM32A,1091.0,0.408676074,42.0,0.097304,-0.166506608
FAM50A,286.0,0.482889735,110.0,-0.631735,-0.259828008
FBP1,248.0,0.397353747,331.0,-0.880631,-0.37944673
FBXL20,9338.0,0.383104745,254.0,0.126461,0.22215765
FBXO4,526.0,0.393825218,58.0,0.174538,0.348675074
FBXO6,503.0,0.42307306,166.0,-0.963094,-0.616578621
FCER1G,305.0,0.4202976,25.0,0.229182,0.035801508
FCGRT,309.0,0.433069976,486.0,-1.321938,-0.055449279
FCHO1,270.0,0.372951657,283.0,-1.907729,0.046053233
FDPS,72.0,0.456397562,392.0,0.987659,0.186562893
FDXR,596.0,0.384661194,188.0,-0.241486,-0.375042592
FEN1,1340.0,0.407867196,413.0,0.420743,-0.198943126
FERMT3,399.0,0.435119014,149.0,-0.547419,-0.39720945
FGD2,907.0,0.441856308,171.0,-1.465289,-0.281030185
FGFR1OP2,1663.0,0.396595515,353.0,-0.544729,0.064744406
FGL2,3460.0,0.40966218,40.0,-1.619335,-0.563589739
FKBP1A,1132.0,0.428443098,174.0,-0.042284,-0.211215973
FKBPL,24.0,0.377510344,270.0,-0.05794,0.125377905
FLOT1,422.0,0.472159534,339.0,-0.001269,0.02760332
FN3K,442.0,0.389857108,61.0,-0.725397,-0.04071248
FN3KRP,3667.0,0.380720834,50.0,-0.89978,-0.370366327
FOXJ3,3176.0,0.401878681,312.0,-0.028715,-0.335714605
FOXK2,3108.0,0.440496276,171.0,0.125968,-0.292531425
FOXRED1,443.0,0.438630908,167.0,0.350713,0.047032292
FSCN1,1184.0,0.396100853,132.0,-0.411161,0.083975568
FTH1,530.0,0.425357612,235.0,0.585537,0.13174795
FTL,1031.0,0.428438948,199.0,0.496266,0.467053297
FTSJ1,638.0,0.457521275,569.0,-0.026651,-0.094319592
FTSJ3,698.0,0.388239396,646.0,-0.054749,-0.190764834
FXN,6365.0,0.40465004,220.0,-0.01261,-0.097223639
GABARAPL2,564.0,0.431291441,136.0,0.160453,-0.104671205
GABPB1,1320.0,0.423118524,469.0,-0.003241,0.125262911
GALK1,292.0,0.455574511,63.0,-0.149823,-0.096725662
GANAB,989.0,0.425909644,1027.0,-0.105104,-0.213935209
GAS6,315.0,0.393865445,183.0,-2.364558,-0.547842297
GAS7,6619.0,0.423630168,311.0,-0.972072,-0.041582925
GBE1,708.0,0.404013874,283.0,1.152431,0.638173872
GBP1,1735.0,0.42614962,220.0,-2.30752,-0.689472226
GBP2,5058.0,0.440134196,314.0,-1.136568,-0.229791857
GBP4,4106.0,0.42983554,116.0,-4.105122,-0.728244131
GBP5,1753.0,0.421901204,537.0,-3.522168,-0.802858553
GCH1,2011.0,0.419329122,161.0,0.044439,-0.004931284
GFOD2,622.0,0.396604754,295.0,0.227337,-0.104122726
GGA2,5408.0,0.377812588,83.0,0.339368,0.189973925
GGCX,5211.0,0.417836117,106.0,-0.116638,0.285453442
GIGYF1,2212.0,0.443456438,1210.0,-0.232096,0.005031322
GINS3,1415.0,0.387351931,208.0,1.651065,0.204505931
GLA,1699.0,0.378726947,110.0,1.229432,0.64055982
GLE1,1357.0,0.383457083,114.0,0.070549,0.003384799
GLRX,1188.0,0.430296645,211.0,0.786992,-0.083772603
GLRX3,3557.0,0.41418463,539.0,0.475615,0.002812092
GLUD1,1558.0,0.392454008,1132.0,-0.188864,0.073714701
GLYR1,2033.0,0.39940414,57.0,1.239459,0.546146264
GMEB1,4582.0,0.43446142,142.0,0.177379,-0.429689467
GMPPA,198.0,0.434966364,375.0,0.214556,0.089750637
GMPR,3984.0,0.435743929,114.0,-1.491696,-0.769460754
GMPR2,464.0,0.453637396,704.0,0.388943,0.495795062
GNAI1,1947.0,0.435804474,356.0,-1.924158,-0.300115334
GNG7,3803.0,0.398730372,237.0,-0.606291,0.361176619
GNPDA1,1360.0,0.395964134,67.0,0.389382,0.210422434
GOLGA2,1243.0,0.401070546,13.0,-0.32596,0.0303119
GON4L,926.0,0.418089888,175.0,0.389342,-0.374759979
GOSR1,5968.0,0.408103421,237.0,0.059912,0.765105713
GOSR2,3258.0,0.374298057,541.0,-0.015742,0.425680368
GOT2,1054.0,0.444803236,129.0,0.471669,0.57173632
GPS2,97.0,0.431122181,76.0,-0.268973,0.368276494
GPSM2,4697.0,0.401967226,496.0,0.391247,-0.705098273
GPX7,626.0,0.395840774,39.0,-1.254521,-0.431689463
GRAMD1A,299.0,0.411657297,748.0,0.144964,0.248816048
GRB2,2292.0,0.4413596,358.0,0.761256,0.12654261
GSTM4,2467.0,0.390909061,314.0,0.543988,1.021945282
GTF2A2,1070.0,0.420716795,404.0,-0.032527,0.512599247
GTF2E2,604.0,0.365750105,273.0,-0.397922,-0.031907785
GTF3C2,932.0,0.372227001,397.0,0.119483,0.050727462
GTPBP1,2894.0,0.424954603,154.0,0.112759,0.147222945
GTPBP3,1032.0,0.436547413,95.0,-0.214774,-0.129552103
GTSE1,680.0,0.368527868,212.0,0.065489,0.13067375
GTSF1,222.0,0.36097632,86.0,-2.567681,-0.498492003
HADH,818.0,0.383558671,219.0,0.016705,0.236286617
HADHA,615.0,0.383558671,130.0,-0.088056,0.043524886
HAUS5,3319.0,0.378752573,51.0,-0.421615,-0.132775647
HAUS8,346.0,0.37535995,111.0,0.130435,-0.039457586
HCCS,1274.0,0.398607648,275.0,-0.108746,-0.272043002
HCK,337.0,0.440224323,364.0,-0.186576,-0.213279733
HDAC1,591.0,0.390040122,63.0,-0.235272,0.355092811
HDDC3,763.0,0.387287166,29.0,0.036403,0.185955673
HDGF,1342.0,0.465394593,322.0,0.566597,0.110208973
HDLBP,2343.0,0.397687311,375.0,-0.074834,-0.091721377
HEATR3,1385.0,0.384091545,883.0,0.621655,-0.052566674
HEBP2,9119.0,0.359416339,297.0,0.326409,0.15849446
HECA,3704.0,0.443714129,285.0,-0.349501,0.098809731
HECTD3,3914.0,0.446742268,98.0,0.183755,-0.191254485
HERC2,726.0,0.429958504,109.0,-0.69179,-0.067252263
HERC5,379.0,0.393838904,153.0,-2.581674,-0.562956281
HERC6,651.0,0.398146132,183.0,-2.215039,-0.998890033
HIP1,4874.0,0.430847644,52.0,0.1066,0.130108743
HLA-A,4150.0,0.424443523,84.0,-0.827398,-0.589269024
HLA-C,420.0,0.421684519,65.0,-0.26315,0.068809814
HLA-DRA,409.0,0.420807891,109.0,0.579776,0.422198027
HLA-E,1459.0,0.413523771,126.0,-1.229609,-0.126071767
HLA-F,121.0,0.407256461,124.0,-1.321902,-0.773591299
HMBOX1,3560.0,0.369177113,482.0,-0.149269,-0.071717657
HMBS,266.0,0.451934812,299.0,0.444188,-0.074478958
HMGB2,3775.0,0.450826504,193.0,-0.210153,-0.17997181
HMGCS1,3661.0,0.374424323,345.0,0.252186,0.14284705
HMOX1,616.0,0.436401717,107.0,0.493069,0.204384062
HNRNPA0,7504.0,0.386421138,284.0,-0.264123,-0.311161681
HNRNPD,1688.0,0.420386111,318.0,-0.003329,-0.008465168
HNRNPL,1102.0,0.449817015,176.0,0.142883,-0.091924009
HNRNPU,4156.0,0.432126199,218.0,0.357193,0.066193527
HNRNPUL1,2135.0,0.394022965,339.0,-0.166555,0.121493501
HNRNPUL2,2674.0,0.436897081,229.0,-0.247931,-0.050520861
HSBP1,3274.0,0.4454546,174.0,0.410553,-0.151990608
HSD11B1,4482.0,0.426649415,154.0,-2.029934,-0.345523443
HSD17B7,398.0,0.431983247,99.0,2.320053,1.17568368
HSP90AB1,313.0,0.39509298,251.0,0.07658,-0.3350022
HSPA1L,428.0,0.464100714,183.0,0.260559,0.186167557
HSPA4L,7877.0,0.413794867,342.0,-1.445788,-0.61972829
HSPB11,107.0,0.34538245,284.0,0.155167,-0.278958882
HTRA2,571.0,0.421976635,602.0,-0.474239,-0.007458527
HTT,3901.0,0.373695076,145.0,-0.216182,0.018261552
HUS1,2068.0,0.374612864,131.0,0.048675,0.058273192
HYI,310.0,0.378597605,196.0,-0.108947,0.159755925
HYOU1,1409.0,0.403839016,234.0,-0.030504,-0.359952079
ICAM1,1537.0,0.426062071,319.0,0.314788,-0.247532155
IER3IP1,3342.0,0.438740024,97.0,-0.191016,-0.027162882
IFI16,254.0,0.415211655,290.0,-1.303665,-0.366144683
IFI30,213.0,0.431523306,62.0,0.084521,-0.369674585
IFI35,160.0,0.418462024,223.0,-0.915139,0.015965311
IFI44,267.0,0.403888008,124.0,-2.017851,-0.957261442
IFI44L,5058.0,0.403608012,200.0,-4.186797,-0.963479214
IFIH1,121.0,0.412344512,377.0,-2.464638,-0.717138205
IFIT1,2775.0,0.411248073,495.0,-2.470154,-1.008524323
IFIT2,1901.0,0.420797646,175.0,-2.42973,-0.965642289
IFIT3,843.0,0.417440574,529.0,-2.40626,-1.1465776
IFIT5,2354.0,0.414819429,231.0,-2.255823,-0.698144733
IFT27,109.0,0.4030938,426.0,0.459541,0.548140252
IGFBP3,1605.0,0.43060006,132.0,0.776249,0.407325127
IGFBP7,558.0,0.392734536,34.0,-0.984747,-0.342415548
IKBKE,745.0,0.435100597,714.0,0.41219,-0.055646816
IL16,3965.0,0.367979445,2395.0,-1.306157,-0.567443281
IL17RA,5874.0,0.376798811,133.0,-0.148516,-0.320702474
IL1RN,1145.0,0.411881061,408.0,0.852166,0.155276657
IL4I1,16.0,0.4139018,621.0,-0.072349,0.422820061
ILF2,656.0,0.426220446,239.0,0.931852,-0.311371974
IMPA2,2898.0,0.383680893,242.0,-0.508703,-0.240358769
INO80,5209.0,0.374025479,351.0,0.088603,0.183135572
INPP1,263.0,0.395712795,700.0,-1.849658,-0.513335728
INPP5D,1195.0,0.436077769,512.0,-1.188996,-0.190156438
INSR,4801.0,0.380857973,411.0,-0.503266,0.097575456
IPO5,2508.0,0.381335948,180.0,0.083183,-0.036488131
IRF7,92.0,0.423538356,367.0,-0.573943,0.53971715
IRF8,1327.0,0.384714127,507.0,-0.75475,-0.340188844
IRF9,369.0,0.432057622,127.0,-1.1222,-0.666174827
IRGQ,7659.0,0.399674011,156.0,-0.303187,-0.148681008
ISCU,607.0,0.454630229,1331.0,-0.321992,0.073166704
ISG15,62.0,0.419522688,77.0,-1.995562,-1.35520259
ISG20,952.0,0.419932377,2368.0,-1.465063,-0.588918877
ISOC1,1056.0,0.418535314,18.0,-1.463749,-0.8728568
ITGB2,415.0,0.457304004,395.0,0.027369,0.172282152
ITPKB,2981.0,0.440250717,340.0,-0.09636,-0.285216248
ITPRIP,5382.0,0.396785481,453.0,-0.574605,0.039184249
JUNB,496.0,0.414023332,276.0,0.606729,0.415361976
JUP,157.0,0.458302936,298.0,0.799147,0.266096167
KANK2,2291.0,0.394238955,361.0,-0.6149,-0.121488062
KARS,4202.0,0.383913431,144.0,0.519122,0.151878534
KCNN4,560.0,0.425737469,396.0,2.312325,0.640921568
KDM1A,327.0,0.428444011,149.0,0.521003,0.059557652
KDM2A,3716.0,0.372295488,864.0,0.009365,-0.07137198
KDM2B,2488.0,0.393022165,407.0,-0.559456,0.041895636
KDM3B,1327.0,0.37791414,200.0,0.031129,-0.055975329
KDM4A,1148.0,0.378142374,166.0,0.263084,0.484233016
KHSRP,1024.0,0.456900489,110.0,-0.182829,-0.157709063
KIAA2013,727.0,0.385456054,191.0,0.223546,0.388176577
KIF20A,757.0,0.371463873,496.0,0.025773,-0.063979071
KIF22,75.0,0.392489541,388.0,1.054641,-0.077551421
KIF2C,588.0,0.387865377,395.0,0.216224,-0.238816763
KIF3B,3792.0,0.390782105,180.0,0.095928,-0.030472547
KIF3C,2392.0,0.403852971,657.0,1.028011,-0.668129428
KIF5B,3198.0,0.418236129,470.0,-0.43155,0.031945187
KLHL7,3616.0,0.41595405,521.0,-1.365806,-0.515091572
KTI12,594.0,0.370414154,39.0,0.395879,0.005362273
LAMP1,1311.0,0.390985106,281.0,-0.082876,0.325593164
LANCL2,2422.0,0.433733517,578.0,-0.840629,-0.960590018
LAP3,503.0,0.426841798,162.0,-0.442579,-0.185924696
LDHD,1826.0,0.398770776,52.0,0.543354,0.06302819
LENG1,560.0,0.445950324,48.0,-1.325571,-0.43925758
LGALS3,159.0,0.420172221,88.0,0.3146,0.140036907
LGALS3BP,1225.0,0.419930622,179.0,-0.865793,-0.269626713
LGALS9,641.0,0.410654931,118.0,-0.470636,-0.091439874
LIN54,4893.0,0.441729058,383.0,-1.037924,0.050171185
LPCAT1,2228.0,0.380803123,133.0,-1.279474,-0.371801523
LPXN,1776.0,0.432350833,254.0,-0.389785,-0.087657024
LRPPRC,2376.0,0.377375074,58.0,-0.1572,-0.248093183
LRRC25,843.0,0.434491636,642.0,0.64085,0.114916404
LRRC41,465.0,0.438391248,44.0,0.104913,-0.277022949
LRRC59,1755.0,0.423067849,236.0,-0.259171,-0.127786342
LSM1,486.0,0.409616526,410.0,-0.502081,-0.393565942
LSM6,1871.0,0.435100303,139.0,-0.275692,0.414947196
LTA4H,391.0,0.355044638,145.0,-0.119055,-0.36046083
LYN,4058.0,0.418972994,282.0,-1.177862,-0.348229283
LYPLAL1,1137.0,0.3973742,157.0,0.525796,0.631853142
LYRM4,6830.0,0.366844497,217.0,0.437073,0.604590157
LYSMD2,596.0,0.394037378,501.0,-2.231626,-0.854627183
M6PR,1457.0,0.379162834,275.0,0.113142,0.574986919
MAD2L1,4528.0,0.407191351,124.0,-0.257101,-0.476733408
MAFB,2032.0,0.405989564,390.0,-0.432409,0.749471453
MAGED2,327.0,0.466698843,233.0,0.066604,-0.338986001
MAGOH,153.0,0.416054235,162.0,0.281381,-0.244407163
MAN2B1,128.0,0.381728903,76.0,-0.413055,-0.077492029
MANF,717.0,0.420319188,97.0,0.466632,-0.210584241
MAP4K1,170.0,0.374128007,140.0,-3.577349,-0.444279745
MARCKSL1,768.0,0.468216312,206.0,0.144966,-0.075983989
MAX,2676.0,0.337149475,479.0,-0.266336,-0.205837842
MBD2,3723.0,0.420256858,229.0,0.107282,0.149774741
MBP,4041.0,0.393290432,264.0,-2.505554,-0.680122246
MCM2,662.0,0.460999542,110.0,1.178274,-0.020421207
MCM4,2618.0,0.371821308,942.0,0.617694,-0.071649451
MCM5,3214.0,0.470488076,94.0,0.576196,0.126812671
MDC1,658.0,0.415783633,440.0,0.102055,0.001247603
MDH1,210.0,0.381672323,435.0,0.238754,0.015803431
ME1,1535.0,0.411214685,265.0,-1.950734,-0.558031758
ME3,171.0,0.395156177,377.0,0.165654,0.110559694
MECR,1365.0,0.445670958,612.0,-0.112407,0.23812101
MED17,2631.0,0.366528813,275.0,0.225269,0.076887065
MED19,934.0,0.439623042,93.0,0.336682,0.200555162
MED28,10307.0,0.440157501,27.0,0.342767,-0.290594313
MED29,4550.0,0.464327351,57.0,-0.073276,-0.154585472
MEF2C,6848.0,0.41426337,654.0,-1.627526,-0.212358032
MEN1,824.0,0.454590692,504.0,0.159056,-0.110306473
METTL13,961.0,0.396264071,347.0,0.606973,0.372338336
MGST3,1295.0,0.374563048,428.0,0.348198,0.757554969
MIF4GD,787.0,0.397877071,137.0,-0.164849,0.057292013
MINK1,774.0,0.455972684,525.0,-0.214463,0.131192314
MIS12,1334.0,0.420723459,745.0,-1.094938,-0.02777396
MLEC,5319.0,0.43043384,173.0,0.049893,0.339126412
MLLT10,2252.0,0.36295117,1568.0,-0.247454,0.003382828
MMACHC,1852.0,0.382684622,371.0,0.411671,0.266110859
MMADHC,5382.0,0.406207656,205.0,-0.108255,-0.090825825
MMGT1,4451.0,0.406300672,388.0,-0.627157,0.34404651
MMP1,502.0,0.392399458,189.0,2.0037,-0.673796357
MMP14,1722.0,0.419367787,285.0,0.433204,0.312568132
MMP9,193.0,0.404253633,19.0,1.891765,-0.6877568
MORC3,2052.0,0.406702124,375.0,-0.387903,-0.032577537
MORF4L1,1066.0,0.420719378,454.0,0.281671,0.497116158
MOV10,619.0,0.412681236,1415.0,0.064964,-0.100915298
MPDU1,797.0,0.440676037,216.0,-0.200885,0.697344696
MPHOSPH10,87.0,0.404440607,352.0,0.055671,-0.171473358
MRI1,2018.0,0.459301832,75.0,0.215649,0.182709057
MRPL13,1075.0,0.395373051,313.0,0.308878,0.30005895
MRPL15,1888.0,0.407701507,63.0,-0.081954,0.06503663
MRPL16,212.0,0.368940255,214.0,0.149148,-0.205643841
MRPL17,6554.0,0.424450505,105.0,0.179321,0.14961483
MRPL2,580.0,0.458698472,164.0,-0.3928,0.338531314
MRPL20,187.0,0.445765675,96.0,0.320278,0.126679935
MRPL21,55.0,0.417448467,293.0,-0.193406,-0.124416791
MRPL27,2133.0,0.436300758,31.0,0.113354,0.241593456
MRPL40,113.0,0.406843086,653.0,0.472509,0.173957647
MRPL46,1889.0,0.422788385,25.0,0.236669,0.027972945
MRPL48,1284.0,0.368940255,212.0,0.010231,0.085370174
MRPL51,2069.0,0.35376587,169.0,0.06662,0.030128389
MRPL53,198.0,0.441261883,155.0,0.193114,-0.197409357
MRPL9,407.0,0.432679379,437.0,0.632576,0.313750477
MRPS11,2793.0,0.477818717,1491.0,0.056029,-0.058467689
MRPS15,468.0,0.440649404,164.0,-0.002428,0.248785623
MRPS17,1334.0,0.413812124,30.0,0.070832,0.181851853
MRPS18B,936.0,0.408462865,157.0,0.347463,-0.050909187
MRPS36,933.0,0.3748339,84.0,0.047786,-0.166559315
MRPS7,453.0,0.455992019,233.0,0.031042,-0.028936862
MSI2,5168.0,0.366385762,173.0,0.138516,0.012223793
MSTO1,694.0,0.421389639,1152.0,0.348507,0.387164866
MT1E,291.0,0.588704726,179.0,-2.321566,-1.39358923
MT2A,316.0,0.576670685,123.0,0.119207,-1.17688594
MTA2,684.0,0.459443446,761.0,0.096265,0.130711557
MTFMT,1550.0,0.414190941,26.0,-0.344822,0.101154849
MTHFS,1663.0,0.434592403,179.0,0.322079,0.116890367
MTMR1,2442.0,0.424163835,319.0,-0.081353,-0.175032189
MTMR14,421.0,0.371137969,151.0,0.639058,0.078590088
MVP,50.0,0.435053297,193.0,1.308453,1.078912077
MX1,456.0,0.433488503,982.0,-2.094718,-1.472281552
MX2,1812.0,0.430094961,104.0,-1.595261,-0.297614414
MYADM,2833.0,0.384589896,681.0,-0.129261,-0.134994793
MYCBP,3972.0,0.381803634,73.0,0.617639,-0.137687423
MYL12A,812.0,0.453450746,478.0,0.438725,-0.408684566
MYO18A,3647.0,0.395788337,484.0,-1.074105,-0.395770126
MYO9B,1401.0,0.398943925,152.0,-0.384383,-0.002882817
N6AMT1,5137.0,0.427535625,28.0,-0.029353,0.085240302
NAA40,3212.0,0.389371031,261.0,0.408835,0.149199758
NAB1,2433.0,0.361024962,572.0,-0.492156,-0.129498221
NADK,1672.0,0.3959688,563.0,0.481296,-0.270405881
NADSYN1,464.0,0.447848979,126.0,0.57115,-0.227805367
NAGK,1297.0,0.42527382,474.0,-0.663245,-0.324033031
NANS,37.0,0.458552255,132.0,-0.332443,-0.448589545
NAPA,1862.0,0.477781443,318.0,0.540068,0.147466591
NAT10,4915.0,0.387474071,245.0,0.165013,-0.051004799
NBAS,140.0,0.414580543,44.0,-0.002794,0.192279318
NCALD,2767.0,0.374888213,460.0,-2.031202,-0.923129159
NCAPD3,2971.0,0.431957579,606.0,0.307816,0.104283464
NCAPG2,3501.0,0.41630572,200.0,0.135047,-0.1186249
NCF1,2381.0,0.415579251,70.0,-1.223592,-0.479667045
NCK2,1267.0,0.457831152,276.0,-0.91854,-0.700961585
NCKIPSD,4981.0,0.449411541,126.0,0.780641,0.183820833
NCOA5,1332.0,0.416761948,402.0,0.298744,0.001607568
NCOA7,3259.0,0.404217869,470.0,-0.229067,-0.163322542
NDC80,61.0,0.356199389,182.0,-0.063828,-0.255383199
NDRG2,841.0,0.376266446,941.0,-1.712554,-1.069398428
NDUFA4,1685.0,0.439642808,129.0,-0.037449,0.099248949
NEU1,667.0,0.413226082,156.0,-0.024219,0.064286104
NFATC2IP,3242.0,0.412267479,15.0,1.01155,0.289298796
NFKB1,708.0,0.4099683,467.0,0.863482,0.16869377
NFKB2,153.0,0.424806573,563.0,-0.126458,0.198961413
NFKBIE,1053.0,0.409138176,25.0,-0.164527,-0.004564614
NGDN,1255.0,0.423783924,27.0,0.220547,-0.446521344
NGRN,1679.0,0.414477409,50.0,-0.086761,-0.132748224
NINJ1,5217.0,0.455972644,71.0,0.935255,0.480162872
NIP7,1593.0,0.443769116,318.0,0.303863,-0.266990582
NIT2,2351.0,0.432361565,74.0,0.819062,0.271607179
NMNAT3,2689.0,0.397393877,1228.0,-1.073532,-0.645439892
NMT1,3377.0,0.454689408,31.0,0.343408,-0.020442061
NONO,1092.0,0.432928506,710.0,0.134795,-0.000997709
NOP14,912.0,0.38067473,187.0,0.312295,-0.064184652
NOP2,785.0,0.393538298,198.0,-0.114179,-0.174035018
NOTCH2,6062.0,0.409327653,297.0,0.449137,0.301184396
NPTN,1068.0,0.388989686,197.0,0.42408,0.473869466
NR2C2,6271.0,0.390767743,362.0,-0.068719,0.206315613
NRBF2,883.0,0.43605128,224.0,0.061697,0.295016487
NRF1,1901.0,0.447602651,500.0,-0.118749,-0.06621565
NRGN,833.0,0.413631862,152.0,1.043271,0.349209255
NRP1,3846.0,0.416817106,523.0,-0.020011,0.165458524
NSFL1C,1587.0,0.42738001,868.0,-0.028611,0.017806416
NSMAF,602.0,0.358586884,214.0,-0.440722,-0.335603723
NTAN1,178.0,0.344459601,320.0,0.593053,-0.047510076
NUBP1,246.0,0.455923678,142.0,0.868116,0.264900283
NUCKS1,5461.0,0.359398328,271.0,0.350495,0.090747625
NUDC,716.0,0.476401948,127.0,0.137138,0.10499377
NUDT16,5489.0,0.428387545,75.0,-0.064822,0.273366652
NUMA1,663.0,0.474508115,436.0,-0.432905,-0.033996105
NUP93,5678.0,0.382018893,495.0,0.558242,0.092941296
NXF1,2943.0,0.375826754,136.0,0.210058,-0.108317645
OCIAD2,4872.0,0.363821488,322.0,0.079666,0.39010056
OGDH,1071.0,0.396078149,159.0,-0.77503,-0.167974449
OPA3,7233.0,0.475004358,100.0,0.33328,1.06303444
OSBPL2,2363.0,0.383456763,571.0,-0.269694,-0.100859259
OSBPL5,1099.0,0.381371042,158.0,0.4124,0.540289685
OVCA2,792.0,0.429983078,65.0,-0.378332,-0.214630837
P2RX4,573.0,0.442596273,304.0,0.086075,0.425608118
PAAF1,509.0,0.376143366,341.0,0.684403,-0.023260931
PACSIN2,1591.0,0.413490434,405.0,0.792032,0.376822233
PARK7,451.0,0.457171775,163.0,0.325867,-0.06540855
PARP1,769.0,0.460215809,171.0,1.056121,0.32960191
PARP10,332.0,0.422654659,200.0,-1.583772,-0.270580292
PARP12,816.0,0.416480622,874.0,-1.39532,-0.325499109
PARP14,2243.0,0.414355918,59.0,-1.085706,-0.199940368
PARP9,451.0,0.418102187,327.0,-0.091247,0.066766675
PARVG,2043.0,0.383803232,484.0,-0.2188,-0.184114518
PBK,750.0,0.413339119,464.0,-0.588763,-0.457790314
PCNA,338.0,0.425000199,239.0,0.391651,-0.231201256
PDAP1,2007.0,0.464659554,134.0,-0.294687,0.347954065
PDCD2,155.0,0.440448783,111.0,0.311715,0.090487388
PDCD2L,48.0,0.433436103,33.0,-0.22134,-0.072733264
PDCD6IP,3211.0,0.388727459,158.0,0.731106,0.668834859
PDHA1,2054.0,0.402514578,145.0,-0.243374,0.117672324
PDHB,2974.0,0.442593378,43.0,0.227087,0.043262553
PDLIM1,357.0,0.379179626,233.0,1.207158,0.124657585
PDXDC1,2055.0,0.375670185,335.0,0.997791,0.906364363
PDXK,6244.0,0.398158884,198.0,0.144664,-0.057702438
PEBP1,796.0,0.360152166,326.0,-1.142564,-1.105030079
PEF1,769.0,0.441759403,424.0,0.309811,0.011835448
PELO,5222.0,0.385240523,985.0,0.075835,0.129261359
PEPD,395.0,0.450896903,133.0,0.520058,0.660068521
PEX16,585.0,0.43213601,312.0,-0.026703,0.711133391
PEX6,946.0,0.370078344,93.0,0.510295,0.097174986
PEX7,2294.0,0.407005497,102.0,0.829422,-0.079634424
PFDN5,124.0,0.497062947,117.0,0.12671,-0.299261024
PFDN6,574.0,0.470152145,222.0,-0.190901,-0.410921121
PGM1,570.0,0.393980016,681.0,0.003718,0.140675377
PHB,988.0,0.45268542,190.0,0.238566,-0.403872286
PHF10,104.0,0.365149381,79.0,-0.503363,-0.319036646
PI4K2A,2692.0,0.385068362,57.0,0.109567,0.293080886
PIAS1,3626.0,0.396022529,741.0,0.11987,0.002199787
PIGH,1430.0,0.434471606,98.0,-0.219752,0.730203604
PIK3AP1,3866.0,0.407313024,128.0,-0.713316,-0.595948911
PIR,205.0,0.385796208,485.0,-0.473232,-0.291182683
PITPNC1,4686.0,0.369070722,874.0,-0.534418,-0.349541557
PLA2G4C,585.0,0.406173977,398.0,-0.219329,0.181917788
PLA2G7,1187.0,0.402486321,269.0,-2.73359,-0.306347441
PLAUR,323.0,0.418467601,226.0,1.187293,0.256039689
PLCB2,818.0,0.468984469,301.0,-0.742654,-0.012540582
PLCG1,3987.0,0.454806205,121.0,-0.781689,-0.357421059
PLD4,273.0,0.377985619,192.0,-2.126767,-0.554891249
PLEKHO1,5192.0,0.424698037,839.0,-0.669424,-0.132412881
PLEKHO2,2119.0,0.429714475,134.0,-0.064406,0.044662927
PLSCR1,10376.0,0.415598704,388.0,-1.533045,-0.759340286
PML,3324.0,0.431306474,140.0,-0.283776,-0.121188952
POLR1C,1131.0,0.439933821,86.0,0.19355,-0.041617871
POLR1D,1469.0,0.427162265,456.0,0.101498,-0.196667979
POLR2F,1600.0,0.47244007,250.0,-0.557234,-0.300984899
POLR2H,1065.0,0.427596015,1167.0,0.516741,-0.261220704
POLR3H,3481.0,0.444306047,388.0,0.10336,0.24155777
POLR3K,1023.0,0.473025152,46.0,1.289237,0.232495937
PPA2,660.0,0.432735716,20.0,0.685041,0.535622775
PPIE,4556.0,0.446406574,56.0,0.392805,-0.004966068
PPIL1,1921.0,0.453832883,252.0,0.098936,0.024047141
PPP1R14B,282.0,0.457456004,268.0,0.757486,0.261889693
PRC1,1136.0,0.367783806,234.0,0.009753,-0.245113498
PRCC,357.0,0.381841119,290.0,0.939093,0.050522629
PRDX1,303.0,0.414090753,341.0,0.095124,-0.459432574
PRDX6,944.0,0.433706552,51.0,0.126905,-0.128190277
PREB,658.0,0.378530018,403.0,-0.248681,0.230797839
PREP,579.0,0.425974009,233.0,-0.266217,-0.587228881
PRG4,784.0,0.366727173,51.0,-3.987533,-0.111911151
PRIM2,1166.0,0.350864643,125.0,0.268015,-0.052634529
PRKAB1,1305.0,0.365943644,289.0,0.302064,0.047247435
PRKAR2A,5019.0,0.427443141,254.0,0.426253,0.295975062
PRKCB,5795.0,0.38010529,197.0,-3.091803,-0.466690497
PRKCD,451.0,0.404392693,469.0,0.645484,-0.015514313
PRKRA,683.0,0.420894136,659.0,0.219422,0.137744347
PRKRIP1,3224.0,0.453589322,55.0,-0.398533,-0.254690137
PRMT5,393.0,0.386451423,508.0,0.571217,0.13841159
PRMT7,3655.0,0.450088803,850.0,1.62832,0.556739082
PRPS1,3908.0,0.466551451,409.0,1.050128,0.379341421
PRPSAP1,2056.0,0.390811115,688.0,-0.258492,-0.045913345
PRRC1,3173.0,0.409170839,188.0,-0.220683,0.007487089
PSMA5,2997.0,0.446573967,225.0,0.534985,-0.547863438
PSMA6,187.0,0.423632682,445.0,-0.012871,-0.196319332
PSMB10,58.0,0.455018511,128.0,-0.508646,-0.557811619
PSMB2,3775.0,0.389848815,412.0,0.336304,-0.274889323
PSMB8,242.0,0.411206622,522.0,-1.390848,-0.427691818
PSMB9,5497.0,0.431095699,69.0,-2.111547,-0.424645941
PSMC3,66.0,0.485654947,194.0,-0.072844,0.022727126
PSMD11,2567.0,0.390095635,61.0,0.143814,0.010349342
PSMD13,384.0,0.437236365,242.0,0.146229,0.021497384
PSMD8,450.0,0.458928351,52.0,0.217599,0.209280843
PSME2,53.0,0.443656162,65.0,-1.028399,-0.737050569
PSMG1,5308.0,0.427553471,578.0,-0.636415,-0.152711212
PSTPIP2,1923.0,0.429639796,96.0,0.767556,0.143821803
PTBP1,1504.0,0.473818895,106.0,0.193553,-0.083188054
PTDSS1,3765.0,0.367954205,423.0,-0.38205,0.011446012
PTGS1,3346.0,0.37260918,633.0,0.355725,0.305721468
PTP4A1,3419.0,0.421202001,1153.0,-0.158862,-0.39877527
PTPMT1,1899.0,0.450492628,193.0,-0.45048,-0.027969808
PTPN18,2185.0,0.381656528,101.0,-0.130122,0.016533839
PTPN7,1593.0,0.440747449,781.0,-2.44707,-0.522887246
PTPRE,2994.0,0.426620112,1843.0,0.326731,-0.116753647
PTPRF,4571.0,0.452810321,356.0,0.471494,0.075494141
PTRH2,3186.0,0.370743372,1544.0,0.366731,0.101682263
PWWP2B,819.0,0.424412275,29.0,-0.139837,0.328123882
PYCR2,578.0,0.474148407,230.0,0.393228,0.29427453
PYGL,175.0,0.392036998,127.0,0.746272,0.175188795
QARS,97.0,0.458996209,396.0,0.774834,0.380938469
RAB11FIP1,4277.0,0.380614122,56.0,-0.830015,-0.204574085
RAB12,1120.0,0.38483812,283.0,-0.069479,0.036600155
RAB21,5246.0,0.435367738,267.0,-0.257782,0.136447693
RAB31,3231.0,0.437498832,175.0,1.911252,0.905401475
RAB35,2172.0,0.408841719,189.0,-0.234035,-0.173914491
RAB7A,1376.0,0.419395127,232.0,0.508185,0.603537649
RAB8B,4163.0,0.425956778,96.0,-0.453181,0.436256441
RAB9A,1716.0,0.417525007,283.0,-0.535033,-0.309985983
RABGGTA,77.0,0.387342734,512.0,-0.235891,0.015641635
RABGGTB,440.0,0.409412379,78.0,-0.14828,-0.149626748
RABIF,4760.0,0.447399225,159.0,0.297638,0.301103655
RACGAP1,1895.0,0.366370127,354.0,0.059597,-0.144768355
RAD9A,924.0,0.444046557,185.0,-0.260621,-0.141003694
RAE1,1112.0,0.432613552,365.0,0.368337,0.068352286
RAI1,1472.0,0.455620822,469.0,-0.245066,-0.120862678
RAN,2043.0,0.442855294,361.0,0.567523,-0.248391152
RANBP10,3359.0,0.379453562,1256.0,0.534324,0.114645136
RANGAP1,3145.0,0.481547647,765.0,0.144381,0.115465455
RAPGEF1,2727.0,0.425793135,159.0,-0.985715,-0.275367665
RARS,114.0,0.423508657,41.0,0.415816,0.10122482
RBBP4,6506.0,0.404056961,164.0,0.242883,-0.153371243
RBBP5,3098.0,0.421849625,474.0,0.49251,0.328913743
RBKS,251.0,0.392307233,1371.0,0.534758,0.564472843
RBM12,3599.0,0.375183789,304.0,0.110932,-0.066980753
RBM14,3443.0,0.468008211,139.0,0.39886,0.119953917
RBM4B,5277.0,0.396841232,170.0,0.277827,-0.251537426
RBMX,1201.0,0.353737079,210.0,0.001856,0.375521041
RBPJ,4223.0,0.4178224,518.0,-0.438449,-0.210626906
RBX1,821.0,0.46562919,52.0,0.68924,0.138512914
RC3H1,7637.0,0.410085914,87.0,-0.19012,0.076078885
RCCD1,1773.0,0.374130224,280.0,0.23173,0.39347521
RCOR1,4070.0,0.439565312,228.0,0.351529,-0.385891628
REEP4,591.0,0.460338979,469.0,-0.569807,0.360868406
REEP5,2962.0,0.457536941,144.0,-0.614092,0.424900491
RELB,408.0,0.418226182,131.0,-0.080826,-0.193687632
REPIN1,2683.0,0.45080531,489.0,0.009984,0.198122629
RFC4,89.0,0.411167541,282.0,0.947917,0.006811128
RFK,1882.0,0.429285662,357.0,-1.098213,-0.187204257
RFX5,1546.0,0.386685917,221.0,0.792355,-0.020553209
RFXAP,1850.0,0.421314391,156.0,-1.176293,-0.396762302
RHBDF2,740.0,0.423256567,294.0,-0.251928,0.147904709
RHOT2,568.0,0.454546166,881.0,1.202231,0.857777515
RNASE2,179.0,0.384567964,71.0,-0.427582,-0.202125797
RNASEH1,4369.0,0.404567903,700.0,-0.292399,0.029752598
RNASEH2B,3930.0,0.37625722,399.0,0.067253,0.052952833
RNASET2,1070.0,0.374792559,407.0,0.243088,-0.137631972
RNF114,1751.0,0.459950313,36.0,-0.030901,-0.335575491
RNF167,289.0,0.375291206,776.0,-0.497188,-0.164292139
RNF20,5226.0,0.396317502,92.0,0.079441,-0.11559612
RNF213,5288.0,0.417718743,150.0,-0.290959,-0.40472344
RNF216,2819.0,0.430061571,259.0,-0.748773,0.37637212
RNF25,102.0,0.375620157,88.0,0.168421,-0.164429911
RNF31,88.0,0.389352607,358.0,-0.062409,-0.205818876
RNLS,1252.0,0.416402283,135.0,0.548408,0.016609138
RNMT,4581.0,0.415128602,241.0,0.031125,0.091212456
RNPEP,463.0,0.447181346,896.0,0.911959,0.38145006
RP9,437.0,0.42869019,18.0,-0.388931,-0.396850771
RPA1,2907.0,0.381710028,170.0,-0.24267,-0.226339635
RPA2,639.0,0.400070522,793.0,0.262907,-0.184995417
RPAIN,471.0,0.394698889,570.0,-0.915396,-0.594463541
RPL11,461.0,0.442317923,45.0,0.467726,-0.072114302
RPL14,5208.0,0.496792394,133.0,0.959262,0.064692913
RPL23,3146.0,0.464880603,90.0,0.566517,0.210917035
RPL26,53.0,0.427802183,389.0,0.12288,0.28274876
RPL31,1260.0,0.451994935,87.0,0.382717,0.016098161
RPL34,1350.0,0.436455219,198.0,0.134399,0.162846234
RPL5,1058.0,0.451564158,75.0,0.30109,0.126117769
RPL7,1077.0,0.460258279,707.0,0.108917,-0.132138031
RPS11,373.0,0.483080585,92.0,0.244092,0.215854586
RPS24,4247.0,0.430653047,142.0,0.230579,-0.070034872
RPS25,109.0,0.467193878,63.0,0.293205,0.026319804
RPS27A,743.0,0.450449292,321.0,-0.038316,0.716540363
RPS3A,306.0,0.426765211,80.0,0.462637,0.267817411
RPS4X,629.0,0.442998752,96.0,0.430329,0.045713995
RPS6,2723.0,0.413925579,42.0,0.309181,0.267499352
RPS6KA1,828.0,0.389798854,163.0,0.741928,0.271080151
RPS6KA4,735.0,0.38455359,226.0,-0.337572,0.159833464
RPS7,66.0,0.428822459,109.0,0.134585,0.162193774
RPTOR,2341.0,0.385169267,805.0,-0.360888,-0.237012131
RREB1,3012.0,0.456825357,492.0,-0.055674,0.09131754
RRM1,2304.0,0.437568848,689.0,0.571494,0.43929136
RRP8,5071.0,0.446233376,148.0,0.511417,0.052780902
RRS1,978.0,0.468289248,104.0,-0.308783,-0.175946974
RTN3,1690.0,0.358048129,187.0,0.171994,0.122224216
RTN4IP1,1108.0,0.372133716,477.0,0.351102,-0.066955098
RUNX1,4334.0,0.416076551,1578.0,0.387013,0.559838899
RUNX3,2611.0,0.405217602,439.0,-2.003082,-0.917263894
RWDD1,6365.0,0.401367905,746.0,-0.163587,0.014879305
S100A8,71.0,0.444112716,170.0,3.475222,-1.467191879
S100A9,189.0,0.439508357,43.0,2.287107,-2.135049786
SAMD9,1815.0,0.395660052,270.0,-2.712645,-0.750164911
SAMD9L,1162.0,0.396305952,1248.0,-2.876958,-0.60168493
SAMM50,150.0,0.345249646,197.0,0.350139,0.403145404
SAMSN1,684.0,0.407246581,430.0,-0.789076,-0.142522888
SAP18,1754.0,0.427429047,39.0,0.010352,-0.099065811
SAP30BP,1541.0,0.449617255,257.0,0.083588,-0.122840162
SAR1A,5213.0,0.411769389,203.0,-0.092136,-0.12859224
SAR1B,5806.0,0.392367964,253.0,0.036839,-0.236697307
SARS,1054.0,0.40098191,100.0,0.294019,0.031979055
SASH3,1369.0,0.387406112,182.0,-0.928377,-0.338278364
SCAMP4,1741.0,0.472519575,351.0,0.078243,0.041149212
SCO1,8645.0,0.407339367,61.0,-0.247843,0.178983635
SDCCAG8,307.0,0.360606297,1542.0,0.40641,0.280633172
SEC11C,205.0,0.423646802,92.0,-1.16322,-0.829879065
SEC13,332.0,0.457264526,210.0,0.346125,-0.211839648
SEC14L1,2986.0,0.420320088,665.0,-0.672288,0.138283568
SEC22A,2559.0,0.422343815,79.0,0.412615,0.676621659
SEC24B,1221.0,0.400931805,155.0,-0.088898,0.192165167
SEC24D,2115.0,0.386600041,297.0,-0.180571,0.070494413
SEC61B,270.0,0.404562259,76.0,0.192894,0.471509166
SEMA3F,960.0,0.38837398,318.0,1.11897,0.191390262
SEMA4A,755.0,0.412797256,345.0,0.603677,0.051245254
SEMA4D,2318.0,0.393173667,572.0,-0.422882,-0.042112481
SERPINA1,1707.0,0.420489385,573.0,1.640756,-0.388489061
SERPINB8,2096.0,0.38524815,520.0,0.261739,0.248586391
SETMAR,321.0,0.414235412,398.0,0.974366,0.252639183
SF1,2419.0,0.374481437,721.0,0.131044,-0.096422757
SF3B2,563.0,0.453902675,40.0,-0.070242,0.055546484
SFXN4,500.0,0.402513841,45.0,-0.133823,0.212914708
SH3BP1,433.0,0.395530944,313.0,-0.432309,-0.314778421
SH3PXD2B,4870.0,0.420952884,171.0,-0.430222,0.003136322
SHMT1,4335.0,0.394510245,509.0,-0.82806,-0.761410988
SIGLEC1,1590.0,0.42099348,0.0,-0.768282,-0.034269979
SIPA1,2933.0,0.437718847,296.0,-0.426441,-0.096760482
SIRPA,3027.0,0.429235057,360.0,-0.293465,-0.156249278
SKP1,8791.0,0.433886974,179.0,0.312619,-0.18547365
SLBP,3046.0,0.391438372,553.0,0.314452,0.056146976
SLC25A10,1929.0,0.386184273,191.0,0.241377,0.277868689
SLC25A19,477.0,0.386093473,224.0,0.342706,0.428855227
SLC25A20,787.0,0.382641976,199.0,1.180578,0.911008173
SLC25A3,504.0,0.383836987,354.0,0.288547,0.526319551
SLC25A40,2688.0,0.363984785,375.0,-0.450871,0.201668329
SLC25A42,2156.0,0.366871382,156.0,-0.185215,-0.211994857
SLC25A6,450.0,0.487227384,137.0,-0.247379,0.405338551
SLC27A3,163.0,0.439664345,91.0,-1.595631,-0.058470564
SLC39A10,2661.0,0.346494338,214.0,0.877104,0.854657608
SLC43A2,6357.0,0.437839378,341.0,-0.789479,0.047499619
SLC43A3,838.0,0.382351997,447.0,-0.098166,0.054927925
SLC44A1,8291.0,0.4365497,264.0,1.141821,0.577919849
SLC9A3R1,709.0,0.400889529,235.0,1.020297,-0.210627436
SMAP2,1225.0,0.404145004,415.0,0.023794,-0.148491406
SMC1A,5954.0,0.490702048,340.0,-0.531211,-0.111732244
SMG5,1363.0,0.383248033,540.0,0.786367,0.368522975
SMS,2660.0,0.417677888,252.0,-0.343972,-0.52075527
SMYD3,223.0,0.378821529,130.0,0.698856,0.423450168
SNRNP200,676.0,0.454045162,132.0,-0.015292,-0.098515704
SNRPC,474.0,0.427936125,450.0,0.545763,-0.122843104
SNRPD1,4386.0,0.384326147,161.0,0.35602,-0.099756943
SNRPN,279.0,0.390283395,1145.0,-0.489179,0.044908636
SNX24,5071.0,0.338464018,185.0,-2.157503,-0.303458038
SNX30,6144.0,0.426743352,148.0,0.288533,0.286871285
SNX33,5086.0,0.383330712,96.0,-0.285048,0.03894438
SOD1,353.0,0.438546885,148.0,0.092232,0.162454142
SOD2,13436.0,0.435065133,1828.0,-0.928838,-0.366678169
SP110,3922.0,0.401738483,258.0,-1.408598,-0.567979058
SPC24,1691.0,0.381793277,320.0,-0.317632,-0.165955794
SPC25,540.0,0.373816265,131.0,0.355369,-0.150369114
SPCS1,3333.0,0.417439524,205.0,0.929715,-0.483148398
SPI1,383.0,0.406748349,223.0,-0.104213,-0.002465066
SPRYD4,1406.0,0.430591965,75.0,-0.465349,-0.296820209
SQSTM1,1485.0,0.412192979,360.0,0.313382,-0.228192133
SRC,2671.0,0.437602812,449.0,-0.334317,-0.187786942
SRGAP2,3018.0,0.377689891,542.0,-0.132952,-0.039386503
SRI,5365.0,0.424260151,79.0,0.01118,-0.208332162
SRP19,2645.0,0.430943803,189.0,0.196384,-0.001228373
SRPRB,1784.0,0.427990824,285.0,-0.048743,0.220369218
SRR,1392.0,0.393840903,354.0,-0.811362,-0.416525945
SRXN1,2099.0,0.37663928,185.0,-0.011064,-0.291194197
SS18L2,777.0,0.45997865,208.0,0.53537,0.206385755
SSH1,5298.0,0.373517564,146.0,-0.497399,0.032571611
SSH3,2595.0,0.376349937,178.0,0.553325,0.548503859
SSR2,592.0,0.425839932,80.0,0.579689,0.028845732
SSR3,3698.0,0.388415977,156.0,0.241756,1.301760371
SSR4,87.0,0.444947593,150.0,-0.206615,0.155914354
SSRP1,422.0,0.394601844,267.0,0.155302,-0.070403244
SSU72,400.0,0.445120823,325.0,0.357148,0.116197499
ST13,3666.0,0.439823793,468.0,0.321986,0.071425207
ST14,553.0,0.454138745,193.0,0.329931,-0.159965992
ST3GAL4,594.0,0.39537481,557.0,-0.73715,-0.180289651
STAP1,541.0,0.398288494,113.0,-4.289849,-0.50246445
STARD10,1682.0,0.427301627,944.0,-0.365502,-0.438432939
STAT1,3294.0,0.408136156,388.0,-1.540349,-0.890741839
STAT2,1791.0,0.409862748,203.0,-0.623602,-0.292986944
STAT6,1168.0,0.380869476,499.0,0.066933,0.157772545
STMN1,1138.0,0.394107416,364.0,0.362144,-0.254160657
STOM,2222.0,0.387137797,117.0,-0.26976,0.030567529
STOML2,531.0,0.456962681,143.0,0.255335,-0.048262695
STX11,4481.0,0.457080677,192.0,-0.942674,0.163670235
STX3,5058.0,0.403902965,547.0,0.862151,0.589166651
STX7,14891.0,0.417568039,327.0,-0.448604,-0.173084067
STX8,107.0,0.378438911,150.0,-0.061861,0.082774735
SUCLG1,223.0,0.43877655,193.0,0.265238,0.143563854
SUFU,3380.0,0.361614756,191.0,-0.075827,-0.320280876
SUMF1,999.0,0.37076871,37.0,1.253358,0.267257141
SUPT4H1,1112.0,0.438747077,103.0,-0.081848,-0.041530005
SURF2,1720.0,0.440503417,48.0,-0.169584,0.428942623
SURF4,2281.0,0.385472445,476.0,-0.045413,0.335585338
SURF6,4908.0,0.42467207,78.0,-0.585366,-0.274008802
SYTL1,80.0,0.364244725,197.0,-0.884063,-0.170569601
TACC3,165.0,0.385699108,155.0,0.177896,-0.30233377
TADA2B,3064.0,0.464060586,151.0,0.502458,0.445686301
TAF12,689.0,0.435926756,522.0,0.591282,-0.015092802
TAP2,5256.0,0.374969764,175.0,-2.277005,-0.741715967
TBC1D20,3109.0,0.435441414,148.0,0.052004,0.05387017
TBC1D9B,1396.0,0.395340616,37.0,-0.202826,-0.017190394
TBCC,556.0,0.434161456,73.0,0.00903,0.006408989
TCEAL3,260.0,0.368171822,262.0,-0.868955,-0.030500124
TCEAL4,3020.0,0.432120515,489.0,-0.155567,-0.06499464
TCOF1,1640.0,0.41523122,108.0,-0.182676,0.096533395
TDP1,1721.0,0.418036689,317.0,0.118306,0.053214697
TDRD7,242.0,0.375852104,234.0,0.07385,-0.016351147
TDRKH,973.0,0.419795099,182.0,0.939918,0.043015369
TEP1,2777.0,0.379550228,40.0,0.562644,0.750846916
TFE3,1431.0,0.379068139,541.0,-0.05039,0.396371218
TFEB,621.0,0.429366592,302.0,-0.800216,0.079669895
THADA,112.0,0.415199561,352.0,0.117109,0.058687405
THBD,2144.0,0.448063145,160.0,1.176441,0.016173708
THUMPD1,2715.0,0.455087735,225.0,0.752038,0.608724546
THYN1,205.0,0.377954149,484.0,0.752975,0.741288919
TIMM50,3932.0,0.424829064,722.0,0.110336,-0.019736055
TIMM8B,2046.0,0.447942532,30.0,0.386319,0.167242469
TK2,3965.0,0.360054507,593.0,0.59275,0.422616828
TLE1,571.0,0.374791795,1295.0,0.313728,-0.169179841
TM9SF2,2020.0,0.372522209,233.0,0.186675,0.490464063
TMED3,1710.0,0.439016102,188.0,0.775174,0.328592125
TMED9,708.0,0.44685712,67.0,-0.177815,0.756720926
TMEM126A,52.0,0.406087664,295.0,0.12128,0.471536135
TMEM199,2431.0,0.370998168,90.0,0.179022,0.101098338
TMEM63A,1407.0,0.385482014,622.0,0.074556,0.483561278
TMOD1,2050.0,0.392927141,213.0,-0.510568,-0.845258196
TMSB10,278.0,0.470652003,95.0,0.611463,1.847655984
TNFAIP2,2079.0,0.44214387,131.0,0.221582,-0.496325732
TNFAIP3,1995.0,0.416242917,370.0,-1.455014,0.008599857
TNFAIP8L2,497.0,0.440670719,126.0,0.185315,-0.055638752
TNIP1,770.0,0.448321216,241.0,0.643145,0.43662986
TNK2,822.0,0.420245651,543.0,0.289058,0.060148095
TNPO2,2070.0,0.408799881,358.0,-0.087531,-0.315248368
TNRC18,1316.0,0.449521205,349.0,-0.52973,0.186914946
TOMM5,518.0,0.441712708,107.0,-0.02119,0.280016868
TOMM6,1957.0,0.431553434,255.0,0.20733,0.62673494
TOP2A,1003.0,0.364102812,159.0,-0.073385,-0.347184562
TOR1A,3160.0,0.446121485,77.0,0.144785,-0.149934305
TPD52L2,1600.0,0.385071878,138.0,-0.212552,-0.261690601
TPI1,620.0,0.479135356,527.0,0.469346,0.470906595
TPM1,757.0,0.403626605,257.0,0.549303,0.228589752
TRAF1,7433.0,0.438949906,572.0,-1.384209,-0.347982245
TRAF3,5716.0,0.386659664,353.0,-0.5245,0.0598714
TRAF6,6100.0,0.426668941,381.0,-0.53357,0.09659354
TRAPPC3,634.0,0.441060625,519.0,0.300503,-0.067124743
TRAPPC5,42.0,0.453352607,241.0,0.405892,0.188975968
TRAPPC6B,2539.0,0.437369008,335.0,-0.565541,-0.032468116
TRAPPC9,3079.0,0.431357199,134.0,-0.296854,-0.214191273
TRIM11,3522.0,0.453298916,255.0,0.469251,0.130601194
TRIM13,5308.0,0.419190719,763.0,-0.257838,-0.178788076
TRIM14,3117.0,0.369225689,165.0,-0.378257,-0.243020831
TRIM22,1215.0,0.424423711,379.0,-2.171761,-0.749313491
TRIM26,1431.0,0.384319522,565.0,0.094725,0.184534068
TRIM27,2956.0,0.441704825,359.0,0.191962,-0.192724229
TRIM41,1657.0,0.454716896,737.0,0.083647,0.312620797
TRIM5,2312.0,0.426412011,303.0,0.027074,-0.083019471
TRIP12,3739.0,0.40441217,297.0,0.2065,0.238592941
TRIP13,2852.0,0.433721983,145.0,1.211156,0.264550402
TRMT5,3660.0,0.405137655,572.0,-0.211576,0.076206702
TRUB2,4655.0,0.434714666,759.0,0.08791,-0.239160109
TSFM,1390.0,0.429356434,57.0,1.442902,1.047032535
TSPAN14,15147.0,0.398868986,305.0,-0.054314,0.186459437
TSPYL1,7303.0,0.373212405,287.0,0.134575,0.018580569
TSR2,1366.0,0.464925113,443.0,-0.796815,-0.032330215
TTC39C,3394.0,0.378954091,452.0,-0.302475,-0.191951471
TTC7A,2213.0,0.393400181,1272.0,-0.585528,-0.293046438
TTPAL,5319.0,0.425556123,145.0,0.233714,0.156924295
TTYH3,3063.0,0.383645273,187.0,0.046763,0.385684264
TUBA1C,110.0,0.451729991,576.0,0.828784,-0.009154418
TUBA4A,644.0,0.402818439,556.0,0.76403,0.074027625
TUBB,1030.0,0.390058461,509.0,0.409006,-0.030549129
TUBB6,2302.0,0.468445054,1139.0,-0.294796,0.034213878
TUBGCP4,1934.0,0.368175973,296.0,-0.279139,0.014469879
TUSC1,1294.0,0.429789613,537.0,-0.311686,0.045149928
TXNL4A,3129.0,0.472736328,466.0,0.10241,-0.283949774
TYMP,18.0,0.429537249,376.0,-0.390201,-0.226970802
TYMS,581.0,0.364557025,159.0,0.584052,0.066346875
TYROBP,168.0,0.417048036,81.0,0.090579,0.214659591
UBAP2L,353.0,0.367068802,167.0,0.742399,0.343156589
UBE2B,4002.0,0.405496028,420.0,-0.323066,-0.07921626
UBE2E1,1034.0,0.417917446,229.0,0.278403,0.231353704
UBE2L3,2365.0,0.455573936,198.0,0.486293,-0.139171914
UBE2L6,703.0,0.431638779,653.0,-0.738955,-0.705167465
UBE4B,1283.0,0.418913915,688.0,0.040869,-0.07125212
UBIAD1,2303.0,0.446280173,334.0,0.241867,0.412167719
UBR4,797.0,0.387393976,4.0,-0.230738,0.119098369
UBTF,2209.0,0.400105612,296.0,-0.124548,0.203069715
UBXN1,220.0,0.422601268,194.0,-0.625946,-0.061695574
UCK2,4043.0,0.447469338,640.0,0.618193,0.077147334
UGGT1,5935.0,0.374564832,178.0,0.000384,0.094570228
UHRF1BP1,5130.0,0.373569339,234.0,-0.657849,-0.475839199
UNC45A,377.0,0.475530537,1022.0,-0.219792,-0.142957206
UNG,1024.0,0.368897526,209.0,0.451546,0.32310285
UNK,1388.0,0.447315534,42.0,-0.718436,-0.208495672
UQCR11,4379.0,0.470309826,75.0,0.16376,-0.818073267
UQCRC1,129.0,0.462829321,45.0,0.796217,0.283230069
UQCRH,193.0,0.365128489,320.0,0.092245,-0.249113385
UROD,171.0,0.391539164,133.0,0.061665,-0.178917142
UROS,3849.0,0.422413435,266.0,0.499184,0.230579733
USP18,580.0,0.434940763,338.0,-0.699543,-0.875657522
USP39,571.0,0.39295741,223.0,-0.004506,-0.179845175
UTP6,2466.0,0.429918331,83.0,0.431847,-0.037248446
VAC14,489.0,0.396517204,827.0,0.532844,0.088894454
VAMP8,451.0,0.398153421,156.0,-0.327898,-0.055764235
VASP,824.0,0.388921088,342.0,0.81838,0.276372333
VAT1,1456.0,0.406330787,120.0,0.02916,-0.217063931
VDAC3,475.0,0.440388181,210.0,0.073705,0.542161995
VDR,3209.0,0.450036866,401.0,0.738479,0.7398665
VGLL4,2489.0,0.432812067,506.0,0.557263,0.409072963
VIM,431.0,0.411136971,462.0,-0.542382,0.057817957
VPS28,291.0,0.476756313,109.0,-0.275794,-0.009231084
VPS33B,559.0,0.447669729,583.0,0.1486,0.061032794
VPS39,2053.0,0.440628838,173.0,0.017602,0.010265226
VPS52,2870.0,0.393546356,887.0,0.257202,-0.110077998
WASF2,4090.0,0.365213822,245.0,0.355625,0.124422652
WBP2,1040.0,0.392225719,515.0,-0.248801,-0.690409419
WDFY2,7044.0,0.36603015,340.0,-0.208822,0.136761103
WDR1,1039.0,0.393247178,368.0,0.708468,0.136749034
WDR36,3619.0,0.40459335,117.0,-0.73328,-0.146260586
WDR37,8068.0,0.365587877,173.0,-0.151279,0.121625562
WDR4,293.0,0.380589271,581.0,-0.026565,-0.036854332
WDR47,1216.0,0.402106333,376.0,0.764023,0.303788178
WDR48,1924.0,0.419028298,472.0,0.413964,0.072540599
WDR5,1979.0,0.401607191,171.0,-0.091308,0.032467058
WDR54,97.0,0.394793766,128.0,0.977726,-0.126681341
WDR61,197.0,0.411764619,310.0,0.286915,-0.00851692
WDR77,4184.0,0.412330102,139.0,1.003371,-0.005252505
WDR91,4946.0,0.380864599,823.0,-0.094399,-0.067664314
WDR92,2520.0,0.427217839,117.0,-0.235497,-0.16722902
YTHDF1,1279.0,0.384821843,294.0,0.138579,0.012817291
YTHDF3,3082.0,0.406652071,509.0,-0.52904,-0.031510425
YY1,5192.0,0.440120149,480.0,0.090974,0.28238638
ZBED1,2221.0,0.457533868,282.0,0.095082,0.000967009
ZBTB8OS,1087.0,0.406816332,276.0,0.405473,-0.107531577
ZC3H12A,768.0,0.421626239,1056.0,-0.901595,0.204730758
ZC3H4,2169.0,0.436042942,38.0,0.077655,0.163923629
ZCCHC10,81.0,0.361883573,67.0,0.07778,0.08141693
ZCCHC2,2006.0,0.404185753,0.0,-0.123624,-0.246258544
ZFP36L1,2846.0,0.395541595,976.0,0.846326,0.513943694
ZMAT2,1942.0,0.460376067,101.0,0.112017,0.128886986
ZMIZ2,4165.0,0.419562196,128.0,0.139446,-0.139802509
ZMYM3,1292.0,0.378831729,749.0,0.25656,0.089939797
ZNF207,13817.0,0.386696564,148.0,0.21412,0.049278317
ZNF414,113.0,0.422835658,118.0,0.293454,0.499902854
ZNF511,243.0,0.452392726,55.0,0.11982,-0.70372616
ZNF516,4816.0,0.393186692,318.0,-2.24139,-0.42053979
ZNF622,1298.0,0.463753859,120.0,-0.192152,0.009007125
ZNHIT2,49.0,0.440612513,85.0,0.109357,0.275764709
ZNHIT3,419.0,0.425204303,73.0,0.478462,0.115328924
ZWINT,4585.0,0.411772707,37.0,0.503249,-0.094603814
