,3prime,tAI,max_5_UTR_length,TCGA-A2-A0YF,TCGA-A2-A0YF.1
AAK1,17874.0,0.380718848,505.0,-0.070016,-0.074191823
AATF,207.0,0.367011205,251.0,-0.307106,-0.123136807
ABCC1,1793.0,0.393368456,175.0,-0.332086,-0.19562828
ABCF3,5726.0,0.387768135,869.0,-0.63403,-0.132496993
ABHD12,654.0,0.374654709,279.0,0.069608,-0.17457899
ABHD6,1639.0,0.384216096,505.0,-0.530524,0.063651949
ABR,2562.0,0.39474042,600.0,-0.173312,0.23180799
ABT1,2092.0,0.423473096,40.0,-0.113951,-0.004977826
ACADVL,176.0,0.46877374,457.0,-1.334372,-0.177599599
ACBD6,155.0,0.433964845,621.0,-0.27048,0.060423565
ACIN1,584.0,0.404933544,328.0,-0.101609,0.093288273
ACO1,4661.0,0.37721508,227.0,0.146952,-0.015264123
ACOT11,1220.0,0.392289045,176.0,-3.345946,-0.471106863
ACOT9,4514.0,0.358892202,225.0,-1.102901,-0.268026524
ACP2,814.0,0.411581374,548.0,1.183584,0.049020011
ACSF2,1484.0,0.405139059,501.0,-0.346789,-0.244295998
ACSL1,1530.0,0.417966714,990.0,-0.544742,-0.484710497
ACSL5,1022.0,0.380976548,307.0,-0.974849,-0.128290631
ACTB,613.0,0.469768794,192.0,-0.13677,-0.47420709
ACTL6A,452.0,0.409046191,387.0,0.428284,-0.008300247
ACTR1A,3151.0,0.432463663,108.0,-0.055045,-0.02165503
ADA,312.0,0.444091501,440.0,-0.39252,0.282817085
ADAMDEC1,715.0,0.41564171,547.0,1.358527,0.243958487
ADD1,1928.0,0.439806775,863.0,0.137414,0.323365598
ADPRH,2067.0,0.380088169,541.0,-0.299708,0.013535407
ADSSL1,320.0,0.393141878,776.0,-0.874828,-0.42270265
AGAP3,508.0,0.436856677,1584.0,-1.364597,0.156729403
AHNAK,842.0,0.382138706,300.0,0.874269,0.550547517
AHSA1,225.0,0.374296292,431.0,0.318571,-0.061206624
AIF1,121.0,0.4069451,222.0,0.798033,0.518399899
AIFM2,1911.0,0.447982482,217.0,-0.435402,0.207910492
AK1,1528.0,0.389481519,153.0,-0.617715,0.232596822
AK2,2893.0,0.384271636,345.0,-0.3438,-0.257696832
AKR1C2,3804.0,0.449591167,413.0,-0.156929,-0.646805506
AKR7A2,10996.0,0.385600504,22.0,-0.786847,-0.259023481
ALDH18A1,838.0,0.380333742,511.0,0.642929,-0.401085986
ALDH3A2,2525.0,0.42484639,221.0,0.837756,-0.268323623
ALDH6A1,4647.0,0.38708374,724.0,1.042502,0.218202582
ALG1,2498.0,0.432230555,181.0,0.28605,-0.03872765
ALG5,380.0,0.362014155,67.0,0.320527,-0.437391443
ALOX5AP,976.0,0.392577632,248.0,1.227152,0.573539501
AMBRA1,1041.0,0.36170155,362.0,0.109127,0.274094028
AMPD2,903.0,0.389224108,566.0,-0.494549,0.097228619
AMPD3,1695.0,0.423686063,472.0,1.24631,0.223264859
ANAPC13,1361.0,0.393644021,731.0,0.69247,0.255171842
ANAPC5,235.0,0.390209877,197.0,-0.062986,0.274097964
ANKLE2,1737.0,0.418251419,90.0,-0.168386,-0.114024792
ANKRD16,135.0,0.465649334,543.0,0.036128,0.36359138
ANKRD35,249.0,0.402949835,108.0,-2.549996,-0.052928683
ANXA2,496.0,0.429738522,160.0,-0.369204,0.055968133
ANXA5,1441.0,0.418050335,165.0,0.340697,0.119507111
AP1B1,1153.0,0.424070668,187.0,-0.351933,-0.187054142
AP1M1,914.0,0.463388599,173.0,-0.173353,-0.214564169
APBA1,3797.0,0.387421148,276.0,-0.719647,-0.218835274
APIP,427.0,0.433104693,127.0,0.269673,0.350660811
APOBEC3B,339.0,0.43450554,55.0,-0.612635,-0.707879856
APOBEC3C,1979.0,0.381716897,103.0,-0.385696,-0.068691218
APOBEC3G,322.0,0.410940579,404.0,-0.906411,-0.272994834
APOL2,1195.0,0.42932248,477.0,-1.188028,-0.093725565
ARF6,2971.0,0.462806813,621.0,0.338006,0.227059128
ARFIP2,2430.0,0.403729309,291.0,0.280154,0.003459443
ARHGAP17,2624.0,0.371011524,117.0,0.177287,0.082504437
ARHGAP30,773.0,0.384451823,645.0,-0.325095,0.186664698
ARHGEF10,1378.0,0.370244255,202.0,-0.485814,0.025203812
ARID2,3145.0,0.362288628,128.0,0.649471,0.166115407
ARID3A,3881.0,0.411693449,290.0,0.653265,1.076010686
ARIH2,3112.0,0.397061561,878.0,-0.205908,-0.02684422
ARL8A,1065.0,0.409602486,171.0,0.550288,-0.1514072
ARRB1,6041.0,0.39512759,224.0,1.207007,0.597446294
ASF1B,950.0,0.395794233,172.0,0.577032,-0.17781122
ASS1,1357.0,0.394201053,356.0,-2.783157,-1.146158999
ATPAF1,3039.0,0.439253133,510.0,-0.12062,-0.65352729
AXL,1863.0,0.417061167,376.0,0.372583,0.33394435
B4GALT7,4483.0,0.433879574,93.0,-0.868806,-0.78555988
BAG1,2764.0,0.431693656,501.0,2.729854,1.396089795
BAG3,537.0,0.387438444,306.0,0.763483,0.335515747
BASP1,971.0,0.520859146,259.0,1.190417,0.941356489
BBS7,1531.0,0.408023089,184.0,-0.63446,0.176571106
BCAT2,364.0,0.445598481,657.0,0.871184,0.299330062
BCKDHB,3082.0,0.419736544,88.0,0.245822,-0.022173354
BCL2,5279.0,0.374049285,493.0,1.533715,0.335864116
BCL2L13,4109.0,0.411790332,769.0,-0.491219,-0.660252038
BID,4193.0,0.428633517,498.0,-1.020714,-0.313923491
BLVRA,3376.0,0.414260839,177.0,1.409703,0.517375901
BOLA2,40.0,0.43059393,513.0,-0.202063,-0.088000515
BOLA3,383.0,0.406657227,38.0,-1.138922,-0.438884613
BRD2,787.0,0.377809737,2066.0,0.044817,0.1004354
BRD3,3285.0,0.401150236,188.0,0.155956,0.238021957
BSPRY,1091.0,0.380011644,48.0,-0.866015,-0.158342775
BST2,411.0,0.444557266,81.0,-3.049618,-0.761229038
BUB3,1535.0,0.421992618,242.0,0.47338,0.203953039
C1QB,152.0,0.436596666,340.0,0.681863,0.118179394
C1QC,327.0,0.41150294,283.0,0.231849,0.2523132
C2CD3,671.0,0.360398895,227.0,0.265536,0.099085824
C3,5088.0,0.430632158,93.0,0.214986,0.414488228
CAP1,1134.0,0.406948565,416.0,0.067086,-0.090276267
CAPN1,720.0,0.455130071,197.0,0.560488,0.27177333
CAPRIN1,5632.0,0.374918508,189.0,0.220313,-0.104040002
CAPZB,5180.0,0.446052528,622.0,-0.552406,0.049887443
CARD16,437.0,0.41300235,27.0,-0.580932,-0.063300787
CARHSP1,4898.0,0.362100245,360.0,0.372188,0.221686892
CASC3,1778.0,0.370720542,295.0,0.237618,0.07485131
CASP1,750.0,0.424742838,44.0,-0.141902,0.17510522
CASP8,1794.0,0.376118708,303.0,0.705134,0.105985444
CAT,629.0,0.397270122,89.0,0.109354,0.175780685
CBL,8368.0,0.375957197,142.0,0.082229,-0.02278818
CBLL1,3286.0,0.400851504,467.0,0.574875,0.305918371
CBR3,54.0,0.445176236,228.0,-0.838157,-0.338971122
CBS,4385.0,0.477784031,626.0,-4.773024,-2.133308217
CBX5,10815.0,0.390902295,318.0,0.461984,0.266033733
CBX8,2504.0,0.36735217,118.0,-2.421431,-0.241999261
CCDC115,2169.0,0.385110507,452.0,-0.192925,-0.308742615
CCDC125,2554.0,0.359965106,322.0,0.807041,0.508364065
CCDC58,2462.0,0.421830022,75.0,0.10877,-0.260952309
CCDC88C,1302.0,0.396031427,154.0,-0.207702,-0.09691445
CCL5,886.0,0.462166288,68.0,-1.005009,-0.141354746
CCNA2,1206.0,0.409154498,373.0,0.561944,-0.511092004
CCNB2,168.0,0.374401461,184.0,0.587949,0.231843297
CCNDBP1,2336.0,0.44393643,231.0,0.724651,-0.285582113
CCS,4244.0,0.460896681,43.0,-0.634795,0.119755889
CCT3,238.0,0.457984718,231.0,-0.611787,-0.340263821
CCT4,1361.0,0.393363555,164.0,0.092756,-0.138485723
CD14,128.0,0.416321757,392.0,1.229151,0.375644139
CD209,3046.0,0.440000747,67.0,0.969055,1.326583953
CD36,2894.0,0.410517795,414.0,0.909411,0.155717342
CD40,982.0,0.429065654,90.0,-0.598618,-0.188705872
CD44,3115.0,0.39995987,434.0,-0.522833,-0.520786229
CD63,923.0,0.512738356,403.0,-0.070929,0.082719793
CD74,635.0,0.427357309,187.0,0.570795,-0.218659051
CDC25C,437.0,0.364786128,387.0,0.573871,-0.303722808
CDC26,271.0,0.395637029,359.0,-0.687824,0.226594196
CDC34,560.0,0.46431386,199.0,-0.784594,-0.235155911
CDCA3,816.0,0.351209268,820.0,-0.703785,-0.630123865
CDCA8,1353.0,0.384295288,290.0,-0.492715,-0.579392246
CDIPT,1864.0,0.442654716,541.0,0.274891,0.38778958
CDK1,2313.0,0.398329505,154.0,0.882915,-0.244943182
CDK19,4557.0,0.421511824,180.0,0.31888,0.040939188
CDK2AP1,766.0,0.439144625,522.0,0.198514,0.069634432
CDK5RAP2,367.0,0.371069462,192.0,0.059642,-0.31345645
CDK5RAP3,284.0,0.469750898,1791.0,-1.025651,0.253552173
CDKAL1,1365.0,0.417875209,167.0,0.135864,-0.364531551
CDKN2AIPNL,3639.0,0.409801696,53.0,-0.036912,-0.448305907
CDKN2C,2247.0,0.381912025,1216.0,-0.585114,0.541557709
CEBPD,1714.0,0.430497143,44.0,1.355269,0.332189881
CENPH,1478.0,0.418392258,87.0,-0.037146,-0.072987709
CENPV,301.0,0.385948267,62.0,0.964281,0.350164499
CEP55,939.0,0.397841874,304.0,0.26529,-0.142669244
CETN2,868.0,0.433727498,47.0,0.369151,-0.04297587
CFL1,677.0,0.502791,234.0,-0.615576,-0.264268102
CHAC2,786.0,0.395629742,277.0,0.689182,0.302844578
CHCHD4,3528.0,0.445497334,326.0,0.190254,-0.005984955
CHMP4A,296.0,0.447100154,262.0,-0.430906,0.045141664
CHMP5,1241.0,0.442987983,200.0,0.299392,0.160112765
CHMP6,980.0,0.489861105,78.0,-0.699708,0.082008867
CHTF8,2425.0,0.424551152,142.0,0.226585,0.477106257
CIAPIN1,1024.0,0.451663323,242.0,-0.414479,-0.282042898
CISD2,5376.0,0.433298698,107.0,0.259231,-0.489376141
CKAP4,2872.0,0.386259817,84.0,-0.025482,-0.374480962
CKS2,300.0,0.317949998,98.0,0.107487,0.072695796
CLCC1,5185.0,0.369704467,150.0,0.408758,-0.398364464
CLCN7,1698.0,0.459147749,110.0,-0.080709,-0.164304758
CLIC1,290.0,0.4571302,573.0,-0.02875,0.036201798
CLK3,1233.0,0.4268607,461.0,-0.695898,-0.253028961
CLPTM1,458.0,0.383990827,351.0,0.500654,-0.379602844
CLTA,288.0,0.450950874,514.0,-0.006535,0.067616277
CLTB,319.0,0.48548545,210.0,-1.091671,0.14826584
CLTC,3104.0,0.384957863,443.0,0.305837,-0.09149935
CNBP,6850.0,0.433298698,206.0,0.16539,0.162469025
CNPY2,123.0,0.392778455,553.0,-0.365066,-0.064086564
CNPY3,1042.0,0.459231502,584.0,-0.197655,-0.024691508
COG3,1967.0,0.414689223,142.0,1.092785,-0.30267431
COMMD1,306.0,0.423842833,138.0,-0.020824,-0.157606477
COMMD3,431.0,0.360487018,35.0,0.66996,-0.371524731
COMMD5,498.0,0.445713337,399.0,-0.843968,0.043851516
COMMD6,1375.0,0.396967837,328.0,-0.052046,0.090204675
COMMD9,2340.0,0.418062772,89.0,0.003841,0.026114112
COPB1,446.0,0.381738818,307.0,0.851479,-0.118121769
COPE,165.0,0.478760693,55.0,-0.558008,-0.241640675
COQ6,671.0,0.374062527,159.0,0.661646,0.15035263
COQ7,5700.0,0.42379098,133.0,1.00809,0.315478451
CORO1A,112.0,0.457388252,435.0,-0.535349,0.142224885
COX17,1735.0,0.484254073,86.0,0.272677,-0.250915578
COX5A,860.0,0.429944966,140.0,0.174426,-0.580146842
COX7A2,302.0,0.441893926,98.0,0.534681,-0.504641789
CPM,5262.0,0.406054343,75.0,0.269931,-0.325833737
CPSF4,923.0,0.452412439,277.0,-0.885648,-0.021544829
CPT1A,2761.0,0.374132033,170.0,-0.238212,-0.289103452
CPT2,602.0,0.431256564,515.0,-0.130266,-0.241794819
CRCP,8457.0,0.390198146,145.0,0.340212,0.374782752
CRKL,3904.0,0.422225684,509.0,0.020229,-0.062640768
CRTAP,5601.0,0.446308827,120.0,0.673633,-0.100386875
CRTC3,3205.0,0.355982524,186.0,0.149478,0.318870195
CRY2,2337.0,0.383442872,132.0,-0.269959,0.22803168
CRYL1,462.0,0.386242786,79.0,-0.91246,-0.176579145
CSRP1,1183.0,0.493833101,217.0,-0.259112,0.038590874
CST3,2762.0,0.475763324,186.0,0.492318,0.397710822
CSTF2,1931.0,0.372934478,58.0,-0.558412,0.099421433
CTBP1,800.0,0.464034004,393.0,-0.671076,0.041608758
CTNNA1,1216.0,0.412513324,1103.0,-0.045712,0.211321073
CTNNB1,1106.0,0.432073699,448.0,0.096658,0.302679553
CTNNBIP1,2448.0,0.394834327,307.0,-1.154325,-0.059652556
CTPS2,1870.0,0.416273085,744.0,2.058896,0.996602151
CTSG,119.0,0.369503415,37.0,-2.014513,-0.244100104
CTSH,1072.0,0.446467856,1192.0,-0.758961,0.072561167
CUEDC1,2047.0,0.374410739,719.0,-0.181071,0.151202999
CUX1,1040.0,0.395555213,127.0,0.034919,-0.002969945
CXCL10,814.0,0.410287201,105.0,0.304395,-0.70020842
CXCL9,2323.0,0.403736618,74.0,-0.424658,0.696219579
CYBB,2544.0,0.418993019,61.0,1.562041,0.054381322
CYTH4,1837.0,0.406296106,377.0,0.564115,0.640848515
DAB2,1757.0,0.368483127,531.0,-0.046165,0.281807193
DAGLB,721.0,0.377719723,170.0,-0.49742,-0.137288109
DAP3,768.0,0.366492687,184.0,0.084355,-0.615336832
DAPP1,2082.0,0.348655603,90.0,1.998586,0.382296149
DBI,233.0,0.467027529,479.0,1.094564,0.377148332
DCAF8,1877.0,0.380310979,212.0,-0.203234,0.129500516
DCP1A,4153.0,0.411936399,381.0,0.285058,0.061486488
DCPS,4731.0,0.375605648,329.0,-0.500496,-0.051030962
DCTN5,10597.0,0.443116252,177.0,0.585944,0.029002802
DDAH2,653.0,0.361046801,1104.0,-0.765103,0.268790265
DDB2,1223.0,0.43604051,195.0,0.560903,0.483857031
DDX23,713.0,0.445931172,91.0,-0.443197,0.03498107
DDX31,1870.0,0.361830896,544.0,-0.119092,-0.142256311
DDX47,438.0,0.379294484,22.0,-0.415144,-0.3138017
DDX54,1704.0,0.467316231,28.0,-0.689922,0.040570743
DDX56,586.0,0.438032149,643.0,0.014162,-0.089446923
DDX59,217.0,0.413095257,243.0,0.798617,0.176942724
DHODH,3463.0,0.371608285,21.0,-1.596252,-0.066736498
DHPS,121.0,0.474111752,121.0,-0.080518,-0.297212917
DHX15,459.0,0.379133957,168.0,0.091635,0.121783062
DHX34,591.0,0.384465978,349.0,-0.586392,-0.017138878
DHX58,357.0,0.440330409,223.0,-0.897843,-0.292118824
DIABLO,719.0,0.425893605,1182.0,0.030591,-0.024249423
DMAP1,63.0,0.471306,301.0,-1.291519,0.131498868
DMXL2,1274.0,0.389901613,225.0,0.534748,0.011917286
DNAJA4,1736.0,0.398301408,169.0,0.432014,-0.354692329
DNAJC19,1326.0,0.403482491,259.0,0.615061,0.031899705
DNAJC25,1212.0,0.430964931,56.0,0.70781,0.077243174
DNAJC8,969.0,0.416719859,33.0,-0.457336,0.117691789
DNM1,1255.0,0.393835111,116.0,-1.81147,0.247801554
DNTTIP2,3564.0,0.408096853,58.0,0.332249,0.100404602
DOCK11,3681.0,0.373818855,63.0,0.236249,0.10727092
DOCK2,524.0,0.446250827,52.0,0.297375,0.194330569
DOK2,438.0,0.384043737,481.0,-1.670619,-0.265411275
DPCD,197.0,0.459155016,389.0,-0.111941,-0.055086805
DPF2,2501.0,0.393394442,133.0,0.904774,0.209877345
DPH1,1310.0,0.448716064,341.0,0.502118,-0.324654679
DPH5,784.0,0.413363166,165.0,0.361514,-0.142280158
DPY30,562.0,0.438431353,279.0,-0.153145,-0.237437812
DPYSL2,2472.0,0.430530829,431.0,0.163501,0.242775513
DRAP1,142.0,0.432809908,245.0,-1.764947,0.24484612
DRG1,4594.0,0.444150091,131.0,-0.57642,-0.242181447
DSN1,5330.0,0.392894937,373.0,0.207395,0.03418658
DSTN,2786.0,0.375776803,438.0,0.264495,-0.119461478
DTX3L,3456.0,0.408848169,89.0,0.976333,0.100796907
DUSP12,374.0,0.419884133,34.0,0.226599,0.070181106
DUT,1937.0,0.36471409,109.0,-0.02212,-0.022823821
DYNLT1,514.0,0.420362019,78.0,-0.010316,-0.160125256
EBAG9,1437.0,0.39438748,402.0,0.05403,-0.28466964
ECH1,191.0,0.389477111,85.0,-0.977651,-0.363500299
ECHDC2,2269.0,0.400166641,752.0,-1.609782,-0.208147493
ECM1,322.0,0.43792189,199.0,3.593053,0.92858332
EDEM2,76.0,0.379021051,100.0,-0.132372,-0.59779712
EEA1,5374.0,0.405861636,265.0,0.618981,0.393782587
EEF1A2,286.0,0.417272363,329.0,-3.227459,-1.74485885
EFTUD2,1331.0,0.444646836,398.0,0.047486,-0.059672908
EHD1,3363.0,0.446314898,447.0,-0.481361,-0.187405095
EIF2AK2,8063.0,0.394727306,557.0,0.490876,-0.247400042
EIF2B3,1058.0,0.383118637,239.0,-0.699532,-0.301415368
EIF3F,5840.0,0.435728237,33.0,-0.332075,-0.205304226
EIF3L,1718.0,0.380710116,245.0,-0.607732,-0.321608953
EIF4A3,1120.0,0.381528282,222.0,-0.135298,-0.026935008
ELAVL1,4910.0,0.437605432,167.0,0.211662,0.061064064
EMG1,248.0,0.433768095,143.0,-0.822722,-0.067787647
EMILIN2,2605.0,0.379592019,159.0,-0.66774,-0.128098588
ENDOD1,7728.0,0.376426787,118.0,1.766642,0.119114263
ENOSF1,2904.0,0.382279782,622.0,0.281075,0.045185314
ENY2,2576.0,0.41756619,146.0,-0.408709,-0.114565048
EPSTI1,2106.0,0.391777705,469.0,-0.618956,-0.003351887
ERCC1,2342.0,0.45058755,188.0,-0.267679,0.012359056
ERCC6L,4809.0,0.354829683,623.0,1.07637,-0.205097052
ERH,415.0,0.383837906,71.0,0.230314,-0.009306711
ERLIN1,2041.0,0.444737514,478.0,1.001855,0.020592976
ERP29,1277.0,0.401191178,118.0,-0.362603,-0.05606197
ETV6,4356.0,0.398240844,274.0,-0.485785,-0.125899201
EXOC4,1232.0,0.388187525,35.0,0.281364,0.059581841
EXOC8,6907.0,0.436106501,127.0,-0.69499,0.109503429
EXOSC1,536.0,0.430105347,451.0,-0.055232,0.00313876
EXOSC2,3902.0,0.431273517,32.0,0.028972,0.142287479
F8A1,571.0,0.46317284,15.0,-0.02083,0.103919396
FAAH,2043.0,0.384592892,82.0,0.057692,-0.232146541
FAF1,4425.0,0.401181969,453.0,-0.451978,-0.253585453
FAM122A,4542.0,0.40477622,33.0,0.520686,0.132330442
FAM168A,6285.0,0.395008865,285.0,-0.33561,0.236769225
FAM177A1,2165.0,0.411149627,459.0,0.004285,-0.298489833
FAM192A,1824.0,0.379195199,1475.0,0.022458,0.121317229
FAM20B,4428.0,0.4357945,293.0,0.477249,0.131165217
FAM32A,1091.0,0.408676074,42.0,0.422904,0.359785176
FAM50A,286.0,0.482889735,110.0,-1.690081,-0.280201832
FBP1,248.0,0.397353747,331.0,1.056246,0.091618933
FBXL20,9338.0,0.383104745,254.0,0.559874,-0.252979148
FBXO4,526.0,0.393825218,58.0,0.514442,-0.031871572
FBXO6,503.0,0.42307306,166.0,-0.589767,-0.198190196
FCER1G,305.0,0.4202976,25.0,1.465877,0.043249192
FCGRT,309.0,0.433069976,486.0,-0.150142,-0.170824633
FDPS,72.0,0.456397562,392.0,-0.436766,-0.333181076
FDXR,596.0,0.384661194,188.0,-1.303277,-0.504843124
FEN1,1340.0,0.407867196,413.0,0.349466,0.160459038
FERMT3,399.0,0.435119014,149.0,-0.248443,0.152979898
FGD2,907.0,0.441856308,171.0,-0.078247,0.210807551
FGFR1OP2,1663.0,0.396595515,353.0,-0.589055,0.066004644
FGL2,3460.0,0.40966218,40.0,0.414317,0.544429437
FKBP1A,1132.0,0.428443098,174.0,-0.012081,0.040788863
FKBPL,24.0,0.377510344,270.0,-0.355429,0.127338758
FLOT1,422.0,0.472159534,339.0,-0.460876,0.142562296
FN3K,442.0,0.389857108,61.0,-0.466939,-0.104230101
FN3KRP,3667.0,0.380720834,50.0,-0.769309,-0.165809472
FOXJ3,3176.0,0.401878681,312.0,0.070594,-0.030776467
FOXK2,3108.0,0.440496276,171.0,0.075253,0.188439496
FOXRED1,443.0,0.438630908,167.0,-0.760314,0.088209945
FSCN1,1184.0,0.396100853,132.0,-0.550485,0.052629913
FTH1,530.0,0.425357612,235.0,0.21611,0.529861871
FTL,1031.0,0.428438948,199.0,-0.147804,0.774540325
FTSJ1,638.0,0.457521275,569.0,-0.692925,-0.417097687
FTSJ3,698.0,0.388239396,646.0,-0.989848,-0.220370748
FXN,6365.0,0.40465004,220.0,0.884641,0.600079924
GABARAPL2,564.0,0.431291441,136.0,0.205533,-0.210554417
GABPB1,1320.0,0.423118524,469.0,0.344412,0.335617907
GALK1,292.0,0.455574511,63.0,-1.188937,-0.185237648
GANAB,989.0,0.425909644,1027.0,0.1114,-0.201637926
GAS6,315.0,0.393865445,183.0,-1.870075,0.173254398
GAS7,6619.0,0.423630168,311.0,-0.706738,0.452341801
GBE1,708.0,0.404013874,283.0,-0.252934,-0.216937968
GBP1,1735.0,0.42614962,220.0,-0.144461,-0.33928031
GBP2,5058.0,0.440134196,314.0,0.594468,0.000292704
GBP4,4106.0,0.42983554,116.0,0.082317,-0.098089088
GBP5,1753.0,0.421901204,537.0,-1.021006,-0.900478931
GCH1,2011.0,0.419329122,161.0,0.488776,-0.484093328
GFOD2,622.0,0.396604754,295.0,-0.227299,-0.612292638
GGA2,5408.0,0.377812588,83.0,1.746936,0.243581628
GGCX,5211.0,0.417836117,106.0,0.215237,-0.304216896
GIGYF1,2212.0,0.443456438,1210.0,-0.843661,0.098056613
GINS3,1415.0,0.387351931,208.0,-0.158151,-0.489089124
GLA,1699.0,0.378726947,110.0,2.519498,0.726262028
GLE1,1357.0,0.383457083,114.0,0.103374,-0.319678282
GLRX,1188.0,0.430296645,211.0,0.904097,-0.105034082
GLRX3,3557.0,0.41418463,539.0,0.199643,-0.143995621
GLUD1,1558.0,0.392454008,1132.0,0.610141,0.188846036
GLYR1,2033.0,0.39940414,57.0,0.172026,0.037573558
GMEB1,4582.0,0.43446142,142.0,-0.459005,0.1361452
GMPPA,198.0,0.434966364,375.0,0.133624,-0.027680458
GMPR,3984.0,0.435743929,114.0,-0.035794,0.145749115
GMPR2,464.0,0.453637396,704.0,0.368087,0.397376009
GNAI1,1947.0,0.435804474,356.0,0.432051,-0.113497847
GNG7,3803.0,0.398730372,237.0,-1.367348,0.122531521
GNPDA1,1360.0,0.395964134,67.0,0.036317,0.107256659
GOLGA2,1243.0,0.401070546,13.0,-0.223978,-0.006866925
GON4L,926.0,0.418089888,175.0,-0.129232,-0.132463236
GOSR1,5968.0,0.408103421,237.0,0.292107,0.066986093
GOSR2,3258.0,0.374298057,541.0,0.331189,0.068301127
GOT2,1054.0,0.444803236,129.0,0.479059,-0.168121794
GPS2,97.0,0.431122181,76.0,0.282113,0.440651115
GPSM2,4697.0,0.401967226,496.0,0.655404,-1.590239432
GPX7,626.0,0.395840774,39.0,-1.10821,0.083720072
GRAMD1A,299.0,0.411657297,748.0,0.296177,0.252901383
GRB2,2292.0,0.4413596,358.0,-0.223846,-0.008977673
GSTM4,2467.0,0.390909061,314.0,0.531834,0.548177193
GTF2A2,1070.0,0.420716795,404.0,0.564363,0.463760797
GTF2E2,604.0,0.365750105,273.0,0.333195,0.070396561
GTF3C2,932.0,0.372227001,397.0,0.264562,0.142305474
GTPBP1,2894.0,0.424954603,154.0,-0.836101,-0.197884585
GTPBP3,1032.0,0.436547413,95.0,-0.413883,-0.071468066
GTSE1,680.0,0.368527868,212.0,-0.158393,-0.105297534
GTSF1,222.0,0.36097632,86.0,-2.32872,-0.604759899
HADH,818.0,0.383558671,219.0,0.7774,0.178429372
HADHA,615.0,0.383558671,130.0,0.018809,-0.153687552
HAUS5,3319.0,0.378752573,51.0,-1.433447,0.025584983
HAUS8,346.0,0.37535995,111.0,-0.458856,-0.055300028
HCCS,1274.0,0.398607648,275.0,0.000658,-0.496005654
HCK,337.0,0.440224323,364.0,-0.174599,-0.091249512
HDAC1,591.0,0.390040122,63.0,-0.222953,0.09048565
HDDC3,763.0,0.387287166,29.0,-1.265006,0.005140168
HDGF,1342.0,0.465394593,322.0,-0.63681,-0.271079048
HDLBP,2343.0,0.397687311,375.0,-0.072063,-0.074524343
HEATR3,1385.0,0.384091545,883.0,-0.383328,-0.452610058
HEBP2,9119.0,0.359416339,297.0,-0.247621,-0.072515396
HECA,3704.0,0.443714129,285.0,0.315779,0.435478299
HECTD3,3914.0,0.446742268,98.0,-0.971815,-0.05616076
HERC2,726.0,0.429958504,109.0,-0.447627,0.111129965
HERC5,379.0,0.393838904,153.0,-1.038081,-0.16023609
HERC6,651.0,0.398146132,183.0,-0.526063,-0.691931588
HIP1,4874.0,0.430847644,52.0,-0.063434,0.023235211
HLA-A,4150.0,0.424443523,84.0,-1.0791,-0.155731037
HLA-C,420.0,0.421684519,65.0,-0.295391,-0.345556397
HLA-DRA,409.0,0.420807891,109.0,0.714491,-0.224117001
HLA-E,1459.0,0.413523771,126.0,-1.276923,-0.055318343
HLA-F,121.0,0.407256461,124.0,-2.163573,-0.607837977
HMBOX1,3560.0,0.369177113,482.0,0.841851,0.412147365
HMBS,266.0,0.451934812,299.0,-0.8743,-0.233259395
HMGB2,3775.0,0.450826504,193.0,0.374106,0.482069824
HMGCS1,3661.0,0.374424323,345.0,0.778941,-0.430491164
HMOX1,616.0,0.436401717,107.0,0.404739,-0.085470984
HNRNPA0,7504.0,0.386421138,284.0,-0.382764,0.067233277
HNRNPD,1688.0,0.420386111,318.0,-0.107034,-0.306388289
HNRNPL,1102.0,0.449817015,176.0,-0.086725,-0.019869946
HNRNPU,4156.0,0.432126199,218.0,-0.468649,-0.19931547
HNRNPUL1,2135.0,0.394022965,339.0,-0.022844,-0.005751891
HNRNPUL2,2674.0,0.436897081,229.0,-0.870606,-0.09968594
HSBP1,3274.0,0.4454546,174.0,-0.235869,-0.00720723
HSD17B7,398.0,0.431983247,99.0,0.271089,-0.233612357
HSP90AB1,313.0,0.39509298,251.0,0.27687,-0.501116314
HSPA1L,428.0,0.464100714,183.0,0.855547,0.510116311
HSPA4L,7877.0,0.413794867,342.0,-0.257063,-0.400232526
HSPB11,107.0,0.34538245,284.0,-0.480359,-0.307326396
HTRA2,571.0,0.421976635,602.0,-0.375262,-0.010545694
HTT,3901.0,0.373695076,145.0,-0.3704,0.078908523
HUS1,2068.0,0.374612864,131.0,0.252852,0.134327188
HYI,310.0,0.378597605,196.0,-1.652656,-0.257021038
HYOU1,1409.0,0.403839016,234.0,-0.990129,-0.750748713
ICAM1,1537.0,0.426062071,319.0,-0.980792,-0.346727227
IER3IP1,3342.0,0.438740024,97.0,0.917963,-0.199251085
IFI16,254.0,0.415211655,290.0,-0.322047,0.121582607
IFI30,213.0,0.431523306,62.0,-0.120184,-0.250460126
IFI35,160.0,0.418462024,223.0,-0.334561,0.143042883
IFI44,267.0,0.403888008,124.0,-0.917501,-0.331603105
IFI44L,5058.0,0.403608012,200.0,-1.114609,-0.135755931
IFIH1,121.0,0.412344512,377.0,0.226432,-0.397949213
IFIT1,2775.0,0.411248073,495.0,0.155111,-0.315011238
IFIT2,1901.0,0.420797646,175.0,0.448067,-0.194817984
IFIT3,843.0,0.417440574,529.0,0.082753,-0.332991641
IFIT5,2354.0,0.414819429,231.0,0.915973,0.225819135
IFITM1,159.0,0.431550176,180.0,0.408244,0.155369338
IFT27,109.0,0.4030938,426.0,-0.812897,-0.39109459
IGFBP3,1605.0,0.43060006,132.0,-1.044406,-0.215220616
IGFBP7,558.0,0.392734536,34.0,-0.507207,-0.197144058
IKBKE,745.0,0.435100597,714.0,1.157525,0.553336388
IL16,3965.0,0.367979445,2395.0,-0.19756,0.237170687
IL17RA,5874.0,0.376798811,133.0,-0.401805,0.309147592
IL1RN,1145.0,0.411881061,408.0,-0.349597,0.135504621
IL4I1,16.0,0.4139018,621.0,-1.206314,-0.53063861
ILF2,656.0,0.426220446,239.0,0.071103,-0.092171899
IMPA2,2898.0,0.383680893,242.0,-0.07101,-0.521112217
INO80,5209.0,0.374025479,351.0,0.225683,0.186370571
INPP1,263.0,0.395712795,700.0,-0.194225,0.165336258
INPP5D,1195.0,0.436077769,512.0,0.430931,0.128046612
INSR,4801.0,0.380857973,411.0,1.154695,0.364688012
IPO5,2508.0,0.381335948,180.0,0.160319,-0.176559395
IRF7,92.0,0.423538356,367.0,-1.000408,-0.011579839
IRF8,1327.0,0.384714127,507.0,0.534536,0.390419019
IRF9,369.0,0.432057622,127.0,-0.574808,-0.258410786
IRGQ,7659.0,0.399674011,156.0,0.057922,-0.103735759
ISCU,607.0,0.454630229,1331.0,0.104408,0.03290697
ISG15,62.0,0.419522688,77.0,-2.567476,-1.141273553
ISG20,952.0,0.419932377,2368.0,0.064007,-0.175251665
ISOC1,1056.0,0.418535314,18.0,2.415553,0.995321242
ITGB2,415.0,0.457304004,395.0,0.084417,0.053555673
ITPKB,2981.0,0.440250717,340.0,-1.180093,-0.161701153
ITPRIP,5382.0,0.396785481,453.0,-0.521629,-0.021879206
JUNB,496.0,0.414023332,276.0,-0.910069,0.218970633
JUP,157.0,0.458302936,298.0,0.316208,0.348057347
KANK2,2291.0,0.394238955,361.0,-0.410313,0.516711976
KARS,4202.0,0.383913431,144.0,-0.495833,-0.271024347
KCNN4,560.0,0.425737469,396.0,-1.514101,0.558187492
KDM1A,327.0,0.428444011,149.0,-0.486629,-0.052944806
KDM2A,3716.0,0.372295488,864.0,0.295806,0.104758082
KDM2B,2488.0,0.393022165,407.0,-0.004854,0.255179069
KDM3B,1327.0,0.37791414,200.0,0.654873,0.312077846
KDM4A,1148.0,0.378142374,166.0,-0.889909,-0.051765624
KHSRP,1024.0,0.456900489,110.0,-0.31622,0.061205669
KIAA2013,727.0,0.385456054,191.0,-0.780227,-0.398472468
KIF20A,757.0,0.371463873,496.0,0.559851,-0.301384895
KIF22,75.0,0.392489541,388.0,0.217349,-0.040086722
KIF2C,588.0,0.387865377,395.0,-0.65885,-0.559028922
KIF3B,3792.0,0.390782105,180.0,0.06019,-0.190941521
KIF5B,3198.0,0.418236129,470.0,0.552395,-0.029282266
KLHL7,3616.0,0.41595405,521.0,-0.512153,0.115339022
KTI12,594.0,0.370414154,39.0,-0.67316,0.018780533
LAMP1,1311.0,0.390985106,281.0,-0.049989,-0.371651211
LANCL2,2422.0,0.433733517,578.0,-0.270783,-0.689863062
LAP3,503.0,0.426841798,162.0,-0.414598,-0.29291622
LDHD,1826.0,0.398770776,52.0,-0.180229,0.191464295
LENG1,560.0,0.445950324,48.0,-1.843176,0.417928511
LGALS3,159.0,0.420172221,88.0,0.041457,0.082395203
LGALS3BP,1225.0,0.419930622,179.0,0.392075,-0.502106703
LGALS9,641.0,0.410654931,118.0,0.146611,0.220603715
LIN54,4893.0,0.441729058,383.0,0.681151,0.131538919
LPCAT1,2228.0,0.380803123,133.0,0.433057,-0.335901328
LPCAT4,239.0,0.432241557,94.0,-0.263307,0.057126569
LPXN,1776.0,0.432350833,254.0,0.410445,-0.02450114
LRPPRC,2376.0,0.377375074,58.0,0.835623,-0.366053363
LRRC25,843.0,0.434491636,642.0,0.614502,0.222314033
LRRC41,465.0,0.438391248,44.0,-0.517339,-0.037417133
LRRC59,1755.0,0.423067849,236.0,0.108105,-0.948162068
LSM1,486.0,0.409616526,410.0,-0.022067,-0.143084021
LSM6,1871.0,0.435100303,139.0,0.272003,0.266743958
LTA4H,391.0,0.355044638,145.0,0.795583,0.123288895
LYN,4058.0,0.418972994,282.0,0.505375,-0.208197352
LYPLAL1,1137.0,0.3973742,157.0,-0.166883,-0.078750747
LYRM4,6830.0,0.366844497,217.0,-0.325403,-0.134567002
LYSMD2,596.0,0.394037378,501.0,0.670761,0.264601401
M6PR,1457.0,0.379162834,275.0,-0.17529,-0.270212199
MAD2L1,4528.0,0.407191351,124.0,0.926207,-0.153885279
MAFB,2032.0,0.405989564,390.0,-0.660971,0.541202692
MAGED2,327.0,0.466698843,233.0,1.48139,0.244608652
MAGOH,153.0,0.416054235,162.0,-0.807226,-0.15281771
MAN2B1,128.0,0.381728903,76.0,-0.621462,-0.328425203
MANF,717.0,0.420319188,97.0,-0.016189,-0.158125146
MAP4K1,170.0,0.374128007,140.0,-0.929023,0.185409972
MARCKSL1,768.0,0.468216312,206.0,-0.817783,-0.542099088
MAX,2676.0,0.337149475,479.0,0.763345,0.349748235
MBD2,3723.0,0.420256858,229.0,0.932924,0.162074932
MBP,4041.0,0.393290432,264.0,0.414903,0.440914632
MCM2,662.0,0.460999542,110.0,-0.007128,-0.180612844
MCM4,2618.0,0.371821308,942.0,0.212701,-0.314844817
MCM5,3214.0,0.470488076,94.0,-0.828749,-0.326716298
MDC1,658.0,0.415783633,440.0,-0.03472,-0.104893941
MDH1,210.0,0.381672323,435.0,-0.232573,-0.197356289
ME1,1535.0,0.411214685,265.0,1.354019,-0.16530321
ME3,171.0,0.395156177,377.0,-2.488034,-0.284779667
MECR,1365.0,0.445670958,612.0,-0.879349,-0.060183929
MED17,2631.0,0.366528813,275.0,-0.528352,0.035032155
MED19,934.0,0.439623042,93.0,0.041029,0.139510399
MED28,10307.0,0.440157501,27.0,0.055604,-0.015893611
MED29,4550.0,0.464327351,57.0,-0.21944,0.120692453
MEF2C,6848.0,0.41426337,654.0,1.10554,0.728117025
MEN1,824.0,0.454590692,504.0,-0.031881,0.235222388
METTL13,961.0,0.396264071,347.0,-0.032913,0.002600646
MGST3,1295.0,0.374563048,428.0,-0.034486,-0.76059941
MIF4GD,787.0,0.397877071,137.0,0.175392,-0.013736934
MINK1,774.0,0.455972684,525.0,-0.44748,0.141755716
MIS12,1334.0,0.420723459,745.0,0.721378,0.046970417
MLEC,5319.0,0.43043384,173.0,-0.317415,-0.426488265
MMADHC,5382.0,0.406207656,205.0,0.441269,-0.393184705
MMGT1,4451.0,0.406300672,388.0,0.065358,-0.242542285
MMP1,502.0,0.392399458,189.0,-1.574403,-0.455688769
MMP14,1722.0,0.419367787,285.0,-1.074749,-0.050578045
MMP9,193.0,0.404253633,19.0,1.725025,-0.656018417
MORC3,2052.0,0.406702124,375.0,0.482124,0.131175861
MORF4L1,1066.0,0.420719378,454.0,-0.6747,-0.058033849
MOV10,619.0,0.412681236,1415.0,0.26551,-0.096342278
MPDU1,797.0,0.440676037,216.0,1.028727,-0.001088586
MPHOSPH10,87.0,0.404440607,352.0,-0.113206,-0.071935351
MRI1,2018.0,0.459301832,75.0,-0.044147,0.144368862
MRPL13,1075.0,0.395373051,313.0,0.049895,-0.189365898
MRPL15,1888.0,0.407701507,63.0,-0.016238,-0.280863199
MRPL16,212.0,0.368940255,214.0,0.66654,-0.225108692
MRPL17,6554.0,0.424450505,105.0,-0.126927,-0.109466465
MRPL2,580.0,0.458698472,164.0,-0.686477,-0.295233585
MRPL20,187.0,0.445765675,96.0,-0.880486,-0.22198179
MRPL21,55.0,0.417448467,293.0,0.114197,-0.213537197
MRPL27,2133.0,0.436300758,31.0,-0.726616,-0.121907256
MRPL40,113.0,0.406843086,653.0,-0.774641,-0.311596331
MRPL46,1889.0,0.422788385,25.0,-0.075195,-0.129664194
MRPL48,1284.0,0.368940255,212.0,0.391247,-0.182771999
MRPL51,2069.0,0.35376587,169.0,-1.403374,-0.381879773
MRPL53,198.0,0.441261883,155.0,-0.355836,-0.3634622
MRPL9,407.0,0.432679379,437.0,-0.194247,-0.323072419
MRPS11,2793.0,0.477818717,1491.0,-0.388864,-0.411837148
MRPS15,468.0,0.440649404,164.0,-0.483141,-0.462892993
MRPS17,1334.0,0.413812124,30.0,-0.14033,-0.662282677
MRPS18B,936.0,0.408462865,157.0,0.147438,-0.373583069
MRPS36,933.0,0.3748339,84.0,0.215885,-0.04612553
MRPS7,453.0,0.455992019,233.0,-0.469655,-0.465155619
MSI2,5168.0,0.366385762,173.0,0.335068,-0.167214092
MSTO1,694.0,0.421389639,1152.0,-0.155515,-0.295804547
MT1E,291.0,0.588704726,179.0,-2.654428,-1.064456248
MT2A,316.0,0.576670685,123.0,-1.980237,-1.62995279
MTA2,684.0,0.459443446,761.0,-0.341675,0.159206219
MTFMT,1550.0,0.414190941,26.0,0.635088,-0.009007487
MTHFS,1663.0,0.434592403,179.0,0.291371,0.512016429
MTMR1,2442.0,0.424163835,319.0,0.269532,-0.245957132
MTMR14,421.0,0.371137969,151.0,0.335703,0.087237796
MVP,50.0,0.435053297,193.0,-0.341954,0.017880619
MX1,456.0,0.433488503,982.0,-1.283087,-0.671285647
MX2,1812.0,0.430094961,104.0,-1.106993,0.009666578
MYADM,2833.0,0.384589896,681.0,-0.271618,-0.194690565
MYCBP,3972.0,0.381803634,73.0,-0.027724,-0.221098944
MYL12A,812.0,0.453450746,478.0,0.09139,-0.445953367
MYO18A,3647.0,0.395788337,484.0,-0.408737,0.15381709
MYO9B,1401.0,0.398943925,152.0,-0.828925,0.016685291
N6AMT1,5137.0,0.427535625,28.0,0.037158,-0.10132593
NAA40,3212.0,0.389371031,261.0,-0.289816,-0.293862591
NAB1,2433.0,0.361024962,572.0,0.514991,0.371840532
NADK,1672.0,0.3959688,563.0,-0.73207,-0.249885581
NADSYN1,464.0,0.447848979,126.0,0.07608,0.049826265
NAGK,1297.0,0.42527382,474.0,-1.095471,-0.15611112
NANS,37.0,0.458552255,132.0,0.907524,0.368023889
NAPA,1862.0,0.477781443,318.0,0.457538,-0.189652889
NAT10,4915.0,0.387474071,245.0,0.120795,-0.149315526
NBAS,140.0,0.414580543,44.0,0.068032,-0.048922488
NCALD,2767.0,0.374888213,460.0,-1.004622,-0.679221746
NCAPD3,2971.0,0.431957579,606.0,-0.427991,-0.218358632
NCAPG2,3501.0,0.41630572,200.0,0.414533,-0.193696357
NCF1,2381.0,0.415579251,70.0,-0.183029,-0.117739841
NCK2,1267.0,0.457831152,276.0,-1.477473,-0.187521754
NCKIPSD,4981.0,0.449411541,126.0,-0.240218,-0.034588886
NCOA5,1332.0,0.416761948,402.0,0.183269,0.023893898
NCOA7,3259.0,0.404217869,470.0,-0.168213,0.198164303
NDC80,61.0,0.356199389,182.0,0.554107,-0.050246822
NDRG2,841.0,0.376266446,941.0,-0.212357,-0.075714589
NDUFA4,1685.0,0.439642808,129.0,-0.246333,-0.507061861
NEU1,667.0,0.413226082,156.0,0.038032,-0.508403826
NFATC2IP,3242.0,0.412267479,15.0,0.352045,0.222747391
NFKB1,708.0,0.4099683,467.0,0.09313,-0.065108258
NFKB2,153.0,0.424806573,563.0,-0.25325,0.013471587
NFKBIE,1053.0,0.409138176,25.0,-0.492934,0.222961296
NGDN,1255.0,0.423783924,27.0,0.066798,-0.297459664
NGRN,1679.0,0.414477409,50.0,0.140137,-0.361084778
NINJ1,5217.0,0.455972644,71.0,0.2533,-0.252869074
NIP7,1593.0,0.443769116,318.0,-0.394957,-0.409788012
NIT2,2351.0,0.432361565,74.0,0.115136,-0.232182444
NMNAT3,2689.0,0.397393877,1228.0,-0.390873,-0.202699213
NMT1,3377.0,0.454689408,31.0,0.02806,-0.02619724
NONO,1092.0,0.432928506,710.0,-0.291441,0.011120391
NOP14,912.0,0.38067473,187.0,-0.192077,0.083192778
NOP2,785.0,0.393538298,198.0,-1.280669,-0.68958427
NOTCH2,6062.0,0.409327653,297.0,0.209141,0.324376231
NPTN,1068.0,0.388989686,197.0,0.243242,0.256858946
NR2C2,6271.0,0.390767743,362.0,0.105452,0.134323112
NRBF2,883.0,0.43605128,224.0,0.045686,0.034363315
NRF1,1901.0,0.447602651,500.0,-0.15835,0.286284696
NRGN,833.0,0.413631862,152.0,0.863025,1.069059693
NRP1,3846.0,0.416817106,523.0,0.218932,0.114780249
NSFL1C,1587.0,0.42738001,868.0,-0.289073,-0.022349385
NSMAF,602.0,0.358586884,214.0,0.380276,-0.08660982
NTAN1,178.0,0.344459601,320.0,-0.209388,-0.029795322
NUBP1,246.0,0.455923678,142.0,0.251192,-0.007275529
NUCKS1,5461.0,0.359398328,271.0,0.214464,0.206538045
NUDC,716.0,0.476401948,127.0,-1.388866,-0.350424589
NUDT16,5489.0,0.428387545,75.0,-0.262183,-0.083000976
NUMA1,663.0,0.474508115,436.0,0.388516,0.620394327
NUP93,5678.0,0.382018893,495.0,-0.261327,-0.096957349
NXF1,2943.0,0.375826754,136.0,-0.585995,-0.120483529
OCIAD2,4872.0,0.363821488,322.0,0.491369,0.157094379
OGDH,1071.0,0.396078149,159.0,-0.496939,-0.101041374
OPA3,7233.0,0.475004358,100.0,-0.726213,0.094200854
OSBPL2,2363.0,0.383456763,571.0,0.014148,-0.139253434
OSBPL5,1099.0,0.381371042,158.0,-0.747298,-0.029311739
OVCA2,792.0,0.429983078,65.0,0.574179,0.124698439
P2RX4,573.0,0.442596273,304.0,1.374969,0.567478337
PAAF1,509.0,0.376143366,341.0,0.210817,0.103871077
PACSIN2,1591.0,0.413490434,405.0,-1.514415,-0.37526324
PARK7,451.0,0.457171775,163.0,-0.803297,-0.199555726
PARP1,769.0,0.460215809,171.0,-0.894784,-0.435619875
PARP10,332.0,0.422654659,200.0,-1.486485,-0.126198321
PARP12,816.0,0.416480622,874.0,0.33437,-0.023752738
PARP14,2243.0,0.414355918,59.0,0.441502,-0.10898403
PARP9,451.0,0.418102187,327.0,0.49054,0.037789689
PARVG,2043.0,0.383803232,484.0,0.443839,0.237422791
PBK,750.0,0.413339119,464.0,1.071819,-0.151231292
PCNA,338.0,0.425000199,239.0,0.123422,-0.455515306
PDAP1,2007.0,0.464659554,134.0,-1.176142,-0.164773867
PDCD2,155.0,0.440448783,111.0,0.264423,0.629072553
PDCD2L,48.0,0.433436103,33.0,0.065649,-0.105932231
PDCD6IP,3211.0,0.388727459,158.0,0.630401,0.109498945
PDHA1,2054.0,0.402514578,145.0,-0.399581,-0.125854022
PDHB,2974.0,0.442593378,43.0,0.737509,-0.207012527
PDLIM1,357.0,0.379179626,233.0,1.813083,0.520431723
PDXDC1,2055.0,0.375670185,335.0,0.896086,0.164062013
PDXK,6244.0,0.398158884,198.0,-1.314303,-0.181780853
PEBP1,796.0,0.360152166,326.0,-0.15785,-0.192756322
PEF1,769.0,0.441759403,424.0,-0.47224,0.01032735
PELO,5222.0,0.385240523,985.0,-0.055527,-0.008876643
PEPD,395.0,0.450896903,133.0,-1.121232,0.031503989
PEX16,585.0,0.43213601,312.0,-1.190038,0.231870637
PEX6,946.0,0.370078344,93.0,-0.01233,-0.086860302
PEX7,2294.0,0.407005497,102.0,1.108016,0.198616003
PFDN5,124.0,0.497062947,117.0,-0.451979,-0.166559288
PFDN6,574.0,0.470152145,222.0,-0.720411,-0.185188038
PGM1,570.0,0.393980016,681.0,0.148682,-0.050153905
PHB,988.0,0.45268542,190.0,-0.495311,-0.592364259
PHF10,104.0,0.365149381,79.0,0.249337,0.092310247
PI4K2A,2692.0,0.385068362,57.0,0.437817,0.231658866
PIAS1,3626.0,0.396022529,741.0,0.307162,0.062819484
PIK3AP1,3866.0,0.407313024,128.0,0.673971,-0.33039254
PIR,205.0,0.385796208,485.0,-0.991286,-0.457860101
PITPNC1,4686.0,0.369070722,874.0,-0.422995,-0.276768779
PLAUR,323.0,0.418467601,226.0,-0.347234,-0.128053241
PLCB2,818.0,0.468984469,301.0,0.400282,0.431034138
PLCG1,3987.0,0.454806205,121.0,-1.019998,-0.248843185
PLD4,273.0,0.377985619,192.0,1.668725,1.229585572
PLEKHO1,5192.0,0.424698037,839.0,-0.705553,0.359505672
PLEKHO2,2119.0,0.429714475,134.0,-0.115996,0.103506275
PLSCR1,10376.0,0.415598704,388.0,0.364061,0.051776888
PML,3324.0,0.431306474,140.0,-0.454825,-0.001572965
POLR1C,1131.0,0.439933821,86.0,-0.400954,-0.10608547
POLR1D,1469.0,0.427162265,456.0,0.334101,0.013068721
POLR2F,1600.0,0.47244007,250.0,-2.184307,0.324381696
POLR2H,1065.0,0.427596015,1167.0,-0.016997,-0.155202235
POLR3H,3481.0,0.444306047,388.0,-1.216125,0.449606002
POLR3K,1023.0,0.473025152,46.0,0.56248,0.506766632
PPA2,660.0,0.432735716,20.0,-0.514089,-0.273366303
PPIE,4556.0,0.446406574,56.0,-1.091302,-0.038635565
PPIL1,1921.0,0.453832883,252.0,0.00883,0.07411303
PPP1R14B,282.0,0.457456004,268.0,-0.488449,-0.709770104
PRC1,1136.0,0.367783806,234.0,0.666245,0.145158257
PRCC,357.0,0.381841119,290.0,-0.263082,-0.08502414
PRDX1,303.0,0.414090753,341.0,-0.28992,-0.453292771
PRDX6,944.0,0.433706552,51.0,0.362486,-0.157947599
PREB,658.0,0.378530018,403.0,-0.169605,-0.252999907
PREP,579.0,0.425974009,233.0,-0.326976,-0.561705326
PRG4,784.0,0.366727173,51.0,0.381766,0.248964311
PRIM2,1166.0,0.350864643,125.0,0.099415,-0.271703885
PRKAB1,1305.0,0.365943644,289.0,0.526656,0.166510118
PRKAR2A,5019.0,0.427443141,254.0,0.400071,0.234668691
PRKCB,5795.0,0.38010529,197.0,-0.473324,0.259585623
PRKCD,451.0,0.404392693,469.0,0.772884,0.160777827
PRKRA,683.0,0.420894136,659.0,-0.054867,-0.330121208
PRKRIP1,3224.0,0.453589322,55.0,-1.000618,0.166739423
PRMT5,393.0,0.386451423,508.0,-0.002357,0.013755394
PRMT7,3655.0,0.450088803,850.0,-1.173074,-0.077163926
PROCR,549.0,0.357872186,218.0,0.096341,0.242976232
PRPS1,3908.0,0.466551451,409.0,-0.878237,-0.131125792
PRPSAP1,2056.0,0.390811115,688.0,0.022476,-0.206312349
PRRC1,3173.0,0.409170839,188.0,0.681456,-0.132307955
PSMA5,2997.0,0.446573967,225.0,0.340927,-0.223797581
PSMA6,187.0,0.423632682,445.0,0.250048,-0.195898399
PSMB10,58.0,0.455018511,128.0,-0.55944,-0.123419268
PSMB2,3775.0,0.389848815,412.0,-0.22934,-0.275387989
PSMB8,242.0,0.411206622,522.0,-0.355682,-0.06457728
PSMB9,5497.0,0.431095699,69.0,-0.134291,-0.071440618
PSMC3,66.0,0.485654947,194.0,-0.932862,-0.149704194
PSMD11,2567.0,0.390095635,61.0,0.239445,-0.248899401
PSMD13,384.0,0.437236365,242.0,-0.139833,-0.335808337
PSMD8,450.0,0.458928351,52.0,-0.129572,0.007665588
PSME2,53.0,0.443656162,65.0,-0.121956,-0.352221673
PSMG1,5308.0,0.427553471,578.0,-0.078108,-0.268442694
PSTPIP2,1923.0,0.429639796,96.0,0.595408,-0.060535124
PTBP1,1504.0,0.473818895,106.0,0.047965,-0.107536422
PTDSS1,3765.0,0.367954205,423.0,-0.425262,-0.37425778
PTGS1,3346.0,0.37260918,633.0,0.787228,0.480241685
PTP4A1,3419.0,0.421202001,1153.0,0.878564,-0.04654127
PTPMT1,1899.0,0.450492628,193.0,-0.675991,-0.206195168
PTPN18,2185.0,0.381656528,101.0,0.239423,0.276452386
PTPN7,1593.0,0.440747449,781.0,0.412212,0.312371946
PTPRE,2994.0,0.426620112,1843.0,0.523685,0.314956145
PTPRF,4571.0,0.452810321,356.0,-1.118188,-0.220086011
PTRH2,3186.0,0.370743372,1544.0,-0.157437,-0.621235103
PWWP2B,819.0,0.424412275,29.0,-0.740889,0.36119561
PYCR2,578.0,0.474148407,230.0,-1.508999,-0.806280249
PYGL,175.0,0.392036998,127.0,1.860478,0.197122814
QARS,97.0,0.458996209,396.0,-0.519044,-0.123237192
RAB11FIP1,4277.0,0.380614122,56.0,0.097639,-0.228097135
RAB12,1120.0,0.38483812,283.0,0.189544,-0.1613414
RAB21,5246.0,0.435367738,267.0,0.426482,-0.414836504
RAB31,3231.0,0.437498832,175.0,1.640536,-0.047923851
RAB35,2172.0,0.408841719,189.0,-0.088563,0.079190338
RAB7A,1376.0,0.419395127,232.0,0.423515,-0.204955004
RAB8B,4163.0,0.425956778,96.0,0.335309,0.249016998
RAB9A,1716.0,0.417525007,283.0,0.382489,-0.156229133
RABGGTA,77.0,0.387342734,512.0,0.397625,0.240592947
RABGGTB,440.0,0.409412379,78.0,0.575623,-0.160214179
RABIF,4760.0,0.447399225,159.0,0.613012,0.132110065
RACGAP1,1895.0,0.366370127,354.0,0.634604,-0.164342868
RAD9A,924.0,0.444046557,185.0,0.234875,0.31462529
RAE1,1112.0,0.432613552,365.0,0.047502,-0.199686775
RAI1,1472.0,0.455620822,469.0,-0.277204,0.118464232
RAN,2043.0,0.442855294,361.0,-0.296708,-0.203119208
RANBP10,3359.0,0.379453562,1256.0,-0.544881,-0.2958512
RANGAP1,3145.0,0.481547647,765.0,-1.522866,-0.278123255
RAPGEF1,2727.0,0.425793135,159.0,-0.33449,0.179345034
RARS,114.0,0.423508657,41.0,-0.008516,-0.192592208
RBBP4,6506.0,0.404056961,164.0,-0.098345,-0.220024418
RBBP5,3098.0,0.421849625,474.0,0.489611,0.213872114
RBKS,251.0,0.392307233,1371.0,0.00262,-0.096871554
RBM12,3599.0,0.375183789,304.0,0.086561,-0.019507283
RBM14,3443.0,0.468008211,139.0,0.115564,0.157356366
RBM4B,5277.0,0.396841232,170.0,-0.367626,-0.06307201
RBMX,1201.0,0.353737079,210.0,-0.217901,0.233753442
RBPJ,4223.0,0.4178224,518.0,0.284495,0.224007756
RBX1,821.0,0.46562919,52.0,-0.5925,0.090966239
RC3H1,7637.0,0.410085914,87.0,0.362544,-0.163096459
RCCD1,1773.0,0.374130224,280.0,0.289258,0.004770431
RCOR1,4070.0,0.439565312,228.0,0.365803,-0.187702874
REEP4,591.0,0.460338979,469.0,0.296523,0.05049277
REEP5,2962.0,0.457536941,144.0,0.816741,-0.040662428
RELB,408.0,0.418226182,131.0,-0.633001,-0.165924259
REPIN1,2683.0,0.45080531,489.0,-0.54627,0.132546594
RFC4,89.0,0.411167541,282.0,0.034968,0.006623866
RFK,1882.0,0.429285662,357.0,0.945768,0.166336785
RFX5,1546.0,0.386685917,221.0,-0.015359,0.343653845
RFXAP,1850.0,0.421314391,156.0,0.295665,0.388727183
RHBDF2,740.0,0.423256567,294.0,-0.000628,-0.216069658
RHOT2,568.0,0.454546166,881.0,-1.150066,-0.448632454
RINL,1279.0,0.357351373,413.0,-0.20952,0.321587612
RNASEH1,4369.0,0.404567903,700.0,-1.007457,-0.334716145
RNASEH2B,3930.0,0.37625722,399.0,0.794361,0.414055494
RNASET2,1070.0,0.374792559,407.0,1.213648,-0.170328018
RNF114,1751.0,0.459950313,36.0,-0.129841,-0.489272639
RNF20,5226.0,0.396317502,92.0,0.320467,0.111505715
RNF213,5288.0,0.417718743,150.0,-0.255785,-0.269898012
RNF216,2819.0,0.430061571,259.0,-0.085989,0.344803417
RNF25,102.0,0.375620157,88.0,-0.155161,-0.147053566
RNF31,88.0,0.389352607,358.0,-0.366101,0.194676037
RNLS,1252.0,0.416402283,135.0,1.524755,0.869018241
RNMT,4581.0,0.415128602,241.0,0.573311,0.188601543
RNPEP,463.0,0.447181346,896.0,0.627135,0.051580557
RP9,437.0,0.42869019,18.0,-0.583563,0.171674081
RPA1,2907.0,0.381710028,170.0,0.170199,-0.126460879
RPA2,639.0,0.400070522,793.0,-0.579278,-0.140539808
RPAIN,471.0,0.394698889,570.0,-0.288952,0.066680241
RPL11,461.0,0.442317923,45.0,-1.221077,-0.406047962
RPL14,5208.0,0.496792394,133.0,-0.144991,-0.350433747
RPL23,3146.0,0.464880603,90.0,-0.967331,-0.172147823
RPL26,53.0,0.427802183,389.0,0.27719,-0.114560724
RPL31,1260.0,0.451994935,87.0,-0.423904,-0.28467432
RPL34,1350.0,0.436455219,198.0,-0.493,-0.00080337
RPL5,1058.0,0.451564158,75.0,-0.487711,-0.231989098
RPL7,1077.0,0.460258279,707.0,-0.65099,-0.24008025
RPS11,373.0,0.483080585,92.0,-0.787002,-0.139211944
RPS24,4247.0,0.430653047,142.0,-0.417661,-0.455612959
RPS25,109.0,0.467193878,63.0,-0.951221,-0.391837946
RPS27A,743.0,0.450449292,321.0,-0.380434,-0.32415185
RPS3A,306.0,0.426765211,80.0,-0.55409,-0.24020576
RPS4X,629.0,0.442998752,96.0,-0.264163,-0.329956584
RPS6,2723.0,0.413925579,42.0,-0.623689,-0.286179419
RPS6KA1,828.0,0.389798854,163.0,-0.007122,-0.054110902
RPS6KA4,735.0,0.38455359,226.0,-0.867836,0.271101631
RPS7,66.0,0.428822459,109.0,-0.772139,-0.270359229
RPTOR,2341.0,0.385169267,805.0,-0.672314,-0.161210132
RREB1,3012.0,0.456825357,492.0,0.704092,0.177790969
RRM1,2304.0,0.437568848,689.0,0.376355,0.005692992
RRP8,5071.0,0.446233376,148.0,-0.183315,0.099284582
RRS1,978.0,0.468289248,104.0,-0.459622,-0.308097436
RTN3,1690.0,0.358048129,187.0,0.588728,-0.009706671
RTN4IP1,1108.0,0.372133716,477.0,-0.173756,-0.261121417
RUNX1,4334.0,0.416076551,1578.0,0.264246,-0.024503499
RWDD1,6365.0,0.401367905,746.0,0.284131,-0.156391399
S100A8,71.0,0.444112716,170.0,-2.170262,-1.728182586
S100A9,189.0,0.439508357,43.0,-1.625114,-1.950435924
SAMD9,1815.0,0.395660052,270.0,0.750142,-0.414581927
SAMD9L,1162.0,0.396305952,1248.0,2.219768,0.260570902
SAMM50,150.0,0.345249646,197.0,-1.07888,-0.311890697
SAMSN1,684.0,0.407246581,430.0,0.7702,0.346197179
SAP18,1754.0,0.427429047,39.0,0.189918,0.18229656
SAP30BP,1541.0,0.449617255,257.0,-0.278253,-0.203277631
SAR1A,5213.0,0.411769389,203.0,0.692708,-0.151402903
SAR1B,5806.0,0.392367964,253.0,1.147068,-0.153723968
SARS,1054.0,0.40098191,100.0,-0.11346,-0.034184606
SASH3,1369.0,0.387406112,182.0,0.265495,0.191322645
SCAMP4,1741.0,0.472519575,351.0,0.323211,0.146967948
SCO1,8645.0,0.407339367,61.0,0.496787,0.214168618
SDCCAG8,307.0,0.360606297,1542.0,-0.693371,-0.001994082
SEC11C,205.0,0.423646802,92.0,-0.060535,-0.006595824
SEC13,332.0,0.457264526,210.0,-0.472282,-0.025655704
SEC14L1,2986.0,0.420320088,665.0,-0.548443,-0.314201367
SEC24B,1221.0,0.400931805,155.0,0.838934,0.178513839
SEC24D,2115.0,0.386600041,297.0,0.830371,-0.034085045
SEC61B,270.0,0.404562259,76.0,-0.145555,-0.440709119
SEMA3F,960.0,0.38837398,318.0,0.476344,0.038350426
SEMA4D,2318.0,0.393173667,572.0,-0.126897,0.097302738
SERPINA1,1707.0,0.420489385,573.0,0.718249,0.551399127
SERPINB8,2096.0,0.38524815,520.0,-0.216797,0.230486066
SETMAR,321.0,0.414235412,398.0,0.277296,0.207746505
SEZ6L2,540.0,0.431800162,245.0,1.157556,-0.191592221
SF1,2419.0,0.374481437,721.0,-0.195671,-0.061061688
SF3B2,563.0,0.453902675,40.0,-0.425262,-0.086051668
SFXN4,500.0,0.402513841,45.0,0.572857,0.298725985
SH3BP1,433.0,0.395530944,313.0,-0.895255,-0.03496203
SH3PXD2B,4870.0,0.420952884,171.0,-1.390738,-0.072100159
SHMT1,4335.0,0.394510245,509.0,0.647834,0.486725089
SIGLEC1,1590.0,0.42099348,0.0,-0.976799,-0.155518304
SIPA1,2933.0,0.437718847,296.0,-0.490594,0.22379919
SIRPA,3027.0,0.429235057,360.0,0.090304,-0.208722779
SKP1,8791.0,0.433886974,179.0,0.291104,-0.032675792
SLBP,3046.0,0.391438372,553.0,0.813863,0.278587525
SLC25A10,1929.0,0.386184273,191.0,-0.055467,-0.203904215
SLC25A19,477.0,0.386093473,224.0,-0.595532,0.087124666
SLC25A20,787.0,0.382641976,199.0,-0.224981,-0.183757771
SLC25A3,504.0,0.383836987,354.0,0.001639,-0.617773059
SLC25A40,2688.0,0.363984785,375.0,0.539458,-0.104402898
SLC25A6,450.0,0.487227384,137.0,-1.700519,-0.427085993
SLC27A3,163.0,0.439664345,91.0,1.280041,0.574585889
SLC39A10,2661.0,0.346494338,214.0,0.632521,0.441947116
SLC44A1,8291.0,0.4365497,264.0,0.078619,0.050314916
SLC9A3R1,709.0,0.400889529,235.0,1.071318,-0.243624056
SMAP2,1225.0,0.404145004,415.0,-0.177317,-0.142858589
SMC1A,5954.0,0.490702048,340.0,0.201358,0.258280962
SMG5,1363.0,0.383248033,540.0,-0.926034,-0.272942357
SMS,2660.0,0.417677888,252.0,-0.80203,-0.53838255
SMYD3,223.0,0.378821529,130.0,-0.453461,-0.562050582
SNRNP200,676.0,0.454045162,132.0,-0.117755,-0.023176035
SNRPC,474.0,0.427936125,450.0,0.182465,-0.038845609
SNRPD1,4386.0,0.384326147,161.0,0.194954,-0.024034508
SNRPN,279.0,0.390283395,1145.0,-0.911453,0.02515709
SNX24,5071.0,0.338464018,185.0,0.781881,0.50259506
SNX30,6144.0,0.426743352,148.0,0.918603,0.385774676
SNX33,5086.0,0.383330712,96.0,-0.067364,0.192203971
SOD1,353.0,0.438546885,148.0,-0.15513,-0.145571338
SOD2,13436.0,0.435065133,1828.0,-0.323465,-0.037174207
SP110,3922.0,0.401738483,258.0,0.255971,-0.127890392
SPC24,1691.0,0.381793277,320.0,-1.389026,-0.027810311
SPC25,540.0,0.373816265,131.0,0.472259,0.003091014
SPCS1,3333.0,0.417439524,205.0,0.535574,-0.280854611
SPI1,383.0,0.406748349,223.0,0.431554,0.415208161
SPRYD4,1406.0,0.430591965,75.0,0.158446,-0.276087012
SQSTM1,1485.0,0.412192979,360.0,-0.433044,-0.768249262
SRC,2671.0,0.437602812,449.0,-0.792232,-0.128799898
SRGAP2,3018.0,0.377689891,542.0,-0.093333,-0.00722915
SRI,5365.0,0.424260151,79.0,-0.653606,-0.24597297
SRP19,2645.0,0.430943803,189.0,0.157842,-0.375137925
SRPRB,1784.0,0.427990824,285.0,-0.531507,-0.585020186
SRR,1392.0,0.393840903,354.0,0.809892,0.083608698
SRXN1,2099.0,0.37663928,185.0,-0.064402,-0.239097687
SS18L2,777.0,0.45997865,208.0,0.322262,0.117029188
SSH1,5298.0,0.373517564,146.0,-0.226287,0.084871238
SSH3,2595.0,0.376349937,178.0,0.629779,0.56706684
SSR2,592.0,0.425839932,80.0,-0.224174,-1.205491261
SSR3,3698.0,0.388415977,156.0,0.561377,-0.382169138
SSR4,87.0,0.444947593,150.0,-0.024687,-0.338414031
SSRP1,422.0,0.394601844,267.0,-0.349089,-0.167677879
SSU72,400.0,0.445120823,325.0,-0.636287,-0.032884472
ST13,3666.0,0.439823793,468.0,-0.67474,-0.293359924
ST14,553.0,0.454138745,193.0,-0.597911,-0.179056056
STARD10,1682.0,0.427301627,944.0,2.54509,0.927413738
STAT1,3294.0,0.408136156,388.0,-0.184433,-0.633264378
STAT2,1791.0,0.409862748,203.0,-0.312652,-0.200250183
STAT6,1168.0,0.380869476,499.0,0.023871,0.375675932
STMN1,1138.0,0.394107416,364.0,-0.588007,-0.409248436
STOM,2222.0,0.387137797,117.0,1.136191,0.230503351
STOML2,531.0,0.456962681,143.0,-0.287561,-0.218284856
STX11,4481.0,0.457080677,192.0,0.002538,0.396823497
STX3,5058.0,0.403902965,547.0,1.284764,0.522921382
STX7,14891.0,0.417568039,327.0,0.758301,-0.08937156
STX8,107.0,0.378438911,150.0,0.111986,-0.102440911
SUCLG1,223.0,0.43877655,193.0,0.147115,0.156190547
SUFU,3380.0,0.361614756,191.0,0.13738,-0.122304682
SUMF1,999.0,0.37076871,37.0,0.465854,-0.34525952
SUPT4H1,1112.0,0.438747077,103.0,0.209416,0.047248906
SURF2,1720.0,0.440503417,48.0,-1.986949,-0.295845702
SURF4,2281.0,0.385472445,476.0,0.259614,-0.08931589
SURF6,4908.0,0.42467207,78.0,-1.360127,-0.043366415
SYTL1,80.0,0.364244725,197.0,-1.102553,-0.067684607
TACC3,165.0,0.385699108,155.0,-0.420907,-0.197940584
TADA2B,3064.0,0.464060586,151.0,0.307298,0.472439803
TAF12,689.0,0.435926756,522.0,-0.608181,0.107967025
TAP2,5256.0,0.374969764,175.0,-0.98004,-0.666750939
TATDN2,2040.0,0.415810908,581.0,-0.335318,-1.488566997
TBC1D20,3109.0,0.435441414,148.0,0.125986,-0.108787082
TBC1D9B,1396.0,0.395340616,37.0,-0.287143,-0.047811849
TBCC,556.0,0.434161456,73.0,-0.085302,-0.144606329
TCEAL3,260.0,0.368171822,262.0,0.443514,0.625067638
TCEAL4,3020.0,0.432120515,489.0,1.792134,1.689145651
TCOF1,1640.0,0.41523122,108.0,-0.598683,0.100347672
TDP1,1721.0,0.418036689,317.0,0.566877,0.428945212
TDRD7,242.0,0.375852104,234.0,0.654899,0.192815827
TDRKH,973.0,0.419795099,182.0,-0.698911,-0.433704006
TEP1,2777.0,0.379550228,40.0,-0.218042,-0.153920295
TFE3,1431.0,0.379068139,541.0,-0.456802,0.149925654
TFEB,621.0,0.429366592,302.0,-1.069597,0.165625447
THADA,112.0,0.415199561,352.0,0.313721,-0.032460408
THBD,2144.0,0.448063145,160.0,0.609108,0.376534655
THUMPD1,2715.0,0.455087735,225.0,0.776187,0.048618899
THYN1,205.0,0.377954149,484.0,-0.805608,-0.001886689
TIMM50,3932.0,0.424829064,722.0,-0.341604,-0.066272311
TIMM8B,2046.0,0.447942532,30.0,-1.414203,-0.456500343
TK2,3965.0,0.360054507,593.0,-0.223994,0.228808115
TLE1,571.0,0.374791795,1295.0,-0.145528,0.295471308
TM9SF2,2020.0,0.372522209,233.0,0.901032,-0.131692786
TMED3,1710.0,0.439016102,188.0,-0.120662,-0.553101762
TMED9,708.0,0.44685712,67.0,-0.857659,-0.285055657
TMEM126A,52.0,0.406087664,295.0,-0.589236,0.18048524
TMEM199,2431.0,0.370998168,90.0,0.355315,-0.482570388
TMEM63A,1407.0,0.385482014,622.0,-0.364421,-0.326102175
TMOD1,2050.0,0.392927141,213.0,-0.792439,0.452775562
TMSB10,278.0,0.470652003,95.0,-0.736699,0.352481559
TNFAIP2,2079.0,0.44214387,131.0,-0.38873,-0.113644911
TNFAIP3,1995.0,0.416242917,370.0,-0.090023,0.122451148
TNFAIP8L2,497.0,0.440670719,126.0,0.730066,0.044829868
TNIP1,770.0,0.448321216,241.0,-0.313902,0.119818722
TNK2,822.0,0.420245651,543.0,-0.700705,-0.010031335
TNPO2,2070.0,0.408799881,358.0,-0.303002,-0.207397563
TNRC18,1316.0,0.449521205,349.0,-0.604518,0.018396671
TOMM5,518.0,0.441712708,107.0,0.083898,-0.33849779
TOP2A,1003.0,0.364102812,159.0,0.830792,-0.232257189
TOR1A,3160.0,0.446121485,77.0,0.445665,-0.190448803
TPD52L2,1600.0,0.385071878,138.0,-0.606802,-0.291299021
TPI1,620.0,0.479135356,527.0,-1.542214,-0.475009934
TPM1,757.0,0.403626605,257.0,-0.547171,0.032109289
TRAF1,7433.0,0.438949906,572.0,-1.327105,-0.439659518
TRAF3,5716.0,0.386659664,353.0,-0.509663,-0.081282759
TRAF6,6100.0,0.426668941,381.0,0.513394,0.103782462
TRAPPC3,634.0,0.441060625,519.0,-0.674241,-0.149531387
TRAPPC5,42.0,0.453352607,241.0,-0.024656,-0.082593879
TRAPPC6B,2539.0,0.437369008,335.0,0.561808,0.045101246
TRAPPC9,3079.0,0.431357199,134.0,0.376191,0.066563056
TRIM11,3522.0,0.453298916,255.0,-1.880005,-0.316693151
TRIM13,5308.0,0.419190719,763.0,0.656306,0.171369145
TRIM14,3117.0,0.369225689,165.0,1.396465,0.841810484
TRIM22,1215.0,0.424423711,379.0,-0.96101,-0.139226449
TRIM26,1431.0,0.384319522,565.0,0.108757,-0.178228408
TRIM27,2956.0,0.441704825,359.0,0.203786,-0.186290959
TRIM41,1657.0,0.454716896,737.0,-0.240006,0.73678036
TRIM5,2312.0,0.426412011,303.0,0.331693,0.255672142
TRIP12,3739.0,0.40441217,297.0,0.518612,0.086253015
TRIP13,2852.0,0.433721983,145.0,0.532058,-0.563857354
TRMT5,3660.0,0.405137655,572.0,0.144019,0.123222068
TRUB2,4655.0,0.434714666,759.0,-0.290763,-0.223180917
TSFM,1390.0,0.429356434,57.0,0.132744,0.089707837
TSPAN14,15147.0,0.398868986,305.0,0.095614,0.072338749
TSPYL1,7303.0,0.373212405,287.0,0.490511,0.210643053
TSR2,1366.0,0.464925113,443.0,-0.829771,0.241297691
TTC39C,3394.0,0.378954091,452.0,1.214096,0.310169997
TTC7A,2213.0,0.393400181,1272.0,-0.396994,0.251084438
TTPAL,5319.0,0.425556123,145.0,-0.563312,-0.199203207
TUBA1C,110.0,0.451729991,576.0,-0.434705,-0.301755157
TUBA4A,644.0,0.402818439,556.0,-2.512121,-1.116242695
TUBB,1030.0,0.390058461,509.0,-0.228878,-0.31132807
TUBB6,2302.0,0.468445054,1139.0,-1.65746,-0.040620297
TUBGCP4,1934.0,0.368175973,296.0,0.609016,0.187864535
TUSC1,1294.0,0.429789613,537.0,0.513654,0.481459429
TXNL4A,3129.0,0.472736328,466.0,0.18506,0.170643073
TYMP,18.0,0.429537249,376.0,-2.323403,-0.498730763
TYMS,581.0,0.364557025,159.0,0.490418,-0.177613014
TYROBP,168.0,0.417048036,81.0,0.133034,0.059220107
UBAP2L,353.0,0.367068802,167.0,0.514541,-0.0588242
UBE2B,4002.0,0.405496028,420.0,0.457146,0.228864414
UBE2E1,1034.0,0.417917446,229.0,0.468517,-0.16527063
UBE2L3,2365.0,0.455573936,198.0,-0.082181,-0.431412561
UBE2L6,703.0,0.431638779,653.0,-0.031005,-0.229020012
UBE4B,1283.0,0.418913915,688.0,-0.393825,-0.306708346
UBIAD1,2303.0,0.446280173,334.0,-0.092776,-0.554035187
UBR4,797.0,0.387393976,4.0,-0.491974,-0.242376712
UBTF,2209.0,0.400105612,296.0,-0.396737,0.166876086
UBXN1,220.0,0.422601268,194.0,-1.418968,0.151440706
UCK2,4043.0,0.447469338,640.0,-0.897508,-0.277348166
UGGT1,5935.0,0.374564832,178.0,0.883519,0.132822225
UHRF1BP1,5130.0,0.373569339,234.0,0.760142,0.240427971
UNC45A,377.0,0.475530537,1022.0,-0.882343,-0.151085528
UNG,1024.0,0.368897526,209.0,0.079966,-0.203220569
UNK,1388.0,0.447315534,42.0,-0.004085,0.165995649
UQCR11,4379.0,0.470309826,75.0,0.431886,-0.629818385
UQCRC1,129.0,0.462829321,45.0,-0.117777,-0.376530763
UQCRH,193.0,0.365128489,320.0,-1.325824,-0.799532549
UROD,171.0,0.391539164,133.0,-1.009804,-0.100133655
UROS,3849.0,0.422413435,266.0,-0.030574,-0.118560913
USP18,580.0,0.434940763,338.0,-0.796918,-0.70904891
USP39,571.0,0.39295741,223.0,0.345911,-0.070421324
UTP6,2466.0,0.429918331,83.0,-0.237905,-0.021015544
VAC14,489.0,0.396517204,827.0,-0.894597,-0.290188904
VAMP8,451.0,0.398153421,156.0,0.353059,0.015490842
VASP,824.0,0.388921088,342.0,-0.043779,0.082221493
VAT1,1456.0,0.406330787,120.0,-0.813614,0.065098266
VDAC3,475.0,0.440388181,210.0,0.325778,-0.354337367
VDR,3209.0,0.450036866,401.0,-0.138994,0.25163929
VGLL4,2489.0,0.432812067,506.0,0.174379,0.107028072
VIM,431.0,0.411136971,462.0,-0.762027,0.217924322
VPS28,291.0,0.476756313,109.0,-0.44697,0.298627774
VPS33B,559.0,0.447669729,583.0,-0.222303,-0.016102114
VPS39,2053.0,0.440628838,173.0,0.123555,0.126759562
VPS52,2870.0,0.393546356,887.0,0.195636,-0.018189922
WASF2,4090.0,0.365213822,245.0,-0.720352,0.256989328
WBP2,1040.0,0.392225719,515.0,0.177755,-0.090442219
WDFY2,7044.0,0.36603015,340.0,-0.284456,0.347249098
WDR1,1039.0,0.393247178,368.0,-0.257518,-0.166922208
WDR36,3619.0,0.40459335,117.0,0.318343,-0.016344732
WDR37,8068.0,0.365587877,173.0,-0.30006,-0.054259116
WDR4,293.0,0.380589271,581.0,-1.401074,-0.219801316
WDR47,1216.0,0.402106333,376.0,0.195172,-0.121365643
WDR48,1924.0,0.419028298,472.0,0.438088,0.148438843
WDR5,1979.0,0.401607191,171.0,-0.471625,-0.055299155
WDR54,97.0,0.394793766,128.0,-1.112196,-0.711329546
WDR61,197.0,0.411764619,310.0,-0.184533,-0.24534218
WDR77,4184.0,0.412330102,139.0,0.376331,-0.047130215
WDR91,4946.0,0.380864599,823.0,-0.72236,0.25057483
WDR92,2520.0,0.427217839,117.0,-0.002492,-0.076778656
YTHDF1,1279.0,0.384821843,294.0,-0.229814,-0.125696064
YTHDF3,3082.0,0.406652071,509.0,0.127815,-0.056095222
YY1,5192.0,0.440120149,480.0,0.314778,0.323129239
ZBED1,2221.0,0.457533868,282.0,-0.935795,0.163220852
ZBTB8OS,1087.0,0.406816332,276.0,-0.582995,-0.606163795
ZC3H12A,768.0,0.421626239,1056.0,-0.632715,0.276670837
ZC3H4,2169.0,0.436042942,38.0,-0.093161,0.13176237
ZCCHC2,2006.0,0.404185753,0.0,0.825317,-0.125315613
ZFP36L1,2846.0,0.395541595,976.0,-0.875688,0.023229508
ZMAT2,1942.0,0.460376067,101.0,-0.50488,0.047349258
ZMIZ2,4165.0,0.419562196,128.0,-0.319278,0.298393793
ZMYM3,1292.0,0.378831729,749.0,-0.384946,-0.156833853
ZNF207,13817.0,0.386696564,148.0,0.286903,0.262258826
ZNF414,113.0,0.422835658,118.0,0.076018,-0.317758985
ZNF511,243.0,0.452392726,55.0,-0.58679,0.35260113
ZNF516,4816.0,0.393186692,318.0,0.24306,0.465261551
ZNF622,1298.0,0.463753859,120.0,-0.383255,-0.187280238
ZNHIT2,49.0,0.440612513,85.0,0.133865,0.174389241
ZNHIT3,419.0,0.425204303,73.0,0.147404,-0.020789922
ZWINT,4585.0,0.411772707,37.0,-0.229499,-0.348909601
