,3prime,tAI,max_5_UTR_length,TCGA-C8-A12V,TCGA-C8-A12V.1
AAK1,17874.0,0.380718848,505.0,0.431566,0.132839339
AATF,207.0,0.367011205,251.0,-0.034575,0.381376706
ABCC1,1793.0,0.393368456,175.0,0.725105,0.27205349
ABCF3,5726.0,0.387768135,869.0,0.074652,-0.091839091
ABHD12,654.0,0.374654709,279.0,0.418009,-0.016210955
ABHD6,1639.0,0.384216096,505.0,0.402379,-0.613193601
ABR,2562.0,0.39474042,600.0,-0.247171,-0.135097828
ABT1,2092.0,0.423473096,40.0,0.334737,0.325076339
ACADVL,176.0,0.46877374,457.0,-0.078335,-0.154368458
ACBD6,155.0,0.433964845,621.0,-0.708379,-0.154997625
ACIN1,584.0,0.404933544,328.0,-0.006702,-0.045826329
ACO1,4661.0,0.37721508,227.0,0.184324,0.000698118
ACOT11,1220.0,0.392289045,176.0,1.323905,-0.332266545
ACOT9,4514.0,0.358892202,225.0,0.494325,0.374861864
ACP2,814.0,0.411581374,548.0,0.497199,-0.261936934
ACSF2,1484.0,0.405139059,501.0,-1.083636,-0.718356084
ACSL1,1530.0,0.417966714,990.0,-0.477808,-0.40043625
ACSL5,1022.0,0.380976548,307.0,1.737023,0.634898122
ACTB,613.0,0.469768794,192.0,0.353552,0.025940088
ACTL6A,452.0,0.409046191,387.0,-0.247686,-0.231288677
ACTR1A,3151.0,0.432463663,108.0,-0.045088,-0.108609376
ADA,312.0,0.444091501,440.0,1.308644,0.460235068
ADAMDEC1,715.0,0.41564171,547.0,5.245301,0.662447465
ADD1,1928.0,0.439806775,863.0,-0.563902,0.335307445
ADPRH,2067.0,0.380088169,541.0,1.079137,0.579727562
ADSSL1,320.0,0.393141878,776.0,-1.245625,-0.328047251
AGAP3,508.0,0.436856677,1584.0,0.01708,0.121685761
AHNAK,842.0,0.382138706,300.0,-1.2564,-0.637198233
AHSA1,225.0,0.374296292,431.0,0.021921,-0.035195167
AIF1,121.0,0.4069451,222.0,1.884956,0.591400042
AIFM2,1911.0,0.447982482,217.0,-1.04037,-0.220690809
AK1,1528.0,0.389481519,153.0,-1.505244,-0.76246674
AK2,2893.0,0.384271636,345.0,-0.051735,-0.215963081
AKR1C2,3804.0,0.449591167,413.0,1.320103,-0.940022975
AKR7A2,10996.0,0.385600504,22.0,0.571149,0.023150588
ALDH18A1,838.0,0.380333742,511.0,0.038902,-0.013761586
ALDH3A2,2525.0,0.42484639,221.0,-0.087499,0.067912004
ALDH6A1,4647.0,0.38708374,724.0,-1.575354,-0.566557062
ALG1,2498.0,0.432230555,181.0,-0.22468,-0.246565546
ALG5,380.0,0.362014155,67.0,-0.327069,0.14278938
ALG9,4217.0,0.365461171,1107.0,-0.555794,-0.042046534
ALOX5AP,976.0,0.392577632,248.0,2.386367,0.879624366
AMBRA1,1041.0,0.36170155,362.0,0.181016,0.109208907
AMPD2,903.0,0.389224108,566.0,1.513352,0.770276654
AMPD3,1695.0,0.423686063,472.0,1.197843,0.546855468
ANAPC13,1361.0,0.393644021,731.0,-0.285615,0.094247818
ANAPC5,235.0,0.390209877,197.0,0.072801,-0.128658489
ANKLE2,1737.0,0.418251419,90.0,0.319348,-0.009639281
ANKRD16,135.0,0.465649334,543.0,-0.913101,-0.190042977
ANKRD35,249.0,0.402949835,108.0,-0.427997,-0.220776079
ANXA2,496.0,0.429738522,160.0,-0.557202,-0.450344761
ANXA5,1441.0,0.418050335,165.0,-0.225064,-0.14572094
AP1B1,1153.0,0.424070668,187.0,0.455024,0.054060492
AP1M1,914.0,0.463388599,173.0,0.134816,0.088988688
APIP,427.0,0.433104693,127.0,0.296294,0.132772028
APOBEC3B,339.0,0.43450554,55.0,-1.950127,-0.232554838
APOBEC3C,1979.0,0.381716897,103.0,2.218615,0.934870822
APOBEC3G,322.0,0.410940579,404.0,3.046636,1.823672996
APOL2,1195.0,0.42932248,477.0,1.67109,1.258448259
ARF6,2971.0,0.462806813,621.0,0.316456,0.014711009
ARFIP2,2430.0,0.403729309,291.0,-1.368645,-0.797518756
ARHGAP17,2624.0,0.371011524,117.0,0.476018,0.353797719
ARHGAP30,773.0,0.384451823,645.0,2.319746,1.056863701
ARHGEF10,1378.0,0.370244255,202.0,1.175345,0.422818366
ARID2,3145.0,0.362288628,128.0,-0.89584,-0.280641099
ARID3A,3881.0,0.411693449,290.0,0.149445,0.540208429
ARIH2,3112.0,0.397061561,878.0,-0.105121,0.144298287
ARL8A,1065.0,0.409602486,171.0,0.043439,0.279730993
ARRB1,6041.0,0.39512759,224.0,-0.058252,-0.026028372
ASF1B,950.0,0.395794233,172.0,0.704023,0.211693753
ASS1,1357.0,0.394201053,356.0,-1.303449,-1.085458933
ATPAF1,3039.0,0.439253133,510.0,-0.125631,-0.465655337
ATRIP,162.0,0.417082642,462.0,-0.605986,0.272593828
AXL,1863.0,0.417061167,376.0,0.859127,0.52670397
B4GALT7,4483.0,0.433879574,93.0,-0.495318,-0.041040117
BAG1,2764.0,0.431693656,501.0,-0.938831,-0.517863918
BAG3,537.0,0.387438444,306.0,-0.509366,-0.592121303
BASP1,971.0,0.520859146,259.0,-0.117806,0.009942018
BBS7,1531.0,0.408023089,184.0,-0.245903,-0.309813184
BCAT2,364.0,0.445598481,657.0,-0.075725,-0.309557609
BCKDHB,3082.0,0.419736544,88.0,-0.070331,0.208056535
BCL2,5279.0,0.374049285,493.0,-0.852219,-0.312931139
BCL2L13,4109.0,0.411790332,769.0,0.186424,0.109718593
BID,4193.0,0.428633517,498.0,0.408948,0.207640515
BLVRA,3376.0,0.414260839,177.0,-0.484857,-0.335477153
BOLA2,40.0,0.43059393,513.0,0.031166,-0.27811657
BOLA3,383.0,0.406657227,38.0,-0.097611,-0.089341188
BRD2,787.0,0.377809737,2066.0,0.13907,0.201316115
BRD3,3285.0,0.401150236,188.0,-0.66531,-0.108583155
BSPRY,1091.0,0.380011644,48.0,-1.431059,-0.862670023
BST2,411.0,0.444557266,81.0,1.741643,0.735706855
BUB3,1535.0,0.421992618,242.0,0.078062,-0.064614492
C1QB,152.0,0.436596666,340.0,2.618334,0.858979571
C1QC,327.0,0.41150294,283.0,2.579473,1.157201408
C3,5088.0,0.430632158,93.0,0.474627,0.181546388
CAP1,1134.0,0.406948565,416.0,0.446547,0.249224609
CAPN1,720.0,0.455130071,197.0,0.321407,0.138093895
CAPRIN1,5632.0,0.374918508,189.0,0.837478,0.104568984
CAPZB,5180.0,0.446052528,622.0,0.241398,0.196778514
CARD16,437.0,0.41300235,27.0,2.261942,0.676566546
CARHSP1,4898.0,0.362100245,360.0,-0.533576,-0.391150558
CASC3,1778.0,0.370720542,295.0,-0.310749,0.033019026
CASP1,750.0,0.424742838,44.0,1.938753,0.932157137
CASP8,1794.0,0.376118708,303.0,0.818825,-0.153897762
CAT,629.0,0.397270122,89.0,-0.020929,0.519690771
CBL,8368.0,0.375957197,142.0,0.006775,0.353029375
CBLL1,3286.0,0.400851504,467.0,-0.012155,0.043720042
CBR3,54.0,0.445176236,228.0,0.604166,-0.219222805
CBS,4385.0,0.477784031,626.0,2.696757,0.376638608
CBX5,10815.0,0.390902295,318.0,-0.758309,-0.559956279
CBX8,2504.0,0.36735217,118.0,0.421323,-0.150967379
CCDC115,2169.0,0.385110507,452.0,0.207922,-0.113465136
CCDC125,2554.0,0.359965106,322.0,-1.107002,-1.333556695
CCDC58,2462.0,0.421830022,75.0,0.000232,-0.149801833
CCDC88C,1302.0,0.396031427,154.0,0.255674,0.090617834
CCL5,886.0,0.462166288,68.0,4.282617,1.147295328
CCNA2,1206.0,0.409154498,373.0,0.384028,-0.494920178
CCNB2,168.0,0.374401461,184.0,0.56778,-0.166429074
CCNDBP1,2336.0,0.44393643,231.0,-0.296932,0.016895593
CCS,4244.0,0.460896681,43.0,-0.052825,0.029584708
CCT3,238.0,0.457984718,231.0,-0.190702,-0.335172668
CCT4,1361.0,0.393363555,164.0,0.09235,-0.260212968
CD14,128.0,0.416321757,392.0,1.982478,1.186373308
CD209,3046.0,0.440000747,67.0,2.703662,1.279427596
CD36,2894.0,0.410517795,414.0,-1.780646,-0.675076633
CD40,982.0,0.429065654,90.0,2.110755,1.281773426
CD44,3115.0,0.39995987,434.0,1.258801,1.168349704
CD63,923.0,0.512738356,403.0,-0.648409,-0.661830496
CD74,635.0,0.427357309,187.0,2.23105,1.152722997
CDC25C,437.0,0.364786128,387.0,0.075147,-0.447907816
CDC26,271.0,0.395637029,359.0,0.016815,-0.169428286
CDC34,560.0,0.46431386,199.0,0.501091,-0.012679307
CDC42EP3,3941.0,0.420378821,1009.0,1.525995,0.315926842
CDCA3,816.0,0.351209268,820.0,0.234151,-0.23148839
CDCA8,1353.0,0.384295288,290.0,2.147432,0.17497612
CDIPT,1864.0,0.442654716,541.0,-0.379914,-0.112738263
CDK1,2313.0,0.398329505,154.0,-0.475896,-0.471382526
CDK19,4557.0,0.421511824,180.0,0.051706,0.256610641
CDK2AP1,766.0,0.439144625,522.0,0.834746,0.033204834
CDK5RAP2,367.0,0.371069462,192.0,-0.657293,-0.294669366
CDK5RAP3,284.0,0.469750898,1791.0,-0.430655,-0.130806478
CDKAL1,1365.0,0.417875209,167.0,1.045151,0.148125632
CDKN2AIPNL,3639.0,0.409801696,53.0,-0.656685,0.219812407
CDKN2C,2247.0,0.381912025,1216.0,0.410834,0.462764334
CENPH,1478.0,0.418392258,87.0,-0.579557,-0.150070686
CENPV,301.0,0.385948267,62.0,0.436871,-0.092778838
CEP55,939.0,0.397841874,304.0,0.944739,-0.115004056
CETN2,868.0,0.433727498,47.0,-0.386856,-0.274660724
CFL1,677.0,0.502791,234.0,-0.001846,-0.006482635
CHAC2,786.0,0.395629742,277.0,1.137731,0.56456829
CHCHD4,3528.0,0.445497334,326.0,0.061748,-0.230238473
CHMP4A,296.0,0.447100154,262.0,0.359123,0.180821596
CHMP5,1241.0,0.442987983,200.0,-0.370179,-0.235281485
CHMP6,980.0,0.489861105,78.0,0.737576,0.378891188
CIAPIN1,1024.0,0.451663323,242.0,0.057153,-0.191543386
CISD2,5376.0,0.433298698,107.0,0.620719,0.254237358
CKAP4,2872.0,0.386259817,84.0,0.108094,-0.288009386
CKS2,300.0,0.317949998,98.0,0.43831,-0.150427333
CLCC1,5185.0,0.369704467,150.0,0.733713,0.372176395
CLCN7,1698.0,0.459147749,110.0,0.304439,0.234622757
CLIC1,290.0,0.4571302,573.0,0.399898,0.025172668
CLK3,1233.0,0.4268607,461.0,0.00053,0.399944501
CLPTM1,458.0,0.383990827,351.0,0.296366,0.15469668
CLTA,288.0,0.450950874,514.0,0.299623,0.041521965
CLTB,319.0,0.48548545,210.0,0.00846,0.033824005
CLTC,3104.0,0.384957863,443.0,-0.53168,-0.152940105
CNBP,6850.0,0.433298698,206.0,0.141943,0.15559282
CNPY2,123.0,0.392778455,553.0,-0.057899,-0.142711213
CNPY3,1042.0,0.459231502,584.0,0.449862,0.402156702
COG3,1967.0,0.414689223,142.0,-0.417121,-0.353350655
COMMD1,306.0,0.423842833,138.0,0.126036,0.169477522
COMMD3,431.0,0.360487018,35.0,0.399451,0.17462599
COMMD5,498.0,0.445713337,399.0,0.139751,0.220705783
COMMD6,1375.0,0.396967837,328.0,-0.291852,0.023974072
COMMD9,2340.0,0.418062772,89.0,0.646749,0.079034945
COPB1,446.0,0.381738818,307.0,0.059504,-0.138244629
COPE,165.0,0.478760693,55.0,-0.119923,-0.247369827
COQ6,671.0,0.374062527,159.0,-1.000096,-0.084321027
COQ7,5700.0,0.42379098,133.0,-1.317021,-0.182961341
CORO1A,112.0,0.457388252,435.0,2.612055,1.075305086
COX17,1735.0,0.484254073,86.0,-0.510784,-0.510313332
COX5A,860.0,0.429944966,140.0,0.156077,-0.463053219
COX7A2,302.0,0.441893926,98.0,-0.645073,-0.242909366
CPM,5262.0,0.406054343,75.0,0.745822,0.410069722
CPSF4,923.0,0.452412439,277.0,0.546501,0.120291042
CPT1A,2761.0,0.374132033,170.0,-1.114533,-0.613090823
CPT2,602.0,0.431256564,515.0,-0.07402,-0.099755247
CRCP,8457.0,0.390198146,145.0,-0.385228,-0.455685151
CRKL,3904.0,0.422225684,509.0,0.349117,0.203163689
CRTAP,5601.0,0.446308827,120.0,-0.468146,-0.121620538
CRTC3,3205.0,0.355982524,186.0,-0.224734,0.231241806
CRY2,2337.0,0.383442872,132.0,0.309016,0.117285775
CRYL1,462.0,0.386242786,79.0,0.016851,0.518610286
CSRP1,1183.0,0.493833101,217.0,-0.13327,-0.541302586
CST3,2762.0,0.475763324,186.0,0.417758,0.134676245
CSTF2,1931.0,0.372934478,58.0,0.112327,0.076861996
CTBP1,800.0,0.464034004,393.0,-0.190429,-0.03296766
CTNNA1,1216.0,0.412513324,1103.0,-0.750669,-0.155382892
CTNNB1,1106.0,0.432073699,448.0,-0.266499,0.266397348
CTNNBIP1,2448.0,0.394834327,307.0,-0.132315,-0.287751091
CTPS2,1870.0,0.416273085,744.0,-0.694082,-0.542639762
CTSG,119.0,0.369503415,37.0,-5.574384,-0.324529831
CTSH,1072.0,0.446467856,1192.0,0.443603,-0.478592143
CUEDC1,2047.0,0.374410739,719.0,-1.163146,-0.420621524
CUX1,1040.0,0.395555213,127.0,-0.241443,0.030144963
CXCL10,814.0,0.410287201,105.0,3.898293,1.068536447
CXCL9,2323.0,0.403736618,74.0,4.356664,0.360325317
CYBB,2544.0,0.418993019,61.0,2.736335,1.340600574
CYP2S1,1051.0,0.420869286,58.0,1.658077,1.100480075
CYTH4,1837.0,0.406296106,377.0,2.151289,0.827713162
DAB2,1757.0,0.368483127,531.0,0.548671,0.349731226
DAGLB,721.0,0.377719723,170.0,0.482541,0.456861326
DAP3,768.0,0.366492687,184.0,0.098968,-0.255912204
DAPP1,2082.0,0.348655603,90.0,1.525644,0.707164572
DBI,233.0,0.467027529,479.0,-0.067727,-0.567199274
DCAF8,1877.0,0.380310979,212.0,-0.606819,-0.427877384
DCP1A,4153.0,0.411936399,381.0,-0.124143,-0.100950471
DCPS,4731.0,0.375605648,329.0,0.581168,0.584877626
DCTN5,10597.0,0.443116252,177.0,-0.138206,-0.093034892
DDAH2,653.0,0.361046801,1104.0,-0.542843,-0.179680648
DDB2,1223.0,0.43604051,195.0,0.119828,0.301350261
DDX23,713.0,0.445931172,91.0,-0.081425,0.037423206
DDX31,1870.0,0.361830896,544.0,-0.407776,-0.01279636
DDX47,438.0,0.379294484,22.0,-0.320394,0.1435062
DDX54,1704.0,0.467316231,28.0,-0.367084,0.025812852
DDX56,586.0,0.438032149,643.0,0.573469,0.415240948
DDX59,217.0,0.413095257,243.0,0.044116,-0.020784461
DHODH,3463.0,0.371608285,21.0,-0.658582,-0.213601935
DHPS,121.0,0.474111752,121.0,-0.574057,-0.467816187
DHX15,459.0,0.379133957,168.0,-0.339216,-0.19714111
DHX34,591.0,0.384465978,349.0,0.84758,0.415344495
DHX58,357.0,0.440330409,223.0,0.877238,0.201809263
DIABLO,719.0,0.425893605,1182.0,0.011233,0.010268001
DMAP1,63.0,0.471306,301.0,0.012438,-0.037139612
DMXL2,1274.0,0.389901613,225.0,0.374868,0.417481097
DNAJA4,1736.0,0.398301408,169.0,-0.621081,-0.660098509
DNAJC19,1326.0,0.403482491,259.0,-0.763386,-0.555840369
DNAJC25,1212.0,0.430964931,56.0,-0.52884,0.747033724
DNAJC8,969.0,0.416719859,33.0,-0.073231,0.184587492
DNM1,1255.0,0.393835111,116.0,0.163197,-0.092472418
DNTTIP2,3564.0,0.408096853,58.0,1.008543,0.180290269
DOCK11,3681.0,0.373818855,63.0,1.19406,0.631728057
DOCK2,524.0,0.446250827,52.0,2.268558,1.011243141
DOK2,438.0,0.384043737,481.0,2.819894,0.977114678
DPCD,197.0,0.459155016,389.0,-1.452186,-0.954534122
DPF2,2501.0,0.393394442,133.0,0.50037,-0.117894746
DPH1,1310.0,0.448716064,341.0,-0.257369,-0.126967945
DPH5,784.0,0.413363166,165.0,0.874594,0.311737927
DPY30,562.0,0.438431353,279.0,0.149483,0.072614754
DPYSL2,2472.0,0.430530829,431.0,0.62186,0.148203296
DRAP1,142.0,0.432809908,245.0,0.356836,0.28601161
DRG1,4594.0,0.444150091,131.0,0.506738,-0.049547468
DSN1,5330.0,0.392894937,373.0,1.074661,0.108492813
DSTN,2786.0,0.375776803,438.0,-0.93493,-0.706039032
DTL,2265.0,0.372315747,921.0,0.753854,-0.162113968
DTX3L,3456.0,0.408848169,89.0,1.352296,0.407608902
DUSP12,374.0,0.419884133,34.0,0.052485,-0.048581993
DUT,1937.0,0.36471409,109.0,-0.460555,-0.193847481
DYNLT1,514.0,0.420362019,78.0,-0.240737,-0.008482529
EBAG9,1437.0,0.39438748,402.0,-0.353501,-0.073174612
ECH1,191.0,0.389477111,85.0,-0.632993,-0.383628131
ECHDC2,2269.0,0.400166641,752.0,-0.211398,-0.556785042
ECM1,322.0,0.43792189,199.0,-2.119534,-0.387567697
EDEM2,76.0,0.379021051,100.0,1.447417,0.358724063
EEA1,5374.0,0.405861636,265.0,-1.359735,-0.211058658
EEF1A2,286.0,0.417272363,329.0,-6.732849,-1.367763031
EFTUD2,1331.0,0.444646836,398.0,0.193301,-0.087103161
EHD1,3363.0,0.446314898,447.0,1.099723,0.337859199
EIF2AK2,8063.0,0.394727306,557.0,1.457765,0.569288531
EIF2B3,1058.0,0.383118637,239.0,0.122866,0.08957537
EIF3F,5840.0,0.435728237,33.0,-0.395032,0.085593075
EIF3L,1718.0,0.380710116,245.0,0.001383,0.157185658
EIF4A3,1120.0,0.381528282,222.0,0.727275,0.127642011
ELAVL1,4910.0,0.437605432,167.0,0.121253,0.01885491
EMG1,248.0,0.433768095,143.0,-0.556281,-0.037167017
EMILIN2,2605.0,0.379592019,159.0,1.226065,0.512889035
ENDOD1,7728.0,0.376426787,118.0,-0.256528,-0.265823979
ENOSF1,2904.0,0.382279782,622.0,-0.220433,-0.535044012
ENY2,2576.0,0.41756619,146.0,-0.088121,-0.297694013
EPSTI1,2106.0,0.391777705,469.0,2.96053,1.433655532
ERCC1,2342.0,0.45058755,188.0,0.143588,-0.116126694
ERCC6L,4809.0,0.354829683,623.0,1.143003,0.272520561
ERH,415.0,0.383837906,71.0,-0.171473,-0.331671152
ERLIN1,2041.0,0.444737514,478.0,-0.014752,0.306038351
ERP29,1277.0,0.401191178,118.0,0.021092,-0.023036432
ETV6,4356.0,0.398240844,274.0,0.740288,0.435032555
EXOC4,1232.0,0.388187525,35.0,-0.22579,-0.051361148
EXOC8,6907.0,0.436106501,127.0,0.552534,-0.014862647
EXOSC1,536.0,0.430105347,451.0,-0.049422,-0.088305581
EXOSC2,3902.0,0.431273517,32.0,-0.102579,-0.110671986
F8A1,571.0,0.46317284,15.0,1.098115,0.152601551
FAAH,2043.0,0.384592892,82.0,-2.442373,-0.957193127
FAF1,4425.0,0.401181969,453.0,0.170124,0.236181333
FAM122A,4542.0,0.40477622,33.0,-0.178625,-0.402823746
FAM168A,6285.0,0.395008865,285.0,-0.34687,0.070927459
FAM177A1,2165.0,0.411149627,459.0,-0.642749,-0.287879652
FAM192A,1824.0,0.379195199,1475.0,0.026673,0.045762321
FAM20B,4428.0,0.4357945,293.0,-0.807729,-0.102602278
FAM32A,1091.0,0.408676074,42.0,0.387427,0.331556369
FAM50A,286.0,0.482889735,110.0,0.796282,0.47954064
FBP1,248.0,0.397353747,331.0,-1.875826,-0.304440624
FBXL20,9338.0,0.383104745,254.0,-0.364809,-0.331102074
FBXO4,526.0,0.393825218,58.0,-1.082427,-0.170766715
FBXO6,503.0,0.42307306,166.0,1.481649,0.779454165
FCER1G,305.0,0.4202976,25.0,1.951258,1.898505294
FCGRT,309.0,0.433069976,486.0,0.340852,0.204793878
FCHO1,270.0,0.372951657,283.0,3.55681,0.620147891
FDPS,72.0,0.456397562,392.0,-0.425107,-0.524744685
FDXR,596.0,0.384661194,188.0,0.287909,-0.333862671
FEN1,1340.0,0.407867196,413.0,0.740746,0.347994672
FERMT3,399.0,0.435119014,149.0,2.182036,0.889953288
FGD2,907.0,0.441856308,171.0,2.3874,0.812551029
FGFR1OP2,1663.0,0.396595515,353.0,0.107639,0.019498277
FGL2,3460.0,0.40966218,40.0,2.03659,1.188248358
FKBP1A,1132.0,0.428443098,174.0,1.018879,0.369333474
FKBPL,24.0,0.377510344,270.0,0.699,0.078531688
FLOT1,422.0,0.472159534,339.0,-0.59215,-0.43488387
FN3K,442.0,0.389857108,61.0,1.073665,0.040225383
FN3KRP,3667.0,0.380720834,50.0,0.823235,0.314171037
FOXJ3,3176.0,0.401878681,312.0,0.343042,0.337040504
FOXK2,3108.0,0.440496276,171.0,0.95798,0.068405672
FOXRED1,443.0,0.438630908,167.0,-0.355982,0.191592288
FSCN1,1184.0,0.396100853,132.0,2.798905,1.212919515
FTH1,530.0,0.425357612,235.0,0.22256,-0.143242185
FTL,1031.0,0.428438948,199.0,0.703963,-0.143272663
FTSJ1,638.0,0.457521275,569.0,0.200684,-0.066410349
FTSJ3,698.0,0.388239396,646.0,-0.307913,-0.161860822
FXN,6365.0,0.40465004,220.0,0.36013,0.170958837
GABARAPL2,564.0,0.431291441,136.0,-0.025009,0.383186152
GABPB1,1320.0,0.423118524,469.0,0.073482,0.118517823
GALK1,292.0,0.455574511,63.0,1.547849,0.37524306
GANAB,989.0,0.425909644,1027.0,0.257019,-0.02172675
GAS6,315.0,0.393865445,183.0,-0.400044,-0.136956034
GAS7,6619.0,0.423630168,311.0,0.387017,0.205457817
GBE1,708.0,0.404013874,283.0,-0.733459,-0.306997184
GBP1,1735.0,0.42614962,220.0,2.830247,1.149880906
GBP2,5058.0,0.440134196,314.0,1.048564,0.499288883
GBP4,4106.0,0.42983554,116.0,2.732599,0.996814249
GBP5,1753.0,0.421901204,537.0,4.733961,1.274312859
GCH1,2011.0,0.419329122,161.0,1.182502,0.799783969
GFOD2,622.0,0.396604754,295.0,-0.383881,0.024699729
GGA2,5408.0,0.377812588,83.0,0.68362,-0.062686825
GGCX,5211.0,0.417836117,106.0,0.025238,-0.510530419
GIGYF1,2212.0,0.443456438,1210.0,-0.039274,0.034648977
GINS3,1415.0,0.387351931,208.0,0.607383,-0.228560896
GLA,1699.0,0.378726947,110.0,0.098158,-0.574446445
GLE1,1357.0,0.383457083,114.0,-0.332962,-0.023242165
GLRX,1188.0,0.430296645,211.0,1.905496,0.759612408
GLRX3,3557.0,0.41418463,539.0,0.614648,0.157803887
GLUD1,1558.0,0.392454008,1132.0,-1.098029,-0.537989139
GLYR1,2033.0,0.39940414,57.0,-0.158241,0.007888114
GMEB1,4582.0,0.43446142,142.0,-0.022376,0.072127278
GMPPA,198.0,0.434966364,375.0,0.362779,-0.041536521
GMPR,3984.0,0.435743929,114.0,1.883102,0.576595853
GMPR2,464.0,0.453637396,704.0,0.008564,-0.073026942
GNAI1,1947.0,0.435804474,356.0,1.07003,0.713879501
GNG7,3803.0,0.398730372,237.0,0.606151,0.008438
GNPDA1,1360.0,0.395964134,67.0,0.483254,0.10489234
GOLGA2,1243.0,0.401070546,13.0,-0.699557,-0.508899453
GON4L,926.0,0.418089888,175.0,-0.344561,-0.46378379
GOSR1,5968.0,0.408103421,237.0,-0.315024,-0.063216119
GOSR2,3258.0,0.374298057,541.0,0.057668,-0.027316766
GOT2,1054.0,0.444803236,129.0,-0.105938,-0.228778347
GPS2,97.0,0.431122181,76.0,0.190262,0.394807704
GPSM2,4697.0,0.401967226,496.0,0.76137,0.675329913
GPX7,626.0,0.395840774,39.0,1.388478,0.23493762
GRAMD1A,299.0,0.411657297,748.0,-0.04662,-0.136496167
GRB2,2292.0,0.4413596,358.0,0.349363,0.171572033
GSTM4,2467.0,0.390909061,314.0,-0.19998,-0.463074593
GTF2A2,1070.0,0.420716795,404.0,-0.342942,0.39558385
GTF2E2,604.0,0.365750105,273.0,0.753331,0.359078496
GTF3C2,932.0,0.372227001,397.0,0.912714,-0.123881779
GTPBP1,2894.0,0.424954603,154.0,0.620823,0.085295195
GTPBP3,1032.0,0.436547413,95.0,0.533427,0.06818922
GTSE1,680.0,0.368527868,212.0,1.353766,0.247003578
HADH,818.0,0.383558671,219.0,-0.704127,-0.383258232
HADHA,615.0,0.383558671,130.0,0.045257,-0.084492609
HAUS5,3319.0,0.378752573,51.0,-0.233093,0.22238724
HAUS8,346.0,0.37535995,111.0,0.817299,0.581162788
HCCS,1274.0,0.398607648,275.0,0.541344,0.261999554
HCK,337.0,0.440224323,364.0,2.3727,1.250836744
HDAC1,591.0,0.390040122,63.0,-0.24969,0.256343863
HDDC3,763.0,0.387287166,29.0,-1.019961,-0.272563582
HDGF,1342.0,0.465394593,322.0,0.325257,-0.101676995
HDLBP,2343.0,0.397687311,375.0,0.330533,-0.033001215
HEATR3,1385.0,0.384091545,883.0,0.145274,-0.100467451
HEBP2,9119.0,0.359416339,297.0,-1.147068,-0.61819444
HECA,3704.0,0.443714129,285.0,0.416115,0.20946574
HECTD3,3914.0,0.446742268,98.0,0.106816,0.14412458
HERC2,726.0,0.429958504,109.0,-0.090942,0.112617405
HERC5,379.0,0.393838904,153.0,2.655995,0.536072701
HERC6,651.0,0.398146132,183.0,2.076264,0.442912563
HIP1,4874.0,0.430847644,52.0,-0.263516,-0.120732154
HLA-A,4150.0,0.424443523,84.0,2.111153,-1.171559296
HLA-C,420.0,0.421684519,65.0,1.269741,0.263330858
HLA-DRA,409.0,0.420807891,109.0,2.233451,1.246485993
HLA-E,1459.0,0.413523771,126.0,1.645428,0.695403664
HLA-F,121.0,0.407256461,124.0,2.337567,1.045879954
HMBOX1,3560.0,0.369177113,482.0,0.123093,0.39042326
HMBS,266.0,0.451934812,299.0,0.019301,0.128275468
HMGB2,3775.0,0.450826504,193.0,0.095448,0.352526603
HMGCS1,3661.0,0.374424323,345.0,-1.294088,-0.75359757
HMOX1,616.0,0.436401717,107.0,1.174143,0.850740991
HNRNPA0,7504.0,0.386421138,284.0,-0.306897,-0.143006966
HNRNPD,1688.0,0.420386111,318.0,-0.088335,-0.113969059
HNRNPL,1102.0,0.449817015,176.0,-0.187897,-0.193147918
HNRNPU,4156.0,0.432126199,218.0,0.033364,-0.131167098
HNRNPUL1,2135.0,0.394022965,339.0,0.305208,0.10879227
HNRNPUL2,2674.0,0.436897081,229.0,0.304468,0.195865137
HSBP1,3274.0,0.4454546,174.0,-0.093082,-0.225831029
HSD11B1,4482.0,0.426649415,154.0,1.326063,0.870898254
HSD17B7,398.0,0.431983247,99.0,-0.797671,-0.52945152
HSP90AB1,313.0,0.39509298,251.0,0.054124,-0.451752716
HSPA1L,428.0,0.464100714,183.0,-0.148701,0.000315836
HSPA4L,7877.0,0.413794867,342.0,-2.774292,-1.014554448
HSPB11,107.0,0.34538245,284.0,0.181574,-0.604876628
HTRA2,571.0,0.421976635,602.0,-0.006204,-0.015084824
HTT,3901.0,0.373695076,145.0,-0.329477,0.051749498
HUS1,2068.0,0.374612864,131.0,0.441462,0.125093132
HYI,310.0,0.378597605,196.0,0.048158,-0.226775015
HYOU1,1409.0,0.403839016,234.0,0.992259,0.415312911
ICAM1,1537.0,0.426062071,319.0,2.016913,1.17168631
IER3IP1,3342.0,0.438740024,97.0,-0.836935,0.25966686
IFI16,254.0,0.415211655,290.0,1.189122,0.743195094
IFI30,213.0,0.431523306,62.0,1.966621,0.511749826
IFI35,160.0,0.418462024,223.0,1.332696,0.783536315
IFI44,267.0,0.403888008,124.0,3.00611,1.521388397
IFI44L,5058.0,0.403608012,200.0,3.307415,1.631815163
IFIH1,121.0,0.412344512,377.0,2.864067,1.102382335
IFIT1,2775.0,0.411248073,495.0,2.33824,0.868341225
IFIT2,1901.0,0.420797646,175.0,2.42342,0.939584909
IFIT3,843.0,0.417440574,529.0,2.553071,0.75311714
IFIT5,2354.0,0.414819429,231.0,0.90325,0.347852142
IFITM1,159.0,0.431550176,180.0,1.126707,0.023142462
IFT27,109.0,0.4030938,426.0,-0.339829,-0.695438301
IGFBP3,1605.0,0.43060006,132.0,1.756012,0.558512521
IGFBP7,558.0,0.392734536,34.0,-0.282063,-0.226097338
IKBKE,745.0,0.435100597,714.0,1.886547,1.163568634
IL16,3965.0,0.367979445,2395.0,1.699737,0.860055801
IL17RA,5874.0,0.376798811,133.0,0.739984,0.281834295
IL1RN,1145.0,0.411881061,408.0,0.900812,-0.283772238
IL4I1,16.0,0.4139018,621.0,3.588827,0.700340382
ILF2,656.0,0.426220446,239.0,0.896737,0.30715982
IMPA2,2898.0,0.383680893,242.0,0.832122,1.026750526
INO80,5209.0,0.374025479,351.0,-0.000724,0.298253172
INPP1,263.0,0.395712795,700.0,0.738669,0.294079931
INPP5D,1195.0,0.436077769,512.0,2.376799,1.071401926
INSR,4801.0,0.380857973,411.0,-0.4449,0.477840017
IPO5,2508.0,0.381335948,180.0,-0.574568,-0.319417362
IRF7,92.0,0.423538356,367.0,1.139639,0.148979319
IRF8,1327.0,0.384714127,507.0,2.004997,1.057503087
IRF9,369.0,0.432057622,127.0,0.812826,0.333742721
IRGQ,7659.0,0.399674011,156.0,0.437256,0.083623958
ISCU,607.0,0.454630229,1331.0,0.052392,-0.15565942
ISG15,62.0,0.419522688,77.0,2.961639,0.83822873
ISG20,952.0,0.419932377,2368.0,2.065353,1.069006803
ISOC1,1056.0,0.418535314,18.0,-0.50142,-0.627986328
ITGB2,415.0,0.457304004,395.0,2.134961,0.905838548
ITPKB,2981.0,0.440250717,340.0,1.353515,0.513381085
JUNB,496.0,0.414023332,276.0,0.247214,0.050111558
JUP,157.0,0.458302936,298.0,-1.425836,-0.378210757
KANK2,2291.0,0.394238955,361.0,-0.966832,-0.13570337
KARS,4202.0,0.383913431,144.0,0.938377,0.248090443
KDM1A,327.0,0.428444011,149.0,0.798251,-0.201951443
KDM2A,3716.0,0.372295488,864.0,0.52111,0.293534903
KDM2B,2488.0,0.393022165,407.0,0.894495,-0.097044519
KDM3B,1327.0,0.37791414,200.0,-0.317899,-0.069018867
KDM4A,1148.0,0.378142374,166.0,1.031454,0.145354539
KHSRP,1024.0,0.456900489,110.0,0.663291,0.229970954
KIAA2013,727.0,0.385456054,191.0,0.949527,0.028063601
KIF20A,757.0,0.371463873,496.0,0.498677,0.037894191
KIF22,75.0,0.392489541,388.0,-0.237532,0.003294321
KIF2C,588.0,0.387865377,395.0,1.292031,0.223317361
KIF3B,3792.0,0.390782105,180.0,0.391553,-0.21120863
KIF5B,3198.0,0.418236129,470.0,-0.486556,-0.176333315
KLHL7,3616.0,0.41595405,521.0,1.02389,0.599498265
KTI12,594.0,0.370414154,39.0,0.830861,0.158910103
LAMP1,1311.0,0.390985106,281.0,0.608026,-0.420005163
LANCL2,2422.0,0.433733517,578.0,1.192789,0.10324421
LAP3,503.0,0.426841798,162.0,1.388513,0.930935693
LDHD,1826.0,0.398770776,52.0,-1.11407,-0.144229784
LENG1,560.0,0.445950324,48.0,0.043333,0.223809568
LGALS3,159.0,0.420172221,88.0,-0.487413,-0.147228783
LGALS3BP,1225.0,0.419930622,179.0,1.610663,-0.401709668
LGALS9,641.0,0.410654931,118.0,2.319849,0.919899484
LIN54,4893.0,0.441729058,383.0,-0.109718,0.246250216
LPCAT1,2228.0,0.380803123,133.0,0.441688,0.318002146
LPXN,1776.0,0.432350833,254.0,2.036208,1.00445671
LRPPRC,2376.0,0.377375074,58.0,0.370556,-0.095466711
LRRC25,843.0,0.434491636,642.0,2.107048,0.966080471
LRRC41,465.0,0.438391248,44.0,0.509559,0.254104117
LRRC59,1755.0,0.423067849,236.0,-0.09794,-0.380675879
LSM1,486.0,0.409616526,410.0,0.300733,0.081623555
LSM6,1871.0,0.435100303,139.0,0.585588,0.123551168
LTA4H,391.0,0.355044638,145.0,-0.459614,-0.391516597
LYN,4058.0,0.418972994,282.0,2.134487,1.334583791
LYPLAL1,1137.0,0.3973742,157.0,-0.366602,-0.220568712
LYRM4,6830.0,0.366844497,217.0,-0.919359,-0.035901281
LYSMD2,596.0,0.394037378,501.0,1.397108,0.589156152
M6PR,1457.0,0.379162834,275.0,0.321159,0.456848896
MAD2L1,4528.0,0.407191351,124.0,-0.067278,-0.283334234
MAFB,2032.0,0.405989564,390.0,0.524488,0.761263491
MAGED2,327.0,0.466698843,233.0,-2.212998,-1.321586541
MAGOH,153.0,0.416054235,162.0,0.556016,-0.045906231
MAN2B1,128.0,0.381728903,76.0,1.486441,0.352741948
MANF,717.0,0.420319188,97.0,0.921401,0.044113011
MAP4K1,170.0,0.374128007,140.0,3.106152,1.06515424
MARCKSL1,768.0,0.468216312,206.0,-0.04616,0.230866115
MAX,2676.0,0.337149475,479.0,0.502056,0.356751323
MBD2,3723.0,0.420256858,229.0,-0.131168,-0.159251374
MBP,4041.0,0.393290432,264.0,0.837189,0.656029372
MCM2,662.0,0.460999542,110.0,0.721915,0.460007151
MCM4,2618.0,0.371821308,942.0,0.159019,0.488915408
MCM5,3214.0,0.470488076,94.0,1.089498,0.600445604
MDC1,658.0,0.415783633,440.0,0.331661,0.081487325
MDH1,210.0,0.381672323,435.0,0.204111,0.012302898
ME1,1535.0,0.411214685,265.0,1.117346,0.282986213
ME3,171.0,0.395156177,377.0,-0.190291,-0.215747602
MECR,1365.0,0.445670958,612.0,-0.659608,-0.23933735
MED17,2631.0,0.366528813,275.0,-0.112493,-0.125298554
MED19,934.0,0.439623042,93.0,0.04972,0.084897053
MED28,10307.0,0.440157501,27.0,-0.054883,-0.196352031
MED29,4550.0,0.464327351,57.0,-0.032412,-0.317233055
MEN1,824.0,0.454590692,504.0,-0.10002,0.254435439
METTL13,961.0,0.396264071,347.0,-0.046933,-0.303236723
MGST3,1295.0,0.374563048,428.0,-0.900119,0.076665873
MIF4GD,787.0,0.397877071,137.0,-0.305594,-0.130661026
MINK1,774.0,0.455972684,525.0,0.440511,0.480124823
MIS12,1334.0,0.420723459,745.0,-0.095122,0.042478636
MLEC,5319.0,0.43043384,173.0,0.121178,0.246824787
MLLT10,2252.0,0.36295117,1568.0,-0.299763,0.244650283
MMACHC,1852.0,0.382684622,371.0,0.692889,0.320102686
MMADHC,5382.0,0.406207656,205.0,0.15208,-0.112167658
MMGT1,4451.0,0.406300672,388.0,0.649335,0.310273407
MMP1,502.0,0.392399458,189.0,1.184289,-0.914591852
MMP14,1722.0,0.419367787,285.0,0.381158,0.304538777
MMP9,193.0,0.404253633,19.0,3.147564,-0.774716787
MORC3,2052.0,0.406702124,375.0,-0.308636,0.178935857
MORF4L1,1066.0,0.420719378,454.0,-0.508798,0.010758732
MOV10,619.0,0.412681236,1415.0,1.015945,0.287825261
MPDU1,797.0,0.440676037,216.0,-0.418519,-0.029088877
MPHOSPH10,87.0,0.404440607,352.0,0.220703,-0.139375737
MRI1,2018.0,0.459301832,75.0,0.225085,0.089406814
MRPL13,1075.0,0.395373051,313.0,0.283939,-0.28323867
MRPL15,1888.0,0.407701507,63.0,0.122582,-0.294746256
MRPL16,212.0,0.368940255,214.0,0.197039,-0.379381953
MRPL17,6554.0,0.424450505,105.0,-0.241234,-0.159491077
MRPL2,580.0,0.458698472,164.0,0.501355,-0.199708087
MRPL20,187.0,0.445765675,96.0,0.160665,-0.09561001
MRPL21,55.0,0.417448467,293.0,-0.546987,-0.301567705
MRPL27,2133.0,0.436300758,31.0,-0.711545,-0.239414127
MRPL40,113.0,0.406843086,653.0,0.012868,-0.02992052
MRPL46,1889.0,0.422788385,25.0,-0.419372,-0.185738384
MRPL48,1284.0,0.368940255,212.0,-0.455733,-0.192729277
MRPL51,2069.0,0.35376587,169.0,-0.537266,-0.311695627
MRPL53,198.0,0.441261883,155.0,-0.669493,-0.201851789
MRPL9,407.0,0.432679379,437.0,0.600313,-0.238802212
MRPS11,2793.0,0.477818717,1491.0,-0.041997,-0.153270657
MRPS15,468.0,0.440649404,164.0,-0.425294,0.034458766
MRPS17,1334.0,0.413812124,30.0,0.689835,-0.156995091
MRPS18B,936.0,0.408462865,157.0,-0.227194,0.040835401
MRPS36,933.0,0.3748339,84.0,-0.797716,-0.255879799
MRPS7,453.0,0.455992019,233.0,0.238176,-0.174138577
MSI2,5168.0,0.366385762,173.0,-1.450038,-1.046853617
MSTO1,694.0,0.421389639,1152.0,-0.077711,-0.204490932
MT1E,291.0,0.588704726,179.0,1.421209,0.445398978
MT2A,316.0,0.576670685,123.0,-0.216356,-0.118570924
MTA2,684.0,0.459443446,761.0,0.608016,0.223096066
MTFMT,1550.0,0.414190941,26.0,0.092142,-0.154120314
MTHFS,1663.0,0.434592403,179.0,-0.442416,-0.287741705
MTMR1,2442.0,0.424163835,319.0,0.955711,0.363366943
MTMR14,421.0,0.371137969,151.0,0.249773,0.191428251
MVP,50.0,0.435053297,193.0,0.479031,0.054027283
MX1,456.0,0.433488503,982.0,2.457698,0.695909361
MX2,1812.0,0.430094961,104.0,2.072466,0.989950452
MYADM,2833.0,0.384589896,681.0,-1.061009,-0.276526178
MYCBP,3972.0,0.381803634,73.0,-0.313532,-0.337722032
MYL12A,812.0,0.453450746,478.0,0.315376,-0.439054517
MYO18A,3647.0,0.395788337,484.0,0.392857,0.324308796
MYO9B,1401.0,0.398943925,152.0,0.8583,0.397430612
N6AMT1,5137.0,0.427535625,28.0,-1.25338,-0.750401756
NAA40,3212.0,0.389371031,261.0,0.379209,0.256355089
NAB1,2433.0,0.361024962,572.0,0.12572,0.169215696
NADK,1672.0,0.3959688,563.0,0.664322,0.705680399
NADSYN1,464.0,0.447848979,126.0,0.032361,0.519252945
NAGK,1297.0,0.42527382,474.0,0.337925,0.172880195
NANS,37.0,0.458552255,132.0,-0.432383,-0.626238901
NAPA,1862.0,0.477781443,318.0,-0.291821,-0.177930153
NAT10,4915.0,0.387474071,245.0,0.965641,0.544255169
NBAS,140.0,0.414580543,44.0,0.557734,-0.049198207
NCALD,2767.0,0.374888213,460.0,2.4066,1.058791445
NCAPD3,2971.0,0.431957579,606.0,0.102583,0.143336341
NCAPG2,3501.0,0.41630572,200.0,-0.225338,0.077811072
NCF1,2381.0,0.415579251,70.0,2.524299,0.586325273
NCK2,1267.0,0.457831152,276.0,1.307979,0.505892885
NCKIPSD,4981.0,0.449411541,126.0,-0.422607,-0.079599743
NCOA5,1332.0,0.416761948,402.0,-0.120888,-0.114714239
NCOA7,3259.0,0.404217869,470.0,0.264979,0.335761516
NDC80,61.0,0.356199389,182.0,1.306183,-0.048843954
NDRG2,841.0,0.376266446,941.0,2.502212,1.729878265
NDUFA4,1685.0,0.439642808,129.0,0.251847,-0.294185062
NEU1,667.0,0.413226082,156.0,0.543834,0.008101844
NFATC2IP,3242.0,0.412267479,15.0,0.412505,-0.047560959
NFKB1,708.0,0.4099683,467.0,1.045828,0.446970523
NFKB2,153.0,0.424806573,563.0,1.442873,0.35541047
NFKBIE,1053.0,0.409138176,25.0,2.040637,0.653185042
NGDN,1255.0,0.423783924,27.0,0.362454,0.553460396
NGRN,1679.0,0.414477409,50.0,-0.733239,-0.398609718
NINJ1,5217.0,0.455972644,71.0,-0.831694,-0.004613741
NIP7,1593.0,0.443769116,318.0,0.487049,0.259530452
NIT2,2351.0,0.432361565,74.0,-0.442983,-0.524500161
NMNAT3,2689.0,0.397393877,1228.0,-0.459401,-0.324734578
NMT1,3377.0,0.454689408,31.0,0.288508,0.073798856
NONO,1092.0,0.432928506,710.0,0.271874,0.029499036
NOP14,912.0,0.38067473,187.0,-0.05875,-0.08126917
NOP2,785.0,0.393538298,198.0,0.415724,0.112699979
NOTCH2,6062.0,0.409327653,297.0,0.199111,0.008519609
NPTN,1068.0,0.388989686,197.0,-0.837141,0.030483593
NR2C2,6271.0,0.390767743,362.0,0.103908,0.521491851
NRBF2,883.0,0.43605128,224.0,0.257623,0.427467773
NRF1,1901.0,0.447602651,500.0,-0.093374,0.123243838
NRGN,833.0,0.413631862,152.0,0.41803,0.885124997
NRP1,3846.0,0.416817106,523.0,0.076251,0.201524318
NSFL1C,1587.0,0.42738001,868.0,0.828388,0.36785724
NSMAF,602.0,0.358586884,214.0,0.450028,0.216915443
NTAN1,178.0,0.344459601,320.0,-0.322333,-0.154706026
NUBP1,246.0,0.455923678,142.0,0.070978,-0.356922822
NUCKS1,5461.0,0.359398328,271.0,-0.005939,0.010573834
NUDC,716.0,0.476401948,127.0,-0.292276,-0.265769856
NUDT16,5489.0,0.428387545,75.0,-0.169055,0.059443488
NUMA1,663.0,0.474508115,436.0,-0.949736,-0.234893707
NUP93,5678.0,0.382018893,495.0,0.418701,-0.018820539
NXF1,2943.0,0.375826754,136.0,0.30862,0.158704087
OCIAD2,4872.0,0.363821488,322.0,-0.035134,-0.85678598
OGDH,1071.0,0.396078149,159.0,0.367075,0.010674279
OPA3,7233.0,0.475004358,100.0,0.481356,0.679367356
OSBPL2,2363.0,0.383456763,571.0,-0.858284,-0.485974936
OSBPL5,1099.0,0.381371042,158.0,-1.775124,-0.243289685
OVCA2,792.0,0.429983078,65.0,0.171567,-0.035859063
P2RX4,573.0,0.442596273,304.0,0.411151,0.144060496
PAAF1,509.0,0.376143366,341.0,-0.699367,-0.179853936
PACSIN2,1591.0,0.413490434,405.0,0.030403,0.065982281
PARK7,451.0,0.457171775,163.0,-0.050692,-0.22063991
PARP1,769.0,0.460215809,171.0,0.554361,0.245735044
PARP10,332.0,0.422654659,200.0,1.14035,0.555689424
PARP12,816.0,0.416480622,874.0,1.432472,0.456047505
PARP14,2243.0,0.414355918,59.0,1.97503,0.529271883
PARP9,451.0,0.418102187,327.0,1.458517,0.376168133
PARVG,2043.0,0.383803232,484.0,2.387695,0.987690512
PBK,750.0,0.413339119,464.0,1.274541,0.269433706
PCNA,338.0,0.425000199,239.0,0.743283,-0.166362969
PDAP1,2007.0,0.464659554,134.0,0.010228,-0.082417503
PDCD2,155.0,0.440448783,111.0,-0.103562,-0.020852622
PDCD2L,48.0,0.433436103,33.0,0.366959,-0.168441116
PDCD6IP,3211.0,0.388727459,158.0,-0.784848,-0.412789363
PDHA1,2054.0,0.402514578,145.0,0.091895,-0.194864886
PDHB,2974.0,0.442593378,43.0,-0.733331,-0.196384328
PDLIM1,357.0,0.379179626,233.0,-0.28497,-0.134310289
PDXDC1,2055.0,0.375670185,335.0,-0.367439,-0.837047935
PDXK,6244.0,0.398158884,198.0,-0.104534,-0.465951813
PEBP1,796.0,0.360152166,326.0,-0.25189,-0.487352174
PEF1,769.0,0.441759403,424.0,-0.294518,-0.167679138
PELO,5222.0,0.385240523,985.0,-0.106955,-0.25575378
PEPD,395.0,0.450896903,133.0,1.156921,0.364427688
PEX16,585.0,0.43213601,312.0,0.398913,0.641126161
PEX6,946.0,0.370078344,93.0,-0.421095,-0.480596124
PEX7,2294.0,0.407005497,102.0,-1.394664,-0.658079431
PFDN5,124.0,0.497062947,117.0,-0.415314,-0.405742763
PFDN6,574.0,0.470152145,222.0,0.093584,-0.299572587
PGM1,570.0,0.393980016,681.0,0.753201,0.076072356
PHB,988.0,0.45268542,190.0,-0.436145,-0.411975945
PHF10,104.0,0.365149381,79.0,-0.536182,-0.312643957
PI4K2A,2692.0,0.385068362,57.0,0.049272,0.13501847
PIAS1,3626.0,0.396022529,741.0,0.411258,0.209779573
PIGH,1430.0,0.434471606,98.0,0.006145,0.094104707
PIK3AP1,3866.0,0.407313024,128.0,2.39992,0.977502742
PIR,205.0,0.385796208,485.0,1.99242,0.769813145
PITPNC1,4686.0,0.369070722,874.0,1.213716,-0.076354403
PLA2G4C,585.0,0.406173977,398.0,2.345914,0.891657498
PLA2G7,1187.0,0.402486321,269.0,2.651308,0.487624671
PLAUR,323.0,0.418467601,226.0,0.675163,0.321199674
PLCB2,818.0,0.468984469,301.0,1.97646,0.729696913
PLCG1,3987.0,0.454806205,121.0,0.033678,-0.086162163
PLD4,273.0,0.377985619,192.0,1.195589,0.839129725
PLEKHO1,5192.0,0.424698037,839.0,1.41933,0.719304086
PLEKHO2,2119.0,0.429714475,134.0,1.445285,0.777022901
PLSCR1,10376.0,0.415598704,388.0,1.480314,1.254367036
PML,3324.0,0.431306474,140.0,1.218312,0.590887046
POLR1C,1131.0,0.439933821,86.0,0.351012,0.194530258
POLR1D,1469.0,0.427162265,456.0,-0.051508,0.143742267
POLR2F,1600.0,0.47244007,250.0,0.348924,0.274393632
POLR2H,1065.0,0.427596015,1167.0,-0.084975,0.057168618
POLR3H,3481.0,0.444306047,388.0,-0.11714,-0.197275923
POLR3K,1023.0,0.473025152,46.0,-0.320074,-0.281568208
PPA2,660.0,0.432735716,20.0,-0.7664,-0.289983696
PPIE,4556.0,0.446406574,56.0,0.467963,0.534290036
PPIL1,1921.0,0.453832883,252.0,0.377861,-0.123579257
PPP1R14B,282.0,0.457456004,268.0,0.642448,-0.289527341
PRC1,1136.0,0.367783806,234.0,-0.263404,-0.380645488
PRCC,357.0,0.381841119,290.0,-0.238708,-0.152427334
PRDX1,303.0,0.414090753,341.0,0.530882,-0.214351828
PRDX6,944.0,0.433706552,51.0,0.463592,-0.00652773
PREB,658.0,0.378530018,403.0,0.833196,0.307961101
PREP,579.0,0.425974009,233.0,0.22248,-0.306252307
PRG4,784.0,0.366727173,51.0,-3.623487,0.252508035
PRIM2,1166.0,0.350864643,125.0,0.81228,0.001401501
PRKAB1,1305.0,0.365943644,289.0,-0.299097,-0.051359942
PRKAR2A,5019.0,0.427443141,254.0,-0.342688,-0.123993821
PRKCB,5795.0,0.38010529,197.0,2.62714,0.978221786
PRKCD,451.0,0.404392693,469.0,-0.321736,-0.101357993
PRKRA,683.0,0.420894136,659.0,0.082796,-0.133462346
PRKRIP1,3224.0,0.453589322,55.0,-0.171007,-0.03552738
PRMT5,393.0,0.386451423,508.0,0.310499,0.038439774
PRMT7,3655.0,0.450088803,850.0,-0.65562,-0.269645959
PROCR,549.0,0.357872186,218.0,0.754001,0.52261866
PRPS1,3908.0,0.466551451,409.0,0.427797,0.313034978
PRPSAP1,2056.0,0.390811115,688.0,0.783134,0.278200081
PRRC1,3173.0,0.409170839,188.0,-0.603428,-0.40566236
PSMA5,2997.0,0.446573967,225.0,1.228066,0.02650585
PSMA6,187.0,0.423632682,445.0,0.660775,0.18696558
PSMB10,58.0,0.455018511,128.0,1.115297,0.785644454
PSMB2,3775.0,0.389848815,412.0,0.554889,0.190660696
PSMB8,242.0,0.411206622,522.0,1.493481,0.61523123
PSMB9,5497.0,0.431095699,69.0,2.873307,0.512275356
PSMC3,66.0,0.485654947,194.0,0.631961,0.061830036
PSMD11,2567.0,0.390095635,61.0,0.559542,0.016262093
PSMD13,384.0,0.437236365,242.0,-0.009902,-0.033932522
PSMD8,450.0,0.458928351,52.0,0.02951,0.035916091
PSME2,53.0,0.443656162,65.0,1.544256,0.591735004
PSMG1,5308.0,0.427553471,578.0,0.109054,-0.103093637
PSTPIP2,1923.0,0.429639796,96.0,0.262187,0.275801996
PTBP1,1504.0,0.473818895,106.0,0.015871,-0.253351821
PTDSS1,3765.0,0.367954205,423.0,1.333485,1.168799964
PTGS1,3346.0,0.37260918,633.0,1.009025,0.652230738
PTP4A1,3419.0,0.421202001,1153.0,-0.242311,-0.031992895
PTPMT1,1899.0,0.450492628,193.0,0.222433,0.182105261
PTPN18,2185.0,0.381656528,101.0,0.26719,0.609351502
PTPN7,1593.0,0.440747449,781.0,3.519364,0.910924484
PTPRE,2994.0,0.426620112,1843.0,0.480349,0.997195841
PTPRF,4571.0,0.452810321,356.0,0.811234,-0.244716565
PTRH2,3186.0,0.370743372,1544.0,-0.148758,-0.295684105
PWWP2B,819.0,0.424412275,29.0,0.533156,-0.1485062
PYCR2,578.0,0.474148407,230.0,0.221929,-0.081013903
PYGL,175.0,0.392036998,127.0,0.979159,0.158859797
QARS,97.0,0.458996209,396.0,-0.432709,-0.066299902
RAB11FIP1,4277.0,0.380614122,56.0,-0.860478,-0.051916284
RAB12,1120.0,0.38483812,283.0,0.023268,0.171686745
RAB21,5246.0,0.435367738,267.0,-0.416489,0.098840463
RAB31,3231.0,0.437498832,175.0,-0.124485,-0.142199571
RAB35,2172.0,0.408841719,189.0,0.453021,0.449433695
RAB7A,1376.0,0.419395127,232.0,-0.137944,0.083067041
RAB8B,4163.0,0.425956778,96.0,0.68247,1.037773065
RAB9A,1716.0,0.417525007,283.0,0.695166,0.311597075
RABGGTA,77.0,0.387342734,512.0,-0.128626,0.025601158
RABGGTB,440.0,0.409412379,78.0,-0.131407,-0.229137313
RABIF,4760.0,0.447399225,159.0,0.24289,-0.09868666
RACGAP1,1895.0,0.366370127,354.0,0.170522,-0.375351632
RAD9A,924.0,0.444046557,185.0,0.535654,0.10315377
RAE1,1112.0,0.432613552,365.0,-0.454541,-0.226618763
RAI1,1472.0,0.455620822,469.0,0.596001,0.206240686
RAN,2043.0,0.442855294,361.0,0.33076,-0.098395394
RANBP10,3359.0,0.379453562,1256.0,0.006506,-0.049205231
RANGAP1,3145.0,0.481547647,765.0,0.084357,-0.056804505
RAPGEF1,2727.0,0.425793135,159.0,0.705189,0.27862607
RARS,114.0,0.423508657,41.0,-0.237029,-0.159861612
RASGRP2,183.0,0.381671176,582.0,2.349105,0.433113791
RASGRP4,985.0,0.374724859,214.0,0.89519,0.815821728
RBBP4,6506.0,0.404056961,164.0,-0.357353,-0.02305119
RBBP5,3098.0,0.421849625,474.0,0.240513,0.079436018
RBKS,251.0,0.392307233,1371.0,-0.364667,-0.474710637
RBM12,3599.0,0.375183789,304.0,-0.0104,0.047241195
RBM14,3443.0,0.468008211,139.0,0.100986,0.029287208
RBM4B,5277.0,0.396841232,170.0,0.313727,-0.199351738
RBMX,1201.0,0.353737079,210.0,-0.068215,0.107582036
RBPJ,4223.0,0.4178224,518.0,0.53717,0.386651708
RBX1,821.0,0.46562919,52.0,-0.09775,-0.283411382
RC3H1,7637.0,0.410085914,87.0,-0.1136,0.197737314
RCCD1,1773.0,0.374130224,280.0,0.187231,0.037050803
RCOR1,4070.0,0.439565312,228.0,-0.461497,-0.201495456
REEP4,591.0,0.460338979,469.0,0.770742,0.4043481
REEP5,2962.0,0.457536941,144.0,-1.205949,-0.42887138
RELB,408.0,0.418226182,131.0,2.175906,0.928109311
REPIN1,2683.0,0.45080531,489.0,-0.20069,0.185814228
RFC4,89.0,0.411167541,282.0,0.687803,0.043274028
RFK,1882.0,0.429285662,357.0,-0.772654,-0.348108284
RFWD3,2538.0,0.42367162,98.0,0.926632,0.225867622
RFX5,1546.0,0.386685917,221.0,1.039532,0.530420161
RFXAP,1850.0,0.421314391,156.0,-0.042277,-0.003561909
RHBDF2,740.0,0.423256567,294.0,1.78587,0.556332535
RHOT2,568.0,0.454546166,881.0,-0.336273,-0.551294123
RINL,1279.0,0.357351373,413.0,1.041082,0.388243185
RNASE2,179.0,0.384567964,71.0,2.525793,0.821359772
RNASEH1,4369.0,0.404567903,700.0,0.497809,0.499237774
RNASEH2B,3930.0,0.37625722,399.0,0.678209,0.71629769
RNASET2,1070.0,0.374792559,407.0,0.574866,-0.411070531
RNF114,1751.0,0.459950313,36.0,0.293171,0.201027444
RNF167,289.0,0.375291206,776.0,-0.08815,-0.156417939
RNF20,5226.0,0.396317502,92.0,-0.29614,-0.105510478
RNF213,5288.0,0.417718743,150.0,1.738642,0.76534532
RNF216,2819.0,0.430061571,259.0,0.782405,0.512741723
RNF25,102.0,0.375620157,88.0,0.361823,0.204113621
RNF31,88.0,0.389352607,358.0,0.42912,0.534045385
RNLS,1252.0,0.416402283,135.0,-0.688375,-0.203161737
RNMT,4581.0,0.415128602,241.0,0.204178,-0.040912439
RNPEP,463.0,0.447181346,896.0,-0.280168,-0.290030507
RP9,437.0,0.42869019,18.0,1.069418,0.558783751
RPA1,2907.0,0.381710028,170.0,0.098956,-0.028097697
RPA2,639.0,0.400070522,793.0,-0.058184,-0.01623855
RPAIN,471.0,0.394698889,570.0,-0.342243,6.63e-05
RPL11,461.0,0.442317923,45.0,0.057851,-0.053080351
RPL14,5208.0,0.496792394,133.0,-0.57762,-0.377772
RPL23,3146.0,0.464880603,90.0,-0.906438,0.019615633
RPL26,53.0,0.427802183,389.0,-0.235196,0.295879799
RPL31,1260.0,0.451994935,87.0,-0.265406,0.016936039
RPL34,1350.0,0.436455219,198.0,-0.614522,-0.200081495
RPL5,1058.0,0.451564158,75.0,0.286247,-0.002583741
RPL7,1077.0,0.460258279,707.0,-0.100765,-0.221096795
RPS11,373.0,0.483080585,92.0,0.065731,-0.07427344
RPS24,4247.0,0.430653047,142.0,-0.486679,0.015260812
RPS25,109.0,0.467193878,63.0,-0.004933,0.016903861
RPS27A,743.0,0.450449292,321.0,0.369458,-0.189854016
RPS3A,306.0,0.426765211,80.0,-0.665715,-0.023770321
RPS4X,629.0,0.442998752,96.0,-0.072954,0.08926234
RPS6,2723.0,0.413925579,42.0,0.648616,-0.31173524
RPS6KA1,828.0,0.389798854,163.0,0.96253,0.395777381
RPS6KA4,735.0,0.38455359,226.0,1.081487,0.476884058
RPS7,66.0,0.428822459,109.0,0.416814,0.014171924
RPTOR,2341.0,0.385169267,805.0,0.61013,0.014659892
RREB1,3012.0,0.456825357,492.0,-0.397549,-0.241326911
RRM1,2304.0,0.437568848,689.0,-0.457486,-0.408135103
RRP8,5071.0,0.446233376,148.0,-0.246778,-0.154000092
RRS1,978.0,0.468289248,104.0,1.786,-0.066678954
RTN3,1690.0,0.358048129,187.0,-0.198641,0.128818264
RTN4IP1,1108.0,0.372133716,477.0,-0.238206,-0.320010953
RUNX1,4334.0,0.416076551,1578.0,-1.042937,-0.115080727
RUNX3,2611.0,0.405217602,439.0,2.942912,0.889300701
RWDD1,6365.0,0.401367905,746.0,-0.315334,-0.351568956
S100A8,71.0,0.444112716,170.0,-0.363136,-1.776375351
S100A9,189.0,0.439508357,43.0,-0.353823,-1.963057513
SAMD9,1815.0,0.395660052,270.0,2.078301,0.549562533
SAMD9L,1162.0,0.396305952,1248.0,2.570574,0.962007217
SAMM50,150.0,0.345249646,197.0,0.274387,0.164126865
SAMSN1,684.0,0.407246581,430.0,2.372293,0.934513482
SAP18,1754.0,0.427429047,39.0,-0.507949,-0.005402499
SAP30BP,1541.0,0.449617255,257.0,1.545159,0.153821058
SAR1A,5213.0,0.411769389,203.0,-0.503514,-0.300541161
SAR1B,5806.0,0.392367964,253.0,-0.438803,-0.202798406
SARS,1054.0,0.40098191,100.0,0.319941,0.060868589
SASH3,1369.0,0.387406112,182.0,2.764288,0.75900341
SCAMP4,1741.0,0.472519575,351.0,-0.1908,-0.017438457
SCO1,8645.0,0.407339367,61.0,-0.168687,0.004809719
SDCCAG8,307.0,0.360606297,1542.0,-0.099131,0.161123284
SEC11C,205.0,0.423646802,92.0,0.487563,0.22860805
SEC13,332.0,0.457264526,210.0,0.743932,-0.313978731
SEC14L1,2986.0,0.420320088,665.0,0.652709,-0.274150845
SEC22A,2559.0,0.422343815,79.0,0.280797,-0.10175007
SEC24B,1221.0,0.400931805,155.0,-0.535003,-0.181893176
SEC24D,2115.0,0.386600041,297.0,0.244019,-0.052196337
SEC61B,270.0,0.404562259,76.0,0.061319,0.279096015
SEMA3F,960.0,0.38837398,318.0,-1.045519,-0.20815169
SEMA4A,755.0,0.412797256,345.0,1.139209,0.856612079
SEMA4D,2318.0,0.393173667,572.0,1.717763,0.632721053
SERPINA1,1707.0,0.420489385,573.0,0.65311,0.521843847
SERPINB8,2096.0,0.38524815,520.0,0.562972,0.108897198
SETMAR,321.0,0.414235412,398.0,0.191762,-0.019330683
SEZ6L2,540.0,0.431800162,245.0,0.597929,0.320607934
SF1,2419.0,0.374481437,721.0,0.090676,0.136773217
SF3B2,563.0,0.453902675,40.0,0.278855,0.122969587
SFXN4,500.0,0.402513841,45.0,-0.0514,0.156208159
SH3BP1,433.0,0.395530944,313.0,1.738579,0.728235149
SH3PXD2B,4870.0,0.420952884,171.0,0.034165,0.146794619
SHMT1,4335.0,0.394510245,509.0,0.17627,0.215414889
SIGLEC1,1590.0,0.42099348,0.0,2.552196,1.111083615
SIPA1,2933.0,0.437718847,296.0,1.242812,0.559059992
SIRPA,3027.0,0.429235057,360.0,3.480846,1.150292927
SKP1,8791.0,0.433886974,179.0,-0.801661,-0.233990753
SLBP,3046.0,0.391438372,553.0,0.098924,-0.045166221
SLC25A10,1929.0,0.386184273,191.0,1.317534,0.486757194
SLC25A19,477.0,0.386093473,224.0,0.978775,0.300537081
SLC25A20,787.0,0.382641976,199.0,-0.085995,-0.17316299
SLC25A3,504.0,0.383836987,354.0,-0.507294,-0.134924099
SLC25A40,2688.0,0.363984785,375.0,-0.386792,0.193282183
SLC25A42,2156.0,0.366871382,156.0,0.13072,0.263696593
SLC25A6,450.0,0.487227384,137.0,-0.430246,-0.057288654
SLC27A3,163.0,0.439664345,91.0,0.136119,0.310284134
SLC39A10,2661.0,0.346494338,214.0,-0.427121,0.102524664
SLC43A2,6357.0,0.437839378,341.0,0.335116,0.841298977
SLC43A3,838.0,0.382351997,447.0,1.518923,1.345104245
SLC44A1,8291.0,0.4365497,264.0,-0.604285,-0.316339735
SLC9A3R1,709.0,0.400889529,235.0,-1.417392,-0.832789932
SMAP2,1225.0,0.404145004,415.0,1.123508,0.419017952
SMC1A,5954.0,0.490702048,340.0,-0.213715,0.111701247
SMG5,1363.0,0.383248033,540.0,0.167808,-0.057853364
SMS,2660.0,0.417677888,252.0,-0.580251,-0.672473568
SMYD3,223.0,0.378821529,130.0,-1.110848,-0.661246505
SNRNP200,676.0,0.454045162,132.0,-0.037105,0.013709057
SNRPC,474.0,0.427936125,450.0,0.263222,-0.099642303
SNRPD1,4386.0,0.384326147,161.0,0.344162,-0.050215147
SNRPN,279.0,0.390283395,1145.0,-0.767104,-0.0423046
SNX24,5071.0,0.338464018,185.0,-0.482494,-0.180363459
SNX30,6144.0,0.426743352,148.0,-0.559362,-0.097753095
SNX33,5086.0,0.383330712,96.0,0.173679,0.206211537
SOD1,353.0,0.438546885,148.0,-0.744378,-0.809958878
SOD2,13436.0,0.435065133,1828.0,0.663413,0.435172214
SP110,3922.0,0.401738483,258.0,1.270342,0.536863319
SPC24,1691.0,0.381793277,320.0,0.880987,-0.114169764
SPC25,540.0,0.373816265,131.0,0.666543,-0.093062272
SPCS1,3333.0,0.417439524,205.0,-0.183344,-0.3535582
SPI1,383.0,0.406748349,223.0,2.132505,0.773800812
SPRYD4,1406.0,0.430591965,75.0,0.118882,0.118544152
SQSTM1,1485.0,0.412192979,360.0,0.313792,0.067258137
SRC,2671.0,0.437602812,449.0,1.050667,0.504303239
SRGAP2,3018.0,0.377689891,542.0,0.493491,0.140004404
SRI,5365.0,0.424260151,79.0,-0.30414,-0.29462338
SRP19,2645.0,0.430943803,189.0,0.057119,-0.000935108
SRPRB,1784.0,0.427990824,285.0,0.639259,0.312392153
SRR,1392.0,0.393840903,354.0,-0.503982,-0.502194107
SRXN1,2099.0,0.37663928,185.0,1.676838,0.651359358
SS18L2,777.0,0.45997865,208.0,0.327764,0.193276212
SSH1,5298.0,0.373517564,146.0,0.154571,0.174398351
SSH3,2595.0,0.376349937,178.0,-1.331634,-0.542927451
SSR2,592.0,0.425839932,80.0,-0.031615,0.809152793
SSR3,3698.0,0.388415977,156.0,0.046793,1.118716737
SSR4,87.0,0.444947593,150.0,1.127698,0.18490277
SSRP1,422.0,0.394601844,267.0,0.452478,0.233620981
SSU72,400.0,0.445120823,325.0,0.549439,0.211070304
ST13,3666.0,0.439823793,468.0,-0.374827,-0.320308671
ST14,553.0,0.454138745,193.0,1.01388,0.99583849
ST3GAL4,594.0,0.39537481,557.0,-0.081891,0.09473588
STAP1,541.0,0.398288494,113.0,3.989793,1.433821155
STARD10,1682.0,0.427301627,944.0,-2.156176,-1.187996244
STAT1,3294.0,0.408136156,388.0,2.44748,1.13318368
STAT2,1791.0,0.409862748,203.0,1.082049,0.453627181
STAT6,1168.0,0.380869476,499.0,0.151128,0.157538559
STMN1,1138.0,0.394107416,364.0,1.200712,0.276064511
STOM,2222.0,0.387137797,117.0,-0.511354,0.188997377
STOML2,531.0,0.456962681,143.0,-0.235975,-0.249079914
STX11,4481.0,0.457080677,192.0,1.551232,0.82153412
STX3,5058.0,0.403902965,547.0,0.446066,0.06842115
STX7,14891.0,0.417568039,327.0,-0.181498,-0.004655079
STX8,107.0,0.378438911,150.0,-0.27792,0.294507611
SUCLG1,223.0,0.43877655,193.0,-0.203722,-0.092607925
SUFU,3380.0,0.361614756,191.0,-0.200504,-0.068790565
SUMF1,999.0,0.37076871,37.0,-0.049832,0.437614481
SUPT4H1,1112.0,0.438747077,103.0,-0.288495,0.108986862
SURF2,1720.0,0.440503417,48.0,-0.540066,-0.043958937
SURF4,2281.0,0.385472445,476.0,-0.080377,-0.010167342
SURF6,4908.0,0.42467207,78.0,0.255312,0.154216363
SYTL1,80.0,0.364244725,197.0,0.169734,-0.076911638
TACC3,165.0,0.385699108,155.0,0.794282,0.288402603
TADA2B,3064.0,0.464060586,151.0,-0.539942,0.424907471
TAF12,689.0,0.435926756,522.0,-0.022177,-0.108216135
TAP2,5256.0,0.374969764,175.0,2.678674,1.574367856
TBC1D20,3109.0,0.435441414,148.0,0.640964,0.388701261
TBC1D9B,1396.0,0.395340616,37.0,-0.491887,-0.06770239
TBCC,556.0,0.434161456,73.0,0.750217,0.01819144
TCEAL3,260.0,0.368171822,262.0,-0.793057,-0.473360155
TCEAL4,3020.0,0.432120515,489.0,-1.010271,-0.353181787
TCOF1,1640.0,0.41523122,108.0,0.376147,0.146848172
TDP1,1721.0,0.418036689,317.0,0.485907,0.257169579
TDRD7,242.0,0.375852104,234.0,0.590922,0.116959043
TDRKH,973.0,0.419795099,182.0,-0.309638,-0.122166211
TEP1,2777.0,0.379550228,40.0,0.58102,-0.061305476
TFE3,1431.0,0.379068139,541.0,0.359527,0.267665928
TFEB,621.0,0.429366592,302.0,0.924014,0.431251519
THADA,112.0,0.415199561,352.0,0.376396,0.178709801
THBD,2144.0,0.448063145,160.0,-0.557327,0.14061237
THUMPD1,2715.0,0.455087735,225.0,-0.020789,-0.016131107
THYN1,205.0,0.377954149,484.0,0.41806,0.365810628
TIMM50,3932.0,0.424829064,722.0,0.060057,0.050410799
TIMM8B,2046.0,0.447942532,30.0,0.132135,-0.103432975
TK2,3965.0,0.360054507,593.0,-0.561091,-0.179374634
TLE1,571.0,0.374791795,1295.0,-0.168873,-0.17481881
TM9SF2,2020.0,0.372522209,233.0,-0.391077,-0.204266175
TMED3,1710.0,0.439016102,188.0,-1.020788,-0.498327374
TMED9,708.0,0.44685712,67.0,-0.158372,-0.001670282
TMEM126A,52.0,0.406087664,295.0,-0.613422,0.15800793
TMEM199,2431.0,0.370998168,90.0,-0.079101,0.187285536
TMEM63A,1407.0,0.385482014,622.0,0.995546,1.221616143
TMOD1,2050.0,0.392927141,213.0,1.079585,0.634212553
TMSB10,278.0,0.470652003,95.0,0.497579,-0.015752322
TNFAIP2,2079.0,0.44214387,131.0,2.107394,1.291188113
TNFAIP3,1995.0,0.416242917,370.0,1.461058,0.4474507
TNFAIP8L2,497.0,0.440670719,126.0,2.754386,0.806906693
TNIP1,770.0,0.448321216,241.0,0.404289,0.298428344
TNK2,822.0,0.420245651,543.0,0.111677,0.207393342
TNPO2,2070.0,0.408799881,358.0,-0.081752,-0.170254287
TNRC18,1316.0,0.449521205,349.0,-0.254539,0.005050827
TOMM5,518.0,0.441712708,107.0,-0.001425,0.320574187
TOMM6,1957.0,0.431553434,255.0,-0.134398,0.637280945
TOP2A,1003.0,0.364102812,159.0,0.101218,-0.169806921
TOR1A,3160.0,0.446121485,77.0,-0.131933,-0.092637306
TPD52L2,1600.0,0.385071878,138.0,-0.249025,-0.195149139
TPI1,620.0,0.479135356,527.0,-0.264205,-0.52821003
TPM1,757.0,0.403626605,257.0,-0.287057,-0.557340191
TRAF1,7433.0,0.438949906,572.0,2.332203,1.05342455
TRAF3,5716.0,0.386659664,353.0,0.678174,-0.294484149
TRAF6,6100.0,0.426668941,381.0,0.317799,0.306283864
TRAPPC3,634.0,0.441060625,519.0,-0.217869,-0.159814722
TRAPPC5,42.0,0.453352607,241.0,-0.3323,-0.124511024
TRAPPC6B,2539.0,0.437369008,335.0,-0.14344,0.117740373
TRAPPC9,3079.0,0.431357199,134.0,0.219925,-0.092007201
TRIM11,3522.0,0.453298916,255.0,-0.033697,0.312912514
TRIM13,5308.0,0.419190719,763.0,0.202302,0.201017748
TRIM14,3117.0,0.369225689,165.0,0.739592,0.060280984
TRIM22,1215.0,0.424423711,379.0,1.944768,1.108566308
TRIM26,1431.0,0.384319522,565.0,0.62737,0.328240985
TRIM27,2956.0,0.441704825,359.0,0.560149,-0.233341398
TRIM41,1657.0,0.454716896,737.0,-0.52243,0.169043751
TRIM5,2312.0,0.426412011,303.0,0.651694,0.010706962
TRIP12,3739.0,0.40441217,297.0,0.483861,0.138073954
TRIP13,2852.0,0.433721983,145.0,1.492445,0.138492838
TRMT5,3660.0,0.405137655,572.0,0.263603,0.3149367
TRUB2,4655.0,0.434714666,759.0,-0.702549,-0.553921045
TSFM,1390.0,0.429356434,57.0,-0.75138,-0.276083784
TSPAN14,15147.0,0.398868986,305.0,0.185547,0.208562787
TSPYL1,7303.0,0.373212405,287.0,-0.292723,-0.195438363
TSR2,1366.0,0.464925113,443.0,-0.298201,0.143149779
TTC39C,3394.0,0.378954091,452.0,0.279656,-0.030322155
TTC7A,2213.0,0.393400181,1272.0,1.407593,0.532977998
TTPAL,5319.0,0.425556123,145.0,0.011967,-0.090493744
TUBA1C,110.0,0.451729991,576.0,0.549282,0.151664659
TUBA4A,644.0,0.402818439,556.0,0.640707,0.250684853
TUBB,1030.0,0.390058461,509.0,0.875423,0.26186803
TUBB6,2302.0,0.468445054,1139.0,0.088892,-0.260634325
TUBGCP4,1934.0,0.368175973,296.0,-0.33221,0.168175167
TUSC1,1294.0,0.429789613,537.0,-0.307635,0.06137525
TXNL4A,3129.0,0.472736328,466.0,-0.214024,-0.142510149
TYMP,18.0,0.429537249,376.0,2.685049,0.94287961
TYMS,581.0,0.364557025,159.0,1.470833,0.356293298
UBAP2L,353.0,0.367068802,167.0,0.175884,-0.115535516
UBE2B,4002.0,0.405496028,420.0,-1.118807,-0.607950226
UBE2E1,1034.0,0.417917446,229.0,-0.395456,-0.180367805
UBE2E2,1962.0,0.352966355,180.0,-0.267268,0.461448404
UBE2L3,2365.0,0.455573936,198.0,0.704125,0.015622871
UBE2L6,703.0,0.431638779,653.0,1.585402,0.543289534
UBE4B,1283.0,0.418913915,688.0,0.63612,0.314044745
UBIAD1,2303.0,0.446280173,334.0,0.054823,0.002174807
UBR4,797.0,0.387393976,4.0,0.504724,0.17295903
UBTF,2209.0,0.400105612,296.0,-0.037582,0.114006567
UBXN1,220.0,0.422601268,194.0,0.201373,0.340921538
UCK2,4043.0,0.447469338,640.0,0.264228,-0.04061815
UGGT1,5935.0,0.374564832,178.0,0.230886,-0.04401922
UHRF1BP1,5130.0,0.373569339,234.0,0.335934,0.142574403
UNC45A,377.0,0.475530537,1022.0,-0.490538,-0.425161876
UNG,1024.0,0.368897526,209.0,-0.289314,-0.540448203
UNK,1388.0,0.447315534,42.0,1.20076,0.225487371
UQCR11,4379.0,0.470309826,75.0,-0.269704,-0.651750103
UQCRC1,129.0,0.462829321,45.0,-0.489746,-0.395244982
UQCRH,193.0,0.365128489,320.0,0.378841,0.259760227
UROD,171.0,0.391539164,133.0,-0.188748,0.045210406
UROS,3849.0,0.422413435,266.0,0.735543,-0.115753914
USP18,580.0,0.434940763,338.0,2.342266,0.867166197
USP39,571.0,0.39295741,223.0,0.335737,0.225564003
UTP6,2466.0,0.429918331,83.0,0.311338,0.113156205
VAC14,489.0,0.396517204,827.0,0.473978,0.168015246
VAMP8,451.0,0.398153421,156.0,0.205398,0.438194919
VASP,824.0,0.388921088,342.0,0.523284,0.344044656
VAT1,1456.0,0.406330787,120.0,-0.574599,-0.375131033
VDAC3,475.0,0.440388181,210.0,0.525749,-0.054604109
VDR,3209.0,0.450036866,401.0,0.274712,0.73386279
VGLL4,2489.0,0.432812067,506.0,1.453716,0.51058934
VIM,431.0,0.411136971,462.0,-0.007909,-0.029250805
VLDLR,6202.0,0.388727284,416.0,2.055478,0.722859073
VPS28,291.0,0.476756313,109.0,-0.612731,0.097301664
VPS33B,559.0,0.447669729,583.0,-0.306638,-0.028537097
VPS39,2053.0,0.440628838,173.0,-0.252894,-0.010747819
VPS52,2870.0,0.393546356,887.0,-0.38215,0.018083292
WASF2,4090.0,0.365213822,245.0,-0.092215,0.33404201
WBP2,1040.0,0.392225719,515.0,1.204897,0.113380479
WDFY2,7044.0,0.36603015,340.0,0.308281,0.303054514
WDR1,1039.0,0.393247178,368.0,-0.287656,-0.148443133
WDR36,3619.0,0.40459335,117.0,-0.343761,0.048704044
WDR37,8068.0,0.365587877,173.0,-0.549381,-0.023227927
WDR4,293.0,0.380589271,581.0,0.224352,0.128242066
WDR47,1216.0,0.402106333,376.0,0.575678,0.101443411
WDR48,1924.0,0.419028298,472.0,-0.088517,-0.255954432
WDR5,1979.0,0.401607191,171.0,-0.288684,-0.106057692
WDR54,97.0,0.394793766,128.0,-1.14922,-0.704136166
WDR61,197.0,0.411764619,310.0,-0.680214,-0.412153807
WDR77,4184.0,0.412330102,139.0,1.087511,0.105410635
WDR91,4946.0,0.380864599,823.0,1.290357,0.478924517
WDR92,2520.0,0.427217839,117.0,0.368756,-0.104661383
YTHDF1,1279.0,0.384821843,294.0,-0.630005,-0.296337042
YTHDF3,3082.0,0.406652071,509.0,-0.380238,-0.105418377
YY1,5192.0,0.440120149,480.0,0.013413,0.377924655
ZBED1,2221.0,0.457533868,282.0,0.032167,-0.170087114
ZBTB8OS,1087.0,0.406816332,276.0,0.214897,0.281742766
ZC3H12A,768.0,0.421626239,1056.0,-0.06894,0.090704046
ZC3H4,2169.0,0.436042942,38.0,-0.080694,-0.121751015
ZCCHC10,81.0,0.361883573,67.0,-0.550358,0.095155104
ZCCHC2,2006.0,0.404185753,0.0,0.318528,-0.202621927
ZFP36L1,2846.0,0.395541595,976.0,0.597268,0.1195837
ZMAT2,1942.0,0.460376067,101.0,-0.312008,0.19278901
ZMIZ2,4165.0,0.419562196,128.0,1.8856,0.456161099
ZMYM3,1292.0,0.378831729,749.0,0.430068,0.147558173
ZNF207,13817.0,0.386696564,148.0,-0.153139,-0.128879951
ZNF414,113.0,0.422835658,118.0,-0.031808,0.083059631
ZNF511,243.0,0.452392726,55.0,0.422492,-0.137379518
ZNF516,4816.0,0.393186692,318.0,-1.972728,-0.3475676
ZNF622,1298.0,0.463753859,120.0,0.454101,0.437527776
ZNHIT2,49.0,0.440612513,85.0,0.647328,-0.007623961
ZNHIT3,419.0,0.425204303,73.0,-0.299149,-0.094035517
ZWINT,4585.0,0.411772707,37.0,-0.217417,-0.470898452
