,3prime,tAI,max_5_UTR_length,TCGA-A7-A0CJ,TCGA-A7-A0CJ.1
AAK1,17874.0,0.380718848,505.0,0.166432,0.29495139
AATF,207.0,0.367011205,251.0,-0.834484,-0.241632551
ABCC1,1793.0,0.393368456,175.0,0.647032,-0.074480878
ABCF3,5726.0,0.387768135,869.0,0.553473,0.232394521
ABHD12,654.0,0.374654709,279.0,1.068175,0.247185309
ABHD6,1639.0,0.384216096,505.0,0.248448,0.287421192
ABR,2562.0,0.39474042,600.0,-1.324166,-0.412349585
ABT1,2092.0,0.423473096,40.0,0.679054,0.201183848
ACADVL,176.0,0.46877374,457.0,0.145662,-0.003658596
ACBD6,155.0,0.433964845,621.0,-0.093312,-0.131619059
ACIN1,584.0,0.404933544,328.0,0.568957,0.111308971
ACO1,4661.0,0.37721508,227.0,-0.291458,-0.350283973
ACOT11,1220.0,0.392289045,176.0,-2.646874,-1.003332168
ACOT9,4514.0,0.358892202,225.0,-0.638485,-0.10209422
ACP2,814.0,0.411581374,548.0,-0.64163,-0.477619716
ACSF2,1484.0,0.405139059,501.0,0.90138,0.116914424
ACSL1,1530.0,0.417966714,990.0,-1.703097,-1.214985998
ACSL5,1022.0,0.380976548,307.0,-0.056506,-0.253112792
ACTB,613.0,0.469768794,192.0,-0.625698,-0.046477398
ACTL6A,452.0,0.409046191,387.0,1.034567,0.37040745
ACTR1A,3151.0,0.432463663,108.0,0.719169,0.040060793
ADA,312.0,0.444091501,440.0,1.356963,0.286755682
ADAMDEC1,715.0,0.41564171,547.0,1.454954,0.689812524
ADD1,1928.0,0.439806775,863.0,-0.654545,-0.382413651
ADPRH,2067.0,0.380088169,541.0,-0.702619,0.385929148
ADSSL1,320.0,0.393141878,776.0,-0.154292,0.271553709
AGAP3,508.0,0.436856677,1584.0,0.190141,0.079664321
AHNAK,842.0,0.382138706,300.0,-0.246673,0.156726934
AHSA1,225.0,0.374296292,431.0,0.413868,0.151903389
AIF1,121.0,0.4069451,222.0,-1.195559,-0.544416097
AIFM2,1911.0,0.447982482,217.0,0.009069,-0.113560763
AK1,1528.0,0.389481519,153.0,0.088781,-0.283012916
AK2,2893.0,0.384271636,345.0,0.177043,-0.100156886
AKR1C2,3804.0,0.449591167,413.0,-4.477045,-1.772098856
AKR7A2,10996.0,0.385600504,22.0,1.194111,0.476430215
ALDH18A1,838.0,0.380333742,511.0,0.242449,-0.493611988
ALDH3A2,2525.0,0.42484639,221.0,1.092589,0.49505095
ALDH6A1,4647.0,0.38708374,724.0,-0.177106,0.082144117
ALG1,2498.0,0.432230555,181.0,-0.148493,0.105367271
ALG5,380.0,0.362014155,67.0,-0.343359,-0.268922413
ALG9,4217.0,0.365461171,1107.0,-0.27275,-0.539705576
ALOX5AP,976.0,0.392577632,248.0,-0.752666,-0.865916072
AMBRA1,1041.0,0.36170155,362.0,0.133937,0.248597828
AMPD2,903.0,0.389224108,566.0,-0.018733,0.175534781
AMPD3,1695.0,0.423686063,472.0,-1.576881,-0.304115754
ANAPC5,235.0,0.390209877,197.0,0.157203,0.136991593
ANKLE2,1737.0,0.418251419,90.0,-0.611575,-0.165679524
ANKRD16,135.0,0.465649334,543.0,0.656615,0.316120713
ANKRD35,249.0,0.402949835,108.0,-2.79847,-0.232337155
ANXA2,496.0,0.429738522,160.0,-0.613221,-0.380510906
ANXA5,1441.0,0.418050335,165.0,-0.506556,-0.179304318
AP1B1,1153.0,0.424070668,187.0,-0.222186,-0.009698813
AP1M1,914.0,0.463388599,173.0,0.330384,0.242366198
APBA1,3797.0,0.387421148,276.0,-3.253396,-0.503218662
APIP,427.0,0.433104693,127.0,-0.208597,-0.423833113
APOBEC3B,339.0,0.43450554,55.0,-0.077643,-0.257615257
APOBEC3C,1979.0,0.381716897,103.0,-1.018521,-0.278152264
APOBEC3G,322.0,0.410940579,404.0,-0.665493,-0.015867418
APOL2,1195.0,0.42932248,477.0,0.293484,-0.114088836
ARF6,2971.0,0.462806813,621.0,-0.22091,-0.360515747
ARFIP2,2430.0,0.403729309,291.0,0.661303,0.24585573
ARHGAP17,2624.0,0.371011524,117.0,0.022136,-0.002953941
ARHGAP30,773.0,0.384451823,645.0,-1.04622,-0.139762866
ARHGEF10,1378.0,0.370244255,202.0,-0.222375,0.005940537
ARID2,3145.0,0.362288628,128.0,0.330081,0.435958756
ARID3A,3881.0,0.411693449,290.0,0.976388,0.517057813
ARIH2,3112.0,0.397061561,878.0,-0.677475,-0.019999728
ARL8A,1065.0,0.409602486,171.0,-0.132464,-0.542383795
ARRB1,6041.0,0.39512759,224.0,0.112759,-0.207223957
ASF1B,950.0,0.395794233,172.0,0.796131,0.08148945
ASS1,1357.0,0.394201053,356.0,1.722285,1.180291145
ATPAF1,3039.0,0.439253133,510.0,0.089207,-0.258854719
ATRIP,162.0,0.417082642,462.0,-0.09502,0.467113576
AXL,1863.0,0.417061167,376.0,-1.014019,-0.204809416
B4GALT7,4483.0,0.433879574,93.0,0.489302,0.633576313
BAG1,2764.0,0.431693656,501.0,-0.047864,-0.199362398
BAG3,537.0,0.387438444,306.0,0.117632,-0.270707305
BASP1,971.0,0.520859146,259.0,-1.466112,-0.810589058
BBS7,1531.0,0.408023089,184.0,0.463743,0.124307054
BCAT2,364.0,0.445598481,657.0,0.365941,0.141477043
BCKDHB,3082.0,0.419736544,88.0,-0.277687,0.036207752
BCL2,5279.0,0.374049285,493.0,1.623654,0.954828954
BCL2L13,4109.0,0.411790332,769.0,0.264061,0.023420361
BID,4193.0,0.428633517,498.0,0.130577,-0.185998989
BLVRA,3376.0,0.414260839,177.0,1.317382,0.645650534
BOLA2,40.0,0.43059393,513.0,-0.136503,-0.560787509
BOLA3,383.0,0.406657227,38.0,0.297099,0.08185644
BRD2,787.0,0.377809737,2066.0,-0.007733,0.164904592
BRD3,3285.0,0.401150236,188.0,-0.017811,0.200093701
BSPRY,1091.0,0.380011644,48.0,-0.420935,0.050948115
BST2,411.0,0.444557266,81.0,1.381679,0.386065572
BUB3,1535.0,0.421992618,242.0,0.78614,0.087176403
C1QB,152.0,0.436596666,340.0,-1.534395,-0.011920301
C1QC,327.0,0.41150294,283.0,-1.177443,-0.037107676
C2CD3,671.0,0.360398895,227.0,0.573219,0.281658543
C3,5088.0,0.430632158,93.0,-3.840935,-0.512212902
CAP1,1134.0,0.406948565,416.0,-0.482429,-0.286211699
CAPN1,720.0,0.455130071,197.0,-0.693998,0.035216445
CAPRIN1,5632.0,0.374918508,189.0,0.351624,0.319240357
CAPZB,5180.0,0.446052528,622.0,0.615357,-0.065431133
CARD16,437.0,0.41300235,27.0,-0.203629,-0.26164571
CARHSP1,4898.0,0.362100245,360.0,0.821326,0.258953916
CASC3,1778.0,0.370720542,295.0,-0.423068,-0.163819603
CASP1,750.0,0.424742838,44.0,0.165743,0.250296845
CASP8,1794.0,0.376118708,303.0,0.466503,0.235931295
CAT,629.0,0.397270122,89.0,-0.006761,-0.212383325
CBL,8368.0,0.375957197,142.0,-0.270631,0.12703604
CBLL1,3286.0,0.400851504,467.0,-0.355973,0.037051106
CBR3,54.0,0.445176236,228.0,-1.127389,-0.880957716
CBS,4385.0,0.477784031,626.0,4.187604,1.046402977
CBX5,10815.0,0.390902295,318.0,-0.478165,-0.293677159
CBX8,2504.0,0.36735217,118.0,1.001454,0.406967504
CCDC115,2169.0,0.385110507,452.0,0.217449,0.303779823
CCDC125,2554.0,0.359965106,322.0,0.213423,0.085356127
CCDC58,2462.0,0.421830022,75.0,1.364237,0.647340961
CCDC88C,1302.0,0.396031427,154.0,1.659463,0.554238011
CCL5,886.0,0.462166288,68.0,-0.226639,-0.68584167
CCNA2,1206.0,0.409154498,373.0,0.983448,0.145539822
CCNB2,168.0,0.374401461,184.0,0.488057,0.138598858
CCNDBP1,2336.0,0.44393643,231.0,-1.792823,0.041317654
CCS,4244.0,0.460896681,43.0,0.690858,-0.051846613
CCT3,238.0,0.457984718,231.0,0.563176,0.089848952
CCT4,1361.0,0.393363555,164.0,-0.300227,-0.022862591
CD14,128.0,0.416321757,392.0,-1.372406,-0.38037152
CD209,3046.0,0.440000747,67.0,-0.846463,-0.514216251
CD33,331.0,0.428315036,40.0,-0.491867,0.222094127
CD36,2894.0,0.410517795,414.0,-2.227349,-0.70831695
CD40,982.0,0.429065654,90.0,-1.146852,-0.333932569
CD44,3115.0,0.39995987,434.0,-0.533263,-0.614296733
CD63,923.0,0.512738356,403.0,-0.384446,-0.154697899
CD74,635.0,0.427357309,187.0,-1.855738,-0.81939189
CDC25C,437.0,0.364786128,387.0,0.799566,0.014002459
CDC26,271.0,0.395637029,359.0,-1.528273,-0.117691878
CDC34,560.0,0.46431386,199.0,1.039356,0.233048568
CDC42EP3,3941.0,0.420378821,1009.0,-1.048489,-0.032010121
CDCA3,816.0,0.351209268,820.0,0.141076,-0.208494326
CDCA8,1353.0,0.384295288,290.0,0.385664,0.043912801
CDIPT,1864.0,0.442654716,541.0,-0.352073,-0.097929505
CDK1,2313.0,0.398329505,154.0,-0.888025,-0.474841542
CDK19,4557.0,0.421511824,180.0,-0.611041,0.062257923
CDK2AP1,766.0,0.439144625,522.0,-0.296058,0.302256112
CDK5RAP2,367.0,0.371069462,192.0,-0.089933,0.013297053
CDK5RAP3,284.0,0.469750898,1791.0,0.167981,0.231136264
CDKAL1,1365.0,0.417875209,167.0,0.033024,-0.147415291
CDKN2AIPNL,3639.0,0.409801696,53.0,0.884536,0.261281846
CDKN2C,2247.0,0.381912025,1216.0,-1.732071,-0.38637489
CENPH,1478.0,0.418392258,87.0,1.649704,0.264810334
CENPV,301.0,0.385948267,62.0,-4.725726,-1.187715598
CEP55,939.0,0.397841874,304.0,0.619917,-0.117380536
CETN2,868.0,0.433727498,47.0,0.26539,-0.251972428
CFL1,677.0,0.502791,234.0,0.135603,-0.264815657
CHAC2,786.0,0.395629742,277.0,1.152151,0.285764211
CHCHD4,3528.0,0.445497334,326.0,-0.77075,-0.417257735
CHMP4A,296.0,0.447100154,262.0,0.218837,-0.143923377
CHMP5,1241.0,0.442987983,200.0,-0.409775,-0.201335553
CHMP6,980.0,0.489861105,78.0,0.691411,0.153917004
CHST11,4211.0,0.430763246,498.0,-0.79152,0.438015995
CHTF8,2425.0,0.424551152,142.0,-0.207289,0.814156998
CIAPIN1,1024.0,0.451663323,242.0,0.302844,-0.050567549
CISD2,5376.0,0.433298698,107.0,0.763927,0.159252388
CKAP4,2872.0,0.386259817,84.0,0.716131,-0.187701205
CKS2,300.0,0.317949998,98.0,0.797024,-0.285183966
CLCC1,5185.0,0.369704467,150.0,-0.036557,-0.254938655
CLCN7,1698.0,0.459147749,110.0,-0.188668,-0.200893446
CLIC1,290.0,0.4571302,573.0,0.037614,-0.161191956
CLK2,350.0,0.410673686,925.0,0.054596,0.063824105
CLK3,1233.0,0.4268607,461.0,-0.646413,0.024256905
CLPTM1,458.0,0.383990827,351.0,-0.341312,-0.088553552
CLTA,288.0,0.450950874,514.0,-0.683948,-0.13152759
CLTB,319.0,0.48548545,210.0,0.201039,0.30848708
CLTC,3104.0,0.384957863,443.0,0.318397,-0.036476434
CNBP,6850.0,0.433298698,206.0,0.503304,-0.046683728
CNPY2,123.0,0.392778455,553.0,0.252292,0.074196841
CNPY3,1042.0,0.459231502,584.0,0.457762,0.375219774
COG3,1967.0,0.414689223,142.0,-0.671406,-0.075622863
COMMD1,306.0,0.423842833,138.0,-0.065943,-0.212938546
COMMD3,431.0,0.360487018,35.0,0.057406,-0.029776445
COMMD5,498.0,0.445713337,399.0,0.158436,0.131654784
COMMD6,1375.0,0.396967837,328.0,-0.61233,0.030713707
COMMD9,2340.0,0.418062772,89.0,-0.066437,-0.110610927
COPB1,446.0,0.381738818,307.0,0.065456,0.067355113
COPE,165.0,0.478760693,55.0,0.404389,-0.139236185
COQ6,671.0,0.374062527,159.0,0.449099,0.13551336
COQ7,5700.0,0.42379098,133.0,-0.437513,-0.056227597
CORO1A,112.0,0.457388252,435.0,-0.998464,-0.238297102
COX17,1735.0,0.484254073,86.0,0.443646,-0.091879604
COX5A,860.0,0.429944966,140.0,0.642138,-0.422934175
COX7A2,302.0,0.441893926,98.0,0.723803,-0.810694661
CPM,5262.0,0.406054343,75.0,-1.631744,-0.981538391
CPSF4,923.0,0.452412439,277.0,0.381029,0.048552987
CPT1A,2761.0,0.374132033,170.0,1.170769,0.58438375
CPT2,602.0,0.431256564,515.0,0.265801,0.202722889
CRCP,8457.0,0.390198146,145.0,-0.251582,-0.14042806
CRKL,3904.0,0.422225684,509.0,0.180724,0.197631185
CRTAP,5601.0,0.446308827,120.0,-0.59022,-0.157137823
CRTC3,3205.0,0.355982524,186.0,0.036999,0.289259708
CRY2,2337.0,0.383442872,132.0,-0.420231,0.140876411
CRYL1,462.0,0.386242786,79.0,-0.533428,-0.344758621
CSRP1,1183.0,0.493833101,217.0,0.635897,-0.209464335
CST3,2762.0,0.475763324,186.0,-1.138729,-0.163578374
CSTF2,1931.0,0.372934478,58.0,-0.51673,-0.098461513
CTBP1,800.0,0.464034004,393.0,-0.594568,-0.093360749
CTNNA1,1216.0,0.412513324,1103.0,0.208928,-0.125341797
CTNNB1,1106.0,0.432073699,448.0,-0.891551,-0.114346364
CTNNBIP1,2448.0,0.394834327,307.0,-0.313761,-0.22104308
CTPS2,1870.0,0.416273085,744.0,0.044377,0.148060812
CTSG,119.0,0.369503415,37.0,-4.677991,-2.151099612
CTSH,1072.0,0.446467856,1192.0,-0.199036,-0.446466732
CUEDC1,2047.0,0.374410739,719.0,0.437891,0.015706047
CUX1,1040.0,0.395555213,127.0,-1.137797,-0.243017955
CXCL10,814.0,0.410287201,105.0,1.515022,0.095945744
CYBB,2544.0,0.418993019,61.0,-1.049475,-0.946447505
CYP2S1,1051.0,0.420869286,58.0,-1.293038,-0.932769265
CYTH4,1837.0,0.406296106,377.0,-0.753863,-0.06766238
DAB2,1757.0,0.368483127,531.0,-1.382966,-0.397360272
DAGLB,721.0,0.377719723,170.0,-0.200752,-0.102725488
DAP3,768.0,0.366492687,184.0,0.069399,0.111188949
DAPP1,2082.0,0.348655603,90.0,-1.118609,0.060416313
DBI,233.0,0.467027529,479.0,0.209627,-0.177270306
DCAF12,1967.0,0.42050769,342.0,-0.337016,0.012135305
DCAF8,1877.0,0.380310979,212.0,-0.300223,0.139326096
DCP1A,4153.0,0.411936399,381.0,-0.533512,0.019235725
DCPS,4731.0,0.375605648,329.0,0.487761,0.125862997
DCTN5,10597.0,0.443116252,177.0,0.22729,0.292731228
DDAH2,653.0,0.361046801,1104.0,-0.607677,-0.334777637
DDB2,1223.0,0.43604051,195.0,0.397169,0.390017974
DDX23,713.0,0.445931172,91.0,-0.188742,-0.007509735
DDX31,1870.0,0.361830896,544.0,0.184479,0.222714934
DDX47,438.0,0.379294484,22.0,-0.384,-0.066126726
DDX54,1704.0,0.467316231,28.0,-0.080982,-0.285453874
DDX56,586.0,0.438032149,643.0,0.115323,-0.034862142
DDX59,217.0,0.413095257,243.0,-0.280821,0.075937765
DHODH,3463.0,0.371608285,21.0,0.132553,-0.233852539
DHPS,121.0,0.474111752,121.0,0.197462,0.012629307
DHX15,459.0,0.379133957,168.0,-0.298437,-0.064610215
DHX34,591.0,0.384465978,349.0,0.639483,0.422110801
DHX58,357.0,0.440330409,223.0,0.318666,0.269739052
DIABLO,719.0,0.425893605,1182.0,0.245777,-0.143758849
DMAP1,63.0,0.471306,301.0,0.237398,0.296363706
DMXL2,1274.0,0.389901613,225.0,-1.42242,-0.082482216
DNAJA4,1736.0,0.398301408,169.0,-0.027055,-0.162917341
DNAJC14,1509.0,0.37755465,204.0,0.208242,-0.270047876
DNAJC19,1326.0,0.403482491,259.0,0.51074,0.246883914
DNAJC25,1212.0,0.430964931,56.0,-0.888863,-0.61573808
DNAJC8,969.0,0.416719859,33.0,0.078227,-0.030640418
DNM1,1255.0,0.393835111,116.0,-1.239584,-0.216654786
DNTTIP2,3564.0,0.408096853,58.0,-0.0548,0.082137422
DOCK11,3681.0,0.373818855,63.0,-1.922556,-0.32908679
DOCK2,524.0,0.446250827,52.0,-1.583172,-0.108975051
DOK2,438.0,0.384043737,481.0,-1.075203,-0.204599169
DPCD,197.0,0.459155016,389.0,1.495751,0.878947745
DPF2,2501.0,0.393394442,133.0,1.072914,0.217505942
DPH1,1310.0,0.448716064,341.0,0.214681,0.193938116
DPH5,784.0,0.413363166,165.0,0.118712,0.105989701
DPY30,562.0,0.438431353,279.0,0.550558,0.378775137
DPYSL2,2472.0,0.430530829,431.0,0.216995,-0.182030518
DRAP1,142.0,0.432809908,245.0,0.632286,0.255065526
DRG1,4594.0,0.444150091,131.0,0.355447,0.108842448
DSN1,5330.0,0.392894937,373.0,0.969215,0.106093854
DSTN,2786.0,0.375776803,438.0,0.25869,0.10270064
DTL,2265.0,0.372315747,921.0,0.278245,-0.009217828
DTX3L,3456.0,0.408848169,89.0,0.801085,0.625410248
DUSP12,374.0,0.419884133,34.0,-0.145499,0.107820575
DUT,1937.0,0.36471409,109.0,-0.786288,-0.189014445
DYNLT1,514.0,0.420362019,78.0,0.087787,0.054452243
EBAG9,1437.0,0.39438748,402.0,0.365111,0.02659656
ECH1,191.0,0.389477111,85.0,0.296591,0.059960113
ECHDC2,2269.0,0.400166641,752.0,-1.430183,-0.269887483
ECM1,322.0,0.43792189,199.0,-1.26708,-0.33259357
EDEM2,76.0,0.379021051,100.0,0.520227,0.138364824
EEA1,5374.0,0.405861636,265.0,-0.959672,-0.200639036
EEF1A2,286.0,0.417272363,329.0,-6.042985,-2.427292623
EFTUD2,1331.0,0.444646836,398.0,-0.473406,0.005789091
EHD1,3363.0,0.446314898,447.0,-0.229903,-0.161843259
EIF2AK2,8063.0,0.394727306,557.0,0.681095,0.499190926
EIF2B3,1058.0,0.383118637,239.0,0.158985,0.30727049
EIF3F,5840.0,0.435728237,33.0,0.30925,0.18918274
EIF3L,1718.0,0.380710116,245.0,-0.041756,0.170806613
EIF4A3,1120.0,0.381528282,222.0,0.572423,0.109932676
ELAVL1,4910.0,0.437605432,167.0,0.158502,0.100361971
EMG1,248.0,0.433768095,143.0,0.179717,-0.107604459
EMILIN2,2605.0,0.379592019,159.0,-0.803058,-0.180817518
ENDOD1,7728.0,0.376426787,118.0,-0.301434,-0.182241834
ENOSF1,2904.0,0.382279782,622.0,0.59293,0.368355815
ENY2,2576.0,0.41756619,146.0,0.358162,-0.299598031
EPSTI1,2106.0,0.391777705,469.0,1.076827,0.460545926
ERCC1,2342.0,0.45058755,188.0,0.204346,-0.058140925
ERCC6L,4809.0,0.354829683,623.0,-0.109343,-0.199438916
ERH,415.0,0.383837906,71.0,1.203003,-0.274902628
ERLIN1,2041.0,0.444737514,478.0,-0.250798,-0.294086681
ERP29,1277.0,0.401191178,118.0,0.0587,0.02464142
ETV6,4356.0,0.398240844,274.0,-0.201887,-0.107904687
EXOC4,1232.0,0.388187525,35.0,0.362818,0.127785447
EXOC8,6907.0,0.436106501,127.0,-0.781974,0.177898593
EXOSC1,536.0,0.430105347,451.0,0.313675,0.494902397
EXOSC2,3902.0,0.431273517,32.0,0.610478,0.150022667
F8A1,571.0,0.46317284,15.0,0.524133,-0.117853575
FAAH,2043.0,0.384592892,82.0,-0.066242,-0.023182335
FAF1,4425.0,0.401181969,453.0,-0.303666,-0.230006837
FAM122A,4542.0,0.40477622,33.0,-0.923449,0.170457131
FAM168A,6285.0,0.395008865,285.0,-0.018094,0.288875447
FAM177A1,2165.0,0.411149627,459.0,0.123319,0.005844277
FAM192A,1824.0,0.379195199,1475.0,-0.481386,-0.061102662
FAM20B,4428.0,0.4357945,293.0,0.268776,0.031346234
FAM32A,1091.0,0.408676074,42.0,0.430093,0.304579952
FAM50A,286.0,0.482889735,110.0,1.08969,0.302854433
FBP1,248.0,0.397353747,331.0,-0.904587,-0.964337515
FBXL20,9338.0,0.383104745,254.0,-0.594023,-0.548286752
FBXO4,526.0,0.393825218,58.0,-1.068274,-0.286759775
FBXO6,503.0,0.42307306,166.0,0.11405,0.11452285
FCER1G,305.0,0.4202976,25.0,-0.677061,-0.941820788
FCGRT,309.0,0.433069976,486.0,-1.344262,-0.457376881
FCHO1,270.0,0.372951657,283.0,1.037559,-0.557374834
FDPS,72.0,0.456397562,392.0,-0.35202,-0.497949164
FDXR,596.0,0.384661194,188.0,0.654345,0.061137725
FEN1,1340.0,0.407867196,413.0,0.512494,0.123364544
FERMT3,399.0,0.435119014,149.0,-0.497347,-0.053882867
FGD2,907.0,0.441856308,171.0,-0.580661,0.117991117
FGFR1OP2,1663.0,0.396595515,353.0,-1.018089,-0.007523999
FGL2,3460.0,0.40966218,40.0,-1.676043,0.137924655
FKBP1A,1132.0,0.428443098,174.0,0.71465,0.336992281
FKBPL,24.0,0.377510344,270.0,0.170126,-0.100319714
FLOT1,422.0,0.472159534,339.0,0.335143,-0.108002228
FN3K,442.0,0.389857108,61.0,0.775882,0.503994001
FN3KRP,3667.0,0.380720834,50.0,-0.048524,-0.057158252
FOXJ3,3176.0,0.401878681,312.0,-0.25948,-0.208135841
FOXK2,3108.0,0.440496276,171.0,0.76099,0.331907576
FOXRED1,443.0,0.438630908,167.0,-0.045662,0.170267073
FSCN1,1184.0,0.396100853,132.0,-1.647171,-0.406028835
FTH1,530.0,0.425357612,235.0,-0.122982,-0.065789737
FTL,1031.0,0.428438948,199.0,-0.315698,-0.196005918
FTSJ1,638.0,0.457521275,569.0,-0.666758,-0.134392174
FTSJ3,698.0,0.388239396,646.0,0.614747,-0.257774379
FXN,6365.0,0.40465004,220.0,-0.040664,0.114508348
GABARAPL2,564.0,0.431291441,136.0,-0.584906,-0.264001524
GABPB1,1320.0,0.423118524,469.0,0.014241,0.251343189
GALK1,292.0,0.455574511,63.0,1.733817,0.757656875
GANAB,989.0,0.425909644,1027.0,0.466113,0.251070917
GAS6,315.0,0.393865445,183.0,-1.125487,0.143051223
GAS7,6619.0,0.423630168,311.0,-2.508519,-0.316777636
GBE1,708.0,0.404013874,283.0,0.616046,0.399786931
GBP1,1735.0,0.42614962,220.0,0.595066,-0.033528018
GBP2,5058.0,0.440134196,314.0,0.259845,0.264363139
GBP4,4106.0,0.42983554,116.0,0.000907,0.071998963
GBP5,1753.0,0.421901204,537.0,0.684385,-0.230023619
GCH1,2011.0,0.419329122,161.0,-1.317611,0.130054514
GFOD2,622.0,0.396604754,295.0,-0.329621,-0.026333043
GGA2,5408.0,0.377812588,83.0,0.16235,-0.006871299
GGCX,5211.0,0.417836117,106.0,0.180999,0.286819857
GIGYF1,2212.0,0.443456438,1210.0,0.028736,-0.109873776
GINS3,1415.0,0.387351931,208.0,0.358809,0.293763289
GLA,1699.0,0.378726947,110.0,0.224845,-0.320043984
GLE1,1357.0,0.383457083,114.0,0.552325,0.099674688
GLRX,1188.0,0.430296645,211.0,-1.106237,-0.622606379
GLRX3,3557.0,0.41418463,539.0,-1.245208,-0.65080628
GLUD1,1558.0,0.392454008,1132.0,-1.598572,-0.615351455
GLYR1,2033.0,0.39940414,57.0,-0.111843,0.085910031
GMEB1,4582.0,0.43446142,142.0,0.167952,0.124483826
GMPPA,198.0,0.434966364,375.0,-0.17879,-0.224435632
GMPR,3984.0,0.435743929,114.0,0.188952,0.084076483
GMPR2,464.0,0.453637396,704.0,0.191384,0.385455462
GNAI1,1947.0,0.435804474,356.0,1.245293,-0.120754825
GNG7,3803.0,0.398730372,237.0,-3.986469,-0.618473089
GNPDA1,1360.0,0.395964134,67.0,0.597079,-0.059296738
GOLGA2,1243.0,0.401070546,13.0,-0.305618,0.025978102
GON4L,926.0,0.418089888,175.0,0.495645,0.122543747
GOSR1,5968.0,0.408103421,237.0,0.449979,0.208426805
GOSR2,3258.0,0.374298057,541.0,0.061676,-0.064366304
GOT2,1054.0,0.444803236,129.0,0.159068,0.171850757
GPS2,97.0,0.431122181,76.0,-0.278674,0.167993194
GPX7,626.0,0.395840774,39.0,-0.463253,-0.292546482
GRAMD1A,299.0,0.411657297,748.0,-0.014257,-0.181446645
GRB2,2292.0,0.4413596,358.0,1.022132,0.397690351
GSTM4,2467.0,0.390909061,314.0,-0.510017,-1.283858058
GTF2A2,1070.0,0.420716795,404.0,-0.429752,-0.497344729
GTF2E2,604.0,0.365750105,273.0,-0.081042,0.206723216
GTF3C2,932.0,0.372227001,397.0,0.514491,0.268729771
GTPBP1,2894.0,0.424954603,154.0,0.167763,0.184287906
GTPBP3,1032.0,0.436547413,95.0,0.998934,0.228387865
GTSE1,680.0,0.368527868,212.0,0.179027,-0.381387388
GTSF1,222.0,0.36097632,86.0,-1.23719,0.185040519
HADH,818.0,0.383558671,219.0,0.481052,-0.026041982
HADHA,615.0,0.383558671,130.0,0.54134,0.231009745
HAUS5,3319.0,0.378752573,51.0,-0.037877,0.195683781
HAUS8,346.0,0.37535995,111.0,0.981667,0.158211785
HCCS,1274.0,0.398607648,275.0,-0.337544,-0.49186009
HCK,337.0,0.440224323,364.0,-0.754697,-0.409450114
HDAC1,591.0,0.390040122,63.0,0.521232,0.164581009
HDDC3,763.0,0.387287166,29.0,0.577139,0.085650437
HDGF,1342.0,0.465394593,322.0,0.753013,0.303505869
HDLBP,2343.0,0.397687311,375.0,0.110362,-0.148947805
HEATR3,1385.0,0.384091545,883.0,0.582814,0.224959137
HEBP2,9119.0,0.359416339,297.0,-0.46318,-0.223832788
HECA,3704.0,0.443714129,285.0,-0.598728,0.087801211
HECTD3,3914.0,0.446742268,98.0,-0.980068,-0.082557014
HERC2,726.0,0.429958504,109.0,-0.980301,0.15547722
HERC5,379.0,0.393838904,153.0,1.338367,0.503951659
HERC6,651.0,0.398146132,183.0,1.373498,0.748298315
HIP1,4874.0,0.430847644,52.0,-1.128306,-0.206346519
HLA-A,4150.0,0.424443523,84.0,-0.091866,-0.224771145
HLA-C,420.0,0.421684519,65.0,0.015024,-0.0046566
HLA-DRA,409.0,0.420807891,109.0,-2.293959,-0.916292474
HLA-E,1459.0,0.413523771,126.0,-1.073139,-0.331248096
HLA-F,121.0,0.407256461,124.0,-0.728936,-1.862355394
HMBOX1,3560.0,0.369177113,482.0,-0.69786,-0.466740847
HMBS,266.0,0.451934812,299.0,0.340051,-0.141789244
HMGB2,3775.0,0.450826504,193.0,1.132384,0.275874469
HMGCS1,3661.0,0.374424323,345.0,-0.542459,-0.52269783
HMOX1,616.0,0.436401717,107.0,-0.907403,-0.61650222
HNRNPA0,7504.0,0.386421138,284.0,0.649694,0.113035604
HNRNPD,1688.0,0.420386111,318.0,-0.979794,-0.73249624
HNRNPL,1102.0,0.449817015,176.0,-0.022435,-0.104112766
HNRNPU,4156.0,0.432126199,218.0,0.080903,-0.135343997
HNRNPUL1,2135.0,0.394022965,339.0,-0.25602,-0.254493103
HNRNPUL2,2674.0,0.436897081,229.0,0.3342,0.170035979
HSBP1,3274.0,0.4454546,174.0,-0.37194,-0.239227876
HSD17B7,398.0,0.431983247,99.0,-1.088199,-0.447504379
HSP90AB1,313.0,0.39509298,251.0,0.397298,0.118006218
HSPA1L,428.0,0.464100714,183.0,0.14584,-0.757272329
HSPA4L,7877.0,0.413794867,342.0,2.21151,1.077852114
HSPB11,107.0,0.34538245,284.0,0.115582,-0.302290708
HTRA2,571.0,0.421976635,602.0,0.505617,0.026537651
HTT,3901.0,0.373695076,145.0,-0.784146,-0.020777084
HUS1,2068.0,0.374612864,131.0,-0.062638,0.130091525
HYI,310.0,0.378597605,196.0,-0.022345,-0.019012604
HYOU1,1409.0,0.403839016,234.0,-0.133801,-0.232968727
ICAM1,1537.0,0.426062071,319.0,-0.395101,-0.403826972
IER3IP1,3342.0,0.438740024,97.0,1.337095,-0.081346576
IFI16,254.0,0.415211655,290.0,-0.808029,-0.098425615
IFI30,213.0,0.431523306,62.0,0.392862,-0.019704317
IFI35,160.0,0.418462024,223.0,0.572955,0.342865172
IFI44,267.0,0.403888008,124.0,1.142733,-0.152548082
IFI44L,5058.0,0.403608012,200.0,1.462734,-0.599994325
IFIH1,121.0,0.412344512,377.0,0.870262,0.530105406
IFIT1,2775.0,0.411248073,495.0,2.474783,0.962544145
IFIT2,1901.0,0.420797646,175.0,1.794471,1.119197434
IFIT3,843.0,0.417440574,529.0,1.846619,1.155379337
IFIT5,2354.0,0.414819429,231.0,0.115184,0.325737494
IFITM1,159.0,0.431550176,180.0,1.094836,0.557403718
IFT27,109.0,0.4030938,426.0,-1.577514,-0.437707087
IGFBP3,1605.0,0.43060006,132.0,0.535415,0.194562347
IGFBP7,558.0,0.392734536,34.0,-0.891887,-0.051362114
IKBKE,745.0,0.435100597,714.0,-1.455148,-0.615987627
IL16,3965.0,0.367979445,2395.0,-1.240387,-0.095043427
IL17RA,5874.0,0.376798811,133.0,-0.023719,0.462976793
IL1RN,1145.0,0.411881061,408.0,1.03289,0.048669343
IL4I1,16.0,0.4139018,621.0,1.564213,0.531042294
ILF2,656.0,0.426220446,239.0,0.188462,-0.027103979
IMPA2,2898.0,0.383680893,242.0,0.084967,-0.288919413
INO80,5209.0,0.374025479,351.0,-0.583206,0.040190239
INPP1,263.0,0.395712795,700.0,0.249838,0.034167658
INPP5D,1195.0,0.436077769,512.0,-1.662653,-0.103045617
INSR,4801.0,0.380857973,411.0,0.087472,-0.038627712
IPO5,2508.0,0.381335948,180.0,0.070802,0.157614158
IRF7,92.0,0.423538356,367.0,0.978765,0.722862632
IRF8,1327.0,0.384714127,507.0,-0.832205,0.409944762
IRF9,369.0,0.432057622,127.0,0.687805,0.586499118
IRGQ,7659.0,0.399674011,156.0,0.417992,0.372370871
ISCU,607.0,0.454630229,1331.0,-0.572219,0.011358751
ISG15,62.0,0.419522688,77.0,1.872664,0.527863273
ISG20,952.0,0.419932377,2368.0,3.085445,1.178340793
ISOC1,1056.0,0.418535314,18.0,1.689325,0.752176753
ITGB2,415.0,0.457304004,395.0,-1.002394,-0.539703723
ITPKB,2981.0,0.440250717,340.0,-0.608544,0.002273767
JUNB,496.0,0.414023332,276.0,-1.236444,0.335494367
JUP,157.0,0.458302936,298.0,-0.576112,0.306817546
KANK2,2291.0,0.394238955,361.0,-0.12755,-0.225817157
KARS,4202.0,0.383913431,144.0,0.067572,0.032095043
KCNN4,560.0,0.425737469,396.0,-1.358407,-0.590081801
KDM1A,327.0,0.428444011,149.0,1.246002,0.342829597
KDM2A,3716.0,0.372295488,864.0,0.098579,-0.100887999
KDM2B,2488.0,0.393022165,407.0,0.785222,0.315207645
KDM3B,1327.0,0.37791414,200.0,-0.09287,0.301100152
KDM4A,1148.0,0.378142374,166.0,0.626237,0.453115811
KHSRP,1024.0,0.456900489,110.0,0.549168,0.292171018
KIAA2013,727.0,0.385456054,191.0,0.065244,-0.181418981
KIF20A,757.0,0.371463873,496.0,0.634272,0.155465578
KIF22,75.0,0.392489541,388.0,0.402307,0.123767154
KIF2C,588.0,0.387865377,395.0,0.864857,0.054474082
KIF3B,3792.0,0.390782105,180.0,0.475933,0.216936746
KIF3C,2392.0,0.403852971,657.0,1.419985,0.126643402
KIF5B,3198.0,0.418236129,470.0,0.494135,0.264588083
KLHL7,3616.0,0.41595405,521.0,0.865182,0.382558824
KTI12,594.0,0.370414154,39.0,-0.02097,0.136597464
LAMP1,1311.0,0.390985106,281.0,-0.891794,-0.578279216
LANCL2,2422.0,0.433733517,578.0,0.268484,-0.334491389
LAP3,503.0,0.426841798,162.0,-0.19199,0.047490701
LDHD,1826.0,0.398770776,52.0,-2.374259,-0.399157838
LENG1,560.0,0.445950324,48.0,-0.167835,0.132201088
LGALS3,159.0,0.420172221,88.0,-1.626168,-0.712822709
LGALS3BP,1225.0,0.419930622,179.0,0.552938,0.041820754
LGALS9,641.0,0.410654931,118.0,0.167042,-0.063432364
LIN54,4893.0,0.441729058,383.0,-1.349155,-0.212230431
LPCAT1,2228.0,0.380803123,133.0,1.132756,0.306182061
LPCAT4,239.0,0.432241557,94.0,0.254452,0.068254623
LPXN,1776.0,0.432350833,254.0,-0.570291,-0.150733069
LRPPRC,2376.0,0.377375074,58.0,0.388444,-0.102456286
LRRC25,843.0,0.434491636,642.0,-0.764131,-0.200181871
LRRC41,465.0,0.438391248,44.0,-0.031433,0.114009015
LRRC59,1755.0,0.423067849,236.0,0.382813,-0.63857172
LSM1,486.0,0.409616526,410.0,0.712126,0.190227276
LSM6,1871.0,0.435100303,139.0,0.142086,0.423268163
LTA4H,391.0,0.355044638,145.0,0.212842,-0.316405586
LYN,4058.0,0.418972994,282.0,-0.822824,-0.41486301
LYPLAL1,1137.0,0.3973742,157.0,-0.394822,-0.218219085
LYRM4,6830.0,0.366844497,217.0,0.050303,0.439552422
LYSMD2,596.0,0.394037378,501.0,-1.372202,-0.122957886
M6PR,1457.0,0.379162834,275.0,-0.887466,-0.282375906
MAD2L1,4528.0,0.407191351,124.0,1.075585,-0.140457082
MAFB,2032.0,0.405989564,390.0,0.569284,0.623856811
MAGED2,327.0,0.466698843,233.0,-0.219473,-0.284407482
MAGOH,153.0,0.416054235,162.0,-0.056681,-0.25990768
MAN2B1,128.0,0.381728903,76.0,-0.970923,-0.246782279
MANF,717.0,0.420319188,97.0,-0.248874,-0.403850952
MAP4K1,170.0,0.374128007,140.0,-0.5466,-0.036822625
MARCKSL1,768.0,0.468216312,206.0,0.28463,-0.204159028
MAX,2676.0,0.337149475,479.0,0.399885,0.289944804
MBD2,3723.0,0.420256858,229.0,0.950507,0.352719263
MBP,4041.0,0.393290432,264.0,-0.502891,-0.412663814
MCM2,662.0,0.460999542,110.0,1.885559,0.395302383
MCM4,2618.0,0.371821308,942.0,0.398175,0.394111372
MCM5,3214.0,0.470488076,94.0,0.604117,0.390977103
MDC1,658.0,0.415783633,440.0,0.06563,0.180234259
MDH1,210.0,0.381672323,435.0,-0.001855,-0.087491675
ME1,1535.0,0.411214685,265.0,1.89961,0.862139332
ME3,171.0,0.395156177,377.0,0.967223,-0.2479989
MECR,1365.0,0.445670958,612.0,0.424838,0.195116083
MED17,2631.0,0.366528813,275.0,-0.560825,0.088280115
MED19,934.0,0.439623042,93.0,0.651238,0.326991774
MED28,10307.0,0.440157501,27.0,-0.251533,0.08857807
MED29,4550.0,0.464327351,57.0,-0.267101,0.138351828
MEN1,824.0,0.454590692,504.0,0.676619,0.183838008
METTL13,961.0,0.396264071,347.0,-0.108857,-0.053961248
MGST3,1295.0,0.374563048,428.0,0.339141,0.260540836
MIF4GD,787.0,0.397877071,137.0,0.372987,0.060868158
MINK1,774.0,0.455972684,525.0,0.113275,-0.318327446
MIS12,1334.0,0.420723459,745.0,-0.410227,-0.052494369
MLEC,5319.0,0.43043384,173.0,-0.336488,-0.570230376
MLLT10,2252.0,0.36295117,1568.0,-0.110985,0.651780811
MLX,1636.0,0.386664187,65.0,-0.488081,-0.320160221
MMACHC,1852.0,0.382684622,371.0,0.645875,0.15485329
MMADHC,5382.0,0.406207656,205.0,0.654352,1.044372976
MMGT1,4451.0,0.406300672,388.0,0.534874,-0.012602635
MMP1,502.0,0.392399458,189.0,0.379014,-0.374567631
MMP14,1722.0,0.419367787,285.0,-1.203652,-0.331779552
MMP9,193.0,0.404253633,19.0,0.044303,-1.248842903
MORC3,2052.0,0.406702124,375.0,-0.638481,-0.078591225
MORF4L1,1066.0,0.420719378,454.0,-0.433935,0.260926364
MOV10,619.0,0.412681236,1415.0,0.351567,-0.121651218
MPDU1,797.0,0.440676037,216.0,0.045662,-0.305347247
MPHOSPH10,87.0,0.404440607,352.0,0.471345,0.377068072
MRI1,2018.0,0.459301832,75.0,0.006109,0.079618854
MRPL13,1075.0,0.395373051,313.0,1.052914,0.152937717
MRPL15,1888.0,0.407701507,63.0,1.089318,0.269820441
MRPL16,212.0,0.368940255,214.0,0.165964,0.31260045
MRPL17,6554.0,0.424450505,105.0,0.928054,0.38287982
MRPL2,580.0,0.458698472,164.0,0.394772,0.273798614
MRPL20,187.0,0.445765675,96.0,0.365261,0.047924886
MRPL21,55.0,0.417448467,293.0,0.515964,0.214167144
MRPL27,2133.0,0.436300758,31.0,0.541517,0.35198738
MRPL40,113.0,0.406843086,653.0,0.310503,0.290235322
MRPL46,1889.0,0.422788385,25.0,0.515661,0.215228384
MRPL48,1284.0,0.368940255,212.0,0.985397,-0.010402847
MRPL51,2069.0,0.35376587,169.0,0.238165,0.163019641
MRPL53,198.0,0.441261883,155.0,0.454653,0.374430896
MRPL9,407.0,0.432679379,437.0,0.164304,0.461150327
MRPS11,2793.0,0.477818717,1491.0,0.536429,0.147768069
MRPS15,468.0,0.440649404,164.0,0.233318,0.000966004
MRPS17,1334.0,0.413812124,30.0,0.101538,0.214021324
MRPS18B,936.0,0.408462865,157.0,0.199192,0.063792468
MRPS36,933.0,0.3748339,84.0,0.217245,0.065129875
MRPS7,453.0,0.455992019,233.0,0.868189,0.076055752
MSI2,5168.0,0.366385762,173.0,1.809241,0.68174797
MSTO1,694.0,0.421389639,1152.0,-0.025997,0.121415219
MT1E,291.0,0.588704726,179.0,2.124807,0.785891627
MT2A,316.0,0.576670685,123.0,1.413896,0.3967479
MTA2,684.0,0.459443446,761.0,0.790934,0.148847853
MTFMT,1550.0,0.414190941,26.0,0.688215,0.114037743
MTHFS,1663.0,0.434592403,179.0,1.006441,-0.218447415
MTMR1,2442.0,0.424163835,319.0,0.952426,0.109356084
MTMR14,421.0,0.371137969,151.0,1.10534,0.786597
MVP,50.0,0.435053297,193.0,-0.883528,-0.313199272
MX1,456.0,0.433488503,982.0,0.939018,0.497771226
MX2,1812.0,0.430094961,104.0,1.069906,0.885193511
MYADM,2833.0,0.384589896,681.0,-0.258001,-0.70977142
MYCBP,3972.0,0.381803634,73.0,-0.372876,-0.053530732
MYL12A,812.0,0.453450746,478.0,-1.113443,-0.492086465
MYO18A,3647.0,0.395788337,484.0,-0.520495,-0.082573666
MYO9B,1401.0,0.398943925,152.0,-0.344745,0.011351251
N6AMT1,5137.0,0.427535625,28.0,-0.958514,-0.204493708
NAA40,3212.0,0.389371031,261.0,0.382504,0.168044566
NAB1,2433.0,0.361024962,572.0,-0.039558,-0.025537947
NADK,1672.0,0.3959688,563.0,0.034924,0.126353891
NADSYN1,464.0,0.447848979,126.0,-0.100274,0.287488705
NAGK,1297.0,0.42527382,474.0,0.207135,0.109525911
NANS,37.0,0.458552255,132.0,-0.409356,-0.540149425
NAPA,1862.0,0.477781443,318.0,-0.2897,-0.30529442
NAT10,4915.0,0.387474071,245.0,1.201517,0.408944163
NBAS,140.0,0.414580543,44.0,0.336972,0.279980294
NCALD,2767.0,0.374888213,460.0,-2.488788,-1.050318699
NCAPD3,2971.0,0.431957579,606.0,1.553079,0.392068885
NCAPG2,3501.0,0.41630572,200.0,1.689929,0.36470474
NCF1,2381.0,0.415579251,70.0,-0.571347,-0.294892462
NCK2,1267.0,0.457831152,276.0,0.408485,0.245716897
NCKIPSD,4981.0,0.449411541,126.0,-0.034211,0.156524068
NCOA5,1332.0,0.416761948,402.0,0.357207,0.107849089
NCOA7,3259.0,0.404217869,470.0,-0.295675,-0.11856966
NDC80,61.0,0.356199389,182.0,-0.872478,-0.358098478
NDRG2,841.0,0.376266446,941.0,-2.694121,-0.82236461
NDUFA4,1685.0,0.439642808,129.0,-0.652155,-0.444669884
NEU1,667.0,0.413226082,156.0,-0.150761,-0.144090556
NFATC2IP,3242.0,0.412267479,15.0,-0.099188,-0.1061919
NFKB1,708.0,0.4099683,467.0,1.030868,0.733871052
NFKB2,153.0,0.424806573,563.0,0.756179,0.72767697
NFKBIE,1053.0,0.409138176,25.0,0.190592,0.101217504
NGDN,1255.0,0.423783924,27.0,0.882925,-0.213554016
NGRN,1679.0,0.414477409,50.0,0.628194,0.187714897
NINJ1,5217.0,0.455972644,71.0,-0.099802,-0.127188392
NIP7,1593.0,0.443769116,318.0,-0.028725,0.061148376
NIT2,2351.0,0.432361565,74.0,1.788783,0.832652336
NMNAT3,2689.0,0.397393877,1228.0,1.877025,0.790005324
NMT1,3377.0,0.454689408,31.0,-0.51255,-0.127164402
NONO,1092.0,0.432928506,710.0,-0.3704,-0.038816421
NOP14,912.0,0.38067473,187.0,-0.302546,-0.113138364
NOP2,785.0,0.393538298,198.0,0.445307,-0.233022125
NOTCH2,6062.0,0.409327653,297.0,-0.930697,-0.456564057
NPTN,1068.0,0.388989686,197.0,-0.298111,-0.68780988
NR2C2,6271.0,0.390767743,362.0,-1.155449,-0.07369485
NRBF2,883.0,0.43605128,224.0,-0.717688,-0.169127191
NRF1,1901.0,0.447602651,500.0,-0.099592,0.126383343
NRGN,833.0,0.413631862,152.0,-0.530197,0.370259031
NRP1,3846.0,0.416817106,523.0,-1.060141,-0.162434371
NSFL1C,1587.0,0.42738001,868.0,0.718422,0.447833147
NSMAF,602.0,0.358586884,214.0,0.904454,0.374523648
NTAN1,178.0,0.344459601,320.0,0.166904,0.284486562
NUBP1,246.0,0.455923678,142.0,-0.252299,-0.205560961
NUCKS1,5461.0,0.359398328,271.0,-0.580939,-0.659389346
NUDC,716.0,0.476401948,127.0,0.323296,-0.038244681
NUDT16,5489.0,0.428387545,75.0,0.242888,0.163683816
NUMA1,663.0,0.474508115,436.0,0.482562,0.530657519
NUP93,5678.0,0.382018893,495.0,0.213693,0.085085882
NXF1,2943.0,0.375826754,136.0,0.281315,0.288048784
OCIAD2,4872.0,0.363821488,322.0,0.203399,-0.555883745
OGDH,1071.0,0.396078149,159.0,-0.700962,-0.178306474
OPA3,7233.0,0.475004358,100.0,-0.315378,-0.456072824
OSBPL2,2363.0,0.383456763,571.0,-0.136182,-0.209043962
OSBPL5,1099.0,0.381371042,158.0,0.169074,0.30180061
OVCA2,792.0,0.429983078,65.0,0.565893,0.366131267
P2RX4,573.0,0.442596273,304.0,0.58833,-0.277339544
PAAF1,509.0,0.376143366,341.0,0.996116,0.423127376
PACSIN2,1591.0,0.413490434,405.0,0.285541,-0.075572965
PARK7,451.0,0.457171775,163.0,0.017387,-0.186797974
PARP1,769.0,0.460215809,171.0,0.428783,0.14324039
PARP10,332.0,0.422654659,200.0,0.763031,0.713046586
PARP12,816.0,0.416480622,874.0,1.879133,0.438399311
PARP14,2243.0,0.414355918,59.0,0.901817,0.418015592
PARP9,451.0,0.418102187,327.0,0.892186,0.638560475
PARVG,2043.0,0.383803232,484.0,-0.959691,-0.293121773
PBK,750.0,0.413339119,464.0,0.332873,-0.096527735
PCNA,338.0,0.425000199,239.0,1.077411,0.26103298
PDAP1,2007.0,0.464659554,134.0,-0.141884,-0.355684795
PDCD2,155.0,0.440448783,111.0,-0.006836,0.132954899
PDCD2L,48.0,0.433436103,33.0,1.551059,0.691387499
PDCD6IP,3211.0,0.388727459,158.0,-1.134277,-0.464546473
PDHA1,2054.0,0.402514578,145.0,-0.577227,-0.079438042
PDHB,2974.0,0.442593378,43.0,1.3176,-0.117951124
PDLIM1,357.0,0.379179626,233.0,-1.667508,-0.684212383
PDXDC1,2055.0,0.375670185,335.0,-0.338178,-0.253529905
PDXK,6244.0,0.398158884,198.0,-0.148478,-0.120261235
PEBP1,796.0,0.360152166,326.0,-0.315709,-0.41936536
PEF1,769.0,0.441759403,424.0,-0.019864,0.131309863
PELO,5222.0,0.385240523,985.0,0.532906,0.401545499
PEPD,395.0,0.450896903,133.0,-3.15372,-1.223060681
PEX16,585.0,0.43213601,312.0,0.176104,-0.104806975
PEX6,946.0,0.370078344,93.0,0.078537,0.278686686
PEX7,2294.0,0.407005497,102.0,0.371471,-0.020949659
PFDN5,124.0,0.497062947,117.0,-0.19403,0.403386236
PFDN6,574.0,0.470152145,222.0,0.054752,0.362437689
PGM1,570.0,0.393980016,681.0,0.098372,-0.004396468
PHB,988.0,0.45268542,190.0,0.771172,0.178766084
PHF10,104.0,0.365149381,79.0,-0.407181,0.164555866
PI4K2A,2692.0,0.385068362,57.0,-0.024283,-0.150526155
PIAS1,3626.0,0.396022529,741.0,-1.214905,-0.164157042
PIK3AP1,3866.0,0.407313024,128.0,-0.012163,0.075793215
PIR,205.0,0.385796208,485.0,-0.489267,-0.240683236
PITPNC1,4686.0,0.369070722,874.0,-0.724934,-0.645246245
PLA2G4C,585.0,0.406173977,398.0,-0.606337,-0.409512988
PLA2G7,1187.0,0.402486321,269.0,1.200985,0.231844063
PLAUR,323.0,0.418467601,226.0,-0.226749,-0.466887495
PLCB2,818.0,0.468984469,301.0,-0.790849,-0.157513707
PLCG1,3987.0,0.454806205,121.0,1.078562,0.202199866
PLD4,273.0,0.377985619,192.0,-3.766074,0.129794962
PLEKHO1,5192.0,0.424698037,839.0,1.082336,0.147705318
PLEKHO2,2119.0,0.429714475,134.0,-0.849653,-0.161511678
PLSCR1,10376.0,0.415598704,388.0,0.828093,0.571893511
PML,3324.0,0.431306474,140.0,-0.716278,-0.001800822
POLR1C,1131.0,0.439933821,86.0,0.792014,0.032837634
POLR1D,1469.0,0.427162265,456.0,-0.440798,0.098310908
POLR2F,1600.0,0.47244007,250.0,0.384701,0.406755241
POLR2H,1065.0,0.427596015,1167.0,1.077496,0.434866319
POLR3H,3481.0,0.444306047,388.0,0.262395,-0.208808551
POLR3K,1023.0,0.473025152,46.0,0.59107,-0.129505883
PPA2,660.0,0.432735716,20.0,0.039985,0.000611912
PPIE,4556.0,0.446406574,56.0,0.261338,-0.4453783
PPIL1,1921.0,0.453832883,252.0,0.603237,0.161891588
PPP1R14B,282.0,0.457456004,268.0,1.303314,0.207300793
PRC1,1136.0,0.367783806,234.0,0.784274,0.120347043
PRCC,357.0,0.381841119,290.0,0.219915,-0.069840753
PRDX1,303.0,0.414090753,341.0,0.143264,-0.189293652
PRDX6,944.0,0.433706552,51.0,0.432477,0.25089323
PREB,658.0,0.378530018,403.0,0.748369,0.108246872
PREP,579.0,0.425974009,233.0,0.012969,-0.371616689
PRG4,784.0,0.366727173,51.0,-2.404104,-0.294550444
PRIM2,1166.0,0.350864643,125.0,0.082146,0.087195126
PRKAB1,1305.0,0.365943644,289.0,-0.07244,-0.323062202
PRKAR2A,5019.0,0.427443141,254.0,-0.100596,0.086612291
PRKCB,5795.0,0.38010529,197.0,-1.170601,0.047522327
PRKCD,451.0,0.404392693,469.0,-0.203639,-0.08428001
PRKRA,683.0,0.420894136,659.0,0.60296,0.332441795
PRKRIP1,3224.0,0.453589322,55.0,-0.173635,0.172928976
PRMT5,393.0,0.386451423,508.0,0.766362,0.460835477
PRMT7,3655.0,0.450088803,850.0,-0.581272,-0.071333635
PROCR,549.0,0.357872186,218.0,-0.667717,-0.296964401
PRPS1,3908.0,0.466551451,409.0,-0.087878,0.041970082
PRPSAP1,2056.0,0.390811115,688.0,0.492238,-0.068168195
PRRC1,3173.0,0.409170839,188.0,-0.39731,-0.004791234
PSMA5,2997.0,0.446573967,225.0,0.163426,-0.071180906
PSMA6,187.0,0.423632682,445.0,0.610876,0.121563925
PSMB10,58.0,0.455018511,128.0,-0.094899,0.12116582
PSMB2,3775.0,0.389848815,412.0,0.399738,0.064033749
PSMB8,242.0,0.411206622,522.0,0.30085,0.122554187
PSMB9,5497.0,0.431095699,69.0,0.519873,0.121506691
PSMC3,66.0,0.485654947,194.0,0.715977,0.277966214
PSMD11,2567.0,0.390095635,61.0,-0.231692,-0.029959471
PSMD13,384.0,0.437236365,242.0,0.45098,0.030730469
PSMD8,450.0,0.458928351,52.0,0.156437,0.003783354
PSME2,53.0,0.443656162,65.0,0.904813,0.02489099
PSMG1,5308.0,0.427553471,578.0,0.703267,-0.185589409
PSTPIP2,1923.0,0.429639796,96.0,-0.692782,-0.572939143
PTBP1,1504.0,0.473818895,106.0,0.113907,0.01444633
PTDSS1,3765.0,0.367954205,423.0,0.762806,0.055632486
PTGS1,3346.0,0.37260918,633.0,-0.904336,-0.578737548
PTP4A1,3419.0,0.421202001,1153.0,0.007521,-0.41993808
PTPMT1,1899.0,0.450492628,193.0,0.861385,0.752481522
PTPN18,2185.0,0.381656528,101.0,-0.20934,-0.406531642
PTPN7,1593.0,0.440747449,781.0,-0.612447,-0.288881836
PTPRE,2994.0,0.426620112,1843.0,-1.824783,-0.279357858
PTPRF,4571.0,0.452810321,356.0,-0.356707,-0.117623871
PTRH2,3186.0,0.370743372,1544.0,0.555142,-0.36390979
PWWP2B,819.0,0.424412275,29.0,-1.89147,-0.838931953
PYCR2,578.0,0.474148407,230.0,-0.214331,-0.115569016
PYGL,175.0,0.392036998,127.0,-0.677754,-0.774680194
QARS,97.0,0.458996209,396.0,-0.516208,-0.064693291
RAB11FIP1,4277.0,0.380614122,56.0,-0.485105,-0.333723429
RAB12,1120.0,0.38483812,283.0,-1.140299,-0.258013972
RAB21,5246.0,0.435367738,267.0,-0.463081,-0.150067883
RAB31,3231.0,0.437498832,175.0,-1.527025,-0.822393171
RAB35,2172.0,0.408841719,189.0,-0.369039,-0.33590595
RAB7A,1376.0,0.419395127,232.0,-0.000167,0.0853099
RAB8B,4163.0,0.425956778,96.0,-0.564424,-0.267764267
RAB9A,1716.0,0.417525007,283.0,-0.839219,-0.521913056
RABGGTA,77.0,0.387342734,512.0,0.617103,0.54022631
RABGGTB,440.0,0.409412379,78.0,1.185569,0.593585653
RABIF,4760.0,0.447399225,159.0,-0.270669,-0.056114993
RACGAP1,1895.0,0.366370127,354.0,0.107657,0.152600842
RAD9A,924.0,0.444046557,185.0,-0.078565,-0.031828213
RAE1,1112.0,0.432613552,365.0,0.897435,0.166239332
RAI1,1472.0,0.455620822,469.0,-0.14634,0.06602987
RAN,2043.0,0.442855294,361.0,0.282633,-0.033308613
RANBP10,3359.0,0.379453562,1256.0,-0.513151,-0.055347337
RANGAP1,3145.0,0.481547647,765.0,-0.025567,0.020481711
RAPGEF1,2727.0,0.425793135,159.0,-0.181225,-0.086291595
RARS,114.0,0.423508657,41.0,0.274904,0.142327272
RASGRP2,183.0,0.381671176,582.0,-1.24108,-0.05246578
RBBP4,6506.0,0.404056961,164.0,0.385314,0.045167775
RBBP5,3098.0,0.421849625,474.0,-0.367545,-0.253997557
RBKS,251.0,0.392307233,1371.0,0.379646,0.242259143
RBM12,3599.0,0.375183789,304.0,-0.02838,0.131021178
RBM14,3443.0,0.468008211,139.0,0.155745,0.224862022
RBM4B,5277.0,0.396841232,170.0,-0.187716,0.140511332
RBMX,1201.0,0.353737079,210.0,0.067931,0.082215294
RBPJ,4223.0,0.4178224,518.0,-0.122835,0.273931401
RBX1,821.0,0.46562919,52.0,0.608601,0.221326674
RC3H1,7637.0,0.410085914,87.0,-0.338224,0.130327186
RCCD1,1773.0,0.374130224,280.0,0.626862,0.05719277
RCOR1,4070.0,0.439565312,228.0,-0.131091,0.187006551
REEP4,591.0,0.460338979,469.0,0.328096,-0.11023473
REEP5,2962.0,0.457536941,144.0,0.399987,0.403733945
RELB,408.0,0.418226182,131.0,-0.194655,0.046702138
REPIN1,2683.0,0.45080531,489.0,1.259924,0.116084922
RFC4,89.0,0.411167541,282.0,1.272548,0.296039833
RFK,1882.0,0.429285662,357.0,-0.409335,-0.034256933
RFWD3,2538.0,0.42367162,98.0,-0.067001,0.045585048
RFX5,1546.0,0.386685917,221.0,0.584377,0.31432708
RFXAP,1850.0,0.421314391,156.0,-0.551952,0.236566582
RHBDF2,740.0,0.423256567,294.0,0.745429,0.104055862
RHOT2,568.0,0.454546166,881.0,-0.300083,-0.275617012
RINL,1279.0,0.357351373,413.0,-0.090547,-0.516234987
RNASE2,179.0,0.384567964,71.0,-0.341187,-0.599365021
RNASEH1,4369.0,0.404567903,700.0,0.238331,0.27543795
RNASEH2B,3930.0,0.37625722,399.0,-0.400353,0.108951586
RNASET2,1070.0,0.374792559,407.0,-0.20371,-0.464275198
RNF114,1751.0,0.459950313,36.0,1.141804,0.541959
RNF167,289.0,0.375291206,776.0,0.652166,-0.13160486
RNF20,5226.0,0.396317502,92.0,-0.82758,0.196601262
RNF213,5288.0,0.417718743,150.0,-0.163668,0.039664272
RNF216,2819.0,0.430061571,259.0,-0.970294,-0.214026015
RNF25,102.0,0.375620157,88.0,0.49219,0.254083156
RNF31,88.0,0.389352607,358.0,0.720375,0.361613523
RNLS,1252.0,0.416402283,135.0,-0.868511,0.015708726
RNMT,4581.0,0.415128602,241.0,1.345783,0.697243483
RNPEP,463.0,0.447181346,896.0,-0.229927,0.059074592
RP9,437.0,0.42869019,18.0,0.094615,-0.256758607
RPA1,2907.0,0.381710028,170.0,0.600032,0.232334758
RPA2,639.0,0.400070522,793.0,0.492143,0.158527699
RPAIN,471.0,0.394698889,570.0,0.330759,0.27633456
RPL11,461.0,0.442317923,45.0,-0.135506,-0.006905936
RPL14,5208.0,0.496792394,133.0,-0.339228,-0.71298458
RPL23,3146.0,0.464880603,90.0,-1.43703,-0.119612196
RPL26,53.0,0.427802183,389.0,-1.058606,-0.587264409
RPL31,1260.0,0.451994935,87.0,-0.554871,-0.305817371
RPL34,1350.0,0.436455219,198.0,-0.920113,-1.156036541
RPL5,1058.0,0.451564158,75.0,-0.552056,-0.361131317
RPL7,1077.0,0.460258279,707.0,-0.240452,-0.760474802
RPS11,373.0,0.483080585,92.0,-0.035319,-0.339415847
RPS24,4247.0,0.430653047,142.0,-0.058759,-0.380676728
RPS25,109.0,0.467193878,63.0,-0.210009,-0.206280474
RPS27A,743.0,0.450449292,321.0,0.37852,-0.587422525
RPS3A,306.0,0.426765211,80.0,-0.398079,-0.263165004
RPS4X,629.0,0.442998752,96.0,-1.624657,-0.296972375
RPS6,2723.0,0.413925579,42.0,-1.021111,-0.721009695
RPS6KA1,828.0,0.389798854,163.0,-0.035727,0.018912603
RPS6KA4,735.0,0.38455359,226.0,-0.484174,0.089691091
RPS7,66.0,0.428822459,109.0,-0.305983,-0.400511413
RPTOR,2341.0,0.385169267,805.0,0.628023,0.505912431
RREB1,3012.0,0.456825357,492.0,-0.015356,0.186540606
RRM1,2304.0,0.437568848,689.0,0.542938,0.36185655
RRP8,5071.0,0.446233376,148.0,0.535764,0.484738257
RRS1,978.0,0.468289248,104.0,0.793112,-0.192413919
RTN3,1690.0,0.358048129,187.0,0.621544,0.325160728
RTN4IP1,1108.0,0.372133716,477.0,-0.36558,-0.496900918
RUNX1,4334.0,0.416076551,1578.0,-0.583725,0.038679427
RUNX3,2611.0,0.405217602,439.0,-1.402119,0.095335759
RWDD1,6365.0,0.401367905,746.0,0.004233,-0.250882286
S100A8,71.0,0.444112716,170.0,-0.933945,-2.242041317
S100A9,189.0,0.439508357,43.0,-1.259568,-2.372054556
SAMD9,1815.0,0.395660052,270.0,0.6572,0.452790053
SAMD9L,1162.0,0.396305952,1248.0,0.295192,0.302211788
SAMM50,150.0,0.345249646,197.0,0.100771,0.255528297
SAMSN1,684.0,0.407246581,430.0,-1.258165,-0.183679317
SAP18,1754.0,0.427429047,39.0,-0.687808,0.09416177
SAP30BP,1541.0,0.449617255,257.0,0.061499,-0.033017186
SAR1A,5213.0,0.411769389,203.0,-0.476826,-0.161689823
SAR1B,5806.0,0.392367964,253.0,-0.441033,-0.045795356
SARS,1054.0,0.40098191,100.0,0.383179,0.00197684
SASH3,1369.0,0.387406112,182.0,-0.560626,-0.119139974
SCAMP4,1741.0,0.472519575,351.0,0.607813,0.091003754
SCO1,8645.0,0.407339367,61.0,-0.306684,-0.237621347
SDCCAG8,307.0,0.360606297,1542.0,-0.773613,-0.213258428
SEC11C,205.0,0.423646802,92.0,0.718016,-0.930424187
SEC13,332.0,0.457264526,210.0,-0.160701,-0.344864403
SEC14L1,2986.0,0.420320088,665.0,-0.072661,0.197214713
SEC22A,2559.0,0.422343815,79.0,0.673368,0.333437545
SEC24B,1221.0,0.400931805,155.0,-0.119674,0.20257579
SEC24D,2115.0,0.386600041,297.0,0.709794,0.1015423
SEC61B,270.0,0.404562259,76.0,-0.29678,-0.237705809
SEMA3F,960.0,0.38837398,318.0,0.492058,0.813462807
SEMA4A,755.0,0.412797256,345.0,-0.651529,-0.091169869
SEMA4D,2318.0,0.393173667,572.0,0.435682,-0.302576485
SERPINA1,1707.0,0.420489385,573.0,-0.880546,-0.619203076
SERPINB8,2096.0,0.38524815,520.0,-0.263078,0.291120799
SETMAR,321.0,0.414235412,398.0,1.219613,0.980737669
SF1,2419.0,0.374481437,721.0,0.171012,0.134529079
SF3B2,563.0,0.453902675,40.0,0.345812,0.181447506
SFXN4,500.0,0.402513841,45.0,0.371665,0.069303366
SH3BP1,433.0,0.395530944,313.0,0.12791,-0.116447741
SH3PXD2B,4870.0,0.420952884,171.0,-0.272491,0.062139837
SHMT1,4335.0,0.394510245,509.0,0.111687,0.059847408
SIGLEC1,1590.0,0.42099348,0.0,0.719994,0.193778544
SIPA1,2933.0,0.437718847,296.0,0.226267,-0.035558805
SIRPA,3027.0,0.429235057,360.0,-1.092892,-0.317230002
SKP1,8791.0,0.433886974,179.0,0.42187,-0.018381959
SLBP,3046.0,0.391438372,553.0,-0.196136,-0.001269659
SLC25A10,1929.0,0.386184273,191.0,1.220914,0.499976023
SLC25A19,477.0,0.386093473,224.0,1.447925,0.525053605
SLC25A20,787.0,0.382641976,199.0,-2.995315,-1.048166142
SLC25A3,504.0,0.383836987,354.0,0.188721,0.149439293
SLC25A40,2688.0,0.363984785,375.0,0.19758,-0.152338943
SLC25A6,450.0,0.487227384,137.0,-0.989416,-0.475013277
SLC27A3,163.0,0.439664345,91.0,0.500301,0.45564415
SLC39A10,2661.0,0.346494338,214.0,0.213597,0.164683777
SLC43A2,6357.0,0.437839378,341.0,-0.929459,-0.965608699
SLC44A1,8291.0,0.4365497,264.0,-0.232968,-0.301188422
SLC9A3R1,709.0,0.400889529,235.0,0.764327,-0.176534116
SMAP2,1225.0,0.404145004,415.0,-0.457612,-0.224358073
SMC1A,5954.0,0.490702048,340.0,-0.212818,0.277094233
SMG5,1363.0,0.383248033,540.0,0.055493,0.070180529
SMS,2660.0,0.417677888,252.0,-0.176454,-0.366412162
SMYD3,223.0,0.378821529,130.0,1.329217,0.220822423
SNRNP200,676.0,0.454045162,132.0,0.366255,0.080210039
SNRPC,474.0,0.427936125,450.0,0.833939,-0.134485763
SNRPD1,4386.0,0.384326147,161.0,1.208401,0.133925586
SNRPN,279.0,0.390283395,1145.0,0.443212,0.188701258
SNX24,5071.0,0.338464018,185.0,1.294332,0.811894972
SNX30,6144.0,0.426743352,148.0,-0.21331,0.166421205
SNX33,5086.0,0.383330712,96.0,-0.043074,0.213595726
SOD1,353.0,0.438546885,148.0,0.376634,-0.363931198
SOD2,13436.0,0.435065133,1828.0,-0.861191,-0.599672958
SP110,3922.0,0.401738483,258.0,0.668523,0.772504525
SPC24,1691.0,0.381793277,320.0,1.40426,-0.137419203
SPC25,540.0,0.373816265,131.0,0.126034,-0.132029724
SPCS1,3333.0,0.417439524,205.0,-0.446854,-0.256639194
SPI1,383.0,0.406748349,223.0,-0.653344,-0.22056943
SPRYD4,1406.0,0.430591965,75.0,1.189449,0.719682728
SQSTM1,1485.0,0.412192979,360.0,-0.16518,-0.04341123
SRC,2671.0,0.437602812,449.0,1.16428,0.085289673
SRGAP2,3018.0,0.377689891,542.0,-1.05318,-0.143445841
SRI,5365.0,0.424260151,79.0,0.540278,0.359161749
SRP19,2645.0,0.430943803,189.0,0.249327,0.545605252
SRPRB,1784.0,0.427990824,285.0,1.079586,-0.217514986
SRR,1392.0,0.393840903,354.0,0.573501,-0.085120611
SRXN1,2099.0,0.37663928,185.0,1.028855,0.516307299
SS18L2,777.0,0.45997865,208.0,0.131478,0.40257224
SSH1,5298.0,0.373517564,146.0,-0.371158,0.187715805
SSH3,2595.0,0.376349937,178.0,-0.180963,-0.324612232
SSR2,592.0,0.425839932,80.0,-0.000801,-0.984107643
SSR3,3698.0,0.388415977,156.0,0.684312,-0.994652071
SSR4,87.0,0.444947593,150.0,0.306139,-0.571054302
SSRP1,422.0,0.394601844,267.0,0.742004,0.231919749
SSU72,400.0,0.445120823,325.0,0.217637,0.223234788
ST13,3666.0,0.439823793,468.0,-0.073061,-0.074560822
ST14,553.0,0.454138745,193.0,0.403928,-0.259978126
ST3GAL4,594.0,0.39537481,557.0,-0.009743,-0.576673215
STARD10,1682.0,0.427301627,944.0,1.092701,0.727859846
STAT1,3294.0,0.408136156,388.0,0.708903,0.310086123
STAT2,1791.0,0.409862748,203.0,-0.254224,0.226037397
STAT6,1168.0,0.380869476,499.0,-0.123908,0.026835679
STMN1,1138.0,0.394107416,364.0,1.316201,0.019012481
STOM,2222.0,0.387137797,117.0,0.450286,-0.199765928
STOML2,531.0,0.456962681,143.0,0.027429,-0.213969337
STX3,5058.0,0.403902965,547.0,0.83926,0.145988679
STX7,14891.0,0.417568039,327.0,-0.590169,-0.599894017
STX8,107.0,0.378438911,150.0,-0.69738,-0.7481322
SUCLG1,223.0,0.43877655,193.0,-0.248761,-0.096915881
SUFU,3380.0,0.361614756,191.0,0.799683,0.143925574
SUMF1,999.0,0.37076871,37.0,0.278226,0.68844551
SUPT4H1,1112.0,0.438747077,103.0,0.220736,0.059155619
SURF2,1720.0,0.440503417,48.0,0.165327,0.160538169
SURF4,2281.0,0.385472445,476.0,-0.282383,-0.345738847
SURF6,4908.0,0.42467207,78.0,0.406638,-0.043643017
SUV39H1,1669.0,0.463566826,266.0,-0.139197,-0.190417229
SYTL1,80.0,0.364244725,197.0,0.730172,0.398088306
TACC3,165.0,0.385699108,155.0,-0.512245,-0.315081382
TADA2B,3064.0,0.464060586,151.0,-1.323016,0.052485419
TAF12,689.0,0.435926756,522.0,0.203337,0.316245336
TAP2,5256.0,0.374969764,175.0,0.116272,-0.116880486
TATDN2,2040.0,0.415810908,581.0,0.375508,0.558496673
TBC1D20,3109.0,0.435441414,148.0,0.568785,-0.299379331
TBC1D9B,1396.0,0.395340616,37.0,0.405218,0.343550416
TBCC,556.0,0.434161456,73.0,0.221768,0.279210341
TCEAL3,260.0,0.368171822,262.0,-0.523876,-0.664326337
TCEAL4,3020.0,0.432120515,489.0,-0.604115,-0.595697067
TCOF1,1640.0,0.41523122,108.0,-0.01627,-0.197225683
TDP1,1721.0,0.418036689,317.0,0.886682,0.16018141
TDRD7,242.0,0.375852104,234.0,-0.609445,-0.04625363
TDRKH,973.0,0.419795099,182.0,0.784416,0.049202367
TEP1,2777.0,0.379550228,40.0,-0.569813,0.103325193
TFE3,1431.0,0.379068139,541.0,-0.680254,-0.165631906
TFEB,621.0,0.429366592,302.0,-1.430587,-0.289637756
THADA,112.0,0.415199561,352.0,-0.046602,0.03110125
THUMPD1,2715.0,0.455087735,225.0,-0.467082,-0.25509484
THYN1,205.0,0.377954149,484.0,1.288781,0.902359026
TIMM50,3932.0,0.424829064,722.0,0.181405,-0.22241648
TIMM8B,2046.0,0.447942532,30.0,0.182298,0.097908922
TK2,3965.0,0.360054507,593.0,-0.721174,-0.036558414
TLE1,571.0,0.374791795,1295.0,0.382978,-0.105089812
TM9SF2,2020.0,0.372522209,233.0,-0.719085,-0.390322889
TMED3,1710.0,0.439016102,188.0,-0.103101,-0.397495368
TMED9,708.0,0.44685712,67.0,0.429847,-0.210325987
TMEM126A,52.0,0.406087664,295.0,-0.361076,0.003791438
TMEM199,2431.0,0.370998168,90.0,1.047936,0.10759558
TMEM63A,1407.0,0.385482014,622.0,-0.500205,-0.797197032
TMOD1,2050.0,0.392927141,213.0,-1.008269,-0.620730591
TMSB10,278.0,0.470652003,95.0,0.143091,0.032153525
TNFAIP1,2409.0,0.451408648,449.0,0.452006,0.205374455
TNFAIP2,2079.0,0.44214387,131.0,-1.390093,-0.778840842
TNFAIP3,1995.0,0.416242917,370.0,-1.052078,0.126488772
TNFAIP8L2,497.0,0.440670719,126.0,-1.006598,-0.241495752
TNIP1,770.0,0.448321216,241.0,-0.136526,0.482891291
TNK2,822.0,0.420245651,543.0,0.858011,0.162242263
TNPO2,2070.0,0.408799881,358.0,0.782355,0.365676026
TNRC18,1316.0,0.449521205,349.0,-1.083571,-0.113555581
TOMM5,518.0,0.441712708,107.0,-0.011856,0.027478666
TOMM6,1957.0,0.431553434,255.0,0.267975,-0.144149579
TOP2A,1003.0,0.364102812,159.0,-0.321973,-0.417975914
TOR1A,3160.0,0.446121485,77.0,-0.251797,0.169148019
TPD52L2,1600.0,0.385071878,138.0,0.315061,-0.127314779
TPI1,620.0,0.479135356,527.0,0.887411,-0.071098169
TPM1,757.0,0.403626605,257.0,-0.56124,-0.592783432
TRAF1,7433.0,0.438949906,572.0,-1.208712,0.154058028
TRAF3,5716.0,0.386659664,353.0,-0.168385,-0.21412883
TRAF6,6100.0,0.426668941,381.0,-0.189316,0.050062603
TRAPPC3,634.0,0.441060625,519.0,-0.028922,0.198346689
TRAPPC5,42.0,0.453352607,241.0,0.510288,0.120802745
TRAPPC6B,2539.0,0.437369008,335.0,0.578464,0.493534937
TRAPPC9,3079.0,0.431357199,134.0,-0.146577,0.14714692
TRIM11,3522.0,0.453298916,255.0,-0.10071,-0.15310101
TRIM13,5308.0,0.419190719,763.0,-0.500137,-0.898819956
TRIM14,3117.0,0.369225689,165.0,-0.537528,-0.20221768
TRIM22,1215.0,0.424423711,379.0,-0.261858,0.03601403
TRIM26,1431.0,0.384319522,565.0,0.169698,0.230845642
TRIM27,2956.0,0.441704825,359.0,0.271442,0.195927994
TRIM41,1657.0,0.454716896,737.0,0.612506,0.267118412
TRIM5,2312.0,0.426412011,303.0,-0.777128,-0.251664267
TRIP12,3739.0,0.40441217,297.0,-0.011545,0.247931886
TRIP13,2852.0,0.433721983,145.0,2.080533,0.832077477
TRMT5,3660.0,0.405137655,572.0,0.734614,0.537188558
TRUB2,4655.0,0.434714666,759.0,0.277416,-0.072222293
TSFM,1390.0,0.429356434,57.0,0.186757,0.132786935
TSPAN14,15147.0,0.398868986,305.0,0.307004,-0.228086107
TSPYL1,7303.0,0.373212405,287.0,-0.019183,0.182678381
TSR2,1366.0,0.464925113,443.0,-0.64601,-0.433924317
TTC39C,3394.0,0.378954091,452.0,1.069568,0.860711778
TTC7A,2213.0,0.393400181,1272.0,0.975176,0.170591647
TTPAL,5319.0,0.425556123,145.0,0.582983,0.176635981
TTYH3,3063.0,0.383645273,187.0,-0.512355,-0.452176156
TUBA1C,110.0,0.451729991,576.0,0.092307,-0.072132353
TUBA4A,644.0,0.402818439,556.0,0.569974,0.083713226
TUBB,1030.0,0.390058461,509.0,0.265282,-0.146921096
TUBB6,2302.0,0.468445054,1139.0,-1.341845,-0.278632642
TUBGCP4,1934.0,0.368175973,296.0,-0.430787,0.007908113
TUSC1,1294.0,0.429789613,537.0,-0.747336,-0.745800866
TXNL4A,3129.0,0.472736328,466.0,1.741507,0.194223045
TYMP,18.0,0.429537249,376.0,0.020251,0.030957691
TYMS,581.0,0.364557025,159.0,1.370274,0.483377043
TYROBP,168.0,0.417048036,81.0,-0.505625,-0.087322421
UBAP2L,353.0,0.367068802,167.0,0.276148,-0.0212281
UBE2B,4002.0,0.405496028,420.0,0.323553,0.567485078
UBE2E1,1034.0,0.417917446,229.0,-1.20855,-0.375183854
UBE2E2,1962.0,0.352966355,180.0,-1.993446,-0.440149506
UBE2L3,2365.0,0.455573936,198.0,0.127297,-0.084239106
UBE2L6,703.0,0.431638779,653.0,1.049539,0.673764729
UBE4B,1283.0,0.418913915,688.0,0.144508,-0.026349542
UBIAD1,2303.0,0.446280173,334.0,0.58703,0.152166226
UBR4,797.0,0.387393976,4.0,0.113602,0.307336803
UBTF,2209.0,0.400105612,296.0,-0.193632,-0.009923426
UBXN1,220.0,0.422601268,194.0,0.30805,0.223789564
UCK2,4043.0,0.447469338,640.0,0.413431,0.074795745
UGGT1,5935.0,0.374564832,178.0,-0.007284,0.144117741
UHRF1BP1,5130.0,0.373569339,234.0,0.530964,0.245705932
UNC45A,377.0,0.475530537,1022.0,0.480176,0.404537499
UNG,1024.0,0.368897526,209.0,0.471615,0.015284084
UNK,1388.0,0.447315534,42.0,0.883457,0.479207467
UQCR11,4379.0,0.470309826,75.0,0.942196,0.003666673
UQCRC1,129.0,0.462829321,45.0,-0.065346,-0.342414531
UQCRH,193.0,0.365128489,320.0,-0.178644,-0.414248467
UROD,171.0,0.391539164,133.0,-0.333552,-0.017524487
UROS,3849.0,0.422413435,266.0,0.884666,0.436925227
USP18,580.0,0.434940763,338.0,1.321177,1.009213444
USP39,571.0,0.39295741,223.0,0.58659,0.15237018
UTP6,2466.0,0.429918331,83.0,-0.328242,0.155253282
VAC14,489.0,0.396517204,827.0,-0.138865,-0.021079424
VAMP8,451.0,0.398153421,156.0,-0.154128,-0.181039328
VASP,824.0,0.388921088,342.0,-0.114378,-0.09273049
VAT1,1456.0,0.406330787,120.0,-0.679081,-0.395978477
VDAC3,475.0,0.440388181,210.0,0.561086,0.241124627
VDR,3209.0,0.450036866,401.0,-0.502553,0.46031501
VGLL4,2489.0,0.432812067,506.0,0.128584,0.053347925
VIM,431.0,0.411136971,462.0,-1.390576,-0.495669183
VLDLR,6202.0,0.388727284,416.0,-1.664688,-0.322535665
VPS28,291.0,0.476756313,109.0,0.183516,0.240739129
VPS33B,559.0,0.447669729,583.0,-0.076743,0.120765746
VPS39,2053.0,0.440628838,173.0,-0.712287,-0.180542334
VPS52,2870.0,0.393546356,887.0,0.373867,-0.159903861
WASF2,4090.0,0.365213822,245.0,-0.534937,-0.078895117
WBP2,1040.0,0.392225719,515.0,0.011802,0.146175104
WDFY2,7044.0,0.36603015,340.0,-0.505697,0.01806301
WDR1,1039.0,0.393247178,368.0,-0.33373,-0.228781206
WDR36,3619.0,0.40459335,117.0,-0.104557,0.270802338
WDR37,8068.0,0.365587877,173.0,-1.22066,-0.286930479
WDR4,293.0,0.380589271,581.0,0.209386,-0.049668921
WDR47,1216.0,0.402106333,376.0,0.47919,0.379424662
WDR48,1924.0,0.419028298,472.0,-0.194971,0.073071615
WDR5,1979.0,0.401607191,171.0,0.056339,-0.163965591
WDR54,97.0,0.394793766,128.0,1.884136,-0.134788079
WDR61,197.0,0.411764619,310.0,0.339845,0.365425979
WDR77,4184.0,0.412330102,139.0,0.695711,0.364599799
WDR91,4946.0,0.380864599,823.0,0.490319,-0.006555478
WDR92,2520.0,0.427217839,117.0,0.481435,0.119104881
YTHDF1,1279.0,0.384821843,294.0,0.338497,-0.086289777
YTHDF3,3082.0,0.406652071,509.0,0.082728,0.016372309
YY1,5192.0,0.440120149,480.0,-0.146938,-0.105668858
ZBED1,2221.0,0.457533868,282.0,-0.742338,-0.360594611
ZBTB8OS,1087.0,0.406816332,276.0,0.349843,-0.388730081
ZC3H12A,768.0,0.421626239,1056.0,-0.269976,0.298340027
ZC3H4,2169.0,0.436042942,38.0,-0.331138,-0.012090445
ZCCHC10,81.0,0.361883573,67.0,0.754764,0.398362466
ZCCHC2,2006.0,0.404185753,0.0,0.643641,0.385625038
ZFP36L1,2846.0,0.395541595,976.0,-1.37377,-0.046336069
ZMAT2,1942.0,0.460376067,101.0,0.360215,0.024295228
ZMIZ2,4165.0,0.419562196,128.0,0.211817,-0.194954736
ZMYM3,1292.0,0.378831729,749.0,-0.191945,-0.034822351
ZNF207,13817.0,0.386696564,148.0,-0.334049,0.114461062
ZNF414,113.0,0.422835658,118.0,0.645725,0.726191344
ZNF511,243.0,0.452392726,55.0,-0.596684,-0.115616638
ZNF516,4816.0,0.393186692,318.0,1.879999,1.062833356
ZNF622,1298.0,0.463753859,120.0,0.081266,-0.187711484
ZNHIT2,49.0,0.440612513,85.0,0.30744,0.167448094
ZNHIT3,419.0,0.425204303,73.0,-0.499637,-0.085480309
ZWINT,4585.0,0.411772707,37.0,-0.942748,-0.189019177
