,3prime,tAI,max_5_UTR_length,TCGA-BH-A0E1,TCGA-BH-A0E1.1
AAK1,17874.0,0.380718848,505.0,0.122423,0.187493611
AATF,207.0,0.367011205,251.0,0.154284,-0.167614086
ABCC1,1793.0,0.393368456,175.0,-0.586194,-0.346318704
ABCF3,5726.0,0.387768135,869.0,0.05917,-0.078838452
ABHD12,654.0,0.374654709,279.0,-0.173581,-0.226514264
ABR,2562.0,0.39474042,600.0,0.443828,0.191802677
ABT1,2092.0,0.423473096,40.0,-0.269772,-0.376834143
ACADVL,176.0,0.46877374,457.0,1.177721,0.396597887
ACBD6,155.0,0.433964845,621.0,0.891492,0.17346252
ACIN1,584.0,0.404933544,328.0,-0.00746,-0.17730995
ACO1,4661.0,0.37721508,227.0,0.840158,0.590354325
ACOT11,1220.0,0.392289045,176.0,0.58217,-0.357188799
ACOT9,4514.0,0.358892202,225.0,-1.232449,-0.103020365
ACP2,814.0,0.411581374,548.0,0.230636,0.214401455
ACSF2,1484.0,0.405139059,501.0,0.473816,-0.230678128
ACSL1,1530.0,0.417966714,990.0,-0.605693,0.794375598
ACSL5,1022.0,0.380976548,307.0,-0.741724,-0.173018255
ACTB,613.0,0.469768794,192.0,-0.542285,-0.419792087
ACTL6A,452.0,0.409046191,387.0,-0.04879,-0.123641193
ACTR1A,3151.0,0.432463663,108.0,-0.012319,0.135934868
ADA,312.0,0.444091501,440.0,-0.128354,0.712505438
ADAMDEC1,715.0,0.41564171,547.0,0.649655,-0.134924493
ADD1,1928.0,0.439806775,863.0,-0.114486,0.588305769
ADPRH,2067.0,0.380088169,541.0,-0.568597,-0.051669572
ADSSL1,320.0,0.393141878,776.0,0.54875,0.066716329
AGAP3,508.0,0.436856677,1584.0,0.236129,0.222005953
AHNAK,842.0,0.382138706,300.0,-0.694818,0.481775882
AHSA1,225.0,0.374296292,431.0,0.128953,-0.28627476
AIF1,121.0,0.4069451,222.0,-1.144178,0.087715549
AIFM2,1911.0,0.447982482,217.0,0.270524,0.770864905
AK1,1528.0,0.389481519,153.0,1.1625,0.799899692
AK2,2893.0,0.384271636,345.0,-0.124872,-0.18300774
AKR1C2,3804.0,0.449591167,413.0,-2.363499,1.432919307
AKR7A2,10996.0,0.385600504,22.0,0.487701,0.036302376
ALDH18A1,838.0,0.380333742,511.0,0.362941,-0.145870328
ALDH3A2,2525.0,0.42484639,221.0,1.014314,0.462542097
ALDH6A1,4647.0,0.38708374,724.0,0.15151,0.150978146
ALG1,2498.0,0.432230555,181.0,0.09681,-0.012417903
ALG5,380.0,0.362014155,67.0,1.191417,0.211878505
ALG9,4217.0,0.365461171,1107.0,0.882753,-1.529957155
AMBRA1,1041.0,0.36170155,362.0,-0.101392,0.075830917
AMPD2,903.0,0.389224108,566.0,-0.067347,0.099782505
AMPD3,1695.0,0.423686063,472.0,0.009424,-0.294097767
ANAPC13,1361.0,0.393644021,731.0,-0.039763,-0.12080551
ANAPC5,235.0,0.390209877,197.0,0.53325,0.217160046
ANKLE2,1737.0,0.418251419,90.0,0.0408,0.163345873
ANKRD16,135.0,0.465649334,543.0,0.321057,0.329463976
ANKRD35,249.0,0.402949835,108.0,-0.237446,-0.071842872
ANXA2,496.0,0.429738522,160.0,-0.224033,0.337275557
ANXA5,1441.0,0.418050335,165.0,0.522187,0.517243492
AP1B1,1153.0,0.424070668,187.0,0.238686,0.07093247
AP1M1,914.0,0.463388599,173.0,-0.119805,0.062497164
APBA1,3797.0,0.387421148,276.0,1.135375,0.32953741
APIP,427.0,0.433104693,127.0,0.510431,0.040841251
APOBEC3B,339.0,0.43450554,55.0,1.422289,-0.013592406
APOBEC3C,1979.0,0.381716897,103.0,-0.962119,-0.297411598
APOBEC3G,322.0,0.410940579,404.0,-0.641294,-0.337721606
APOL2,1195.0,0.42932248,477.0,-0.157911,-0.894680352
ARF6,2971.0,0.462806813,621.0,-0.178652,-0.252973868
ARFIP2,2430.0,0.403729309,291.0,0.617081,0.189257945
ARHGAP17,2624.0,0.371011524,117.0,-0.173824,0.134330931
ARHGAP30,773.0,0.384451823,645.0,-1.454325,-0.265764085
ARHGEF10,1378.0,0.370244255,202.0,-0.09966,-0.007975593
ARID2,3145.0,0.362288628,128.0,0.002037,-0.211448826
ARID3A,3881.0,0.411693449,290.0,0.073709,-0.601234186
ARIH2,3112.0,0.397061561,878.0,-0.117831,0.081883373
ARL8A,1065.0,0.409602486,171.0,0.426102,0.112634763
ARRB1,6041.0,0.39512759,224.0,-0.157977,0.135830186
ASF1B,950.0,0.395794233,172.0,0.988998,0.265553185
ASS1,1357.0,0.394201053,356.0,0.000621,0.263896164
ATPAF1,3039.0,0.439253133,510.0,0.545162,0.005396498
ATRIP,162.0,0.417082642,462.0,0.558449,-0.130576768
AXL,1863.0,0.417061167,376.0,-1.029196,-0.136318235
BAG1,2764.0,0.431693656,501.0,2.565333,0.965462531
BAG3,537.0,0.387438444,306.0,0.452411,-0.119243309
BASP1,971.0,0.520859146,259.0,0.972293,0.806573989
BBS7,1531.0,0.408023089,184.0,0.040315,0.229974292
BCAT2,364.0,0.445598481,657.0,0.268345,-0.067702881
BCKDHB,3082.0,0.419736544,88.0,0.405816,0.305060816
BCL2,5279.0,0.374049285,493.0,0.879716,-0.127037946
BCL2L13,4109.0,0.411790332,769.0,0.08561,-0.049746277
BID,4193.0,0.428633517,498.0,-0.005041,-0.058460682
BLVRA,3376.0,0.414260839,177.0,0.120526,-0.083900807
BOLA2,40.0,0.43059393,513.0,-0.470874,-0.178251603
BOLA3,383.0,0.406657227,38.0,0.109296,-0.263259555
BRD2,787.0,0.377809737,2066.0,-0.086035,-0.048708781
BRD3,3285.0,0.401150236,188.0,-0.313996,0.043484026
BRI3BP,5801.0,0.359622664,143.0,0.494106,-0.705731146
BSPRY,1091.0,0.380011644,48.0,0.143296,-0.170962133
BST2,411.0,0.444557266,81.0,1.864797,0.205703539
BUB3,1535.0,0.421992618,242.0,0.259232,-0.016512965
C1QB,152.0,0.436596666,340.0,-1.804925,0.280826918
C1QC,327.0,0.41150294,283.0,-1.587871,0.353395292
C2CD3,671.0,0.360398895,227.0,-0.094901,0.087989358
C3,5088.0,0.430632158,93.0,-2.050604,0.903675214
CAP1,1134.0,0.406948565,416.0,0.079747,-0.126105182
CAPN1,720.0,0.455130071,197.0,0.180525,0.08276617
CAPRIN1,5632.0,0.374918508,189.0,-0.011366,-0.244501763
CAPZB,5180.0,0.446052528,622.0,-0.348865,0.089091506
CARD16,437.0,0.41300235,27.0,-0.576348,-0.001287327
CARHSP1,4898.0,0.362100245,360.0,-0.089213,0.269827823
CASC3,1778.0,0.370720542,295.0,-0.049683,-0.537372484
CASP1,750.0,0.424742838,44.0,-1.376351,-0.099833826
CASP8,1794.0,0.376118708,303.0,-0.202003,-0.194816306
CAT,629.0,0.397270122,89.0,0.458659,0.90868505
CBL,8368.0,0.375957197,142.0,0.061839,-0.047226495
CBLL1,3286.0,0.400851504,467.0,-0.186393,0.07505529
CBR3,54.0,0.445176236,228.0,0.674784,0.000377913
CBS,4385.0,0.477784031,626.0,1.135927,-0.500631829
CBX5,10815.0,0.390902295,318.0,-0.000888,0.095781997
CBX8,2504.0,0.36735217,118.0,-0.831496,-0.100232952
CCDC115,2169.0,0.385110507,452.0,0.152539,-0.166816832
CCDC58,2462.0,0.421830022,75.0,-0.106582,-0.310524988
CCDC88C,1302.0,0.396031427,154.0,0.220735,-0.151129216
CCL5,886.0,0.462166288,68.0,-1.892318,-0.075215598
CCNA2,1206.0,0.409154498,373.0,1.270792,0.234532641
CCNB2,168.0,0.374401461,184.0,1.548715,-0.095852814
CCNDBP1,2336.0,0.44393643,231.0,0.591377,0.012668513
CCS,4244.0,0.460896681,43.0,-0.070398,0.031888177
CCT3,238.0,0.457984718,231.0,0.457496,0.022417179
CCT4,1361.0,0.393363555,164.0,0.029669,0.005694082
CD14,128.0,0.416321757,392.0,-0.438555,0.506457077
CD209,3046.0,0.440000747,67.0,-0.587189,1.525918582
CD33,331.0,0.428315036,40.0,-0.132018,0.326508435
CD36,2894.0,0.410517795,414.0,4.236706,2.112761529
CD40,982.0,0.429065654,90.0,-0.843217,-0.369765988
CD44,3115.0,0.39995987,434.0,0.435611,-0.082248296
CD63,923.0,0.512738356,403.0,1.261171,0.46838463
CD74,635.0,0.427357309,187.0,-1.454181,-0.499605953
CDC25C,437.0,0.364786128,387.0,1.32032,0.533337423
CDC26,271.0,0.395637029,359.0,0.334065,0.109924998
CDC34,560.0,0.46431386,199.0,-0.252431,-0.082721026
CDC42EP3,3941.0,0.420378821,1009.0,1.374009,0.213116031
CDCA3,816.0,0.351209268,820.0,1.148773,0.093264202
CDCA8,1353.0,0.384295288,290.0,0.863105,-0.270689416
CDIPT,1864.0,0.442654716,541.0,-0.193282,-0.327610471
CDK1,2313.0,0.398329505,154.0,1.268608,0.147324429
CDK19,4557.0,0.421511824,180.0,-0.092159,-0.065379163
CDK2AP1,766.0,0.439144625,522.0,0.350755,-0.084912095
CDK5RAP2,367.0,0.371069462,192.0,0.360516,-0.048846244
CDK5RAP3,284.0,0.469750898,1791.0,-0.130648,0.121725297
CDKAL1,1365.0,0.417875209,167.0,-0.53663,-0.191092846
CDKN2AIPNL,3639.0,0.409801696,53.0,0.234801,-0.380886258
CDKN2C,2247.0,0.381912025,1216.0,0.508286,0.563153579
CEBPD,1714.0,0.430497143,44.0,0.109388,-0.448910223
CENPH,1478.0,0.418392258,87.0,0.466575,0.398445027
CENPV,301.0,0.385948267,62.0,0.110177,0.129260117
CEP55,939.0,0.397841874,304.0,1.335572,0.10504443
CETN2,868.0,0.433727498,47.0,0.210797,0.343524275
CFL1,677.0,0.502791,234.0,-0.284887,-0.332223942
CHAC2,786.0,0.395629742,277.0,-0.126029,-0.354053562
CHCHD4,3528.0,0.445497334,326.0,0.398182,-0.114731728
CHMP4A,296.0,0.447100154,262.0,0.106921,-0.007077156
CHMP5,1241.0,0.442987983,200.0,0.260082,-0.139614499
CHMP6,980.0,0.489861105,78.0,-0.158748,0.113822528
CHST11,4211.0,0.430763246,498.0,-0.441855,-0.104514708
CHTF8,2425.0,0.424551152,142.0,-0.222134,0.00065589
CIAPIN1,1024.0,0.451663323,242.0,-0.319954,-0.366759246
CISD2,5376.0,0.433298698,107.0,0.331692,-0.325317275
CKAP4,2872.0,0.386259817,84.0,0.482201,0.15184552
CKS2,300.0,0.317949998,98.0,0.74254,0.220010438
CLCC1,5185.0,0.369704467,150.0,0.105521,-0.220811868
CLCN7,1698.0,0.459147749,110.0,-0.638694,-0.130684646
CLIC1,290.0,0.4571302,573.0,0.20327,-0.149335641
CLK2,350.0,0.410673686,925.0,-0.158314,-0.225032341
CLK3,1233.0,0.4268607,461.0,-0.053004,0.092588888
CLPTM1,458.0,0.383990827,351.0,0.220217,-0.252708916
CLTA,288.0,0.450950874,514.0,0.234611,0.000656603
CLTB,319.0,0.48548545,210.0,0.415539,0.403594195
CLTC,3104.0,0.384957863,443.0,0.164209,-0.034561056
CNBP,6850.0,0.433298698,206.0,-0.164454,-0.313321608
CNPY2,123.0,0.392778455,553.0,1.449289,0.794401035
CNPY3,1042.0,0.459231502,584.0,0.540961,0.037263818
COG3,1967.0,0.414689223,142.0,0.136829,0.037694149
COMMD1,306.0,0.423842833,138.0,0.489809,0.272641428
COMMD3,431.0,0.360487018,35.0,0.784594,0.136743267
COMMD5,498.0,0.445713337,399.0,-0.268034,0.199367005
COMMD6,1375.0,0.396967837,328.0,-0.0747,0.592421523
COMMD9,2340.0,0.418062772,89.0,-0.092987,-0.007824791
COPB1,446.0,0.381738818,307.0,0.562817,0.139542647
COPE,165.0,0.478760693,55.0,0.225012,0.189646705
COQ6,671.0,0.374062527,159.0,0.365418,-0.041144377
COQ7,5700.0,0.42379098,133.0,0.155219,-0.146030079
CORO1A,112.0,0.457388252,435.0,-1.715771,-0.443597671
COX17,1735.0,0.484254073,86.0,0.722333,-0.574894991
COX5A,860.0,0.429944966,140.0,0.514491,-0.145787029
COX7A2,302.0,0.441893926,98.0,0.480717,0.159548135
CPM,5262.0,0.406054343,75.0,-0.23993,0.298410525
CPSF4,923.0,0.452412439,277.0,0.041358,0.1216813
CPT1A,2761.0,0.374132033,170.0,0.108789,-0.35493525
CPT2,602.0,0.431256564,515.0,0.654334,0.07450241
CRCP,8457.0,0.390198146,145.0,-0.475178,-0.088617605
CRKL,3904.0,0.422225684,509.0,0.13394,0.040831344
CRTAP,5601.0,0.446308827,120.0,0.136695,0.148361791
CRTC3,3205.0,0.355982524,186.0,0.335345,0.267223697
CRY2,2337.0,0.383442872,132.0,-0.619399,-0.179986135
CRYL1,462.0,0.386242786,79.0,0.444111,0.547637262
CSRP1,1183.0,0.493833101,217.0,-0.297394,0.283107993
CST3,2762.0,0.475763324,186.0,0.5697,0.626179601
CSTF2,1931.0,0.372934478,58.0,-0.178285,-0.144209394
CTBP1,800.0,0.464034004,393.0,0.083286,0.083669593
CTNNA1,1216.0,0.412513324,1103.0,0.074781,-0.067256911
CTNNB1,1106.0,0.432073699,448.0,0.042391,0.054595131
CTNNBIP1,2448.0,0.394834327,307.0,0.408247,0.197465577
CTPS2,1870.0,0.416273085,744.0,-0.287504,-0.339595044
CTSG,119.0,0.369503415,37.0,-1.701962,0.317210696
CTSH,1072.0,0.446467856,1192.0,0.264271,0.429700229
CUEDC1,2047.0,0.374410739,719.0,0.073864,0.088198057
CUX1,1040.0,0.395555213,127.0,0.266152,0.001680492
CXCL10,814.0,0.410287201,105.0,-3.970397,-0.474050479
CXCL9,2323.0,0.403736618,74.0,-2.791123,-1.067638296
CYBB,2544.0,0.418993019,61.0,-0.981531,-0.361805749
CYTH4,1837.0,0.406296106,377.0,-1.049222,-0.014238347
DAB2,1757.0,0.368483127,531.0,-0.616741,0.604289561
DAGLB,721.0,0.377719723,170.0,-0.612207,-0.519845076
DAP3,768.0,0.366492687,184.0,0.180821,-0.259690189
DAPP1,2082.0,0.348655603,90.0,-0.959405,-0.26751487
DBI,233.0,0.467027529,479.0,0.045632,-0.199622623
DCAF12,1967.0,0.42050769,342.0,0.015189,0.412213484
DCAF8,1877.0,0.380310979,212.0,0.217418,0.071054362
DCP1A,4153.0,0.411936399,381.0,-0.065491,0.039650974
DCPS,4731.0,0.375605648,329.0,0.331549,-0.007166599
DCTN5,10597.0,0.443116252,177.0,-0.431356,0.258858645
DDAH2,653.0,0.361046801,1104.0,0.313531,0.450699572
DDB2,1223.0,0.43604051,195.0,0.554732,0.645796888
DDX23,713.0,0.445931172,91.0,0.09148,-0.129991871
DDX31,1870.0,0.361830896,544.0,0.109332,-0.160228215
DDX47,438.0,0.379294484,22.0,0.029682,-0.116989535
DDX54,1704.0,0.467316231,28.0,0.46859,-0.075061052
DDX56,586.0,0.438032149,643.0,-0.050551,-0.090296337
DDX59,217.0,0.413095257,243.0,0.741088,0.034767051
DHODH,3463.0,0.371608285,21.0,-0.656006,0.22099473
DHPS,121.0,0.474111752,121.0,0.241577,-0.13376534
DHX15,459.0,0.379133957,168.0,0.063361,-0.106510277
DHX34,591.0,0.384465978,349.0,-0.621552,0.108522088
DHX58,357.0,0.440330409,223.0,-0.11593,-0.261377516
DIABLO,719.0,0.425893605,1182.0,0.019477,-0.207299827
DMAP1,63.0,0.471306,301.0,-0.303626,0.024655632
DMXL2,1274.0,0.389901613,225.0,0.038428,0.16434218
DNAJA4,1736.0,0.398301408,169.0,0.065108,-0.320174606
DNAJC14,1509.0,0.37755465,204.0,0.047314,-0.498541568
DNAJC19,1326.0,0.403482491,259.0,0.100934,-0.372343316
DNAJC25,1212.0,0.430964931,56.0,-0.12612,-0.079336828
DNAJC8,969.0,0.416719859,33.0,-0.023942,-0.106171562
DNM1,1255.0,0.393835111,116.0,-0.143585,0.423114348
DNTTIP2,3564.0,0.408096853,58.0,0.344233,-0.217843687
DOCK11,3681.0,0.373818855,63.0,-0.546204,0.190838184
DOCK2,524.0,0.446250827,52.0,-1.393348,-0.155605687
DOK2,438.0,0.384043737,481.0,-1.536545,-0.04015943
DPCD,197.0,0.459155016,389.0,0.705603,0.454543556
DPF2,2501.0,0.393394442,133.0,-0.012216,-0.004079497
DPH1,1310.0,0.448716064,341.0,-0.246441,-0.366908979
DPH5,784.0,0.413363166,165.0,-0.056628,-0.008656397
DPY30,562.0,0.438431353,279.0,0.019271,-0.0750451
DPYSL2,2472.0,0.430530829,431.0,-0.453564,0.52037781
DRAP1,142.0,0.432809908,245.0,0.109797,-0.328502683
DRG1,4594.0,0.444150091,131.0,0.334431,-0.265911041
DSN1,5330.0,0.392894937,373.0,0.055341,-0.160094556
DSTN,2786.0,0.375776803,438.0,-1.169162,-0.156818801
DTL,2265.0,0.372315747,921.0,1.116864,0.048074569
DTX3L,3456.0,0.408848169,89.0,-0.07361,-0.278404566
DUSP12,374.0,0.419884133,34.0,0.217793,0.098249705
DUT,1937.0,0.36471409,109.0,0.437628,-0.01757975
DYNLT1,514.0,0.420362019,78.0,0.121065,0.045023828
EBAG9,1437.0,0.39438748,402.0,-0.199492,-0.3002796
ECH1,191.0,0.389477111,85.0,-0.125968,-0.014384145
ECHDC2,2269.0,0.400166641,752.0,0.152949,0.153845157
ECM1,322.0,0.43792189,199.0,5.280233,1.813799781
EDEM2,76.0,0.379021051,100.0,0.289248,0.444253491
EEA1,5374.0,0.405861636,265.0,-0.570205,0.376339333
EEF1A2,286.0,0.417272363,329.0,2.97411,0.574432099
EFTUD2,1331.0,0.444646836,398.0,-0.074851,-0.128564577
EHD1,3363.0,0.446314898,447.0,-0.144858,-0.021238373
EIF2AK2,8063.0,0.394727306,557.0,0.542226,-0.039864063
EIF2B3,1058.0,0.383118637,239.0,-0.020979,0.166089402
EIF3F,5840.0,0.435728237,33.0,0.225457,-0.058337521
EIF3L,1718.0,0.380710116,245.0,0.388399,-0.022631806
EIF4A3,1120.0,0.381528282,222.0,-0.344838,-0.222181478
ELAVL1,4910.0,0.437605432,167.0,0.04393,-0.139566254
EMG1,248.0,0.433768095,143.0,-0.065647,0.031147298
EMILIN2,2605.0,0.379592019,159.0,-0.469082,0.226599652
ENDOD1,7728.0,0.376426787,118.0,2.025986,0.32084179
ENOSF1,2904.0,0.382279782,622.0,0.410267,0.49831069
ENY2,2576.0,0.41756619,146.0,-0.087241,-0.070258598
EPSTI1,2106.0,0.391777705,469.0,-1.650533,-0.233573883
ERCC1,2342.0,0.45058755,188.0,0.364269,-0.006382652
ERCC6L,4809.0,0.354829683,623.0,1.200441,0.10745681
ERH,415.0,0.383837906,71.0,-0.067048,0.145108399
ERLIN1,2041.0,0.444737514,478.0,-0.239215,-0.124546247
ERP29,1277.0,0.401191178,118.0,1.278673,0.863491831
ETV6,4356.0,0.398240844,274.0,-0.294225,-0.193408831
EXOC4,1232.0,0.388187525,35.0,0.272583,0.045100847
EXOC8,6907.0,0.436106501,127.0,-0.149998,0.112149283
EXOSC1,536.0,0.430105347,451.0,0.204539,-0.002445821
EXOSC2,3902.0,0.431273517,32.0,-0.12397,-0.15626124
F8A1,571.0,0.46317284,15.0,-0.147569,0.02858195
FAAH,2043.0,0.384592892,82.0,1.089663,0.27226156
FAF1,4425.0,0.401181969,453.0,-0.032895,-0.148652182
FAM122A,4542.0,0.40477622,33.0,-0.141024,0.039266491
FAM168A,6285.0,0.395008865,285.0,-0.640647,-0.293344381
FAM177A1,2165.0,0.411149627,459.0,0.201187,0.197850609
FAM192A,1824.0,0.379195199,1475.0,-0.354943,-0.089369692
FAM20B,4428.0,0.4357945,293.0,0.589526,-0.015599515
FAM32A,1091.0,0.408676074,42.0,-0.183082,0.056740792
FAM50A,286.0,0.482889735,110.0,0.328329,-0.0138808
FBP1,248.0,0.397353747,331.0,0.421093,-0.099273931
FBXL20,9338.0,0.383104745,254.0,-0.088535,-0.329771038
FBXO4,526.0,0.393825218,58.0,-0.020478,-0.178214594
FBXO6,503.0,0.42307306,166.0,0.622996,-1.100700823
FCER1G,305.0,0.4202976,25.0,-0.77012,-0.77413187
FCGRT,309.0,0.433069976,486.0,0.756454,0.547875132
FCHO1,270.0,0.372951657,283.0,-0.102989,0.040330836
FDPS,72.0,0.456397562,392.0,0.418095,-0.179245448
FDXR,596.0,0.384661194,188.0,0.806282,-0.062873554
FEN1,1340.0,0.407867196,413.0,0.692696,-0.025816103
FERMT3,399.0,0.435119014,149.0,-0.312877,-0.132691835
FGD2,907.0,0.441856308,171.0,-0.631398,-0.162833198
FGFR1OP2,1663.0,0.396595515,353.0,-0.667299,0.131680764
FGL2,3460.0,0.40966218,40.0,-2.442967,-0.144116818
FKBP1A,1132.0,0.428443098,174.0,-0.832579,0.018253973
FKBPL,24.0,0.377510344,270.0,0.054007,-0.251001355
FLOT1,422.0,0.472159534,339.0,0.298484,0.031965351
FN3K,442.0,0.389857108,61.0,0.555177,0.03371963
FN3KRP,3667.0,0.380720834,50.0,-0.15713,0.00858216
FOXJ3,3176.0,0.401878681,312.0,0.119471,-0.185301007
FOXK2,3108.0,0.440496276,171.0,-0.110593,-0.27607464
FOXRED1,443.0,0.438630908,167.0,0.309626,0.121307598
FSCN1,1184.0,0.396100853,132.0,-0.037181,0.213028208
FTH1,530.0,0.425357612,235.0,-0.467376,0.758599197
FTL,1031.0,0.428438948,199.0,-0.979033,0.893815194
FTSJ1,638.0,0.457521275,569.0,-0.140903,-0.073563088
FTSJ3,698.0,0.388239396,646.0,-0.2061,-0.396545244
FXN,6365.0,0.40465004,220.0,0.435131,-0.60561264
GABARAPL2,564.0,0.431291441,136.0,-0.238045,-0.014677001
GABPB1,1320.0,0.423118524,469.0,0.020147,0.124174161
GALK1,292.0,0.455574511,63.0,0.631266,0.075361022
GANAB,989.0,0.425909644,1027.0,0.357047,0.083349991
GAS6,315.0,0.393865445,183.0,-0.35906,0.209484071
GAS7,6619.0,0.423630168,311.0,-0.140632,0.384975527
GBE1,708.0,0.404013874,283.0,0.69734,0.543659274
GBP1,1735.0,0.42614962,220.0,-1.562899,-0.666457507
GBP2,5058.0,0.440134196,314.0,-0.769831,-0.12857739
GBP4,4106.0,0.42983554,116.0,-1.921366,-0.275307104
GBP5,1753.0,0.421901204,537.0,-3.362509,-0.623849016
GCH1,2011.0,0.419329122,161.0,0.022536,0.762248345
GFOD2,622.0,0.396604754,295.0,-0.358828,-0.158844257
GGA2,5408.0,0.377812588,83.0,-0.219953,0.096392035
GGCX,5211.0,0.417836117,106.0,-0.067273,-0.834350284
GIGYF1,2212.0,0.443456438,1210.0,-0.350173,0.133636021
GINS3,1415.0,0.387351931,208.0,0.038123,-0.218644763
GLA,1699.0,0.378726947,110.0,0.542581,0.072753287
GLE1,1357.0,0.383457083,114.0,0.606107,-0.039390423
GLRX,1188.0,0.430296645,211.0,0.875276,0.110868726
GLRX3,3557.0,0.41418463,539.0,0.355621,-0.081110336
GLUD1,1558.0,0.392454008,1132.0,-0.199819,-0.033427544
GLYR1,2033.0,0.39940414,57.0,-0.163576,0.076308442
GMEB1,4582.0,0.43446142,142.0,0.091209,-0.190526917
GMPPA,198.0,0.434966364,375.0,0.333721,0.241178635
GMPR,3984.0,0.435743929,114.0,0.130183,0.374707688
GMPR2,464.0,0.453637396,704.0,0.164377,0.001855234
GNAI1,1947.0,0.435804474,356.0,-0.825426,0.882545241
GNPDA1,1360.0,0.395964134,67.0,-0.245573,0.13174722
GOLGA2,1243.0,0.401070546,13.0,0.428516,0.119262097
GON4L,926.0,0.418089888,175.0,-0.031267,-0.144754012
GOSR1,5968.0,0.408103421,237.0,0.052042,0.135177906
GOSR2,3258.0,0.374298057,541.0,-0.021054,-0.051914226
GOT2,1054.0,0.444803236,129.0,-0.454537,-0.359592765
GPS2,97.0,0.431122181,76.0,0.657353,0.158664031
GPSM2,4697.0,0.401967226,496.0,1.072344,0.638083673
GPX7,626.0,0.395840774,39.0,-0.196232,0.223872453
GRAMD1A,299.0,0.411657297,748.0,0.160315,-0.210765929
GRB2,2292.0,0.4413596,358.0,-0.416806,-0.199345386
GSTM4,2467.0,0.390909061,314.0,-0.251143,-0.718276718
GTF2A2,1070.0,0.420716795,404.0,0.26554,-0.271383938
GTF2E2,604.0,0.365750105,273.0,0.191264,-0.498627864
GTF3C2,932.0,0.372227001,397.0,-0.253828,-0.168035548
GTPBP1,2894.0,0.424954603,154.0,0.303478,0.060911096
GTPBP3,1032.0,0.436547413,95.0,-0.227,0.017538823
GTSE1,680.0,0.368527868,212.0,1.791476,0.109856063
HADH,818.0,0.383558671,219.0,0.138517,0.200696973
HADHA,615.0,0.383558671,130.0,0.138148,-0.01976783
HAUS5,3319.0,0.378752573,51.0,-0.620538,0.181803149
HAUS8,346.0,0.37535995,111.0,0.405896,0.006060757
HCCS,1274.0,0.398607648,275.0,-0.139777,-0.338415915
HCK,337.0,0.440224323,364.0,-1.76209,-0.181645858
HDAC1,591.0,0.390040122,63.0,0.181884,0.015108308
HDDC3,763.0,0.387287166,29.0,-0.111415,-0.002523569
HDGF,1342.0,0.465394593,322.0,0.648508,-0.155190247
HDLBP,2343.0,0.397687311,375.0,0.70133,0.152715509
HEATR3,1385.0,0.384091545,883.0,-0.22609,-0.353542345
HEBP2,9119.0,0.359416339,297.0,-0.049319,0.054420776
HECA,3704.0,0.443714129,285.0,-0.26807,0.289163066
HECTD3,3914.0,0.446742268,98.0,-0.163856,0.070916394
HERC2,726.0,0.429958504,109.0,-0.089064,0.041572097
HERC5,379.0,0.393838904,153.0,-0.431548,0.029466871
HERC6,651.0,0.398146132,183.0,0.426681,-0.196295755
HIP1,4874.0,0.430847644,52.0,-0.08012,0.046138705
HLA-A,4150.0,0.424443523,84.0,0.852161,-0.008208804
HLA-C,420.0,0.421684519,65.0,0.62766,0.672898507
HLA-DRA,409.0,0.420807891,109.0,-1.715073,-0.267809997
HLA-E,1459.0,0.413523771,126.0,-0.42597,-0.022603127
HLA-F,121.0,0.407256461,124.0,0.533308,0.035705562
HMBOX1,3560.0,0.369177113,482.0,0.261255,0.693025809
HMBS,266.0,0.451934812,299.0,0.422597,0.271255418
HMGB2,3775.0,0.450826504,193.0,0.798364,-0.286855212
HMGCS1,3661.0,0.374424323,345.0,-0.947474,-0.767283422
HMOX1,616.0,0.436401717,107.0,-0.874087,-0.011177581
HNRNPA0,7504.0,0.386421138,284.0,-0.032518,-0.249518563
HNRNPD,1688.0,0.420386111,318.0,0.469424,-0.159835428
HNRNPL,1102.0,0.449817015,176.0,0.061314,-0.176005141
HNRNPU,4156.0,0.432126199,218.0,0.311161,-0.132397557
HNRNPUL1,2135.0,0.394022965,339.0,0.23314,0.117171044
HNRNPUL2,2674.0,0.436897081,229.0,0.197953,-0.107937456
HSBP1,3274.0,0.4454546,174.0,-0.538528,0.141638419
HSD17B7,398.0,0.431983247,99.0,0.660156,-0.053361208
HSP90AB1,313.0,0.39509298,251.0,-0.139026,-0.369081856
HSPA4L,7877.0,0.413794867,342.0,1.243895,0.278424913
HSPB11,107.0,0.34538245,284.0,0.566335,0.310562566
HTRA2,571.0,0.421976635,602.0,0.194265,0.118946532
HTT,3901.0,0.373695076,145.0,0.081651,0.009765747
HUS1,2068.0,0.374612864,131.0,0.125863,0.328954164
HYI,310.0,0.378597605,196.0,0.958471,0.875944179
HYOU1,1409.0,0.403839016,234.0,0.817193,0.221696096
ICAM1,1537.0,0.426062071,319.0,-0.629035,-0.031113116
IER3IP1,3342.0,0.438740024,97.0,0.402417,-0.118680155
IFI16,254.0,0.415211655,290.0,0.067973,0.227745865
IFI30,213.0,0.431523306,62.0,0.408012,0.073052064
IFI35,160.0,0.418462024,223.0,0.245091,-0.337509687
IFI44,267.0,0.403888008,124.0,-0.115866,-0.364432233
IFI44L,5058.0,0.403608012,200.0,-1.332197,-0.611009364
IFIH1,121.0,0.412344512,377.0,0.237275,-0.365152643
IFIT1,2775.0,0.411248073,495.0,-0.094696,-0.60288807
IFIT2,1901.0,0.420797646,175.0,-0.699097,-0.360714398
IFIT3,843.0,0.417440574,529.0,-0.394895,-0.60718749
IFIT5,2354.0,0.414819429,231.0,0.199107,-0.07273866
IFITM1,159.0,0.431550176,180.0,0.996645,-0.031808644
IFT27,109.0,0.4030938,426.0,-0.155209,-0.032079876
IGFBP3,1605.0,0.43060006,132.0,-0.269983,0.131677078
IGFBP7,558.0,0.392734536,34.0,0.092346,0.105907893
IKBKE,745.0,0.435100597,714.0,0.228329,0.59646027
IL16,3965.0,0.367979445,2395.0,-1.5455,-0.094930735
IL17RA,5874.0,0.376798811,133.0,-0.411187,0.107909721
IL1RN,1145.0,0.411881061,408.0,-1.530484,-0.526949779
IL4I1,16.0,0.4139018,621.0,-1.561763,-0.587861051
ILF2,656.0,0.426220446,239.0,0.645667,-0.198794594
IMPA2,2898.0,0.383680893,242.0,0.26048,0.02246525
INO80,5209.0,0.374025479,351.0,-0.342327,0.195916049
INPP1,263.0,0.395712795,700.0,0.721475,0.784716874
INPP5D,1195.0,0.436077769,512.0,-0.899729,0.01189137
INSR,4801.0,0.380857973,411.0,0.335593,-0.095588106
IPO5,2508.0,0.381335948,180.0,0.127884,-0.156157104
IRF7,92.0,0.423538356,367.0,0.607328,0.287571996
IRF8,1327.0,0.384714127,507.0,-2.755803,-0.163941253
IRF9,369.0,0.432057622,127.0,0.091252,-0.398556831
IRGQ,7659.0,0.399674011,156.0,0.05802,-0.072680376
ISCU,607.0,0.454630229,1331.0,-0.162576,0.075233165
ISG15,62.0,0.419522688,77.0,0.860715,-0.979533103
ISG20,952.0,0.419932377,2368.0,1.14406,-0.343301622
ISOC1,1056.0,0.418535314,18.0,0.102505,-0.317738108
ITGB2,415.0,0.457304004,395.0,-1.092369,-0.213062361
ITPKB,2981.0,0.440250717,340.0,0.250289,0.134681112
ITPRIP,5382.0,0.396785481,453.0,0.123027,0.874950393
JUNB,496.0,0.414023332,276.0,-0.107287,0.081378399
JUP,157.0,0.458302936,298.0,-0.290918,0.012939795
KANK2,2291.0,0.394238955,361.0,0.003474,0.74756527
KARS,4202.0,0.383913431,144.0,-0.310394,-0.230081928
KDM1A,327.0,0.428444011,149.0,0.455956,-0.012082364
KDM2A,3716.0,0.372295488,864.0,-0.312386,-0.33631044
KDM2B,2488.0,0.393022165,407.0,-0.281652,-0.474886526
KDM3B,1327.0,0.37791414,200.0,-0.018023,-0.192839369
KDM4A,1148.0,0.378142374,166.0,-0.185045,-0.41156112
KHSRP,1024.0,0.456900489,110.0,-0.028784,-0.090299364
KIAA2013,727.0,0.385456054,191.0,0.455673,0.138619252
KIF20A,757.0,0.371463873,496.0,1.130721,0.056395069
KIF22,75.0,0.392489541,388.0,0.039691,0.021525604
KIF2C,588.0,0.387865377,395.0,1.335323,0.003927949
KIF3B,3792.0,0.390782105,180.0,-0.104121,-0.102277381
KIF3C,2392.0,0.403852971,657.0,-0.368257,0.121605338
KIF5B,3198.0,0.418236129,470.0,0.093235,-0.101174092
KTI12,594.0,0.370414154,39.0,-0.026321,0.311268944
LAMP1,1311.0,0.390985106,281.0,0.46716,0.411888026
LANCL2,2422.0,0.433733517,578.0,-0.085179,-0.416386788
LAP3,503.0,0.426841798,162.0,-0.558429,-0.188120621
LDHD,1826.0,0.398770776,52.0,-1.350891,0.342238935
LENG1,560.0,0.445950324,48.0,0.115735,-0.353527957
LGALS3,159.0,0.420172221,88.0,-0.340941,0.003620628
LGALS3BP,1225.0,0.419930622,179.0,0.562232,0.352889617
LGALS9,641.0,0.410654931,118.0,0.118273,0.181093676
LIN54,4893.0,0.441729058,383.0,0.139374,0.194458175
LPCAT1,2228.0,0.380803123,133.0,0.348933,-0.224572579
LPXN,1776.0,0.432350833,254.0,-0.689566,-0.34620978
LRPPRC,2376.0,0.377375074,58.0,-0.28676,-0.448487845
LRRC25,843.0,0.434491636,642.0,-0.939766,0.491744908
LRRC41,465.0,0.438391248,44.0,0.336885,-0.090986757
LRRC59,1755.0,0.423067849,236.0,0.443414,-0.205696091
LSM1,486.0,0.409616526,410.0,-0.085369,-0.164789565
LSM6,1871.0,0.435100303,139.0,-0.373706,0.177108432
LTA4H,391.0,0.355044638,145.0,-0.199257,-0.107948708
LYN,4058.0,0.418972994,282.0,-1.060776,0.023855082
LYPLAL1,1137.0,0.3973742,157.0,0.191859,0.180749745
LYRM4,6830.0,0.366844497,217.0,-0.337628,-0.169748461
LYSMD2,596.0,0.394037378,501.0,0.901167,-0.193166029
M6PR,1457.0,0.379162834,275.0,-0.047924,0.133751375
MAD2L1,4528.0,0.407191351,124.0,0.421934,-0.068319991
MAGED2,327.0,0.466698843,233.0,0.689801,-0.478260179
MAGOH,153.0,0.416054235,162.0,-0.038609,-0.041458219
MAN2B1,128.0,0.381728903,76.0,0.428994,0.123780059
MANF,717.0,0.420319188,97.0,1.20994,0.422169024
MAP4K1,170.0,0.374128007,140.0,-1.675369,-0.406573436
MARCKSL1,768.0,0.468216312,206.0,0.067698,-0.585878221
MAX,2676.0,0.337149475,479.0,-0.214774,-0.367842347
MBD2,3723.0,0.420256858,229.0,0.449941,-0.086290832
MBP,4041.0,0.393290432,264.0,-0.601466,-0.34397639
MCM2,662.0,0.460999542,110.0,0.208015,-0.188087208
MCM4,2618.0,0.371821308,942.0,0.622987,-0.180898047
MCM5,3214.0,0.470488076,94.0,0.35808,-0.129628994
MDC1,658.0,0.415783633,440.0,-0.045261,-0.107053879
MDH1,210.0,0.381672323,435.0,0.213942,0.340823562
ME1,1535.0,0.411214685,265.0,-0.675076,0.301682324
ME3,171.0,0.395156177,377.0,0.975392,0.750988025
MECR,1365.0,0.445670958,612.0,-0.433235,-0.145184502
MED17,2631.0,0.366528813,275.0,0.07932,0.244454773
MED19,934.0,0.439623042,93.0,0.113087,0.061612501
MED28,10307.0,0.440157501,27.0,-0.280511,-0.243841912
MED29,4550.0,0.464327351,57.0,-0.011126,-0.220015647
MEF2C,6848.0,0.41426337,654.0,-0.216725,0.486822578
MEN1,824.0,0.454590692,504.0,0.153976,0.019451869
METTL13,961.0,0.396264071,347.0,0.065776,-0.061401777
MGST3,1295.0,0.374563048,428.0,-0.054982,-0.529018337
MIF4GD,787.0,0.397877071,137.0,0.067436,0.210993692
MINK1,774.0,0.455972684,525.0,-0.212563,-0.0301224
MIS12,1334.0,0.420723459,745.0,0.257203,-0.19914376
MLEC,5319.0,0.43043384,173.0,1.012019,0.08560931
MLLT10,2252.0,0.36295117,1568.0,-0.206596,1.604940176
MLX,1636.0,0.386664187,65.0,0.453783,0.195893878
MMACHC,1852.0,0.382684622,371.0,-0.479127,0.171844975
MMADHC,5382.0,0.406207656,205.0,0.328947,0.108625543
MMGT1,4451.0,0.406300672,388.0,-0.639649,-0.015397059
MMP1,502.0,0.392399458,189.0,-0.507573,-0.22009697
MMP14,1722.0,0.419367787,285.0,-0.189275,0.115288894
MMP9,193.0,0.404253633,19.0,4.294293,0.410171162
MORC3,2052.0,0.406702124,375.0,-0.359747,0.066327638
MORF4L1,1066.0,0.420719378,454.0,-0.195281,0.172433573
MOV10,619.0,0.412681236,1415.0,0.172538,-0.066620098
MPDU1,797.0,0.440676037,216.0,0.806999,-0.048089108
MPHOSPH10,87.0,0.404440607,352.0,-0.21657,-0.218069454
MRI1,2018.0,0.459301832,75.0,-0.397719,-0.026899428
MRPL13,1075.0,0.395373051,313.0,-0.118325,0.044852844
MRPL15,1888.0,0.407701507,63.0,0.045566,-0.212949647
MRPL16,212.0,0.368940255,214.0,0.134431,-0.129919491
MRPL17,6554.0,0.424450505,105.0,0.068578,-0.090112702
MRPL2,580.0,0.458698472,164.0,-0.207758,-0.227090955
MRPL20,187.0,0.445765675,96.0,0.317953,-0.24690105
MRPL21,55.0,0.417448467,293.0,-0.305184,-0.168508903
MRPL27,2133.0,0.436300758,31.0,0.177621,-0.240779416
MRPL40,113.0,0.406843086,653.0,0.267768,-0.197909943
MRPL46,1889.0,0.422788385,25.0,-0.130573,-0.062816974
MRPL48,1284.0,0.368940255,212.0,0.002566,-0.193123535
MRPL51,2069.0,0.35376587,169.0,0.091017,-0.241919321
MRPL53,198.0,0.441261883,155.0,0.464287,-0.366382052
MRPL9,407.0,0.432679379,437.0,0.065186,-0.088257107
MRPS11,2793.0,0.477818717,1491.0,0.151646,0.017477233
MRPS15,468.0,0.440649404,164.0,0.331282,-0.175330318
MRPS17,1334.0,0.413812124,30.0,-0.259153,-0.327490761
MRPS18B,936.0,0.408462865,157.0,-0.174216,-0.431690054
MRPS36,933.0,0.3748339,84.0,-0.07887,-0.119622877
MRPS7,453.0,0.455992019,233.0,-0.011809,-0.584921012
MSI2,5168.0,0.366385762,173.0,-0.417438,-0.686956711
MSTO1,694.0,0.421389639,1152.0,-0.096238,-0.088276308
MT1E,291.0,0.588704726,179.0,-0.440616,-1.57747167
MT2A,316.0,0.576670685,123.0,-0.062105,-1.195191794
MTA2,684.0,0.459443446,761.0,0.267963,-0.045572233
MTFMT,1550.0,0.414190941,26.0,0.314726,0.126752986
MTHFS,1663.0,0.434592403,179.0,0.227942,-0.240669614
MTMR1,2442.0,0.424163835,319.0,-0.184778,0.16537906
MTMR14,421.0,0.371137969,151.0,-0.193149,-0.027893179
MVP,50.0,0.435053297,193.0,0.130315,-0.041936011
MX1,456.0,0.433488503,982.0,0.112957,-0.587492357
MX2,1812.0,0.430094961,104.0,-1.357976,-0.124385887
MYADM,2833.0,0.384589896,681.0,-0.708412,-0.70371657
MYCBP,3972.0,0.381803634,73.0,0.007367,-0.179952813
MYL12A,812.0,0.453450746,478.0,0.125043,0.249773454
MYO18A,3647.0,0.395788337,484.0,0.181365,-0.041087827
MYO9B,1401.0,0.398943925,152.0,-0.283062,-0.081605746
N6AMT1,5137.0,0.427535625,28.0,0.5208,0.379093744
NAA40,3212.0,0.389371031,261.0,0.020322,-0.089229423
NAB1,2433.0,0.361024962,572.0,-0.40992,0.397067202
NADK,1672.0,0.3959688,563.0,0.296248,-0.1876769
NADSYN1,464.0,0.447848979,126.0,0.02623,-0.112932219
NAGK,1297.0,0.42527382,474.0,-0.532339,-0.123439105
NANS,37.0,0.458552255,132.0,0.424796,0.039654813
NAPA,1862.0,0.477781443,318.0,0.003845,0.129802351
NAT10,4915.0,0.387474071,245.0,-0.39019,-0.332686215
NBAS,140.0,0.414580543,44.0,0.304126,0.188071213
NCALD,2767.0,0.374888213,460.0,1.677536,0.532477179
NCAPD3,2971.0,0.431957579,606.0,0.754134,0.16903277
NCAPG2,3501.0,0.41630572,200.0,0.591272,0.163823553
NCF1,2381.0,0.415579251,70.0,-1.797632,-0.231463233
NCK2,1267.0,0.457831152,276.0,-0.376096,0.013711573
NCKIPSD,4981.0,0.449411541,126.0,0.411635,0.098536366
NCOA5,1332.0,0.416761948,402.0,-0.126121,0.06824796
NCOA7,3259.0,0.404217869,470.0,-1.084486,0.300319611
NDC80,61.0,0.356199389,182.0,1.680971,0.382462001
NDRG2,841.0,0.376266446,941.0,0.106853,0.038909929
NDUFA4,1685.0,0.439642808,129.0,0.248711,-0.106038796
NEU1,667.0,0.413226082,156.0,1.198441,-0.067343097
NFATC2IP,3242.0,0.412267479,15.0,-0.165305,-0.137698317
NFKB1,708.0,0.4099683,467.0,0.397364,0.129032148
NFKB2,153.0,0.424806573,563.0,0.067258,-0.190960138
NFKBIE,1053.0,0.409138176,25.0,-0.041481,-0.145357057
NGDN,1255.0,0.423783924,27.0,-0.111616,-0.309357521
NGRN,1679.0,0.414477409,50.0,-0.266967,0.555306877
NINJ1,5217.0,0.455972644,71.0,0.180081,-0.350256218
NIP7,1593.0,0.443769116,318.0,-0.570662,-0.356874337
NIT2,2351.0,0.432361565,74.0,0.095035,0.17214456
NMNAT3,2689.0,0.397393877,1228.0,-0.096578,-0.141824316
NMT1,3377.0,0.454689408,31.0,0.010009,-0.07916429
NONO,1092.0,0.432928506,710.0,0.151456,-0.157379261
NOP14,912.0,0.38067473,187.0,0.069253,-0.202382066
NOP2,785.0,0.393538298,198.0,-0.141697,-0.462892585
NOTCH2,6062.0,0.409327653,297.0,-0.283649,0.255462698
NPTN,1068.0,0.388989686,197.0,-0.335059,0.046039949
NR2C2,6271.0,0.390767743,362.0,-0.088352,0.140202808
NRBF2,883.0,0.43605128,224.0,-0.024534,0.037540103
NRF1,1901.0,0.447602651,500.0,0.066308,0.101639571
NRGN,833.0,0.413631862,152.0,0.483628,0.585523105
NRP1,3846.0,0.416817106,523.0,0.947897,0.683717896
NSFL1C,1587.0,0.42738001,868.0,-0.570249,-0.333675439
NSMAF,602.0,0.358586884,214.0,-0.151445,0.126311485
NTAN1,178.0,0.344459601,320.0,-0.413379,0.053701944
NUBP1,246.0,0.455923678,142.0,0.179971,0.013308323
NUCKS1,5461.0,0.359398328,271.0,0.143175,-0.204373515
NUDC,716.0,0.476401948,127.0,0.530245,-0.149661959
NUDT16,5489.0,0.428387545,75.0,-0.123449,0.123616213
NUMA1,663.0,0.474508115,436.0,0.129558,-0.081787838
NUP93,5678.0,0.382018893,495.0,-0.746732,-0.137807574
NXF1,2943.0,0.375826754,136.0,-0.234896,-0.02755525
OCIAD2,4872.0,0.363821488,322.0,0.481421,-0.304703107
OGDH,1071.0,0.396078149,159.0,0.332007,0.155177983
OPA3,7233.0,0.475004358,100.0,-0.220433,-0.254447109
OSBPL2,2363.0,0.383456763,571.0,-0.106724,-0.178082526
OSBPL5,1099.0,0.381371042,158.0,0.107094,0.020171811
OVCA2,792.0,0.429983078,65.0,0.761091,0.044936996
P2RX4,573.0,0.442596273,304.0,0.55368,0.290597946
PAAF1,509.0,0.376143366,341.0,0.053412,0.052184242
PACSIN2,1591.0,0.413490434,405.0,0.23369,0.025565663
PARK7,451.0,0.457171775,163.0,0.653169,0.167728017
PARP1,769.0,0.460215809,171.0,0.770294,-0.083628926
PARP10,332.0,0.422654659,200.0,0.043051,-0.143117269
PARP12,816.0,0.416480622,874.0,0.674738,0.031608363
PARP14,2243.0,0.414355918,59.0,-0.250536,-0.229761206
PARP9,451.0,0.418102187,327.0,0.007818,-0.216062516
PARVG,2043.0,0.383803232,484.0,-1.160441,-0.416098123
PBK,750.0,0.413339119,464.0,2.159171,0.225811933
PCNA,338.0,0.425000199,239.0,-0.595103,-0.60902098
PDAP1,2007.0,0.464659554,134.0,0.012415,-0.36585992
PDCD2,155.0,0.440448783,111.0,-0.057605,-0.170431328
PDCD2L,48.0,0.433436103,33.0,-0.003322,-0.020154055
PDCD6IP,3211.0,0.388727459,158.0,0.016171,0.086944438
PDHA1,2054.0,0.402514578,145.0,-0.384912,0.102325957
PDHB,2974.0,0.442593378,43.0,0.082989,0.182737435
PDLIM1,357.0,0.379179626,233.0,-1.223502,0.139134533
PDXDC1,2055.0,0.375670185,335.0,0.4692,0.116234881
PDXK,6244.0,0.398158884,198.0,-0.267094,0.167300481
PEBP1,796.0,0.360152166,326.0,0.197912,0.063180973
PEF1,769.0,0.441759403,424.0,-0.072428,-0.056394937
PELO,5222.0,0.385240523,985.0,-0.232268,0.061764403
PEPD,395.0,0.450896903,133.0,-0.465978,0.138135671
PEX16,585.0,0.43213601,312.0,-0.084283,-0.68180408
PEX6,946.0,0.370078344,93.0,-0.477319,-0.110917303
PEX7,2294.0,0.407005497,102.0,1.08715,0.35812261
PFDN5,124.0,0.497062947,117.0,0.237983,-0.01936611
PFDN6,574.0,0.470152145,222.0,-0.123345,-0.190920076
PGM1,570.0,0.393980016,681.0,0.30188,0.480391496
PHB,988.0,0.45268542,190.0,-0.423728,-0.214948983
PHF10,104.0,0.365149381,79.0,0.266754,-0.017912136
PI4K2A,2692.0,0.385068362,57.0,-0.02637,0.187878185
PIAS1,3626.0,0.396022529,741.0,-0.28604,0.109324432
PIK3AP1,3866.0,0.407313024,128.0,-1.297343,-0.217093624
PIR,205.0,0.385796208,485.0,-0.622831,-0.109890987
PITPNC1,4686.0,0.369070722,874.0,-0.11803,-0.186756459
PLA2G4C,585.0,0.406173977,398.0,-0.621744,-0.328988955
PLA2G7,1187.0,0.402486321,269.0,-0.156109,0.281353662
PLAUR,323.0,0.418467601,226.0,0.283571,0.11236638
PLCB2,818.0,0.468984469,301.0,-1.209618,-0.008946768
PLCG1,3987.0,0.454806205,121.0,-0.56289,0.024481168
PLD4,273.0,0.377985619,192.0,-2.312239,-0.042514651
PLEKHO1,5192.0,0.424698037,839.0,-0.236555,0.102192339
PLEKHO2,2119.0,0.429714475,134.0,-0.398897,0.019826576
PLSCR1,10376.0,0.415598704,388.0,-0.410077,0.088540399
PML,3324.0,0.431306474,140.0,-0.057225,0.062852456
POLR1C,1131.0,0.439933821,86.0,-0.222909,-0.006211899
POLR1D,1469.0,0.427162265,456.0,0.356443,-0.151755975
POLR2F,1600.0,0.47244007,250.0,0.234731,0.788517056
POLR2H,1065.0,0.427596015,1167.0,-0.127002,-0.245835301
POLR3H,3481.0,0.444306047,388.0,0.409584,-0.213535942
POLR3K,1023.0,0.473025152,46.0,-0.29474,0.052641352
PPA2,660.0,0.432735716,20.0,0.369827,-0.242740455
PPIE,4556.0,0.446406574,56.0,-0.29804,-0.083024342
PPIL1,1921.0,0.453832883,252.0,-0.079815,-0.509270053
PPP1R14B,282.0,0.457456004,268.0,-0.130706,-0.299247752
PRC1,1136.0,0.367783806,234.0,1.347628,0.238465325
PRCC,357.0,0.381841119,290.0,0.600145,-0.131774475
PRDX1,303.0,0.414090753,341.0,0.03198,-0.281737851
PRDX6,944.0,0.433706552,51.0,0.32153,0.269582556
PREB,658.0,0.378530018,403.0,0.105104,0.039043654
PREP,579.0,0.425974009,233.0,-0.15685,-0.453001476
PRG4,784.0,0.366727173,51.0,-0.957568,0.449063269
PRIM2,1166.0,0.350864643,125.0,0.151316,-0.035404864
PRKAB1,1305.0,0.365943644,289.0,-0.023543,-0.026282455
PRKAR2A,5019.0,0.427443141,254.0,0.105361,0.333856007
PRKCB,5795.0,0.38010529,197.0,-2.605909,-0.163661743
PRKCD,451.0,0.404392693,469.0,-0.500662,-0.345389195
PRKRA,683.0,0.420894136,659.0,0.48422,0.155313816
PRKRIP1,3224.0,0.453589322,55.0,-0.263394,-0.326921158
PRMT5,393.0,0.386451423,508.0,0.201527,-0.11002952
PRMT7,3655.0,0.450088803,850.0,-0.132315,-0.084534752
PROCR,549.0,0.357872186,218.0,0.015925,0.751868462
PRPS1,3908.0,0.466551451,409.0,0.050488,-0.049150789
PRPSAP1,2056.0,0.390811115,688.0,0.137099,0.057943936
PRRC1,3173.0,0.409170839,188.0,0.09632,0.295794372
PSMA5,2997.0,0.446573967,225.0,0.126569,0.024692291
PSMA6,187.0,0.423632682,445.0,0.03383,0.033925788
PSMB10,58.0,0.455018511,128.0,-0.554992,-0.285678489
PSMB2,3775.0,0.389848815,412.0,-0.153766,-0.133625478
PSMB8,242.0,0.411206622,522.0,0.173397,0.031572814
PSMB9,5497.0,0.431095699,69.0,-0.893833,-0.069260187
PSMC3,66.0,0.485654947,194.0,0.366687,0.08743229
PSMD11,2567.0,0.390095635,61.0,0.249252,-0.033136366
PSMD13,384.0,0.437236365,242.0,-0.052887,-0.077780377
PSMD8,450.0,0.458928351,52.0,0.249572,0.070103762
PSME2,53.0,0.443656162,65.0,-0.036645,-0.360548237
PSMG1,5308.0,0.427553471,578.0,0.218537,0.017271617
PSTPIP2,1923.0,0.429639796,96.0,-0.174786,-0.311577046
PTBP1,1504.0,0.473818895,106.0,0.056243,0.005949017
PTDSS1,3765.0,0.367954205,423.0,-0.419599,-0.257716222
PTGS1,3346.0,0.37260918,633.0,-1.506744,0.013166037
PTPMT1,1899.0,0.450492628,193.0,0.549438,0.034983873
PTPN18,2185.0,0.381656528,101.0,0.720317,-0.37097574
PTPN7,1593.0,0.440747449,781.0,-0.735922,-0.209080267
PTPRE,2994.0,0.426620112,1843.0,1.744872,0.344591108
PTPRF,4571.0,0.452810321,356.0,-0.607475,-0.315615891
PTRH2,3186.0,0.370743372,1544.0,0.029251,-0.350382475
PWWP2B,819.0,0.424412275,29.0,0.028703,-0.312549608
PYCR2,578.0,0.474148407,230.0,0.827156,-0.057899319
PYGL,175.0,0.392036998,127.0,-0.031833,0.242318292
QARS,97.0,0.458996209,396.0,0.298233,0.045985024
RAB11FIP1,4277.0,0.380614122,56.0,1.742373,0.04465065
RAB12,1120.0,0.38483812,283.0,-0.633819,-0.116131103
RAB21,5246.0,0.435367738,267.0,-0.233054,-0.029219817
RAB31,3231.0,0.437498832,175.0,0.435732,-0.041466684
RAB35,2172.0,0.408841719,189.0,-0.176732,-0.050232755
RAB7A,1376.0,0.419395127,232.0,-0.054898,0.106917405
RAB8B,4163.0,0.425956778,96.0,-1.300269,-0.002027391
RAB9A,1716.0,0.417525007,283.0,0.038206,0.220682684
RABGGTA,77.0,0.387342734,512.0,0.339778,0.223283284
RABGGTB,440.0,0.409412379,78.0,0.257993,-0.163250334
RABIF,4760.0,0.447399225,159.0,0.374275,-0.010996324
RACGAP1,1895.0,0.366370127,354.0,1.177137,0.257778092
RAD9A,924.0,0.444046557,185.0,-0.791776,-0.28223087
RAE1,1112.0,0.432613552,365.0,-0.182045,-0.035565105
RAI1,1472.0,0.455620822,469.0,0.405292,-0.073260049
RAN,2043.0,0.442855294,361.0,0.115731,-0.020083511
RANBP10,3359.0,0.379453562,1256.0,-0.56509,0.017179822
RANGAP1,3145.0,0.481547647,765.0,0.223171,-0.026772684
RAPGEF1,2727.0,0.425793135,159.0,-0.20655,0.005223815
RARS,114.0,0.423508657,41.0,0.241932,-0.029444481
RASGRP2,183.0,0.381671176,582.0,-0.975511,0.219003613
RBBP4,6506.0,0.404056961,164.0,0.282399,-0.156898451
RBBP5,3098.0,0.421849625,474.0,0.30965,0.087989287
RBKS,251.0,0.392307233,1371.0,0.749934,0.365897734
RBM12,3599.0,0.375183789,304.0,-0.053427,-0.152064633
RBM14,3443.0,0.468008211,139.0,-0.218684,-0.136326505
RBM4B,5277.0,0.396841232,170.0,-0.377008,0.164005437
RBMX,1201.0,0.353737079,210.0,-0.023972,-0.085803382
RBPJ,4223.0,0.4178224,518.0,-0.174075,0.09012735
RBX1,821.0,0.46562919,52.0,-0.349432,0.138711917
RC3H1,7637.0,0.410085914,87.0,-0.495361,-0.016057005
RCCD1,1773.0,0.374130224,280.0,0.474646,0.276329873
RCOR1,4070.0,0.439565312,228.0,-0.058617,-0.048780597
REEP4,591.0,0.460338979,469.0,0.674997,-0.530546901
REEP5,2962.0,0.457536941,144.0,-0.676859,-0.474312325
RELB,408.0,0.418226182,131.0,-0.029438,-0.141909824
REPIN1,2683.0,0.45080531,489.0,-0.085243,-0.477446494
RFC4,89.0,0.411167541,282.0,0.164403,0.104902419
RFK,1882.0,0.429285662,357.0,-0.259577,0.3536838
RFWD3,2538.0,0.42367162,98.0,0.019412,-0.217186638
RFX5,1546.0,0.386685917,221.0,0.411843,-0.090659323
RFXAP,1850.0,0.421314391,156.0,-0.265553,0.091253197
RHBDF2,740.0,0.423256567,294.0,-0.806638,-0.287028215
RHOT2,568.0,0.454546166,881.0,-0.368967,-0.176262091
RINL,1279.0,0.357351373,413.0,0.29135,-0.206584033
RNASEH1,4369.0,0.404567903,700.0,-0.444001,-0.484300714
RNASEH2B,3930.0,0.37625722,399.0,0.535666,0.258945253
RNASET2,1070.0,0.374792559,407.0,1.66918,0.230711161
RNF114,1751.0,0.459950313,36.0,-0.59083,-0.498901353
RNF167,289.0,0.375291206,776.0,0.688809,0.282603881
RNF20,5226.0,0.396317502,92.0,0.028395,-0.031079837
RNF213,5288.0,0.417718743,150.0,-0.353719,-0.433190493
RNF216,2819.0,0.430061571,259.0,0.019742,-0.197782083
RNF25,102.0,0.375620157,88.0,0.088998,-0.129696805
RNF31,88.0,0.389352607,358.0,-0.095741,-0.12883342
RNLS,1252.0,0.416402283,135.0,-0.116369,0.316596555
RNMT,4581.0,0.415128602,241.0,-0.171667,-0.165969606
RNPEP,463.0,0.447181346,896.0,1.70123,0.621755402
RP9,437.0,0.42869019,18.0,0.072637,0.092137092
RPA1,2907.0,0.381710028,170.0,0.139104,-0.02224234
RPA2,639.0,0.400070522,793.0,-0.025003,-0.002682808
RPAIN,471.0,0.394698889,570.0,0.460263,-0.409262927
RPL11,461.0,0.442317923,45.0,0.125535,-0.187050958
RPL14,5208.0,0.496792394,133.0,0.634298,0.1815384
RPL23,3146.0,0.464880603,90.0,-0.084586,0.045426708
RPL26,53.0,0.427802183,389.0,0.541654,-0.233274116
RPL31,1260.0,0.451994935,87.0,-0.245922,-0.026990003
RPL34,1350.0,0.436455219,198.0,-0.145472,-0.165115817
RPL5,1058.0,0.451564158,75.0,0.295847,0.020388903
RPL7,1077.0,0.460258279,707.0,0.166129,0.04575639
RPS11,373.0,0.483080585,92.0,0.09132,-0.071447134
RPS24,4247.0,0.430653047,142.0,0.285763,-0.035221393
RPS25,109.0,0.467193878,63.0,0.586987,-0.213233757
RPS27A,743.0,0.450449292,321.0,-0.158019,-0.045660267
RPS3A,306.0,0.426765211,80.0,0.07988,-0.12662424
RPS4X,629.0,0.442998752,96.0,0.316792,0.035611497
RPS6,2723.0,0.413925579,42.0,0.096248,-0.139374858
RPS6KA1,828.0,0.389798854,163.0,0.889683,0.105215085
RPS6KA4,735.0,0.38455359,226.0,-0.119202,-0.128575854
RPS7,66.0,0.428822459,109.0,-0.035644,0.044454818
RPTOR,2341.0,0.385169267,805.0,-0.420153,-0.078226249
RREB1,3012.0,0.456825357,492.0,-0.419517,-0.28949413
RRM1,2304.0,0.437568848,689.0,0.948619,0.038219647
RRP8,5071.0,0.446233376,148.0,0.233041,-0.124733097
RRS1,978.0,0.468289248,104.0,-0.317627,-0.343994247
RTN3,1690.0,0.358048129,187.0,0.306442,-0.036895644
RTN4IP1,1108.0,0.372133716,477.0,-0.447352,-0.188336029
RUNX1,4334.0,0.416076551,1578.0,1.191962,0.147045244
RUNX3,2611.0,0.405217602,439.0,-1.399546,0.218894218
RWDD1,6365.0,0.401367905,746.0,0.233283,-0.010145015
S100A8,71.0,0.444112716,170.0,-3.782297,-1.296003225
S100A9,189.0,0.439508357,43.0,-2.405411,-1.697569111
SAMD9,1815.0,0.395660052,270.0,-0.196119,-0.233187499
SAMD9L,1162.0,0.396305952,1248.0,-0.863542,-0.164704047
SAMM50,150.0,0.345249646,197.0,0.10363,-0.27427984
SAMSN1,684.0,0.407246581,430.0,-1.801971,-0.279078366
SAP18,1754.0,0.427429047,39.0,0.260906,-0.245435151
SAP30BP,1541.0,0.449617255,257.0,-0.120159,-0.048043442
SAR1A,5213.0,0.411769389,203.0,0.251051,0.100507034
SAR1B,5806.0,0.392367964,253.0,0.200213,-0.056134687
SARS,1054.0,0.40098191,100.0,0.336949,0.037615587
SASH3,1369.0,0.387406112,182.0,-1.914398,-0.281209692
SCAMP4,1741.0,0.472519575,351.0,0.125234,0.230033741
SCO1,8645.0,0.407339367,61.0,0.24949,0.035565057
SDCCAG8,307.0,0.360606297,1542.0,0.793972,-0.177695775
SEC11C,205.0,0.423646802,92.0,1.527471,0.428214182
SEC13,332.0,0.457264526,210.0,0.210768,0.159425995
SEC14L1,2986.0,0.420320088,665.0,-0.1169,-0.123685802
SEC22A,2559.0,0.422343815,79.0,-0.151648,-0.227238144
SEC24B,1221.0,0.400931805,155.0,0.4138,0.197951982
SEC24D,2115.0,0.386600041,297.0,0.586626,0.233865548
SEC61B,270.0,0.404562259,76.0,0.084278,-0.225771909
SEMA3F,960.0,0.38837398,318.0,0.086761,0.828663577
SEMA4D,2318.0,0.393173667,572.0,-0.13157,0.021062221
SERPINA1,1707.0,0.420489385,573.0,5.947302,1.039676795
SERPINB8,2096.0,0.38524815,520.0,0.054194,0.128088318
SETMAR,321.0,0.414235412,398.0,-0.282227,0.269525001
SEZ6L2,540.0,0.431800162,245.0,-1.561147,-0.513705905
SF1,2419.0,0.374481437,721.0,-0.017696,-0.179270677
SF3B2,563.0,0.453902675,40.0,0.138882,-0.106958372
SFXN4,500.0,0.402513841,45.0,0.565747,0.155138104
SH3BP1,433.0,0.395530944,313.0,0.291293,-0.027463623
SH3PXD2B,4870.0,0.420952884,171.0,-0.066613,0.022328558
SHMT1,4335.0,0.394510245,509.0,0.374298,0.357414178
SIGLEC1,1590.0,0.42099348,0.0,-2.911274,-0.047853796
SIPA1,2933.0,0.437718847,296.0,-0.089989,0.102616441
SIRPA,3027.0,0.429235057,360.0,-0.953689,0.264406854
SKP1,8791.0,0.433886974,179.0,0.278163,-0.013949382
SLBP,3046.0,0.391438372,553.0,0.449311,-0.045414934
SLC25A10,1929.0,0.386184273,191.0,0.036231,-0.148101372
SLC25A19,477.0,0.386093473,224.0,-0.08694,-0.447957663
SLC25A20,787.0,0.382641976,199.0,0.507927,-0.076921546
SLC25A3,504.0,0.383836987,354.0,0.175655,-0.469708483
SLC25A40,2688.0,0.363984785,375.0,0.555305,0.071312087
SLC25A6,450.0,0.487227384,137.0,-0.011543,-0.404360053
SLC27A3,163.0,0.439664345,91.0,0.704762,0.272775161
SLC39A10,2661.0,0.346494338,214.0,-0.12607,0.352352615
SLC44A1,8291.0,0.4365497,264.0,0.000302,-0.091950021
SLC9A3R1,709.0,0.400889529,235.0,0.147222,-0.431807535
SMAP2,1225.0,0.404145004,415.0,0.178038,0.070349073
SMC1A,5954.0,0.490702048,340.0,0.156522,-0.04878911
SMG5,1363.0,0.383248033,540.0,-0.030111,-0.00204963
SMS,2660.0,0.417677888,252.0,0.052058,-0.510354018
SMYD3,223.0,0.378821529,130.0,1.52654,0.131459396
SNRNP200,676.0,0.454045162,132.0,-0.254126,-0.196368554
SNRPC,474.0,0.427936125,450.0,-0.123511,-0.127451494
SNRPD1,4386.0,0.384326147,161.0,0.158534,0.137094599
SNRPN,279.0,0.390283395,1145.0,0.250903,-0.040254564
SNX24,5071.0,0.338464018,185.0,-0.132816,-0.145703816
SNX30,6144.0,0.426743352,148.0,-0.036166,0.161323465
SNX33,5086.0,0.383330712,96.0,-0.238844,0.375076149
SOD1,353.0,0.438546885,148.0,0.218207,-0.305889908
SOD2,13436.0,0.435065133,1828.0,-1.07102,-0.299373971
SP110,3922.0,0.401738483,258.0,0.036777,-0.619081181
SPC24,1691.0,0.381793277,320.0,2.010297,0.384865805
SPC25,540.0,0.373816265,131.0,1.470384,0.285272984
SPCS1,3333.0,0.417439524,205.0,0.696346,-0.43029418
SPI1,383.0,0.406748349,223.0,-0.083498,0.167946291
SPRYD4,1406.0,0.430591965,75.0,-0.135368,-0.248235265
SQSTM1,1485.0,0.412192979,360.0,0.382035,-0.373943237
SRC,2671.0,0.437602812,449.0,-0.267765,-0.24807765
SRGAP2,3018.0,0.377689891,542.0,0.700744,0.247674532
SRI,5365.0,0.424260151,79.0,-0.39105,0.147614994
SRP19,2645.0,0.430943803,189.0,0.206555,-0.121027616
SRPRB,1784.0,0.427990824,285.0,0.173201,-0.364765142
SRR,1392.0,0.393840903,354.0,0.693933,0.4327873
SRXN1,2099.0,0.37663928,185.0,-0.674104,-0.212849013
SS18L2,777.0,0.45997865,208.0,0.149501,0.314996419
SSH1,5298.0,0.373517564,146.0,-0.553081,0.707966032
SSH3,2595.0,0.376349937,178.0,0.392535,0.031493267
SSR2,592.0,0.425839932,80.0,0.755339,-0.50847515
SSR3,3698.0,0.388415977,156.0,0.383127,-0.575012533
SSR4,87.0,0.444947593,150.0,0.999363,0.051595102
SSRP1,422.0,0.394601844,267.0,0.335235,-0.255335155
SSU72,400.0,0.445120823,325.0,-0.045146,-0.097501193
ST13,3666.0,0.439823793,468.0,0.145808,-0.183122638
ST14,553.0,0.454138745,193.0,0.665894,0.110682547
ST3GAL4,594.0,0.39537481,557.0,0.386563,0.04482761
STARD10,1682.0,0.427301627,944.0,1.36043,-0.201686502
STAT1,3294.0,0.408136156,388.0,-0.236801,-0.488361925
STAT2,1791.0,0.409862748,203.0,-0.68549,-0.112839175
STAT6,1168.0,0.380869476,499.0,-0.094442,0.108466428
STMN1,1138.0,0.394107416,364.0,1.011653,-0.062915136
STOM,2222.0,0.387137797,117.0,0.146304,0.553113327
STOML2,531.0,0.456962681,143.0,0.325045,-0.15713004
STX11,4481.0,0.457080677,192.0,-1.568724,0.430547369
STX3,5058.0,0.403902965,547.0,0.635184,0.152100314
STX7,14891.0,0.417568039,327.0,-0.716052,-0.254967065
STX8,107.0,0.378438911,150.0,0.789895,0.415388101
SUCLG1,223.0,0.43877655,193.0,-0.164043,-0.117145092
SUFU,3380.0,0.361614756,191.0,-0.302704,-0.062719624
SUMF1,999.0,0.37076871,37.0,0.05189,0.133836052
SUPT4H1,1112.0,0.438747077,103.0,-0.230142,-0.0153299
SURF2,1720.0,0.440503417,48.0,0.299524,-0.310683612
SURF4,2281.0,0.385472445,476.0,0.161116,0.45194179
SURF6,4908.0,0.42467207,78.0,-0.162828,-0.25906747
SUV39H1,1669.0,0.463566826,266.0,0.245634,-0.247500239
SVIP,4195.0,0.357937352,217.0,-0.205836,0.397140823
SYTL1,80.0,0.364244725,197.0,1.198043,0.581265496
TACC3,165.0,0.385699108,155.0,1.329306,-0.073500875
TADA2B,3064.0,0.464060586,151.0,0.167442,0.054534401
TAF12,689.0,0.435926756,522.0,0.390049,0.249016385
TAP2,5256.0,0.374969764,175.0,-0.392992,-0.427331575
TATDN2,2040.0,0.415810908,581.0,-0.004714,0.044073599
TBC1D20,3109.0,0.435441414,148.0,-0.620102,-0.71026488
TBC1D9B,1396.0,0.395340616,37.0,-0.034933,0.06598673
TBCC,556.0,0.434161456,73.0,-0.096386,0.006150816
TCEAL3,260.0,0.368171822,262.0,0.52778,-0.037418885
TCEAL4,3020.0,0.432120515,489.0,-0.039543,-0.497774274
TCOF1,1640.0,0.41523122,108.0,-0.225422,-0.324649489
TDP1,1721.0,0.418036689,317.0,0.171158,-0.006799844
TDRD7,242.0,0.375852104,234.0,0.183641,0.041355773
TDRKH,973.0,0.419795099,182.0,-0.436529,-0.28075963
TEP1,2777.0,0.379550228,40.0,-0.468092,-0.022865032
TFE3,1431.0,0.379068139,541.0,-0.144982,-0.193094319
TFEB,621.0,0.429366592,302.0,0.028189,0.054214579
THADA,112.0,0.415199561,352.0,-0.023306,-0.131800523
THBD,2144.0,0.448063145,160.0,-0.362073,0.546740424
THUMPD1,2715.0,0.455087735,225.0,-0.370995,-0.187749912
THYN1,205.0,0.377954149,484.0,0.083857,-0.013126125
TIMM50,3932.0,0.424829064,722.0,-0.270496,-0.282365066
TIMM8B,2046.0,0.447942532,30.0,0.01277,-0.173480747
TK2,3965.0,0.360054507,593.0,-0.222955,0.128275089
TLE1,571.0,0.374791795,1295.0,0.098386,-0.181235049
TM9SF2,2020.0,0.372522209,233.0,0.563621,-0.135275253
TMED3,1710.0,0.439016102,188.0,1.493186,0.560928995
TMED9,708.0,0.44685712,67.0,-0.08497,0.242144587
TMEM126A,52.0,0.406087664,295.0,0.115223,0.098107213
TMEM199,2431.0,0.370998168,90.0,0.051385,-0.301212773
TMEM63A,1407.0,0.385482014,622.0,0.585337,0.097511597
TMOD1,2050.0,0.392927141,213.0,-0.802028,0.847500786
TMSB10,278.0,0.470652003,95.0,-0.953564,0.004529191
TNFAIP1,2409.0,0.451408648,449.0,0.276837,0.293702793
TNFAIP2,2079.0,0.44214387,131.0,-1.219176,-0.157144788
TNFAIP3,1995.0,0.416242917,370.0,-0.936448,-0.163252483
TNFAIP8L2,497.0,0.440670719,126.0,-1.082623,-0.225905059
TNIP1,770.0,0.448321216,241.0,0.166231,-0.074448373
TNK2,822.0,0.420245651,543.0,-0.714834,-0.493198605
TNPO2,2070.0,0.408799881,358.0,-0.419485,-0.196458913
TNRC18,1316.0,0.449521205,349.0,0.041619,-0.431404612
TOMM5,518.0,0.441712708,107.0,0.16814,0.028975172
TOP2A,1003.0,0.364102812,159.0,1.179001,-0.014052061
TOR1A,3160.0,0.446121485,77.0,0.4354,0.001877847
TPD52L2,1600.0,0.385071878,138.0,-0.597236,-0.061596393
TPI1,620.0,0.479135356,527.0,0.234285,0.23941548
TPM1,757.0,0.403626605,257.0,-0.20066,0.558154745
TRAF1,7433.0,0.438949906,572.0,-1.704915,-0.648992459
TRAF3,5716.0,0.386659664,353.0,0.113145,0.395377789
TRAF6,6100.0,0.426668941,381.0,-0.071646,0.090468627
TRAPPC3,634.0,0.441060625,519.0,0.306123,-0.016964777
TRAPPC5,42.0,0.453352607,241.0,0.117154,0.122053721
TRAPPC6B,2539.0,0.437369008,335.0,0.113181,0.221230492
TRAPPC9,3079.0,0.431357199,134.0,0.087687,-0.061988391
TRIM11,3522.0,0.453298916,255.0,0.679445,0.057122524
TRIM13,5308.0,0.419190719,763.0,0.10766,-0.586238523
TRIM14,3117.0,0.369225689,165.0,0.506641,-0.004937648
TRIM22,1215.0,0.424423711,379.0,-1.32294,-0.011621712
TRIM26,1431.0,0.384319522,565.0,-0.20817,-0.074299985
TRIM27,2956.0,0.441704825,359.0,-0.00473,-0.237516783
TRIM41,1657.0,0.454716896,737.0,-0.438953,0.136061235
TRIM5,2312.0,0.426412011,303.0,-0.511209,-0.193940913
TRIP12,3739.0,0.40441217,297.0,0.2051,-0.342785089
TRIP13,2852.0,0.433721983,145.0,0.685311,-0.076251586
TRMT5,3660.0,0.405137655,572.0,-0.438918,-0.177505892
TRUB2,4655.0,0.434714666,759.0,-0.108221,-0.494935177
TSFM,1390.0,0.429356434,57.0,0.060388,-0.235516522
TSPAN14,15147.0,0.398868986,305.0,-0.112399,0.471789275
TSPYL1,7303.0,0.373212405,287.0,-0.142793,-0.050368566
TSR2,1366.0,0.464925113,443.0,-0.201105,-0.139267188
TTC39C,3394.0,0.378954091,452.0,0.878295,0.319973002
TTC7A,2213.0,0.393400181,1272.0,0.048221,-0.084599378
TTPAL,5319.0,0.425556123,145.0,0.023355,-0.011552899
TTYH3,3063.0,0.383645273,187.0,-0.376335,-0.476136298
TUBA1C,110.0,0.451729991,576.0,0.05371,-0.080696534
TUBA4A,644.0,0.402818439,556.0,0.121243,0.043652333
TUBB,1030.0,0.390058461,509.0,-0.068416,0.026727161
TUBB6,2302.0,0.468445054,1139.0,-0.536934,0.428763943
TUBGCP4,1934.0,0.368175973,296.0,0.440631,0.448772574
TUSC1,1294.0,0.429789613,537.0,-0.26496,-0.171205102
TXNL4A,3129.0,0.472736328,466.0,0.357619,-0.043647591
TYMP,18.0,0.429537249,376.0,0.285011,-0.17632177
TYMS,581.0,0.364557025,159.0,1.44453,0.079160325
TYROBP,168.0,0.417048036,81.0,-0.887812,-0.716568619
UBAP2L,353.0,0.367068802,167.0,0.648079,0.030121205
UBE2B,4002.0,0.405496028,420.0,-0.407605,-0.098804011
UBE2E1,1034.0,0.417917446,229.0,-0.313314,-0.784873574
UBE2E2,1962.0,0.352966355,180.0,-1.463015,-0.552044567
UBE2L3,2365.0,0.455573936,198.0,0.209174,-0.098562512
UBE2L6,703.0,0.431638779,653.0,-0.252186,-0.455986251
UBE4B,1283.0,0.418913915,688.0,-0.127436,-0.187444511
UBR4,797.0,0.387393976,4.0,-0.163147,-0.050844697
UBTF,2209.0,0.400105612,296.0,-0.090721,-0.077842568
UBXN1,220.0,0.422601268,194.0,0.090862,0.05111824
UCK2,4043.0,0.447469338,640.0,0.219567,-0.210112167
UGGT1,5935.0,0.374564832,178.0,0.019515,-0.0304737
UHRF1BP1,5130.0,0.373569339,234.0,0.112962,-0.088204093
UNC45A,377.0,0.475530537,1022.0,0.124496,-0.08863757
UNG,1024.0,0.368897526,209.0,-0.095697,-0.07774751
UNK,1388.0,0.447315534,42.0,-0.298743,-0.205598731
UQCR11,4379.0,0.470309826,75.0,0.393188,-0.427313476
UQCRC1,129.0,0.462829321,45.0,0.317748,0.266463631
UQCRH,193.0,0.365128489,320.0,0.279729,-0.238626558
UROD,171.0,0.391539164,133.0,0.117335,0.242825414
UROS,3849.0,0.422413435,266.0,0.493938,0.20560607
USP18,580.0,0.434940763,338.0,0.593377,-0.160897985
USP39,571.0,0.39295741,223.0,0.092752,-0.294423894
UTP6,2466.0,0.429918331,83.0,0.020554,-0.3961407
VAC14,489.0,0.396517204,827.0,-0.670959,-0.125032985
VAMP8,451.0,0.398153421,156.0,-0.091675,-0.305119325
VASP,824.0,0.388921088,342.0,-0.073345,-0.132273887
VAT1,1456.0,0.406330787,120.0,-0.589101,0.112896468
VDAC3,475.0,0.440388181,210.0,0.506716,-0.083096909
VDR,3209.0,0.450036866,401.0,-0.064715,-0.526495833
VGLL4,2489.0,0.432812067,506.0,-0.423752,-0.279091859
VIM,431.0,0.411136971,462.0,-0.332557,0.76440859
VLDLR,6202.0,0.388727284,416.0,0.577623,0.192338328
VPS28,291.0,0.476756313,109.0,0.053878,-0.07401028
VPS33B,559.0,0.447669729,583.0,-0.452573,-0.016717599
VPS39,2053.0,0.440628838,173.0,-0.243813,-0.024997219
VPS52,2870.0,0.393546356,887.0,0.149895,0.03340877
WASF2,4090.0,0.365213822,245.0,0.237703,0.091912273
WBP2,1040.0,0.392225719,515.0,0.020532,-0.069286631
WDFY2,7044.0,0.36603015,340.0,-0.178859,0.253230797
WDR1,1039.0,0.393247178,368.0,0.172394,0.053756312
WDR36,3619.0,0.40459335,117.0,-0.724902,-0.15374358
WDR37,8068.0,0.365587877,173.0,-0.534818,0.054962985
WDR4,293.0,0.380589271,581.0,-1.002371,-0.092306435
WDR47,1216.0,0.402106333,376.0,-0.221578,-0.022246153
WDR48,1924.0,0.419028298,472.0,-0.174309,0.055882908
WDR5,1979.0,0.401607191,171.0,-0.036279,0.060345187
WDR54,97.0,0.394793766,128.0,0.51041,0.081443782
WDR61,197.0,0.411764619,310.0,0.380812,0.023880086
WDR77,4184.0,0.412330102,139.0,-0.218909,-0.124730413
WDR91,4946.0,0.380864599,823.0,-0.230385,0.084150707
WDR92,2520.0,0.427217839,117.0,-0.27729,0.15333578
YTHDF1,1279.0,0.384821843,294.0,-0.353246,-0.216686754
YTHDF3,3082.0,0.406652071,509.0,-0.420873,-0.099212545
YY1,5192.0,0.440120149,480.0,-0.145445,-0.193245891
ZBED1,2221.0,0.457533868,282.0,0.052782,-0.046519235
ZBTB8OS,1087.0,0.406816332,276.0,-0.035843,-0.195851475
ZC3H12A,768.0,0.421626239,1056.0,-2.64895,-0.056755866
ZC3H4,2169.0,0.436042942,38.0,-0.223394,-0.38215078
ZCCHC2,2006.0,0.404185753,0.0,-0.425639,-0.032254796
ZFP36L1,2846.0,0.395541595,976.0,-0.930641,-0.142014964
ZMAT2,1942.0,0.460376067,101.0,-0.35571,-0.088768296
ZMIZ2,4165.0,0.419562196,128.0,-0.476224,0.16478048
ZMYM3,1292.0,0.378831729,749.0,-0.309021,-0.19001825
ZNF207,13817.0,0.386696564,148.0,0.098341,-0.159598029
ZNF414,113.0,0.422835658,118.0,0.212395,0.188855364
ZNF511,243.0,0.452392726,55.0,0.272281,-0.002707042
ZNF516,4816.0,0.393186692,318.0,0.764342,0.037384496
ZNF622,1298.0,0.463753859,120.0,0.02587,-0.336714609
ZNHIT2,49.0,0.440612513,85.0,0.499867,-0.147075373
ZNHIT3,419.0,0.425204303,73.0,-0.56971,0.016979741
ZWINT,4585.0,0.411772707,37.0,1.511899,0.125633197
