,3prime,tAI,max_5_UTR_length,TCGA-E2-A15A,TCGA-E2-A15A.1
AAK1,17874.0,0.380718848,505.0,-0.050204,0.025587877
AATF,207.0,0.367011205,251.0,0.372861,0.058838672
ABCC1,1793.0,0.393368456,175.0,0.300396,0.014767209
ABCF3,5726.0,0.387768135,869.0,0.310856,0.323196469
ABHD12,654.0,0.374654709,279.0,0.823099,0.171679291
ABHD6,1639.0,0.384216096,505.0,-1.038179,-0.436675605
ABR,2562.0,0.39474042,600.0,0.106539,0.183551023
ABT1,2092.0,0.423473096,40.0,0.129175,-0.057305523
ACADVL,176.0,0.46877374,457.0,0.151882,0.300411697
ACBD6,155.0,0.433964845,621.0,-0.308129,0.052073388
ACIN1,584.0,0.404933544,328.0,-0.688809,0.029187483
ACO1,4661.0,0.37721508,227.0,0.212172,0.12774488
ACOT11,1220.0,0.392289045,176.0,0.507099,0.098593071
ACOT9,4514.0,0.358892202,225.0,-0.093149,0.26037548
ACP2,814.0,0.411581374,548.0,0.681809,0.00183468
ACSF2,1484.0,0.405139059,501.0,-0.95277,-0.765451122
ACSL1,1530.0,0.417966714,990.0,0.042309,-0.363674376
ACSL5,1022.0,0.380976548,307.0,-0.476313,-0.348770779
ACTB,613.0,0.469768794,192.0,-0.053743,-0.245321214
ACTL6A,452.0,0.409046191,387.0,0.558941,-0.028926246
ACTR1A,3151.0,0.432463663,108.0,0.383249,0.101664606
ADA,312.0,0.444091501,440.0,0.128311,0.294974253
ADAMDEC1,715.0,0.41564171,547.0,2.921954,-0.122430091
ADD1,1928.0,0.439806775,863.0,0.137255,0.076283678
ADPRH,2067.0,0.380088169,541.0,-0.535911,0.023675059
ADSSL1,320.0,0.393141878,776.0,-0.727058,-0.764991103
AGAP3,508.0,0.436856677,1584.0,0.268193,0.087779847
AHNAK,842.0,0.382138706,300.0,0.535875,0.214867904
AHSA1,225.0,0.374296292,431.0,-0.278405,-0.238997921
AIF1,121.0,0.4069451,222.0,-0.029514,0.608628335
AIFM2,1911.0,0.447982482,217.0,0.222681,-0.183760948
AK1,1528.0,0.389481519,153.0,-0.644869,-0.491001313
AK2,2893.0,0.384271636,345.0,0.167828,-0.06090657
AKR1C2,3804.0,0.449591167,413.0,-3.545493,-1.000122868
AKR7A2,10996.0,0.385600504,22.0,0.06967,-0.317355345
ALDH18A1,838.0,0.380333742,511.0,0.146055,-0.168573305
ALDH3A2,2525.0,0.42484639,221.0,0.482322,-0.464146595
ALDH6A1,4647.0,0.38708374,724.0,-0.553724,-0.504793265
ALG1,2498.0,0.432230555,181.0,-0.058455,-0.002682637
ALG5,380.0,0.362014155,67.0,-0.221244,-0.334093896
ALOX5AP,976.0,0.392577632,248.0,-0.313642,-0.113521191
AMBRA1,1041.0,0.36170155,362.0,0.226874,0.126750426
AMPD2,903.0,0.389224108,566.0,-0.464093,0.004044264
AMPD3,1695.0,0.423686063,472.0,0.915955,0.294012275
ANAPC13,1361.0,0.393644021,731.0,-0.446922,-0.760516903
ANAPC5,235.0,0.390209877,197.0,0.33935,0.091378437
ANKLE2,1737.0,0.418251419,90.0,0.333639,0.108382988
ANKRD16,135.0,0.465649334,543.0,0.28135,0.108180636
ANKRD35,249.0,0.402949835,108.0,-0.928291,0.071249865
ANXA2,496.0,0.429738522,160.0,-0.495714,-0.07271036
ANXA5,1441.0,0.418050335,165.0,-0.814807,-0.263492706
AP1B1,1153.0,0.424070668,187.0,0.211495,-0.046966193
AP1M1,914.0,0.463388599,173.0,-0.39884,-0.083717555
APBA1,3797.0,0.387421148,276.0,-1.151317,-0.126300206
APIP,427.0,0.433104693,127.0,0.475945,-0.051208082
APOBEC3C,1979.0,0.381716897,103.0,0.162137,0.358877241
APOBEC3G,322.0,0.410940579,404.0,0.466703,0.490152515
APOL2,1195.0,0.42932248,477.0,-0.060433,0.161223965
ARF6,2971.0,0.462806813,621.0,-0.015549,-0.346321916
ARFIP2,2430.0,0.403729309,291.0,-0.243209,-0.540807053
ARHGAP17,2624.0,0.371011524,117.0,-0.109839,0.126676048
ARHGAP30,773.0,0.384451823,645.0,0.11961,0.415635177
ARHGEF10,1378.0,0.370244255,202.0,-0.445711,-0.035375141
ARID2,3145.0,0.362288628,128.0,0.557998,0.081559284
ARID3A,3881.0,0.411693449,290.0,1.175994,0.631465609
ARIH2,3112.0,0.397061561,878.0,-0.223733,-0.080458578
ARL8A,1065.0,0.409602486,171.0,-0.071148,0.29227473
ARRB1,6041.0,0.39512759,224.0,0.672422,0.024886816
ASF1B,950.0,0.395794233,172.0,0.083104,-0.04931936
ASS1,1357.0,0.394201053,356.0,-0.94627,-1.152223684
ATPAF1,3039.0,0.439253133,510.0,-0.91728,-0.535067761
ATRIP,162.0,0.417082642,462.0,-0.20821,-0.483470365
AXL,1863.0,0.417061167,376.0,0.335107,0.280871276
B4GALT7,4483.0,0.433879574,93.0,-0.003706,-0.421071117
BAG1,2764.0,0.431693656,501.0,-0.448827,-0.049144096
BAG3,537.0,0.387438444,306.0,-0.335911,0.257291057
BASP1,971.0,0.520859146,259.0,-0.518361,0.656084664
BBS7,1531.0,0.408023089,184.0,-0.123611,-0.069134446
BCAT2,364.0,0.445598481,657.0,-0.515116,-0.188451887
BCKDHB,3082.0,0.419736544,88.0,0.438759,0.033161612
BCL2,5279.0,0.374049285,493.0,-0.500799,-0.605617719
BCL2L13,4109.0,0.411790332,769.0,-0.355253,-0.193974666
BID,4193.0,0.428633517,498.0,-0.357192,-0.035926745
BLVRA,3376.0,0.414260839,177.0,1.137774,0.285219147
BOLA2,40.0,0.43059393,513.0,0.438251,0.22429313
BOLA3,383.0,0.406657227,38.0,0.362341,0.038402556
BRD2,787.0,0.377809737,2066.0,0.005962,0.171868243
BRD3,3285.0,0.401150236,188.0,-0.516294,-0.034251351
BSPRY,1091.0,0.380011644,48.0,-1.230939,-0.47685348
BST2,411.0,0.444557266,81.0,1.291401,-0.025841168
BUB3,1535.0,0.421992618,242.0,0.950217,0.084325902
C1QB,152.0,0.436596666,340.0,0.798632,0.479147678
C1QC,327.0,0.41150294,283.0,0.784334,0.701244407
C2CD3,671.0,0.360398895,227.0,1.706166,0.403934606
C3,5088.0,0.430632158,93.0,-0.390258,-0.379869474
CAP1,1134.0,0.406948565,416.0,0.091243,-0.069850149
CAPN1,720.0,0.455130071,197.0,0.507078,0.066438244
CAPRIN1,5632.0,0.374918508,189.0,0.075231,0.064464586
CAPZB,5180.0,0.446052528,622.0,-0.25652,0.060880076
CARD16,437.0,0.41300235,27.0,0.124452,0.407903801
CARHSP1,4898.0,0.362100245,360.0,0.058772,-0.200686262
CASC3,1778.0,0.370720542,295.0,0.253409,0.034273682
CASP1,750.0,0.424742838,44.0,-0.224435,0.426735267
CASP8,1794.0,0.376118708,303.0,0.037034,-0.069720014
CAT,629.0,0.397270122,89.0,-0.37207,-0.504599998
CBL,8368.0,0.375957197,142.0,-0.172638,0.063754658
CBLL1,3286.0,0.400851504,467.0,0.348643,0.048530398
CBR3,54.0,0.445176236,228.0,-1.750247,-0.718399512
CBS,4385.0,0.477784031,626.0,2.867719,-0.674594617
CBX5,10815.0,0.390902295,318.0,0.016131,-0.246247146
CBX8,2504.0,0.36735217,118.0,-0.175173,0.091959711
CCDC115,2169.0,0.385110507,452.0,-0.042737,-0.144631001
CCDC58,2462.0,0.421830022,75.0,-0.330092,-0.095746936
CCDC88C,1302.0,0.396031427,154.0,0.287469,-0.194912236
CCL5,886.0,0.462166288,68.0,0.861258,0.441165622
CCNA2,1206.0,0.409154498,373.0,1.274538,0.243921102
CCNDBP1,2336.0,0.44393643,231.0,-0.110128,0.050910639
CCS,4244.0,0.460896681,43.0,0.978953,0.545983147
CCT3,238.0,0.457984718,231.0,0.101437,-0.065730692
CCT4,1361.0,0.393363555,164.0,0.052176,-0.058560646
CD14,128.0,0.416321757,392.0,-0.30776,-0.094274947
CD209,3046.0,0.440000747,67.0,0.03223,-0.256164693
CD36,2894.0,0.410517795,414.0,-2.04382,-0.886767338
CD40,982.0,0.429065654,90.0,0.091488,-0.131099738
CD44,3115.0,0.39995987,434.0,-0.875442,-0.287044773
CD63,923.0,0.512738356,403.0,-0.488037,-0.676374673
CD74,635.0,0.427357309,187.0,0.118011,0.017102588
CDC25C,437.0,0.364786128,387.0,0.350259,0.018051323
CDC26,271.0,0.395637029,359.0,-0.380076,0.055740847
CDC34,560.0,0.46431386,199.0,-0.406117,0.007021046
CDC42EP3,3941.0,0.420378821,1009.0,-0.492739,-0.05131423
CDCA3,816.0,0.351209268,820.0,1.043749,0.247756793
CDCA8,1353.0,0.384295288,290.0,1.146032,0.225044548
CDIPT,1864.0,0.442654716,541.0,0.299519,-0.323171436
CDK1,2313.0,0.398329505,154.0,0.694896,-0.100892878
CDK19,4557.0,0.421511824,180.0,0.425428,0.057187007
CDK2AP1,766.0,0.439144625,522.0,-0.285147,-0.387025925
CDK5RAP2,367.0,0.371069462,192.0,-0.689284,-0.197937311
CDK5RAP3,284.0,0.469750898,1791.0,0.089622,-0.042706178
CDKAL1,1365.0,0.417875209,167.0,0.327947,0.015555099
CDKN2AIPNL,3639.0,0.409801696,53.0,0.193766,0.227341788
CDKN2C,2247.0,0.381912025,1216.0,-0.340717,-0.112040296
CEBPD,1714.0,0.430497143,44.0,-1.757556,-0.187648966
CENPH,1478.0,0.418392258,87.0,-0.241004,-0.233887549
CENPV,301.0,0.385948267,62.0,-1.924525,-0.376157271
CEP55,939.0,0.397841874,304.0,1.302715,0.040087415
CETN2,868.0,0.433727498,47.0,0.255645,0.115957275
CFL1,677.0,0.502791,234.0,0.426819,0.091555624
CHAC2,786.0,0.395629742,277.0,-0.903031,-0.296782722
CHCHD4,3528.0,0.445497334,326.0,-0.713139,-0.088297453
CHMP4A,296.0,0.447100154,262.0,0.409818,0.218166714
CHMP5,1241.0,0.442987983,200.0,0.248341,-0.053299865
CHMP6,980.0,0.489861105,78.0,0.103896,-0.072052941
CHST11,4211.0,0.430763246,498.0,0.555097,0.123105526
CHTF8,2425.0,0.424551152,142.0,0.118804,-0.22990045
CIAPIN1,1024.0,0.451663323,242.0,0.387726,0.076699677
CISD2,5376.0,0.433298698,107.0,0.558917,-0.201612134
CKAP4,2872.0,0.386259817,84.0,-0.226136,-0.173326736
CKS2,300.0,0.317949998,98.0,-0.493294,-0.127386563
CLCC1,5185.0,0.369704467,150.0,-0.107991,-0.017226262
CLCN7,1698.0,0.459147749,110.0,0.778182,0.345400186
CLIC1,290.0,0.4571302,573.0,0.247744,-0.11466653
CLK2,350.0,0.410673686,925.0,-0.512923,0.225182016
CLK3,1233.0,0.4268607,461.0,-0.422609,0.056543605
CLPTM1,458.0,0.383990827,351.0,0.526555,-0.278589593
CLTA,288.0,0.450950874,514.0,-0.534976,0.151047762
CLTB,319.0,0.48548545,210.0,-0.505086,0.16619813
CLTC,3104.0,0.384957863,443.0,0.628775,-0.293574226
CNBP,6850.0,0.433298698,206.0,-0.34792,0.113519146
CNPY2,123.0,0.392778455,553.0,-0.322538,-0.122026327
CNPY3,1042.0,0.459231502,584.0,-0.033695,0.262901364
COG3,1967.0,0.414689223,142.0,-0.003796,-0.103365758
COMMD1,306.0,0.423842833,138.0,-0.531749,0.035772745
COMMD3,431.0,0.360487018,35.0,-0.630371,0.080802097
COMMD5,498.0,0.445713337,399.0,0.668994,0.181081169
COMMD6,1375.0,0.396967837,328.0,-0.780814,-0.082928745
COMMD9,2340.0,0.418062772,89.0,-0.297615,-2.74e-06
COPB1,446.0,0.381738818,307.0,0.523011,-0.264765976
COPE,165.0,0.478760693,55.0,-0.338179,-0.281199606
COQ6,671.0,0.374062527,159.0,-0.420317,-0.150127292
COQ7,5700.0,0.42379098,133.0,0.021978,-0.086418026
CORO1A,112.0,0.457388252,435.0,-0.073424,0.351251311
COX17,1735.0,0.484254073,86.0,0.075578,0.259060876
COX5A,860.0,0.429944966,140.0,0.034719,-0.32605374
COX7A2,302.0,0.441893926,98.0,0.036573,-0.31839939
CPM,5262.0,0.406054343,75.0,-0.336137,-0.490244035
CPSF4,923.0,0.452412439,277.0,-0.035546,-0.062170627
CPT1A,2761.0,0.374132033,170.0,2.654036,1.052479403
CPT2,602.0,0.431256564,515.0,-0.077491,0.025108365
CRCP,8457.0,0.390198146,145.0,0.52927,-0.107648504
CRKL,3904.0,0.422225684,509.0,-0.487977,-0.1585484
CRTAP,5601.0,0.446308827,120.0,-0.594193,0.283715166
CRTC3,3205.0,0.355982524,186.0,-0.236387,0.071475079
CRYL1,462.0,0.386242786,79.0,-0.615892,-0.268786255
CSRP1,1183.0,0.493833101,217.0,-0.457731,-0.262834051
CST3,2762.0,0.475763324,186.0,0.515261,0.528103645
CSTF2,1931.0,0.372934478,58.0,0.370628,0.253976155
CTBP1,800.0,0.464034004,393.0,-0.191896,-0.062847694
CTNNA1,1216.0,0.412513324,1103.0,0.492055,-0.027140848
CTNNB1,1106.0,0.432073699,448.0,-0.467983,-0.188942792
CTNNBIP1,2448.0,0.394834327,307.0,0.408946,-0.088160272
CTPS2,1870.0,0.416273085,744.0,0.993434,0.096125501
CTSG,119.0,0.369503415,37.0,-2.009484,-0.441658206
CTSH,1072.0,0.446467856,1192.0,0.201579,0.307620655
CUEDC1,2047.0,0.374410739,719.0,0.103329,-0.113767939
CUX1,1040.0,0.395555213,127.0,1.448834,-0.027020829
CXCL10,814.0,0.410287201,105.0,1.725903,-0.339152322
CXCL9,2323.0,0.403736618,74.0,2.717961,0.241759062
CYBB,2544.0,0.418993019,61.0,0.912159,-0.153747178
CYP2S1,1051.0,0.420869286,58.0,1.318868,0.007804401
CYTH4,1837.0,0.406296106,377.0,-0.051673,0.250525285
DAB2,1757.0,0.368483127,531.0,-0.152358,0.099131658
DAGLB,721.0,0.377719723,170.0,0.136932,-0.235225991
DAP3,768.0,0.366492687,184.0,0.342975,0.087595642
DAPP1,2082.0,0.348655603,90.0,-0.827702,-0.128111788
DBI,233.0,0.467027529,479.0,-0.113117,-0.594806165
DCAF8,1877.0,0.380310979,212.0,-0.321936,0.140593232
DCP1A,4153.0,0.411936399,381.0,-0.276952,-0.023666603
DCPS,4731.0,0.375605648,329.0,-0.078285,0.017658744
DCTN5,10597.0,0.443116252,177.0,0.292457,0.205246647
DDAH2,653.0,0.361046801,1104.0,-0.138487,0.184903912
DDB2,1223.0,0.43604051,195.0,-0.194607,0.001860593
DDX23,713.0,0.445931172,91.0,0.295642,0.129407735
DDX31,1870.0,0.361830896,544.0,-0.414457,0.058516715
DDX47,438.0,0.379294484,22.0,0.178471,0.129898857
DDX54,1704.0,0.467316231,28.0,0.372001,0.069510534
DDX56,586.0,0.438032149,643.0,0.335897,0.114244081
DDX59,217.0,0.413095257,243.0,-0.184015,-0.097209859
DHODH,3463.0,0.371608285,21.0,0.556533,0.222842273
DHPS,121.0,0.474111752,121.0,-0.316403,-0.263422485
DHX15,459.0,0.379133957,168.0,0.383259,0.11003496
DHX34,591.0,0.384465978,349.0,-0.060195,0.036612111
DHX58,357.0,0.440330409,223.0,0.748869,0.112354814
DIABLO,719.0,0.425893605,1182.0,0.404054,0.252147393
DMAP1,63.0,0.471306,301.0,-0.453695,0.023372423
DMXL2,1274.0,0.389901613,225.0,1.063246,0.313760272
DNAJA4,1736.0,0.398301408,169.0,0.974564,-0.033832632
DNAJC19,1326.0,0.403482491,259.0,-0.313272,0.064867913
DNAJC25,1212.0,0.430964931,56.0,-0.735774,-0.004584796
DNAJC8,969.0,0.416719859,33.0,-0.323106,0.269940396
DNM1,1255.0,0.393835111,116.0,-0.401225,0.192597331
DNTTIP2,3564.0,0.408096853,58.0,-0.081347,0.050922803
DOCK11,3681.0,0.373818855,63.0,0.022544,0.193196901
DOCK2,524.0,0.446250827,52.0,0.493201,0.336839199
DOK2,438.0,0.384043737,481.0,0.044906,0.303631749
DPCD,197.0,0.459155016,389.0,-0.028759,-0.302028654
DPF2,2501.0,0.393394442,133.0,0.389185,0.012835652
DPH1,1310.0,0.448716064,341.0,-0.342521,-0.386817622
DPH5,784.0,0.413363166,165.0,-0.855071,-0.420771275
DPY30,562.0,0.438431353,279.0,0.268765,0.159973948
DPYSL2,2472.0,0.430530829,431.0,-0.544827,0.011523693
DRAP1,142.0,0.432809908,245.0,-0.031597,0.232355417
DRG1,4594.0,0.444150091,131.0,-0.299814,-0.037609878
DSN1,5330.0,0.392894937,373.0,0.772033,-0.047792828
DSTN,2786.0,0.375776803,438.0,-0.486688,-0.422288757
DTL,2265.0,0.372315747,921.0,0.573587,-0.281672747
DTX3L,3456.0,0.408848169,89.0,0.194412,0.018562122
DUSP12,374.0,0.419884133,34.0,-0.162361,0.136742064
DUT,1937.0,0.36471409,109.0,-0.126925,-0.163664995
DYNLT1,514.0,0.420362019,78.0,0.000584,-0.210455564
EBAG9,1437.0,0.39438748,402.0,1.028201,0.257465901
ECH1,191.0,0.389477111,85.0,-0.403809,-0.40280509
ECHDC2,2269.0,0.400166641,752.0,-0.523266,-0.367557037
ECM1,322.0,0.43792189,199.0,-0.232082,-0.103151086
EDEM2,76.0,0.379021051,100.0,0.546976,0.305673526
EEA1,5374.0,0.405861636,265.0,0.497606,0.151714263
EEF1A2,286.0,0.417272363,329.0,3.04251,0.868034814
EFTUD2,1331.0,0.444646836,398.0,0.735304,0.026664124
EHD1,3363.0,0.446314898,447.0,0.509277,0.097927987
EIF2AK2,8063.0,0.394727306,557.0,0.902847,0.05868837
EIF2B3,1058.0,0.383118637,239.0,-0.097858,-0.373484735
EIF3F,5840.0,0.435728237,33.0,-0.220649,-0.153920406
EIF3L,1718.0,0.380710116,245.0,-1.025347,-0.176871228
EIF4A3,1120.0,0.381528282,222.0,-0.02575,0.046910447
ELAVL1,4910.0,0.437605432,167.0,-0.180005,-0.136836111
EMG1,248.0,0.433768095,143.0,0.412297,0.066149321
EMILIN2,2605.0,0.379592019,159.0,0.061201,0.036467646
ENDOD1,7728.0,0.376426787,118.0,0.497751,-0.085305677
ENOSF1,2904.0,0.382279782,622.0,0.445181,0.101752356
ENY2,2576.0,0.41756619,146.0,0.510169,0.486392717
EPSTI1,2106.0,0.391777705,469.0,0.837273,0.416422761
ERCC1,2342.0,0.45058755,188.0,-0.617394,-0.263081349
ERCC6L,4809.0,0.354829683,623.0,0.72001,0.151054088
ERH,415.0,0.383837906,71.0,-0.36574,-0.109461303
ERLIN1,2041.0,0.444737514,478.0,0.694653,-0.136812147
ERP29,1277.0,0.401191178,118.0,0.052845,-0.057243684
ETV6,4356.0,0.398240844,274.0,-0.573228,-0.233884566
EXOC4,1232.0,0.388187525,35.0,0.322018,0.008555352
EXOC8,6907.0,0.436106501,127.0,0.123627,-0.007488813
EXOSC1,536.0,0.430105347,451.0,0.063552,-0.019085013
EXOSC2,3902.0,0.431273517,32.0,-0.301126,-0.006323191
F8A1,571.0,0.46317284,15.0,0.192092,0.145451266
FAAH,2043.0,0.384592892,82.0,0.030102,-0.197348678
FAF1,4425.0,0.401181969,453.0,-0.156444,-0.236186394
FAM122A,4542.0,0.40477622,33.0,-0.871877,-0.094092418
FAM168A,6285.0,0.395008865,285.0,1.263817,0.658734882
FAM177A1,2165.0,0.411149627,459.0,1.35694,0.017598222
FAM192A,1824.0,0.379195199,1475.0,0.429613,0.300476776
FAM20B,4428.0,0.4357945,293.0,0.161603,-0.099844788
FAM32A,1091.0,0.408676074,42.0,-0.357123,0.35974483
FAM50A,286.0,0.482889735,110.0,0.021218,0.254961868
FBP1,248.0,0.397353747,331.0,-0.094826,-0.585963094
FBXL20,9338.0,0.383104745,254.0,0.376265,-0.144967812
FBXO4,526.0,0.393825218,58.0,-0.07416,-0.104190298
FBXO6,503.0,0.42307306,166.0,0.168917,0.139354198
FCER1G,305.0,0.4202976,25.0,0.090753,-0.103963299
FCGRT,309.0,0.433069976,486.0,1.573072,0.05481993
FCHO1,270.0,0.372951657,283.0,1.92704,0.303643518
FDPS,72.0,0.456397562,392.0,-0.230784,-0.402498699
FDXR,596.0,0.384661194,188.0,0.420114,0.202666386
FEN1,1340.0,0.407867196,413.0,0.588713,0.094433253
FERMT3,399.0,0.435119014,149.0,0.418501,0.219656958
FGD2,907.0,0.441856308,171.0,-0.107038,0.082617933
FGFR1OP2,1663.0,0.396595515,353.0,0.047139,-0.098250556
FGL2,3460.0,0.40966218,40.0,0.614483,0.400619115
FKBP1A,1132.0,0.428443098,174.0,-0.588138,-0.068243919
FKBPL,24.0,0.377510344,270.0,-0.030675,0.170438321
FLOT1,422.0,0.472159534,339.0,0.306756,-0.238887692
FN3K,442.0,0.389857108,61.0,-0.326169,-0.164293464
FN3KRP,3667.0,0.380720834,50.0,0.147921,-0.054168351
FOXJ3,3176.0,0.401878681,312.0,0.148279,-0.095241387
FOXK2,3108.0,0.440496276,171.0,0.317162,0.003118575
FOXRED1,443.0,0.438630908,167.0,0.074074,0.157079152
FSCN1,1184.0,0.396100853,132.0,-0.744505,-0.222338676
FTH1,530.0,0.425357612,235.0,0.250871,-0.208449764
FTL,1031.0,0.428438948,199.0,-0.119785,-0.705838689
FTSJ1,638.0,0.457521275,569.0,0.064394,-0.163331617
FTSJ3,698.0,0.388239396,646.0,-0.006437,0.149302677
FXN,6365.0,0.40465004,220.0,-0.91086,-0.24515369
GABARAPL2,564.0,0.431291441,136.0,0.224146,0.391784423
GABPB1,1320.0,0.423118524,469.0,0.171627,0.211627105
GALK1,292.0,0.455574511,63.0,0.257546,0.014322273
GANAB,989.0,0.425909644,1027.0,0.507426,-0.176817488
GAS6,315.0,0.393865445,183.0,0.065281,0.137986202
GAS7,6619.0,0.423630168,311.0,0.200001,0.527257219
GBE1,708.0,0.404013874,283.0,-0.824543,-0.335472266
GBP1,1735.0,0.42614962,220.0,0.846459,0.355741082
GBP2,5058.0,0.440134196,314.0,0.814014,0.555415959
GBP4,4106.0,0.42983554,116.0,1.643682,0.742257756
GBP5,1753.0,0.421901204,537.0,2.093926,0.5679609
GCH1,2011.0,0.419329122,161.0,0.676801,-0.297313819
GFOD2,622.0,0.396604754,295.0,-0.003249,-0.139621623
GGA2,5408.0,0.377812588,83.0,-0.159366,-0.162234936
GGCX,5211.0,0.417836117,106.0,0.910859,-0.279915382
GIGYF1,2212.0,0.443456438,1210.0,-0.672397,0.1074958
GINS3,1415.0,0.387351931,208.0,0.295925,-0.332551685
GLA,1699.0,0.378726947,110.0,-0.064398,-0.28239575
GLE1,1357.0,0.383457083,114.0,-0.143135,0.011941809
GLRX,1188.0,0.430296645,211.0,-1.33222,-0.702673805
GLRX3,3557.0,0.41418463,539.0,0.553963,0.081834576
GLUD1,1558.0,0.392454008,1132.0,0.33337,-0.107541252
GLYR1,2033.0,0.39940414,57.0,0.400889,-0.052298764
GMEB1,4582.0,0.43446142,142.0,0.163926,0.07319157
GMPPA,198.0,0.434966364,375.0,0.015884,-0.074833669
GMPR,3984.0,0.435743929,114.0,0.148206,-0.603100007
GMPR2,464.0,0.453637396,704.0,0.162772,-0.073397883
GNAI1,1947.0,0.435804474,356.0,-1.452485,-0.15444173
GNG7,3803.0,0.398730372,237.0,-1.315011,0.053693453
GNPDA1,1360.0,0.395964134,67.0,-0.009577,0.236163296
GOLGA2,1243.0,0.401070546,13.0,-0.582462,-0.235130417
GON4L,926.0,0.418089888,175.0,0.260883,0.11579967
GOSR1,5968.0,0.408103421,237.0,0.451733,-0.140000751
GOSR2,3258.0,0.374298057,541.0,0.329338,0.123848385
GOT2,1054.0,0.444803236,129.0,0.767832,0.446437852
GPS2,97.0,0.431122181,76.0,-0.246645,0.165878953
GPX7,626.0,0.395840774,39.0,-0.279625,0.148937797
GRAMD1A,299.0,0.411657297,748.0,0.220522,0.316826525
GRB2,2292.0,0.4413596,358.0,0.075235,0.002616292
GSTM4,2467.0,0.390909061,314.0,-0.987502,0.604357689
GTF2A2,1070.0,0.420716795,404.0,0.021114,0.10444562
GTF2E2,604.0,0.365750105,273.0,0.015441,0.114209134
GTF3C2,932.0,0.372227001,397.0,0.316042,0.053637714
GTPBP1,2894.0,0.424954603,154.0,-0.30786,-0.062080813
GTPBP3,1032.0,0.436547413,95.0,-0.197481,0.257768938
GTSE1,680.0,0.368527868,212.0,1.071803,-0.312384256
HADH,818.0,0.383558671,219.0,-0.12348,0.039734475
HADHA,615.0,0.383558671,130.0,0.019039,0.132995495
HAUS5,3319.0,0.378752573,51.0,0.184927,-0.07279424
HAUS8,346.0,0.37535995,111.0,-0.064035,-0.289463001
HCCS,1274.0,0.398607648,275.0,0.179531,0.052038508
HCK,337.0,0.440224323,364.0,0.313894,0.164838774
HDAC1,591.0,0.390040122,63.0,0.827318,0.083560127
HDDC3,763.0,0.387287166,29.0,-0.313677,-0.052112491
HDGF,1342.0,0.465394593,322.0,0.403318,-0.030992637
HDLBP,2343.0,0.397687311,375.0,0.158039,-0.027044485
HEATR3,1385.0,0.384091545,883.0,0.772351,-0.11209827
HEBP2,9119.0,0.359416339,297.0,-0.308267,-0.395190977
HECA,3704.0,0.443714129,285.0,-0.163937,0.213342769
HECTD3,3914.0,0.446742268,98.0,0.46849,0.081437754
HERC2,726.0,0.429958504,109.0,0.677592,0.143530134
HERC5,379.0,0.393838904,153.0,-0.382176,-0.295095858
HIP1,4874.0,0.430847644,52.0,0.57287,0.212676443
HLA-A,4150.0,0.424443523,84.0,-0.226803,0.251319163
HLA-C,420.0,0.421684519,65.0,0.2617,0.347562089
HLA-DRA,409.0,0.420807891,109.0,0.312447,-0.160489539
HLA-E,1459.0,0.413523771,126.0,0.584698,0.53333746
HLA-F,121.0,0.407256461,124.0,-0.547219,0.015455127
HMBOX1,3560.0,0.369177113,482.0,-0.490923,-1.177688655
HMBS,266.0,0.451934812,299.0,0.046929,-0.27739781
HMGB2,3775.0,0.450826504,193.0,0.120653,0.17844922
HMGCS1,3661.0,0.374424323,345.0,0.802446,0.013121702
HMOX1,616.0,0.436401717,107.0,-0.125563,-0.339886474
HNRNPA0,7504.0,0.386421138,284.0,-0.651229,-0.382061848
HNRNPD,1688.0,0.420386111,318.0,0.077232,-0.032918967
HNRNPL,1102.0,0.449817015,176.0,0.320406,-0.082424832
HNRNPU,4156.0,0.432126199,218.0,-0.176874,0.052476202
HNRNPUL1,2135.0,0.394022965,339.0,-0.125643,0.086006918
HNRNPUL2,2674.0,0.436897081,229.0,0.380954,0.230898968
HSBP1,3274.0,0.4454546,174.0,0.67104,-0.070394832
HSD11B1,4482.0,0.426649415,154.0,-0.156142,-0.054856451
HSD17B7,398.0,0.431983247,99.0,-0.257005,-0.625639847
HSP90AB1,313.0,0.39509298,251.0,0.714001,0.167125212
HSPA1L,428.0,0.464100714,183.0,0.19593,0.140241354
HSPA4L,7877.0,0.413794867,342.0,1.177864,0.227730765
HSPB11,107.0,0.34538245,284.0,-0.670994,-0.331468942
HTRA2,571.0,0.421976635,602.0,-0.257714,-0.060254133
HTT,3901.0,0.373695076,145.0,0.596674,0.042286919
HUS1,2068.0,0.374612864,131.0,-0.080025,0.287253919
HYI,310.0,0.378597605,196.0,-0.14848,-0.038076384
HYOU1,1409.0,0.403839016,234.0,0.722544,-0.235676381
ICAM1,1537.0,0.426062071,319.0,0.12874,-0.304994507
IER3IP1,3342.0,0.438740024,97.0,-0.227203,-0.558025391
IFI16,254.0,0.415211655,290.0,-0.40816,0.33003612
IFI30,213.0,0.431523306,62.0,0.535047,0.073911321
IFI35,160.0,0.418462024,223.0,0.596511,0.092661298
IFI44,267.0,0.403888008,124.0,0.615593,-0.120935183
IFI44L,5058.0,0.403608012,200.0,1.031161,-0.130098711
IFIH1,121.0,0.412344512,377.0,0.289242,-0.01447779
IFIT1,2775.0,0.411248073,495.0,0.505315,-0.293051486
IFIT2,1901.0,0.420797646,175.0,-0.188534,-0.406268489
IFIT3,843.0,0.417440574,529.0,0.322702,-0.442112295
IFIT5,2354.0,0.414819429,231.0,0.039963,-0.10062662
IFITM1,159.0,0.431550176,180.0,1.327945,0.412142256
IFT27,109.0,0.4030938,426.0,-0.488556,-0.174627719
IGFBP3,1605.0,0.43060006,132.0,-0.745234,-0.097273784
IGFBP7,558.0,0.392734536,34.0,-0.178037,0.30234163
IKBKE,745.0,0.435100597,714.0,0.079577,-0.059730511
IL16,3965.0,0.367979445,2395.0,0.344521,0.474835378
IL17RA,5874.0,0.376798811,133.0,0.016727,0.069119565
IL1RN,1145.0,0.411881061,408.0,-1.216512,-0.390986252
IL4I1,16.0,0.4139018,621.0,1.46172,0.331617765
ILF2,656.0,0.426220446,239.0,0.082219,-0.203688596
IMPA2,2898.0,0.383680893,242.0,1.01049,0.269891904
INO80,5209.0,0.374025479,351.0,0.209294,0.448847974
INPP1,263.0,0.395712795,700.0,-0.853904,-0.211237277
INPP5D,1195.0,0.436077769,512.0,0.011661,0.473697785
INSR,4801.0,0.380857973,411.0,-0.333846,-0.14651166
IPO5,2508.0,0.381335948,180.0,0.146783,0.165483867
IRF7,92.0,0.423538356,367.0,0.893617,0.403277148
IRF8,1327.0,0.384714127,507.0,0.098569,0.462445174
IRF9,369.0,0.432057622,127.0,1.131937,0.016871632
IRGQ,7659.0,0.399674011,156.0,0.076306,-0.16100681
ISCU,607.0,0.454630229,1331.0,0.071565,0.493111687
ISG15,62.0,0.419522688,77.0,0.744569,-0.99682131
ISG20,952.0,0.419932377,2368.0,-0.328216,-0.003491797
ISOC1,1056.0,0.418535314,18.0,0.28808,-0.355021858
ITGB2,415.0,0.457304004,395.0,0.232614,-0.051217035
ITPKB,2981.0,0.440250717,340.0,-0.32582,0.076700568
ITPRIP,5382.0,0.396785481,453.0,-0.471371,-2.089315592
JUNB,496.0,0.414023332,276.0,-1.488534,-0.181035975
JUP,157.0,0.458302936,298.0,0.591727,-0.019372294
KANK2,2291.0,0.394238955,361.0,-0.378085,0.156473488
KARS,4202.0,0.383913431,144.0,0.135963,0.123567978
KCNN4,560.0,0.425737469,396.0,-1.531164,0.195393827
KDM1A,327.0,0.428444011,149.0,-0.29476,-0.110287954
KDM2A,3716.0,0.372295488,864.0,1.681486,0.464892687
KDM2B,2488.0,0.393022165,407.0,0.535948,0.045717158
KDM3B,1327.0,0.37791414,200.0,0.194057,0.077610591
KDM4A,1148.0,0.378142374,166.0,0.214416,-0.246733455
KHSRP,1024.0,0.456900489,110.0,0.111887,0.185945017
KIAA2013,727.0,0.385456054,191.0,-0.086722,-0.068375838
KIF20A,757.0,0.371463873,496.0,0.178021,-0.048805602
KIF22,75.0,0.392489541,388.0,-0.038744,-0.044629374
KIF2C,588.0,0.387865377,395.0,1.062305,0.08353913
KIF3B,3792.0,0.390782105,180.0,1.410166,0.413924817
KIF3C,2392.0,0.403852971,657.0,0.339007,0.426299826
KIF5B,3198.0,0.418236129,470.0,0.325362,-0.042431433
KLHL7,3616.0,0.41595405,521.0,-0.096175,-0.048131142
KTI12,594.0,0.370414154,39.0,-0.41242,0.029288237
LAMP1,1311.0,0.390985106,281.0,0.150725,-0.267356386
LANCL2,2422.0,0.433733517,578.0,-0.26048,-0.584867517
LAP3,503.0,0.426841798,162.0,0.840382,0.355594478
LDHD,1826.0,0.398770776,52.0,2.073897,-0.002330231
LENG1,560.0,0.445950324,48.0,-0.829211,0.034427918
LGALS3,159.0,0.420172221,88.0,-0.86143,-0.395598572
LGALS3BP,1225.0,0.419930622,179.0,0.751057,0.175242695
LGALS9,641.0,0.410654931,118.0,-0.243833,0.156033512
LIN54,4893.0,0.441729058,383.0,0.767891,-0.056751955
LPCAT1,2228.0,0.380803123,133.0,1.723283,0.383428517
LPCAT4,239.0,0.432241557,94.0,-0.043023,-0.149796529
LPXN,1776.0,0.432350833,254.0,0.071418,0.412603171
LRPPRC,2376.0,0.377375074,58.0,0.495945,0.29974792
LRRC25,843.0,0.434491636,642.0,-0.006653,-0.106892478
LRRC41,465.0,0.438391248,44.0,-0.395884,-0.016629753
LRRC59,1755.0,0.423067849,236.0,0.429822,-0.648969286
LSM1,486.0,0.409616526,410.0,-0.525047,-0.115725621
LSM6,1871.0,0.435100303,139.0,-0.392067,0.156914156
LTA4H,391.0,0.355044638,145.0,-0.094866,-0.024943588
LYN,4058.0,0.418972994,282.0,-0.173077,-0.134407386
LYPLAL1,1137.0,0.3973742,157.0,-0.297904,-0.100672287
LYRM4,6830.0,0.366844497,217.0,-0.400365,0.42222383
LYSMD2,596.0,0.394037378,501.0,-0.276857,-0.08887127
M6PR,1457.0,0.379162834,275.0,0.084042,0.028401767
MAD2L1,4528.0,0.407191351,124.0,1.365565,-0.060363536
MAGED2,327.0,0.466698843,233.0,0.166427,0.051852316
MAGOH,153.0,0.416054235,162.0,-0.918143,-0.131791594
MAN2B1,128.0,0.381728903,76.0,-0.082786,0.052685496
MANF,717.0,0.420319188,97.0,0.10669,-0.214505639
MAP4K1,170.0,0.374128007,140.0,0.182317,0.45740679
MARCKSL1,768.0,0.468216312,206.0,0.610401,0.530674408
MAX,2676.0,0.337149475,479.0,-0.594502,-0.116364002
MBD2,3723.0,0.420256858,229.0,-0.450823,0.085464582
MBP,4041.0,0.393290432,264.0,-1.260986,0.217364163
MCM2,662.0,0.460999542,110.0,0.728865,-0.124127563
MCM4,2618.0,0.371821308,942.0,1.532896,-0.037152847
MCM5,3214.0,0.470488076,94.0,-0.429714,0.024328225
MDC1,658.0,0.415783633,440.0,0.663928,0.194492277
MDH1,210.0,0.381672323,435.0,-0.090173,-0.187067335
ME1,1535.0,0.411214685,265.0,0.863135,0.020352268
ME3,171.0,0.395156177,377.0,-1.402513,-0.221858937
MECR,1365.0,0.445670958,612.0,-0.6054,0.302617668
MED17,2631.0,0.366528813,275.0,-0.239118,-0.098398246
MED19,934.0,0.439623042,93.0,-0.805702,-0.043640559
MED28,10307.0,0.440157501,27.0,-0.028163,0.029511572
MED29,4550.0,0.464327351,57.0,0.317163,0.007490864
MEN1,824.0,0.454590692,504.0,0.330603,0.096378497
METTL13,961.0,0.396264071,347.0,-0.087124,0.03404252
MGST3,1295.0,0.374563048,428.0,-0.807361,-0.310772296
MIF4GD,787.0,0.397877071,137.0,0.488826,-0.076148909
MINK1,774.0,0.455972684,525.0,0.029683,0.07121217
MIS12,1334.0,0.420723459,745.0,0.052988,-0.057416621
MLEC,5319.0,0.43043384,173.0,0.596002,-0.108486757
MLLT10,2252.0,0.36295117,1568.0,0.25112,-0.229669684
MLX,1636.0,0.386664187,65.0,0.683074,-0.068033525
MMADHC,5382.0,0.406207656,205.0,-0.149839,-0.471987975
MMGT1,4451.0,0.406300672,388.0,0.358133,-0.087082479
MMP1,502.0,0.392399458,189.0,4.034185,0.095632859
MMP14,1722.0,0.419367787,285.0,0.131697,0.025657992
MMP9,193.0,0.404253633,19.0,-0.585834,-1.046720511
MORC3,2052.0,0.406702124,375.0,-0.063678,-0.008231539
MORF4L1,1066.0,0.420719378,454.0,0.019749,0.13422717
MOV10,619.0,0.412681236,1415.0,-0.161459,-0.240047142
MPDU1,797.0,0.440676037,216.0,0.152527,-0.237328493
MPHOSPH10,87.0,0.404440607,352.0,0.121753,0.024488745
MRI1,2018.0,0.459301832,75.0,-1.206071,-0.366300446
MRPL13,1075.0,0.395373051,313.0,1.158861,0.200689915
MRPL15,1888.0,0.407701507,63.0,0.635976,0.242798509
MRPL16,212.0,0.368940255,214.0,-0.448017,0.130126684
MRPL17,6554.0,0.424450505,105.0,0.355631,0.294832055
MRPL2,580.0,0.458698472,164.0,-0.506055,-0.021315225
MRPL20,187.0,0.445765675,96.0,-0.342564,0.182788189
MRPL21,55.0,0.417448467,293.0,0.959754,0.018607322
MRPL27,2133.0,0.436300758,31.0,-0.018219,0.229889041
MRPL40,113.0,0.406843086,653.0,-0.910008,0.186415279
MRPL46,1889.0,0.422788385,25.0,-0.200491,0.134458719
MRPL48,1284.0,0.368940255,212.0,1.238493,0.170205251
MRPL51,2069.0,0.35376587,169.0,-0.094199,0.361767018
MRPL53,198.0,0.441261883,155.0,0.00187,0.121705916
MRPL9,407.0,0.432679379,437.0,-0.252888,0.149056892
MRPS11,2793.0,0.477818717,1491.0,-0.019532,-0.006602844
MRPS15,468.0,0.440649404,164.0,0.133949,0.293112164
MRPS17,1334.0,0.413812124,30.0,0.277964,0.133132817
MRPS18B,936.0,0.408462865,157.0,0.133181,-0.057361374
MRPS36,933.0,0.3748339,84.0,-0.498955,0.183658353
MRPS7,453.0,0.455992019,233.0,0.286838,-0.097432345
MSI2,5168.0,0.366385762,173.0,0.45947,-0.285539933
MSTO1,694.0,0.421389639,1152.0,-0.234387,-0.063855776
MT1E,291.0,0.588704726,179.0,0.847014,1.581292288
MT2A,316.0,0.576670685,123.0,-0.39447,0.599311516
MTA2,684.0,0.459443446,761.0,0.469718,0.287096153
MTFMT,1550.0,0.414190941,26.0,0.070262,0.342697975
MTHFS,1663.0,0.434592403,179.0,-0.42455,0.279937335
MTMR1,2442.0,0.424163835,319.0,0.189742,0.105461607
MTMR14,421.0,0.371137969,151.0,-0.48586,-0.067954976
MVP,50.0,0.435053297,193.0,-0.682645,-0.19990642
MX1,456.0,0.433488503,982.0,1.718831,0.008604288
MX2,1812.0,0.430094961,104.0,0.387181,0.056829099
MYADM,2833.0,0.384589896,681.0,0.493677,-0.64209103
MYCBP,3972.0,0.381803634,73.0,0.690981,0.068926747
MYL12A,812.0,0.453450746,478.0,-0.102379,-0.131276659
MYO18A,3647.0,0.395788337,484.0,0.126406,0.037823749
MYO9B,1401.0,0.398943925,152.0,0.210544,0.335230982
N6AMT1,5137.0,0.427535625,28.0,-0.30569,0.19286641
NAA40,3212.0,0.389371031,261.0,0.482327,0.108298326
NAB1,2433.0,0.361024962,572.0,-0.27658,0.221324314
NADK,1672.0,0.3959688,563.0,-0.053972,0.169959358
NADSYN1,464.0,0.447848979,126.0,2.515611,1.41107546
NAGK,1297.0,0.42527382,474.0,-0.291235,0.102354016
NANS,37.0,0.458552255,132.0,-0.531502,-0.436573221
NAPA,1862.0,0.477781443,318.0,0.265429,-0.228751995
NAT10,4915.0,0.387474071,245.0,0.530557,0.235829023
NBAS,140.0,0.414580543,44.0,0.155019,-0.050729401
NCALD,2767.0,0.374888213,460.0,-1.042971,-0.687134401
NCAPD3,2971.0,0.431957579,606.0,0.670006,-0.326133912
NCAPG2,3501.0,0.41630572,200.0,-0.541771,-0.218577352
NCF1,2381.0,0.415579251,70.0,0.76095,0.305007619
NCK2,1267.0,0.457831152,276.0,0.071275,-0.0358939
NCKIPSD,4981.0,0.449411541,126.0,-0.300836,-0.140616342
NCOA5,1332.0,0.416761948,402.0,-0.085948,0.193357436
NCOA7,3259.0,0.404217869,470.0,-0.481741,0.071707415
NDC80,61.0,0.356199389,182.0,0.441613,-0.262223572
NDRG2,841.0,0.376266446,941.0,-1.884687,-0.693315408
NDUFA4,1685.0,0.439642808,129.0,-0.068268,-0.013836572
NEU1,667.0,0.413226082,156.0,1.020188,0.669799485
NFATC2IP,3242.0,0.412267479,15.0,0.115956,-0.169242262
NFKB1,708.0,0.4099683,467.0,-0.129526,-0.089673171
NFKB2,153.0,0.424806573,563.0,0.127458,-0.035352074
NFKBIE,1053.0,0.409138176,25.0,0.244358,0.087356505
NGDN,1255.0,0.423783924,27.0,-0.541158,0.113543906
NGRN,1679.0,0.414477409,50.0,0.516554,0.043275002
NINJ1,5217.0,0.455972644,71.0,0.118445,-0.411522698
NIP7,1593.0,0.443769116,318.0,0.394716,0.061650936
NIT2,2351.0,0.432361565,74.0,-0.294549,-0.643587993
NMNAT3,2689.0,0.397393877,1228.0,-0.585336,-0.152934463
NMT1,3377.0,0.454689408,31.0,0.34182,0.199421667
NONO,1092.0,0.432928506,710.0,0.352356,0.071061057
NOP14,912.0,0.38067473,187.0,0.492693,0.29429283
NOP2,785.0,0.393538298,198.0,0.074276,0.081654818
NOTCH2,6062.0,0.409327653,297.0,0.712674,0.024162908
NPTN,1068.0,0.388989686,197.0,0.293328,-0.13541562
NR2C2,6271.0,0.390767743,362.0,-0.356463,-0.141743822
NRBF2,883.0,0.43605128,224.0,-0.157928,0.08258648
NRF1,1901.0,0.447602651,500.0,-0.229057,0.065507681
NRGN,833.0,0.413631862,152.0,-0.437339,0.17748757
NRP1,3846.0,0.416817106,523.0,-0.50943,0.022627167
NSFL1C,1587.0,0.42738001,868.0,-0.653069,-0.248240653
NSMAF,602.0,0.358586884,214.0,0.145008,0.026844189
NTAN1,178.0,0.344459601,320.0,0.008187,0.150259177
NUBP1,246.0,0.455923678,142.0,-0.427207,-0.162996971
NUCKS1,5461.0,0.359398328,271.0,-0.421807,-0.271438979
NUDC,716.0,0.476401948,127.0,-0.694328,-0.20392895
NUDT16,5489.0,0.428387545,75.0,-0.429155,-0.094072609
NUMA1,663.0,0.474508115,436.0,-0.845729,-0.318215918
NUP93,5678.0,0.382018893,495.0,0.689057,0.144188789
NXF1,2943.0,0.375826754,136.0,-0.007498,0.132375064
OCIAD2,4872.0,0.363821488,322.0,-0.081554,0.350313912
OGDH,1071.0,0.396078149,159.0,0.233543,0.020959571
OPA3,7233.0,0.475004358,100.0,-0.606699,0.289151537
OSBPL2,2363.0,0.383456763,571.0,0.663377,0.109881432
OSBPL5,1099.0,0.381371042,158.0,0.279077,0.14846674
OVCA2,792.0,0.429983078,65.0,-0.028232,-0.081192338
P2RX4,573.0,0.442596273,304.0,0.053132,-0.203544915
PAAF1,509.0,0.376143366,341.0,1.618195,0.536273474
PACSIN2,1591.0,0.413490434,405.0,0.299039,0.060676894
PARK7,451.0,0.457171775,163.0,-0.313797,-0.204730105
PARP1,769.0,0.460215809,171.0,0.226427,0.004853121
PARP10,332.0,0.422654659,200.0,0.970139,0.150384572
PARP12,816.0,0.416480622,874.0,0.404778,0.068083122
PARP14,2243.0,0.414355918,59.0,0.810768,0.173421279
PARP9,451.0,0.418102187,327.0,0.297071,0.064632482
PARVG,2043.0,0.383803232,484.0,0.002102,0.253199381
PBK,750.0,0.413339119,464.0,0.922649,-0.030127204
PCNA,338.0,0.425000199,239.0,-0.094692,-0.375793043
PDAP1,2007.0,0.464659554,134.0,0.246175,0.083532071
PDCD2,155.0,0.440448783,111.0,0.120766,0.201241933
PDCD2L,48.0,0.433436103,33.0,-0.089687,-0.06267173
PDCD6IP,3211.0,0.388727459,158.0,-0.196629,-0.127989142
PDHA1,2054.0,0.402514578,145.0,-0.034531,0.053904266
PDHB,2974.0,0.442593378,43.0,-0.483959,-0.101200239
PDLIM1,357.0,0.379179626,233.0,-0.89379,-0.573774411
PDXDC1,2055.0,0.375670185,335.0,0.289818,-0.529174692
PDXK,6244.0,0.398158884,198.0,0.108452,-0.051645534
PEBP1,796.0,0.360152166,326.0,0.361827,-0.439955603
PEF1,769.0,0.441759403,424.0,0.062323,-0.115763001
PELO,5222.0,0.385240523,985.0,0.559747,0.159302063
PEPD,395.0,0.450896903,133.0,-0.194344,0.356654363
PEX16,585.0,0.43213601,312.0,0.053516,-0.118565931
PEX6,946.0,0.370078344,93.0,0.764625,0.165804971
PEX7,2294.0,0.407005497,102.0,0.458542,0.199868759
PFDN5,124.0,0.497062947,117.0,-0.572372,0.127809871
PFDN6,574.0,0.470152145,222.0,0.350088,0.173840584
PGM1,570.0,0.393980016,681.0,-1.552694,-0.459109062
PHB,988.0,0.45268542,190.0,0.266535,-0.278776615
PHF10,104.0,0.365149381,79.0,0.003526,0.196450342
PI4K2A,2692.0,0.385068362,57.0,0.462802,0.242100739
PIAS1,3626.0,0.396022529,741.0,0.306235,0.204412454
PIK3AP1,3866.0,0.407313024,128.0,0.361974,-0.071138921
PIR,205.0,0.385796208,485.0,0.603085,0.14403583
PITPNC1,4686.0,0.369070722,874.0,-0.690984,-0.237939934
PLA2G4C,585.0,0.406173977,398.0,-0.540317,-0.104885672
PLA2G7,1187.0,0.402486321,269.0,1.035082,0.639679997
PLAUR,323.0,0.418467601,226.0,0.418329,-0.306695268
PLCB2,818.0,0.468984469,301.0,-0.014633,0.262518734
PLCG1,3987.0,0.454806205,121.0,0.678531,0.34186932
PLD4,273.0,0.377985619,192.0,-0.439638,0.550993805
PLEKHO1,5192.0,0.424698037,839.0,-0.424596,0.2150662
PLEKHO2,2119.0,0.429714475,134.0,0.030894,0.176901837
PLSCR1,10376.0,0.415598704,388.0,0.191038,-0.233552865
PML,3324.0,0.431306474,140.0,-0.414315,0.134538682
POLR1C,1131.0,0.439933821,86.0,-0.236287,-0.00031399
POLR1D,1469.0,0.427162265,456.0,-0.270973,-0.006833443
POLR2F,1600.0,0.47244007,250.0,-0.638755,0.251720157
POLR2H,1065.0,0.427596015,1167.0,0.190807,-0.033196981
POLR3H,3481.0,0.444306047,388.0,0.369724,0.094185179
POLR3K,1023.0,0.473025152,46.0,0.649054,0.099955466
PPA2,660.0,0.432735716,20.0,0.19911,0.271214685
PPIE,4556.0,0.446406574,56.0,0.024254,-0.219101255
PPIL1,1921.0,0.453832883,252.0,0.553475,0.178304193
PPP1R14B,282.0,0.457456004,268.0,0.064968,-0.214717108
PRC1,1136.0,0.367783806,234.0,0.805731,0.113272692
PRCC,357.0,0.381841119,290.0,-0.091851,-0.025113033
PRDX1,303.0,0.414090753,341.0,0.770177,-0.366821626
PRDX6,944.0,0.433706552,51.0,-0.003637,-0.221023059
PREB,658.0,0.378530018,403.0,0.325619,-0.228823153
PREP,579.0,0.425974009,233.0,0.076483,-0.183659714
PRG4,784.0,0.366727173,51.0,-3.966971,-0.192601403
PRIM2,1166.0,0.350864643,125.0,0.226233,0.161610567
PRKAB1,1305.0,0.365943644,289.0,0.436876,0.054804411
PRKAR2A,5019.0,0.427443141,254.0,0.35286,-0.150839309
PRKCB,5795.0,0.38010529,197.0,0.464446,0.523898081
PRKCD,451.0,0.404392693,469.0,-0.053063,-0.095857115
PRKRA,683.0,0.420894136,659.0,0.074772,-0.03944549
PRKRIP1,3224.0,0.453589322,55.0,-0.15786,0.125861277
PRMT5,393.0,0.386451423,508.0,-0.593107,-0.288239539
PRMT7,3655.0,0.450088803,850.0,0.241264,0.0916631
PROCR,549.0,0.357872186,218.0,-0.501759,0.027778831
PRPS1,3908.0,0.466551451,409.0,-2.297164,-0.897362785
PRPSAP1,2056.0,0.390811115,688.0,0.055742,-0.27345799
PRRC1,3173.0,0.409170839,188.0,0.239221,-0.170559756
PSMA5,2997.0,0.446573967,225.0,-0.073736,-0.268103296
PSMA6,187.0,0.423632682,445.0,0.928879,-0.119026062
PSMB10,58.0,0.455018511,128.0,-0.10147,-0.050293871
PSMB2,3775.0,0.389848815,412.0,0.150444,-0.137385624
PSMB8,242.0,0.411206622,522.0,0.38027,-0.049329866
PSMB9,5497.0,0.431095699,69.0,0.288804,-0.104316596
PSMC3,66.0,0.485654947,194.0,0.260331,-0.082533709
PSMD11,2567.0,0.390095635,61.0,1.029679,0.002976811
PSMD13,384.0,0.437236365,242.0,0.654457,-0.028836744
PSMD8,450.0,0.458928351,52.0,0.428732,0.188072479
PSME2,53.0,0.443656162,65.0,0.562268,0.038939303
PSMG1,5308.0,0.427553471,578.0,-0.159182,-0.057557225
PSTPIP2,1923.0,0.429639796,96.0,-0.225962,0.011912684
PTBP1,1504.0,0.473818895,106.0,-0.078656,-0.159162195
PTDSS1,3765.0,0.367954205,423.0,1.400002,0.207688697
PTGS1,3346.0,0.37260918,633.0,-0.110501,0.306944972
PTP4A1,3419.0,0.421202001,1153.0,0.309743,-0.185973137
PTPMT1,1899.0,0.450492628,193.0,0.293574,0.48635287
PTPN18,2185.0,0.381656528,101.0,0.16157,0.284213425
PTPN7,1593.0,0.440747449,781.0,0.647458,0.206431356
PTPRE,2994.0,0.426620112,1843.0,0.105369,0.158431463
PTPRF,4571.0,0.452810321,356.0,0.709954,0.209426641
PTRH2,3186.0,0.370743372,1544.0,-0.133743,-0.516112561
PWWP2B,819.0,0.424412275,29.0,0.045024,-0.071480895
PYCR2,578.0,0.474148407,230.0,-0.013517,-0.210181745
PYGL,175.0,0.392036998,127.0,-1.841118,-0.841043198
QARS,97.0,0.458996209,396.0,-0.445421,0.006043284
RAB11FIP1,4277.0,0.380614122,56.0,3.136063,0.522626664
RAB12,1120.0,0.38483812,283.0,-0.129741,0.089671533
RAB21,5246.0,0.435367738,267.0,0.165354,-0.088925911
RAB31,3231.0,0.437498832,175.0,0.822553,-0.076567667
RAB35,2172.0,0.408841719,189.0,0.429274,-0.125383815
RAB7A,1376.0,0.419395127,232.0,0.283508,-0.123922927
RAB8B,4163.0,0.425956778,96.0,0.198567,0.22292371
RAB9A,1716.0,0.417525007,283.0,-0.093402,0.034645797
RABGGTA,77.0,0.387342734,512.0,0.462702,0.158394298
RABGGTB,440.0,0.409412379,78.0,-0.113776,-0.006811254
RABIF,4760.0,0.447399225,159.0,0.203004,0.109466138
RACGAP1,1895.0,0.366370127,354.0,1.122768,0.177614884
RAD9A,924.0,0.444046557,185.0,1.593855,0.380659358
RAE1,1112.0,0.432613552,365.0,0.557569,0.089510871
RAI1,1472.0,0.455620822,469.0,-0.002305,0.054509392
RAN,2043.0,0.442855294,361.0,0.548106,-0.029139968
RANBP10,3359.0,0.379453562,1256.0,0.486336,0.121711197
RANGAP1,3145.0,0.481547647,765.0,0.610512,0.070481395
RAPGEF1,2727.0,0.425793135,159.0,-0.039015,0.026128909
RARS,114.0,0.423508657,41.0,0.007277,0.027271918
RASGRP2,183.0,0.381671176,582.0,-0.760608,0.292475105
RASGRP4,985.0,0.374724859,214.0,-0.646146,0.240363795
RBBP4,6506.0,0.404056961,164.0,0.504409,-0.006181281
RBBP5,3098.0,0.421849625,474.0,0.313697,-0.050842772
RBKS,251.0,0.392307233,1371.0,-0.481559,-0.286317232
RBM12,3599.0,0.375183789,304.0,0.163286,-0.037130448
RBM14,3443.0,0.468008211,139.0,0.13859,0.145472294
RBM4B,5277.0,0.396841232,170.0,0.21993,-0.205228557
RBMX,1201.0,0.353737079,210.0,-0.165458,0.268575405
RBPJ,4223.0,0.4178224,518.0,0.201824,0.106747184
RBX1,821.0,0.46562919,52.0,0.310537,0.298526113
RC3H1,7637.0,0.410085914,87.0,-0.245613,0.002348538
RCCD1,1773.0,0.374130224,280.0,0.279897,-0.100875442
RCOR1,4070.0,0.439565312,228.0,-0.582944,-0.180818716
REEP4,591.0,0.460338979,469.0,0.242836,0.009433205
REEP5,2962.0,0.457536941,144.0,0.034363,-0.064367839
RELB,408.0,0.418226182,131.0,-0.640659,0.003855904
REPIN1,2683.0,0.45080531,489.0,0.102616,0.088588627
RET,2082.0,0.379562012,357.0,2.688134,0.387142799
RFC4,89.0,0.411167541,282.0,0.204052,-0.08713719
RFK,1882.0,0.429285662,357.0,-0.152056,-0.032124766
RFX5,1546.0,0.386685917,221.0,0.118182,0.05535384
RFXAP,1850.0,0.421314391,156.0,-1.193365,0.148757029
RHBDF2,740.0,0.423256567,294.0,0.759221,0.309994601
RHOT2,568.0,0.454546166,881.0,-0.14336,-0.189923652
RINL,1279.0,0.357351373,413.0,1.31933,0.029149362
RNASEH1,4369.0,0.404567903,700.0,-0.016379,-0.137506165
RNASEH2B,3930.0,0.37625722,399.0,-0.217448,0.044330291
RNASET2,1070.0,0.374792559,407.0,-0.342257,-0.206873726
RNF114,1751.0,0.459950313,36.0,0.220416,0.099437592
RNF167,289.0,0.375291206,776.0,0.473843,-0.222308728
RNF20,5226.0,0.396317502,92.0,-0.161396,-0.110067351
RNF213,5288.0,0.417718743,150.0,1.182888,0.209848043
RNF216,2819.0,0.430061571,259.0,0.23412,-0.112960858
RNF25,102.0,0.375620157,88.0,-0.351965,-0.063658617
RNF31,88.0,0.389352607,358.0,0.327206,-0.037610956
RNLS,1252.0,0.416402283,135.0,0.46496,-0.035568233
RNMT,4581.0,0.415128602,241.0,0.210738,0.214838186
RNPEP,463.0,0.447181346,896.0,0.292687,-0.078625116
RP9,437.0,0.42869019,18.0,0.299551,0.351895263
RPA1,2907.0,0.381710028,170.0,0.010742,-0.199984479
RPA2,639.0,0.400070522,793.0,-0.531892,-0.147063454
RPAIN,471.0,0.394698889,570.0,-0.209261,-0.128209556
RPL11,461.0,0.442317923,45.0,-1.086217,-0.265502359
RPL14,5208.0,0.496792394,133.0,-0.86688,-0.257970337
RPL23,3146.0,0.464880603,90.0,-1.031151,0.188388733
RPL26,53.0,0.427802183,389.0,-1.121053,0.223757707
RPL31,1260.0,0.451994935,87.0,-0.904608,-0.083422344
RPL34,1350.0,0.436455219,198.0,-0.826736,0.325297507
RPL5,1058.0,0.451564158,75.0,-1.381019,0.075053091
RPL7,1077.0,0.460258279,707.0,0.111888,0.037815917
RPS11,373.0,0.483080585,92.0,-0.880813,0.172771803
RPS24,4247.0,0.430653047,142.0,-0.620561,-0.088871587
RPS25,109.0,0.467193878,63.0,-0.779086,0.105591835
RPS27A,743.0,0.450449292,321.0,-0.448063,0.148405429
RPS3A,306.0,0.426765211,80.0,-0.493134,0.15098165
RPS4X,629.0,0.442998752,96.0,-0.631158,-0.049620047
RPS6,2723.0,0.413925579,42.0,-1.242296,0.002286233
RPS6KA1,828.0,0.389798854,163.0,-1.171314,-0.363089125
RPS6KA4,735.0,0.38455359,226.0,0.189433,0.334560554
RPS7,66.0,0.428822459,109.0,-0.580048,0.126245428
RPTOR,2341.0,0.385169267,805.0,0.545091,0.004614814
RREB1,3012.0,0.456825357,492.0,0.177107,0.003163074
RRM1,2304.0,0.437568848,689.0,0.982289,0.614355307
RRP8,5071.0,0.446233376,148.0,0.194998,0.005027374
RRS1,978.0,0.468289248,104.0,0.59039,0.172701988
RTN3,1690.0,0.358048129,187.0,0.773519,0.148870361
RTN4IP1,1108.0,0.372133716,477.0,-0.342485,0.051456191
RUNX1,4334.0,0.416076551,1578.0,0.027605,0.175258948
RUNX3,2611.0,0.405217602,439.0,-0.176111,0.179043165
RWDD1,6365.0,0.401367905,746.0,-0.146719,-0.045472936
S100A8,71.0,0.444112716,170.0,2.770913,-2.026116796
S100A9,189.0,0.439508357,43.0,2.287074,-2.334737499
SAMD9,1815.0,0.395660052,270.0,0.364575,-0.087926057
SAMD9L,1162.0,0.396305952,1248.0,-0.270415,-0.074300967
SAMM50,150.0,0.345249646,197.0,0.313112,-0.107710484
SAMSN1,684.0,0.407246581,430.0,0.549003,0.089861926
SAP18,1754.0,0.427429047,39.0,0.415879,0.241965101
SAP30BP,1541.0,0.449617255,257.0,-0.053508,-0.134556364
SAR1A,5213.0,0.411769389,203.0,0.141305,-0.476586246
SAR1B,5806.0,0.392367964,253.0,-0.005834,-0.505937804
SARS,1054.0,0.40098191,100.0,-0.306921,-0.153304984
SASH3,1369.0,0.387406112,182.0,0.451443,0.4640579
SCAMP4,1741.0,0.472519575,351.0,0.194713,-0.01909269
SCO1,8645.0,0.407339367,61.0,0.001543,0.034387328
SDCCAG8,307.0,0.360606297,1542.0,-0.041002,0.076317187
SEC11C,205.0,0.423646802,92.0,0.14144,-0.032648059
SEC13,332.0,0.457264526,210.0,-0.690266,-0.225471457
SEC14L1,2986.0,0.420320088,665.0,0.226634,-0.066929862
SEC22A,2559.0,0.422343815,79.0,-0.073511,-0.05189649
SEC24B,1221.0,0.400931805,155.0,0.549166,0.081359986
SEC24D,2115.0,0.386600041,297.0,0.735915,-0.088621974
SEC61B,270.0,0.404562259,76.0,-0.526981,-0.083683335
SEMA3F,960.0,0.38837398,318.0,-0.008986,-0.31654919
SEMA4A,755.0,0.412797256,345.0,0.491814,-0.268393413
SEMA4D,2318.0,0.393173667,572.0,0.045765,0.182300756
SERPINA1,1707.0,0.420489385,573.0,-0.119612,-0.379661561
SERPINB8,2096.0,0.38524815,520.0,-0.691713,0.142368462
SETMAR,321.0,0.414235412,398.0,-0.72808,-0.239935524
SEZ6L2,540.0,0.431800162,245.0,0.037052,-0.005423854
SF1,2419.0,0.374481437,721.0,0.079948,0.233490042
SF3B2,563.0,0.453902675,40.0,0.321335,0.075216851
SFXN4,500.0,0.402513841,45.0,-0.050865,0.009446178
SH3BP1,433.0,0.395530944,313.0,-0.129996,0.08807174
SH3PXD2B,4870.0,0.420952884,171.0,-0.741749,0.046175854
SHMT1,4335.0,0.394510245,509.0,-0.404732,-0.609250432
SIGLEC1,1590.0,0.42099348,0.0,0.993444,-0.162085118
SIPA1,2933.0,0.437718847,296.0,0.399431,0.280754779
SIRPA,3027.0,0.429235057,360.0,-0.084269,-0.291604702
SKP1,8791.0,0.433886974,179.0,0.043981,0.02570962
SLBP,3046.0,0.391438372,553.0,0.254556,0.030671732
SLC25A10,1929.0,0.386184273,191.0,0.688552,0.09314919
SLC25A19,477.0,0.386093473,224.0,-0.104701,-0.053914272
SLC25A20,787.0,0.382641976,199.0,0.745907,0.04857901
SLC25A3,504.0,0.383836987,354.0,0.063,0.205974633
SLC25A40,2688.0,0.363984785,375.0,0.694104,-0.074563398
SLC25A42,2156.0,0.366871382,156.0,-0.180559,0.539846594
SLC25A6,450.0,0.487227384,137.0,-0.308511,0.355594515
SLC27A3,163.0,0.439664345,91.0,0.02367,-0.157324952
SLC39A10,2661.0,0.346494338,214.0,0.416804,0.201371164
SLC43A3,838.0,0.382351997,447.0,-0.674871,-0.861860722
SLC44A1,8291.0,0.4365497,264.0,-0.317989,-0.393303985
SLC9A3R1,709.0,0.400889529,235.0,1.738318,0.445364817
SMAP2,1225.0,0.404145004,415.0,-0.080707,0.019402805
SMC1A,5954.0,0.490702048,340.0,0.818249,0.071718184
SMG5,1363.0,0.383248033,540.0,0.856926,0.200073705
SMS,2660.0,0.417677888,252.0,1.056248,0.1215321
SMYD3,223.0,0.378821529,130.0,0.351612,0.247796033
SNRNP200,676.0,0.454045162,132.0,0.574444,0.04239142
SNRPC,474.0,0.427936125,450.0,0.023758,-0.166802859
SNRPD1,4386.0,0.384326147,161.0,-0.432085,0.119061282
SNRPN,279.0,0.390283395,1145.0,-0.776108,-0.008847225
SNX24,5071.0,0.338464018,185.0,-0.471852,0.294055327
SNX30,6144.0,0.426743352,148.0,0.010552,0.092521321
SNX33,5086.0,0.383330712,96.0,-0.007886,-0.100307534
SOD1,353.0,0.438546885,148.0,0.324623,-0.226885622
SOD2,13436.0,0.435065133,1828.0,-0.152341,0.286044118
SP110,3922.0,0.401738483,258.0,0.42253,0.346932237
SPC24,1691.0,0.381793277,320.0,-1.120964,0.120518016
SPC25,540.0,0.373816265,131.0,0.215459,-0.083931662
SPCS1,3333.0,0.417439524,205.0,-0.119839,-0.423611157
SPI1,383.0,0.406748349,223.0,0.047428,0.219475239
SPRYD4,1406.0,0.430591965,75.0,0.06652,-0.311881828
SQSTM1,1485.0,0.412192979,360.0,-0.120655,-0.303460167
SRC,2671.0,0.437602812,449.0,1.827216,0.442760589
SRGAP2,3018.0,0.377689891,542.0,0.274175,0.150600384
SRI,5365.0,0.424260151,79.0,0.028291,-0.198743553
SRP19,2645.0,0.430943803,189.0,-0.215523,-0.438560051
SRPRB,1784.0,0.427990824,285.0,0.281386,-0.136265335
SRR,1392.0,0.393840903,354.0,-0.482691,-0.313225363
SRXN1,2099.0,0.37663928,185.0,0.062306,-0.137198427
SS18L2,777.0,0.45997865,208.0,-0.893302,0.046334988
SSH1,5298.0,0.373517564,146.0,0.236409,0.124696277
SSH3,2595.0,0.376349937,178.0,1.581986,0.670039109
SSR2,592.0,0.425839932,80.0,-0.345005,-0.213237023
SSR3,3698.0,0.388415977,156.0,0.228526,-0.050475787
SSR4,87.0,0.444947593,150.0,0.107634,-0.118792203
SSRP1,422.0,0.394601844,267.0,-0.529285,-0.412509788
SSU72,400.0,0.445120823,325.0,-0.277038,0.061605073
ST13,3666.0,0.439823793,468.0,0.571186,-0.039307837
ST14,553.0,0.454138745,193.0,0.005728,-0.188917589
ST3GAL4,594.0,0.39537481,557.0,0.400974,-0.087887879
STARD10,1682.0,0.427301627,944.0,0.334511,-0.553329567
STAT1,3294.0,0.408136156,388.0,1.380446,0.13172212
STAT2,1791.0,0.409862748,203.0,0.447409,0.305714927
STAT6,1168.0,0.380869476,499.0,-0.2681,0.120586071
STMN1,1138.0,0.394107416,364.0,-0.225572,-0.168203134
STOM,2222.0,0.387137797,117.0,-1.032084,-0.501401237
STOML2,531.0,0.456962681,143.0,-0.734592,-0.373707338
STX11,4481.0,0.457080677,192.0,0.301299,0.138419719
STX3,5058.0,0.403902965,547.0,0.789498,0.180188237
STX7,14891.0,0.417568039,327.0,0.059541,-0.14470953
STX8,107.0,0.378438911,150.0,-0.483568,-0.118091926
SUCLG1,223.0,0.43877655,193.0,-0.065533,-0.176188152
SUFU,3380.0,0.361614756,191.0,0.35632,-0.058044189
SUMF1,999.0,0.37076871,37.0,-0.515493,-0.206671658
SUPT4H1,1112.0,0.438747077,103.0,0.040903,0.218523042
SURF2,1720.0,0.440503417,48.0,-0.69751,0.029468762
SURF4,2281.0,0.385472445,476.0,-0.002136,0.048798702
SURF6,4908.0,0.42467207,78.0,-0.751589,0.145065511
SVIP,4195.0,0.357937352,217.0,0.371454,-0.115181875
SYTL1,80.0,0.364244725,197.0,-0.049274,-0.053787214
TACC3,165.0,0.385699108,155.0,0.426451,0.134977518
TADA2B,3064.0,0.464060586,151.0,0.259494,-9.45e-05
TAF12,689.0,0.435926756,522.0,-0.602886,0.139573651
TAP2,5256.0,0.374969764,175.0,0.917188,-0.058212858
TATDN2,2040.0,0.415810908,581.0,-0.300359,-0.406666385
TBC1D20,3109.0,0.435441414,148.0,-0.486568,-0.475462203
TBC1D9B,1396.0,0.395340616,37.0,0.291839,0.012196069
TBCC,556.0,0.434161456,73.0,-0.343885,0.123722549
TCEAL3,260.0,0.368171822,262.0,-0.443343,-0.284513237
TCEAL4,3020.0,0.432120515,489.0,-0.325108,0.007177457
TCOF1,1640.0,0.41523122,108.0,-0.209797,0.144169911
TDP1,1721.0,0.418036689,317.0,-0.01183,0.046330772
TDRD7,242.0,0.375852104,234.0,-0.157379,-0.123223627
TDRKH,973.0,0.419795099,182.0,0.261801,0.155743146
TEP1,2777.0,0.379550228,40.0,-0.279135,-0.085149995
TFE3,1431.0,0.379068139,541.0,0.231128,-0.018322656
TFEB,621.0,0.429366592,302.0,-0.883162,-0.156925687
THADA,112.0,0.415199561,352.0,0.301464,0.09675596
THBD,2144.0,0.448063145,160.0,-1.457082,-0.406412612
THUMPD1,2715.0,0.455087735,225.0,-0.067707,0.030378602
THYN1,205.0,0.377954149,484.0,-0.791549,0.008946653
TIMM50,3932.0,0.424829064,722.0,0.020047,0.36087252
TIMM8B,2046.0,0.447942532,30.0,0.009859,0.367832577
TK2,3965.0,0.360054507,593.0,-0.597883,-0.213195114
TLE1,571.0,0.374791795,1295.0,0.025119,-0.168022899
TM9SF2,2020.0,0.372522209,233.0,0.395591,-0.210475742
TMED3,1710.0,0.439016102,188.0,-0.099113,0.027260771
TMED9,708.0,0.44685712,67.0,-0.113296,-0.273490426
TMEM126A,52.0,0.406087664,295.0,-0.145477,-0.06429211
TMEM199,2431.0,0.370998168,90.0,0.252446,-0.668607324
TMEM63A,1407.0,0.385482014,622.0,0.538691,-0.411761545
TMOD1,2050.0,0.392927141,213.0,-0.643075,-0.426074685
TMSB10,278.0,0.470652003,95.0,0.243461,-0.179658745
TNFAIP2,2079.0,0.44214387,131.0,-0.638725,-0.569823955
TNFAIP3,1995.0,0.416242917,370.0,-0.069531,0.307818267
TNFAIP8L2,497.0,0.440670719,126.0,-0.229676,0.411009746
TNIP1,770.0,0.448321216,241.0,-0.340407,-0.113768448
TNK2,822.0,0.420245651,543.0,0.165532,0.283136663
TNPO2,2070.0,0.408799881,358.0,-0.215689,-0.178520231
TNRC18,1316.0,0.449521205,349.0,0.384594,0.016743965
TOMM5,518.0,0.441712708,107.0,-0.470368,0.030911959
TOP2A,1003.0,0.364102812,159.0,1.591819,0.560431238
TOR1A,3160.0,0.446121485,77.0,-0.368628,-0.067613526
TPD52L2,1600.0,0.385071878,138.0,0.588496,0.050372551
TPI1,620.0,0.479135356,527.0,0.293682,-0.258465979
TPM1,757.0,0.403626605,257.0,0.173644,-0.157739378
TRAF1,7433.0,0.438949906,572.0,-0.203884,0.226899415
TRAF3,5716.0,0.386659664,353.0,-0.178199,-0.111320187
TRAF6,6100.0,0.426668941,381.0,-0.103269,0.076885695
TRAPPC3,634.0,0.441060625,519.0,-0.166996,-0.080710705
TRAPPC5,42.0,0.453352607,241.0,-0.374345,-0.018790504
TRAPPC6B,2539.0,0.437369008,335.0,-0.657637,-0.075689353
TRAPPC9,3079.0,0.431357199,134.0,1.161746,-0.002970543
TRIM11,3522.0,0.453298916,255.0,0.00126,-0.098098291
TRIM13,5308.0,0.419190719,763.0,-0.505984,0.001837466
TRIM14,3117.0,0.369225689,165.0,0.041105,-0.078976045
TRIM22,1215.0,0.424423711,379.0,0.107688,-0.01060203
TRIM26,1431.0,0.384319522,565.0,0.081066,0.047521659
TRIM27,2956.0,0.441704825,359.0,0.378966,-0.020415649
TRIM41,1657.0,0.454716896,737.0,-0.191324,-0.067327626
TRIM5,2312.0,0.426412011,303.0,-0.242074,0.124462464
TRIP12,3739.0,0.40441217,297.0,0.38841,0.146692956
TRIP13,2852.0,0.433721983,145.0,1.360532,0.048343832
TRMT5,3660.0,0.405137655,572.0,-0.914787,-0.180369047
TRUB2,4655.0,0.434714666,759.0,-0.424676,0.036025374
TSFM,1390.0,0.429356434,57.0,-0.129342,0.177883753
TSPAN14,15147.0,0.398868986,305.0,0.305743,-0.260742653
TSPYL1,7303.0,0.373212405,287.0,0.347235,-0.136215726
TSR2,1366.0,0.464925113,443.0,0.250686,0.369598913
TTC39C,3394.0,0.378954091,452.0,0.076866,-0.128465005
TTC7A,2213.0,0.393400181,1272.0,0.194968,-0.227736398
TTPAL,5319.0,0.425556123,145.0,0.125595,0.075796989
TUBA1C,110.0,0.451729991,576.0,0.213244,-0.002121994
TUBA4A,644.0,0.402818439,556.0,-1.902838,-0.417382858
TUBB,1030.0,0.390058461,509.0,0.419341,-0.267189086
TUBB6,2302.0,0.468445054,1139.0,-1.247471,-0.250193901
TUBGCP4,1934.0,0.368175973,296.0,0.668008,0.009417739
TUSC1,1294.0,0.429789613,537.0,-0.62474,0.036056769
TXNL4A,3129.0,0.472736328,466.0,-0.364409,0.039303133
TYMP,18.0,0.429537249,376.0,0.57808,0.14182806
TYMS,581.0,0.364557025,159.0,0.563689,-0.550256294
TYROBP,168.0,0.417048036,81.0,0.135281,-0.003761837
UBAP2L,353.0,0.367068802,167.0,0.038642,0.042180546
UBE2B,4002.0,0.405496028,420.0,-0.023212,0.206775173
UBE2L3,2365.0,0.455573936,198.0,-0.006947,-0.152151719
UBE2L6,703.0,0.431638779,653.0,0.046132,-0.292807455
UBE4B,1283.0,0.418913915,688.0,0.023326,0.086976167
UBR4,797.0,0.387393976,4.0,0.135651,-0.023101658
UBTF,2209.0,0.400105612,296.0,-0.102876,0.30860755
UBXN1,220.0,0.422601268,194.0,-0.237954,0.087460572
UCK2,4043.0,0.447469338,640.0,0.283145,0.202189551
UGGT1,5935.0,0.374564832,178.0,0.538731,-0.062095628
UHRF1BP1,5130.0,0.373569339,234.0,0.949778,0.199639593
UNC45A,377.0,0.475530537,1022.0,0.301964,0.221913921
UNG,1024.0,0.368897526,209.0,0.505646,0.176073907
UNK,1388.0,0.447315534,42.0,-0.227585,0.129757789
UQCR11,4379.0,0.470309826,75.0,-0.427593,-0.278247735
UQCRC1,129.0,0.462829321,45.0,-0.22786,-0.022538272
UQCRH,193.0,0.365128489,320.0,-0.746887,0.127034852
UROD,171.0,0.391539164,133.0,-0.523076,-0.155832863
UROS,3849.0,0.422413435,266.0,-0.355548,-0.240484443
USP18,580.0,0.434940763,338.0,0.661961,-0.212719333
USP39,571.0,0.39295741,223.0,0.442004,0.145321918
UTP6,2466.0,0.429918331,83.0,0.067588,0.088374112
VAC14,489.0,0.396517204,827.0,0.527517,0.189302167
VAMP8,451.0,0.398153421,156.0,0.866818,0.278922632
VASP,824.0,0.388921088,342.0,-0.146795,-0.013656468
VAT1,1456.0,0.406330787,120.0,0.088052,0.035587032
VDAC3,475.0,0.440388181,210.0,-0.814027,-0.302566554
VDR,3209.0,0.450036866,401.0,0.264669,0.304149668
VGLL4,2489.0,0.432812067,506.0,-0.664612,-0.241801541
VIM,431.0,0.411136971,462.0,-0.711834,0.113810848
VLDLR,6202.0,0.388727284,416.0,-1.44097,-0.187732451
VPS28,291.0,0.476756313,109.0,0.980158,0.212306908
VPS33B,559.0,0.447669729,583.0,0.164247,-0.088246374
VPS39,2053.0,0.440628838,173.0,0.540249,0.303115374
VPS52,2870.0,0.393546356,887.0,1.024452,-0.037282572
WASF2,4090.0,0.365213822,245.0,-0.405869,0.177176886
WBP2,1040.0,0.392225719,515.0,-0.013767,-0.49917301
WDFY2,7044.0,0.36603015,340.0,-0.24997,-0.075421665
WDR1,1039.0,0.393247178,368.0,0.363715,-0.0571396
WDR36,3619.0,0.40459335,117.0,-0.185362,0.014618058
WDR37,8068.0,0.365587877,173.0,-0.20525,0.04294465
WDR4,293.0,0.380589271,581.0,0.840547,0.219941955
WDR47,1216.0,0.402106333,376.0,0.494427,0.236447547
WDR48,1924.0,0.419028298,472.0,-0.577882,-0.152666283
WDR5,1979.0,0.401607191,171.0,-0.404582,0.010740726
WDR54,97.0,0.394793766,128.0,0.004831,-0.378728478
WDR61,197.0,0.411764619,310.0,0.217152,-0.24415325
WDR77,4184.0,0.412330102,139.0,-0.202081,-0.471225584
WDR91,4946.0,0.380864599,823.0,-0.319524,-0.040523026
WDR92,2520.0,0.427217839,117.0,-0.092119,-0.159571599
YTHDF1,1279.0,0.384821843,294.0,0.7863,0.211334096
YTHDF3,3082.0,0.406652071,509.0,0.597598,0.261818052
YY1,5192.0,0.440120149,480.0,-0.252765,0.031489435
ZBED1,2221.0,0.457533868,282.0,-0.106962,-0.014080629
ZBTB8OS,1087.0,0.406816332,276.0,0.258255,0.112677261
ZC3H12A,768.0,0.421626239,1056.0,-0.342038,0.033116961
ZC3H4,2169.0,0.436042942,38.0,-0.31203,0.074860239
ZCCHC10,81.0,0.361883573,67.0,-0.506443,-0.099342184
ZCCHC2,2006.0,0.404185753,0.0,0.672879,0.237071251
ZFP36L1,2846.0,0.395541595,976.0,-1.143218,0.003763833
ZMAT2,1942.0,0.460376067,101.0,0.350328,0.109430372
ZMIZ2,4165.0,0.419562196,128.0,0.055654,0.241414943
ZMYM3,1292.0,0.378831729,749.0,-0.080246,0.096713307
ZNF207,13817.0,0.386696564,148.0,0.159366,-0.016678152
ZNF414,113.0,0.422835658,118.0,-0.51885,-0.00735611
ZNF511,243.0,0.452392726,55.0,0.100767,-1.059668632
ZNF516,4816.0,0.393186692,318.0,-0.660498,-0.180606596
ZNF622,1298.0,0.463753859,120.0,-0.717326,-0.000128677
ZNHIT2,49.0,0.440612513,85.0,0.080059,0.248319966
ZNHIT3,419.0,0.425204303,73.0,0.424626,-0.077995414
ZWINT,4585.0,0.411772707,37.0,0.773615,-0.055217057
