,3prime,tAI,max_5_UTR_length,TCGA-AN-A0FK,TCGA-AN-A0FK.1
AAK1,17874.0,0.380718848,505.0,-0.597501,0.045145959
AATF,207.0,0.367011205,251.0,0.428982,-0.137913203
ABCC1,1793.0,0.393368456,175.0,-0.327397,-0.023338745
ABCF3,5726.0,0.387768135,869.0,-0.228202,-0.231235781
ABHD12,654.0,0.374654709,279.0,2.702694,0.707542289
ABHD6,1639.0,0.384216096,505.0,0.138008,-0.05643933
ABR,2562.0,0.39474042,600.0,0.218322,0.129823841
ABT1,2092.0,0.423473096,40.0,0.226417,-0.023142793
ACADVL,176.0,0.46877374,457.0,0.038811,0.05342416
ACBD6,155.0,0.433964845,621.0,0.628814,0.269364659
ACIN1,584.0,0.404933544,328.0,-0.011832,0.110516554
ACO1,4661.0,0.37721508,227.0,0.536692,-0.027125105
ACOT11,1220.0,0.392289045,176.0,-2.143321,-0.421622443
ACOT9,4514.0,0.358892202,225.0,-1.154916,-0.029556447
ACP2,814.0,0.411581374,548.0,0.828555,0.453971624
ACSF2,1484.0,0.405139059,501.0,-0.400895,-0.34169984
ACSL1,1530.0,0.417966714,990.0,-0.560588,-0.488930494
ACSL5,1022.0,0.380976548,307.0,-0.42262,-0.054828466
ACTB,613.0,0.469768794,192.0,0.074745,0.023735221
ACTL6A,452.0,0.409046191,387.0,0.575462,0.220450805
ACTR1A,3151.0,0.432463663,108.0,-0.272247,-0.055895144
ADA,312.0,0.444091501,440.0,-0.310957,-0.012116875
ADD1,1928.0,0.439806775,863.0,-0.558688,-0.373930691
ADPRH,2067.0,0.380088169,541.0,-1.116808,-0.277324891
ADSSL1,320.0,0.393141878,776.0,0.661982,0.576501749
AGAP3,508.0,0.436856677,1584.0,-0.501511,-0.030433748
AHNAK,842.0,0.382138706,300.0,0.563184,0.805317987
AHSA1,225.0,0.374296292,431.0,0.20486,-0.024985554
AIF1,121.0,0.4069451,222.0,-0.805841,-0.249693732
AIFM2,1911.0,0.447982482,217.0,0.177566,0.201924131
AK1,1528.0,0.389481519,153.0,0.572186,0.134060922
AK2,2893.0,0.384271636,345.0,-0.197853,-0.01479915
AKR1C2,3804.0,0.449591167,413.0,-3.249154,-0.827289473
AKR7A2,10996.0,0.385600504,22.0,0.253975,-0.216491293
ALDH18A1,838.0,0.380333742,511.0,0.468169,0.02697246
ALDH3A2,2525.0,0.42484639,221.0,-0.865452,-0.526408988
ALDH6A1,4647.0,0.38708374,724.0,0.673292,0.350415889
ALG1,2498.0,0.432230555,181.0,0.858732,0.022856376
ALG5,380.0,0.362014155,67.0,0.482523,-0.095036151
ALG9,4217.0,0.365461171,1107.0,0.634388,0.045744476
ALOX5AP,976.0,0.392577632,248.0,-1.006808,-0.609782291
AMBRA1,1041.0,0.36170155,362.0,0.172764,-0.088054219
AMPD2,903.0,0.389224108,566.0,-0.480882,-0.032922723
AMPD3,1695.0,0.423686063,472.0,0.258216,-0.055330291
ANAPC13,1361.0,0.393644021,731.0,0.279189,0.086912363
ANAPC5,235.0,0.390209877,197.0,-0.614278,0.0405135
ANKLE2,1737.0,0.418251419,90.0,-0.177428,-0.276382966
ANKRD16,135.0,0.465649334,543.0,0.124708,-0.290192122
ANXA2,496.0,0.429738522,160.0,-0.065673,0.157643604
ANXA5,1441.0,0.418050335,165.0,-0.15544,0.063617108
AP1B1,1153.0,0.424070668,187.0,-0.286506,-0.109912968
AP1M1,914.0,0.463388599,173.0,0.080235,-0.244728966
APBA1,3797.0,0.387421148,276.0,-1.2734,0.055181775
APIP,427.0,0.433104693,127.0,0.617876,0.486588719
APOBEC3B,339.0,0.43450554,55.0,-0.043347,-0.603257834
APOBEC3C,1979.0,0.381716897,103.0,-0.665403,-0.034081104
APOBEC3G,322.0,0.410940579,404.0,-1.689194,-0.356915893
APOL2,1195.0,0.42932248,477.0,-0.448681,-0.131485951
ARF6,2971.0,0.462806813,621.0,0.415339,0.494345023
ARFIP2,2430.0,0.403729309,291.0,0.777257,0.401308198
ARHGAP17,2624.0,0.371011524,117.0,0.016806,0.087335948
ARHGAP30,773.0,0.384451823,645.0,-1.553578,-0.263328642
ARHGEF10,1378.0,0.370244255,202.0,0.27648,0.278127292
ARID2,3145.0,0.362288628,128.0,0.586087,0.409554744
ARID3A,3881.0,0.411693449,290.0,0.203936,0.174406482
ARIH2,3112.0,0.397061561,878.0,-0.76721,-0.017596435
ARL8A,1065.0,0.409602486,171.0,0.879096,0.047514039
ARRB1,6041.0,0.39512759,224.0,-0.134113,-0.12211186
ASF1B,950.0,0.395794233,172.0,0.448509,-0.555950209
ASS1,1357.0,0.394201053,356.0,1.800187,1.253400759
ATPAF1,3039.0,0.439253133,510.0,-0.019616,0.177884845
ATRIP,162.0,0.417082642,462.0,0.465353,-0.124462474
AXL,1863.0,0.417061167,376.0,-0.94634,0.090322793
B4GALT7,4483.0,0.433879574,93.0,0.188348,0.220157429
BAG1,2764.0,0.431693656,501.0,0.625066,0.20046178
BAG3,537.0,0.387438444,306.0,0.78916,0.454858943
BASP1,971.0,0.520859146,259.0,-0.387627,-0.097161889
BBS7,1531.0,0.408023089,184.0,-0.942631,-0.004525598
BCAT2,364.0,0.445598481,657.0,1.696047,0.423647932
BCKDHB,3082.0,0.419736544,88.0,-0.438727,-0.079287772
BCL2,5279.0,0.374049285,493.0,0.889289,0.522062246
BCL2L13,4109.0,0.411790332,769.0,-0.187555,-0.051442834
BID,4193.0,0.428633517,498.0,-0.189903,0.032705276
BLVRA,3376.0,0.414260839,177.0,-1.616171,-0.195957261
BOLA2,40.0,0.43059393,513.0,0.7538,0.064276723
BOLA3,383.0,0.406657227,38.0,-0.416246,-0.470370124
BRD2,787.0,0.377809737,2066.0,0.356259,0.020336181
BRD3,3285.0,0.401150236,188.0,0.175323,0.09814753
BSPRY,1091.0,0.380011644,48.0,-0.118178,0.023682542
BST2,411.0,0.444557266,81.0,-1.434975,-0.700570817
BUB3,1535.0,0.421992618,242.0,0.299238,0.130754453
C1QB,152.0,0.436596666,340.0,-0.039207,0.051470462
C1QC,327.0,0.41150294,283.0,0.304958,0.169412959
C2CD3,671.0,0.360398895,227.0,0.030048,0.189651042
C3,5088.0,0.430632158,93.0,-1.933859,0.279936619
CAP1,1134.0,0.406948565,416.0,-0.136871,-0.089441473
CAPN1,720.0,0.455130071,197.0,0.346163,0.071053109
CAPRIN1,5632.0,0.374918508,189.0,0.437666,0.240983894
CAPZB,5180.0,0.446052528,622.0,-0.340608,-0.127155009
CARD16,437.0,0.41300235,27.0,-1.305734,-0.215953303
CARHSP1,4898.0,0.362100245,360.0,1.263434,0.539192032
CASC3,1778.0,0.370720542,295.0,-0.43861,-0.222079085
CASP1,750.0,0.424742838,44.0,-1.084854,-0.130566617
CASP8,1794.0,0.376118708,303.0,-0.381606,-0.209505617
CAT,629.0,0.397270122,89.0,0.22849,-0.706263242
CBL,8368.0,0.375957197,142.0,-0.138236,-0.015857269
CBLL1,3286.0,0.400851504,467.0,0.153461,0.021249959
CBR3,54.0,0.445176236,228.0,-0.455775,-0.618136811
CBS,4385.0,0.477784031,626.0,-0.576115,-1.365465259
CBX5,10815.0,0.390902295,318.0,0.211972,0.168549107
CBX8,2504.0,0.36735217,118.0,0.838969,0.385819482
CCDC115,2169.0,0.385110507,452.0,-0.526309,-0.041857887
CCDC125,2554.0,0.359965106,322.0,0.736398,0.338967833
CCDC58,2462.0,0.421830022,75.0,0.063668,0.094187555
CCDC88C,1302.0,0.396031427,154.0,0.522782,-0.072326805
CCL5,886.0,0.462166288,68.0,-1.225197,-1.77457406
CCNDBP1,2336.0,0.44393643,231.0,0.302824,-0.267328799
CCS,4244.0,0.460896681,43.0,0.914286,0.460265985
CCT3,238.0,0.457984718,231.0,0.558099,-0.023022024
CCT4,1361.0,0.393363555,164.0,-0.384847,-0.017484119
CD14,128.0,0.416321757,392.0,-1.175138,0.353922565
CD209,3046.0,0.440000747,67.0,-0.950127,-0.723856851
CD36,2894.0,0.410517795,414.0,2.06322,-0.242208477
CD40,982.0,0.429065654,90.0,-0.646991,-0.17096811
CD44,3115.0,0.39995987,434.0,0.318973,-0.36592672
CD63,923.0,0.512738356,403.0,0.88956,-0.111900346
CD74,635.0,0.427357309,187.0,-0.845671,-0.562410727
CDC26,271.0,0.395637029,359.0,-0.054696,-0.031051986
CDC34,560.0,0.46431386,199.0,0.435643,0.081704532
CDC42EP3,3941.0,0.420378821,1009.0,-1.577326,-0.038877515
CDCA3,816.0,0.351209268,820.0,0.246081,-0.224487602
CDCA8,1353.0,0.384295288,290.0,-0.367455,-0.616308866
CDIPT,1864.0,0.442654716,541.0,0.974979,0.104197849
CDK1,2313.0,0.398329505,154.0,-0.003379,-1.147804814
CDK19,4557.0,0.421511824,180.0,0.221948,0.51929698
CDK2AP1,766.0,0.439144625,522.0,-0.913859,-0.450492767
CDK5RAP2,367.0,0.371069462,192.0,0.413453,0.064786294
CDK5RAP3,284.0,0.469750898,1791.0,0.260339,0.374068528
CDKAL1,1365.0,0.417875209,167.0,0.07098,-0.165266279
CDKN2AIPNL,3639.0,0.409801696,53.0,0.455074,-0.147931428
CDKN2C,2247.0,0.381912025,1216.0,-0.314496,-0.30959162
CENPH,1478.0,0.418392258,87.0,0.351015,0.00097578
CENPV,301.0,0.385948267,62.0,0.706415,1.206956075
CEP55,939.0,0.397841874,304.0,-0.19979,-0.775935492
CES3,2100.0,0.377378956,446.0,4.474394,0.297383114
CETN2,868.0,0.433727498,47.0,0.415618,0.211290762
CFL1,677.0,0.502791,234.0,0.475686,-0.059625864
CHCHD4,3528.0,0.445497334,326.0,0.528461,0.255434647
CHMP4A,296.0,0.447100154,262.0,0.092773,-0.117623571
CHMP5,1241.0,0.442987983,200.0,0.598351,0.298613751
CHMP6,980.0,0.489861105,78.0,-0.597926,-0.344417466
CHTF8,2425.0,0.424551152,142.0,-0.052173,-0.116156903
CIAPIN1,1024.0,0.451663323,242.0,-0.259612,0.025618131
CISD2,5376.0,0.433298698,107.0,-0.418024,-0.963130381
CKAP4,2872.0,0.386259817,84.0,-0.464993,-0.239311433
CKS2,300.0,0.317949998,98.0,0.443497,-0.136455878
CLCC1,5185.0,0.369704467,150.0,0.017709,-0.55324339
CLCN7,1698.0,0.459147749,110.0,0.112757,-0.376030376
CLIC1,290.0,0.4571302,573.0,0.706271,0.279129866
CLK2,350.0,0.410673686,925.0,0.056109,0.182027336
CLK3,1233.0,0.4268607,461.0,-0.707711,-0.331461404
CLPTM1,458.0,0.383990827,351.0,0.429547,-0.449769699
CLTA,288.0,0.450950874,514.0,0.552979,0.037506283
CLTB,319.0,0.48548545,210.0,0.336141,0.068858527
CLTC,3104.0,0.384957863,443.0,-0.400768,-0.082073816
CNBP,6850.0,0.433298698,206.0,-0.224339,-0.17794388
CNPY2,123.0,0.392778455,553.0,0.755696,0.235838714
CNPY3,1042.0,0.459231502,584.0,0.593683,0.290056638
COG3,1967.0,0.414689223,142.0,0.082202,0.287942269
COMMD1,306.0,0.423842833,138.0,-0.630016,-0.119275281
COMMD3,431.0,0.360487018,35.0,0.487684,-0.202802439
COMMD5,498.0,0.445713337,399.0,0.177285,-0.029692037
COMMD6,1375.0,0.396967837,328.0,0.20124,-0.177411931
COMMD9,2340.0,0.418062772,89.0,-0.300344,-0.180833568
COPB1,446.0,0.381738818,307.0,0.663201,0.266619636
COPE,165.0,0.478760693,55.0,0.924267,0.301557293
COQ6,671.0,0.374062527,159.0,0.085478,0.514206764
COQ7,5700.0,0.42379098,133.0,0.72239,0.545347144
CORO1A,112.0,0.457388252,435.0,-0.81456,-0.908749488
COX17,1735.0,0.484254073,86.0,0.830266,-0.129847557
COX5A,860.0,0.429944966,140.0,-0.391088,-0.03217113
COX7A2,302.0,0.441893926,98.0,1.147929,0.03710463
CPM,5262.0,0.406054343,75.0,1.870723,1.443471476
CPSF4,923.0,0.452412439,277.0,-0.310852,-0.063733973
CPT1A,2761.0,0.374132033,170.0,0.976737,-0.282388003
CPT2,602.0,0.431256564,515.0,-0.170097,-0.27765828
CRCP,8457.0,0.390198146,145.0,-0.019925,0.131730309
CRKL,3904.0,0.422225684,509.0,-0.401569,0.066441475
CRTAP,5601.0,0.446308827,120.0,0.503186,0.409510763
CRTC3,3205.0,0.355982524,186.0,0.124928,0.364244929
CRYL1,462.0,0.386242786,79.0,0.279067,0.139122759
CSRP1,1183.0,0.493833101,217.0,-0.357911,0.461983086
CST3,2762.0,0.475763324,186.0,0.671997,0.894853808
CSTF2,1931.0,0.372934478,58.0,0.261057,0.071888334
CTBP1,800.0,0.464034004,393.0,-0.534018,-0.016318153
CTNNA1,1216.0,0.412513324,1103.0,0.469451,0.334663115
CTNNB1,1106.0,0.432073699,448.0,0.0279,0.195366475
CTNNBIP1,2448.0,0.394834327,307.0,-0.269041,-0.072306164
CTPS2,1870.0,0.416273085,744.0,0.164039,0.131532032
CTSG,119.0,0.369503415,37.0,-2.37608,-0.876168804
CTSH,1072.0,0.446467856,1192.0,-1.023679,-0.374922383
CUEDC1,2047.0,0.374410739,719.0,-0.141193,-0.054669079
CUX1,1040.0,0.395555213,127.0,0.657897,-0.079511947
CXCL10,814.0,0.410287201,105.0,-0.627066,-0.588371853
CYBB,2544.0,0.418993019,61.0,-1.185571,-1.028822309
CYP2S1,1051.0,0.420869286,58.0,-0.555902,-0.626464921
CYTH4,1837.0,0.406296106,377.0,-0.767031,-0.414495084
DAB2,1757.0,0.368483127,531.0,-0.05867,0.024589879
DAGLB,721.0,0.377719723,170.0,0.153638,-0.42801515
DAP3,768.0,0.366492687,184.0,0.9106,0.041140726
DAPP1,2082.0,0.348655603,90.0,0.426171,-0.022577664
DBI,233.0,0.467027529,479.0,0.420122,0.09949557
DCAF8,1877.0,0.380310979,212.0,0.789647,0.685543305
DCP1A,4153.0,0.411936399,381.0,-0.633158,0.039651014
DCPS,4731.0,0.375605648,329.0,0.60328,0.198506216
DCTN5,10597.0,0.443116252,177.0,0.517229,-0.02346075
DDAH2,653.0,0.361046801,1104.0,0.80533,0.306733115
DDB2,1223.0,0.43604051,195.0,0.13243,0.270462283
DDX23,713.0,0.445931172,91.0,0.198141,0.007485277
DDX31,1870.0,0.361830896,544.0,0.266227,-0.098280133
DDX47,438.0,0.379294484,22.0,0.024935,-0.279666015
DDX54,1704.0,0.467316231,28.0,-0.195191,-0.399347266
DDX56,586.0,0.438032149,643.0,-0.163505,-0.423841089
DDX59,217.0,0.413095257,243.0,1.067121,0.4994407
DHODH,3463.0,0.371608285,21.0,0.007806,0.155074646
DHPS,121.0,0.474111752,121.0,1.115606,0.930512891
DHX15,459.0,0.379133957,168.0,-0.262714,-0.038101784
DHX34,591.0,0.384465978,349.0,0.20466,-0.004541402
DHX58,357.0,0.440330409,223.0,-0.189807,-0.046430638
DIABLO,719.0,0.425893605,1182.0,-0.422831,-0.17865947
DMAP1,63.0,0.471306,301.0,-0.701834,0.183798207
DMXL2,1274.0,0.389901613,225.0,-1.333784,-0.263545185
DNAJA4,1736.0,0.398301408,169.0,-0.69527,-0.574328729
DNAJC19,1326.0,0.403482491,259.0,1.01567,0.607922735
DNAJC25,1212.0,0.430964931,56.0,0.353052,-0.125921806
DNAJC8,969.0,0.416719859,33.0,-0.615395,-0.366821964
DNM1,1255.0,0.393835111,116.0,-0.781922,0.247474391
DNTTIP2,3564.0,0.408096853,58.0,-0.431242,-0.099869721
DOCK11,3681.0,0.373818855,63.0,-1.882691,-0.240249587
DOCK2,524.0,0.446250827,52.0,-1.958064,-0.51497278
DOK2,438.0,0.384043737,481.0,-1.210684,-0.985760769
DPCD,197.0,0.459155016,389.0,0.815096,0.500850332
DPF2,2501.0,0.393394442,133.0,0.206185,-0.001373521
DPH1,1310.0,0.448716064,341.0,0.417417,-0.520310037
DPH5,784.0,0.413363166,165.0,-0.504724,-0.209753525
DPY30,562.0,0.438431353,279.0,-0.313516,-0.138284507
DPYSL2,2472.0,0.430530829,431.0,-0.523049,-0.079136889
DRAP1,142.0,0.432809908,245.0,0.917519,-0.192779448
DRG1,4594.0,0.444150091,131.0,-0.055166,-0.110704336
DSN1,5330.0,0.392894937,373.0,-0.156305,0.005656326
DSTN,2786.0,0.375776803,438.0,0.120217,0.109223508
DTX3L,3456.0,0.408848169,89.0,0.111822,0.308328074
DUSP12,374.0,0.419884133,34.0,0.172853,-0.064930589
DUT,1937.0,0.36471409,109.0,-0.232776,-0.32930651
DYNLT1,514.0,0.420362019,78.0,0.780481,-0.210462242
EBAG9,1437.0,0.39438748,402.0,0.036369,-0.466131002
ECH1,191.0,0.389477111,85.0,0.643766,-0.031796503
ECHDC2,2269.0,0.400166641,752.0,-0.884922,-0.228099229
ECM1,322.0,0.43792189,199.0,2.077788,0.782348666
EDEM2,76.0,0.379021051,100.0,0.234475,0.428062675
EEA1,5374.0,0.405861636,265.0,-0.726184,0.021672527
EEF1A2,286.0,0.417272363,329.0,1.157674,0.070374827
EFTUD2,1331.0,0.444646836,398.0,0.234394,-0.007379212
EHD1,3363.0,0.446314898,447.0,-0.440342,-0.368889629
EIF2AK2,8063.0,0.394727306,557.0,-0.758616,0.046339263
EIF2B3,1058.0,0.383118637,239.0,-0.159027,0.119934463
EIF3F,5840.0,0.435728237,33.0,-0.016395,0.032663398
EIF3L,1718.0,0.380710116,245.0,-0.731489,-0.083928859
EIF4A3,1120.0,0.381528282,222.0,-0.002106,-0.077083181
ELAVL1,4910.0,0.437605432,167.0,0.362888,-0.118592792
EMG1,248.0,0.433768095,143.0,0.679926,-0.017933396
EMILIN2,2605.0,0.379592019,159.0,-1.357523,0.044683087
ENDOD1,7728.0,0.376426787,118.0,2.226518,1.106536895
ENOSF1,2904.0,0.382279782,622.0,-0.245989,-0.3397966
ENY2,2576.0,0.41756619,146.0,0.523457,0.102179257
EPSTI1,2106.0,0.391777705,469.0,-0.584773,0.260317653
ERCC1,2342.0,0.45058755,188.0,0.437573,0.539002929
ERCC6L,4809.0,0.354829683,623.0,0.195657,-0.299827018
ERH,415.0,0.383837906,71.0,0.380429,0.020560861
ERLIN1,2041.0,0.444737514,478.0,0.176488,0.131453208
ERP29,1277.0,0.401191178,118.0,-0.382906,-0.516751391
ETV6,4356.0,0.398240844,274.0,-0.327381,-0.098745524
EXOC4,1232.0,0.388187525,35.0,-0.055199,0.170868254
EXOC8,6907.0,0.436106501,127.0,0.825205,0.291169093
EXOSC1,536.0,0.430105347,451.0,0.702536,0.162364698
EXOSC2,3902.0,0.431273517,32.0,-0.097446,0.268261951
F8A1,571.0,0.46317284,15.0,0.483496,-0.137197519
FAAH,2043.0,0.384592892,82.0,0.329071,-0.59275774
FAF1,4425.0,0.401181969,453.0,-0.645213,-0.088504299
FAM122A,4542.0,0.40477622,33.0,0.052016,0.446531399
FAM168A,6285.0,0.395008865,285.0,-0.960307,0.128951534
FAM177A1,2165.0,0.411149627,459.0,0.136195,-0.216843886
FAM192A,1824.0,0.379195199,1475.0,-0.055971,-0.081840615
FAM20B,4428.0,0.4357945,293.0,0.72784,0.197076763
FAM32A,1091.0,0.408676074,42.0,0.356019,0.076302407
FAM50A,286.0,0.482889735,110.0,0.139878,-0.229942265
FBP1,248.0,0.397353747,331.0,0.839352,0.295684646
FBXL20,9338.0,0.383104745,254.0,0.194766,-0.589105426
FBXO4,526.0,0.393825218,58.0,0.845392,0.099446962
FBXO6,503.0,0.42307306,166.0,0.074249,-0.108555175
FCER1G,305.0,0.4202976,25.0,-0.55764,-0.545340664
FCGRT,309.0,0.433069976,486.0,-0.86156,-0.136056643
FCHO1,270.0,0.372951657,283.0,0.93009,-1.012097709
FDPS,72.0,0.456397562,392.0,0.404858,-0.239853847
FDXR,596.0,0.384661194,188.0,0.073899,-0.365459013
FEN1,1340.0,0.407867196,413.0,0.76163,-0.089081744
FERMT3,399.0,0.435119014,149.0,-0.895173,-0.23184411
FGD2,907.0,0.441856308,171.0,-1.054577,-0.039133977
FGFR1OP2,1663.0,0.396595515,353.0,-0.276554,0.448568287
FGL2,3460.0,0.40966218,40.0,-1.484674,0.996641202
FKBP1A,1132.0,0.428443098,174.0,-0.025811,-0.107093132
FKBPL,24.0,0.377510344,270.0,0.463874,0.190656125
FLOT1,422.0,0.472159534,339.0,0.569461,-0.033606336
FN3K,442.0,0.389857108,61.0,0.739159,-0.206365993
FN3KRP,3667.0,0.380720834,50.0,0.102022,-0.151860182
FOXJ3,3176.0,0.401878681,312.0,-0.586058,-0.407907876
FOXK2,3108.0,0.440496276,171.0,-0.48351,-0.322933456
FOXRED1,443.0,0.438630908,167.0,0.914023,-0.258260388
FSCN1,1184.0,0.396100853,132.0,-0.263252,0.169700833
FTH1,530.0,0.425357612,235.0,-0.273316,-0.150156118
FTL,1031.0,0.428438948,199.0,-0.435858,0.16238474
FTSJ1,638.0,0.457521275,569.0,-0.103815,0.185129904
FTSJ3,698.0,0.388239396,646.0,-0.250814,-0.780479509
FXN,6365.0,0.40465004,220.0,0.190197,0.204167841
GABARAPL2,564.0,0.431291441,136.0,0.174975,-0.131709946
GABPB1,1320.0,0.423118524,469.0,-0.299683,0.144274267
GALK1,292.0,0.455574511,63.0,0.599748,0.027145615
GANAB,989.0,0.425909644,1027.0,0.887351,0.292312083
GAS6,315.0,0.393865445,183.0,-0.471832,0.44193942
GAS7,6619.0,0.423630168,311.0,-1.468624,0.079187049
GBE1,708.0,0.404013874,283.0,0.050113,0.320551018
GBP1,1735.0,0.42614962,220.0,-0.542908,-0.327832766
GBP2,5058.0,0.440134196,314.0,-0.42532,0.284351507
GBP4,4106.0,0.42983554,116.0,-0.831339,-0.317287407
GBP5,1753.0,0.421901204,537.0,-2.19892,-0.52680346
GCH1,2011.0,0.419329122,161.0,0.919146,-0.747800828
GFOD2,622.0,0.396604754,295.0,-0.79277,-0.167916865
GGA2,5408.0,0.377812588,83.0,0.354055,-0.012704877
GGCX,5211.0,0.417836117,106.0,-0.665094,-0.31059366
GIGYF1,2212.0,0.443456438,1210.0,-0.643346,0.082219078
GINS3,1415.0,0.387351931,208.0,-0.518685,0.419319597
GLA,1699.0,0.378726947,110.0,0.344133,0.033631247
GLE1,1357.0,0.383457083,114.0,0.891919,0.336694166
GLRX,1188.0,0.430296645,211.0,2.369083,1.127383216
GLRX3,3557.0,0.41418463,539.0,-0.138719,0.060371001
GLUD1,1558.0,0.392454008,1132.0,1.078907,0.584875752
GLYR1,2033.0,0.39940414,57.0,0.528655,0.287306236
GMEB1,4582.0,0.43446142,142.0,-0.033591,0.152193698
GMPPA,198.0,0.434966364,375.0,0.157271,0.111836846
GMPR,3984.0,0.435743929,114.0,0.892615,0.442219901
GMPR2,464.0,0.453637396,704.0,0.098392,0.394299371
GNAI1,1947.0,0.435804474,356.0,-0.45952,-0.718843846
GNG7,3803.0,0.398730372,237.0,-1.624603,0.308381294
GNPDA1,1360.0,0.395964134,67.0,-0.063543,-0.006944989
GOLGA2,1243.0,0.401070546,13.0,0.068474,-0.126046014
GON4L,926.0,0.418089888,175.0,0.031965,0.06103752
GOSR1,5968.0,0.408103421,237.0,-0.205792,-0.418046321
GOSR2,3258.0,0.374298057,541.0,-0.079942,-0.349918538
GOT2,1054.0,0.444803236,129.0,1.378033,0.350034978
GPS2,97.0,0.431122181,76.0,0.306944,-7.95e-05
GPSM2,4697.0,0.401967226,496.0,-0.241863,0.141205484
GPX7,626.0,0.395840774,39.0,-0.595263,0.350778191
GRAMD1A,299.0,0.411657297,748.0,1.061913,0.126392102
GRB2,2292.0,0.4413596,358.0,-0.270531,-0.149594178
GSTM4,2467.0,0.390909061,314.0,-0.562711,-1.017221795
GTF2A2,1070.0,0.420716795,404.0,-0.171888,-0.005211399
GTF2E2,604.0,0.365750105,273.0,-0.106457,-0.187446811
GTF3C2,932.0,0.372227001,397.0,-0.766084,-0.093821045
GTPBP1,2894.0,0.424954603,154.0,-0.307766,0.019054555
GTPBP3,1032.0,0.436547413,95.0,0.450475,0.257955908
GTSE1,680.0,0.368527868,212.0,-0.649736,-0.837083994
HADH,818.0,0.383558671,219.0,0.225248,-0.064242162
HADHA,615.0,0.383558671,130.0,-0.937723,-0.234528247
HAUS5,3319.0,0.378752573,51.0,-0.213903,-0.071659178
HAUS8,346.0,0.37535995,111.0,-0.017306,0.039596463
HCCS,1274.0,0.398607648,275.0,0.236458,-0.587501104
HCK,337.0,0.440224323,364.0,-0.896408,-0.456003266
HDAC1,591.0,0.390040122,63.0,-0.272467,-0.249060093
HDDC3,763.0,0.387287166,29.0,0.470786,0.36865705
HDGF,1342.0,0.465394593,322.0,0.111926,-0.055120685
HDLBP,2343.0,0.397687311,375.0,-0.395284,0.097499445
HEATR3,1385.0,0.384091545,883.0,-0.773595,-0.548525652
HEBP2,9119.0,0.359416339,297.0,0.125132,0.118108326
HECA,3704.0,0.443714129,285.0,0.438458,0.22738621
HECTD3,3914.0,0.446742268,98.0,-0.224273,0.22015449
HERC2,726.0,0.429958504,109.0,-1.13332,-0.277354694
HERC5,379.0,0.393838904,153.0,-1.856326,0.085766134
HERC6,651.0,0.398146132,183.0,-1.919526,-0.295368928
HIP1,4874.0,0.430847644,52.0,0.16378,0.256701941
HLA-A,4150.0,0.424443523,84.0,-0.329957,-0.530767742
HLA-C,420.0,0.421684519,65.0,1.621645,0.173057232
HLA-DRA,409.0,0.420807891,109.0,-1.413243,-0.757540827
HLA-E,1459.0,0.413523771,126.0,-0.559525,-0.439505026
HLA-F,121.0,0.407256461,124.0,-0.602308,-0.681142233
HMBOX1,3560.0,0.369177113,482.0,0.528773,-0.094910397
HMBS,266.0,0.451934812,299.0,0.889863,0.138483696
HMGB2,3775.0,0.450826504,193.0,-0.275572,-0.655090154
HMGCS1,3661.0,0.374424323,345.0,-0.181894,-0.731322869
HMOX1,616.0,0.436401717,107.0,-0.565131,-0.202724235
HNRNPA0,7504.0,0.386421138,284.0,0.242011,-0.124121182
HNRNPD,1688.0,0.420386111,318.0,-0.37941,-0.047706136
HNRNPL,1102.0,0.449817015,176.0,0.450554,0.051848165
HNRNPU,4156.0,0.432126199,218.0,0.362187,0.003687505
HNRNPUL1,2135.0,0.394022965,339.0,0.403363,0.290809042
HNRNPUL2,2674.0,0.436897081,229.0,0.612004,0.375093939
HSBP1,3274.0,0.4454546,174.0,0.000563,0.087851004
HSD17B7,398.0,0.431983247,99.0,0.864828,0.34008805
HSP90AB1,313.0,0.39509298,251.0,0.789261,-0.105148277
HSPA1L,428.0,0.464100714,183.0,0.584452,0.816466827
HSPA4L,7877.0,0.413794867,342.0,-2.181771,-0.74728625
HSPB11,107.0,0.34538245,284.0,-0.316249,0.027421185
HTRA2,571.0,0.421976635,602.0,-0.362646,0.063193791
HTT,3901.0,0.373695076,145.0,-1.210359,-0.309889794
HUS1,2068.0,0.374612864,131.0,0.217042,0.38727309
HYI,310.0,0.378597605,196.0,-0.389919,0.097879332
HYOU1,1409.0,0.403839016,234.0,0.790308,0.178211216
ICAM1,1537.0,0.426062071,319.0,0.099128,0.786671889
IER3IP1,3342.0,0.438740024,97.0,0.672928,-0.596234455
IFI16,254.0,0.415211655,290.0,-1.064625,0.213963249
IFI30,213.0,0.431523306,62.0,0.115822,-0.158520299
IFI35,160.0,0.418462024,223.0,0.318048,0.195433879
IFI44,267.0,0.403888008,124.0,-1.076344,0.72818791
IFI44L,5058.0,0.403608012,200.0,-0.864683,1.08971454
IFIH1,121.0,0.412344512,377.0,-0.118053,0.10974586
IFIT1,2775.0,0.411248073,495.0,0.610524,0.470868148
IFIT2,1901.0,0.420797646,175.0,-0.045072,0.571720576
IFIT3,843.0,0.417440574,529.0,-0.307741,0.341689342
IFIT5,2354.0,0.414819429,231.0,0.518479,0.44755014
IFITM1,159.0,0.431550176,180.0,0.285445,0.030780662
IFT27,109.0,0.4030938,426.0,-0.69294,-0.087769144
IGFBP3,1605.0,0.43060006,132.0,-1.209898,0.700346646
IGFBP7,558.0,0.392734536,34.0,0.107008,0.814672547
IKBKE,745.0,0.435100597,714.0,1.97617,-0.082429077
IL16,3965.0,0.367979445,2395.0,-1.740386,-0.601469466
IL17RA,5874.0,0.376798811,133.0,-0.447621,-0.433540025
IL1RN,1145.0,0.411881061,408.0,-1.725918,-0.550385007
IL4I1,16.0,0.4139018,621.0,-1.179003,-0.057444648
ILF2,656.0,0.426220446,239.0,0.609271,0.054483842
IMPA2,2898.0,0.383680893,242.0,0.200718,-0.510014015
INO80,5209.0,0.374025479,351.0,-0.848779,-0.761950338
INPP1,263.0,0.395712795,700.0,-1.20199,-0.350007998
INPP5D,1195.0,0.436077769,512.0,-1.321842,-0.390194493
INSR,4801.0,0.380857973,411.0,1.104234,0.418550517
IPO5,2508.0,0.381335948,180.0,-0.302416,-0.156041499
IRF7,92.0,0.423538356,367.0,0.306751,0.001248876
IRF8,1327.0,0.384714127,507.0,-1.934246,-0.138078356
IRF9,369.0,0.432057622,127.0,0.134196,-0.109438422
IRGQ,7659.0,0.399674011,156.0,-0.445696,-0.12192514
ISCU,607.0,0.454630229,1331.0,-0.952005,-0.059701178
ISG15,62.0,0.419522688,77.0,0.692383,-0.001384033
ISG20,952.0,0.419932377,2368.0,0.041022,-0.315629078
ISOC1,1056.0,0.418535314,18.0,-0.446021,-0.847556498
ITGB2,415.0,0.457304004,395.0,-0.930042,-0.710406018
ITPKB,2981.0,0.440250717,340.0,0.019879,-0.043085605
JUNB,496.0,0.414023332,276.0,-0.805586,-0.042121738
JUP,157.0,0.458302936,298.0,0.547625,0.07071384
KANK2,2291.0,0.394238955,361.0,0.303748,0.421970753
KARS,4202.0,0.383913431,144.0,-0.225339,-0.12142799
KDM1A,327.0,0.428444011,149.0,-0.514716,0.121493485
KDM2A,3716.0,0.372295488,864.0,-0.202991,0.043802357
KDM2B,2488.0,0.393022165,407.0,-0.831972,-0.088467811
KDM3B,1327.0,0.37791414,200.0,0.421223,0.404575666
KDM4A,1148.0,0.378142374,166.0,-0.825914,-0.109391662
KHSRP,1024.0,0.456900489,110.0,0.413639,-0.020809917
KIAA2013,727.0,0.385456054,191.0,0.020792,-0.334508859
KIF20A,757.0,0.371463873,496.0,0.011749,-0.774140532
KIF22,75.0,0.392489541,388.0,0.343425,-0.409051825
KIF2C,588.0,0.387865377,395.0,-1.194764,-0.929119084
KIF3B,3792.0,0.390782105,180.0,-0.108266,0.068813199
KIF3C,2392.0,0.403852971,657.0,-1.69754,-0.547074234
KIF5B,3198.0,0.418236129,470.0,0.160301,-0.017043892
KLHL7,3616.0,0.41595405,521.0,-0.542086,0.240882583
KTI12,594.0,0.370414154,39.0,0.109376,0.009721717
LAMP1,1311.0,0.390985106,281.0,0.13298,-0.222348237
LANCL2,2422.0,0.433733517,578.0,-0.166559,-0.438474058
LAP3,503.0,0.426841798,162.0,-0.528358,-1.099162775
LDHD,1826.0,0.398770776,52.0,-0.379313,-0.355907617
LENG1,560.0,0.445950324,48.0,0.979425,0.000345212
LGALS3,159.0,0.420172221,88.0,0.405374,0.157844361
LGALS3BP,1225.0,0.419930622,179.0,0.450651,0.121894679
LGALS9,641.0,0.410654931,118.0,-0.268485,-0.024519191
LIN54,4893.0,0.441729058,383.0,-0.712893,0.234807623
LPCAT1,2228.0,0.380803123,133.0,-0.986442,-0.602860989
LPXN,1776.0,0.432350833,254.0,-0.967471,-0.534739073
LRPPRC,2376.0,0.377375074,58.0,-0.407573,-0.348126201
LRRC25,843.0,0.434491636,642.0,-0.336122,0.10438245
LRRC41,465.0,0.438391248,44.0,-0.389229,-0.217225486
LRRC59,1755.0,0.423067849,236.0,0.195713,-0.57830785
LSM1,486.0,0.409616526,410.0,0.086169,0.141156068
LSM6,1871.0,0.435100303,139.0,0.134881,0.236590917
LTA4H,391.0,0.355044638,145.0,-0.8893,-0.525969636
LYN,4058.0,0.418972994,282.0,-0.731669,-0.657251769
LYPLAL1,1137.0,0.3973742,157.0,1.261916,0.698817673
LYRM4,6830.0,0.366844497,217.0,0.481793,0.10677804
LYSMD2,596.0,0.394037378,501.0,-1.088962,-0.210529256
M6PR,1457.0,0.379162834,275.0,0.229668,-0.362710485
MAD2L1,4528.0,0.407191351,124.0,-0.077509,-0.120511316
MAFB,2032.0,0.405989564,390.0,-0.88425,0.403701262
MAGED2,327.0,0.466698843,233.0,1.578507,0.269931542
MAGOH,153.0,0.416054235,162.0,-0.306807,0.228777282
MAN2B1,128.0,0.381728903,76.0,-0.254361,-0.211497079
MANF,717.0,0.420319188,97.0,-0.046327,-0.142767161
MAP4K1,170.0,0.374128007,140.0,-1.994029,-0.578108515
MARCKSL1,768.0,0.468216312,206.0,0.168961,-0.398404665
MAX,2676.0,0.337149475,479.0,0.257506,0.178229844
MBD2,3723.0,0.420256858,229.0,0.417468,0.211958819
MBP,4041.0,0.393290432,264.0,0.43343,0.007104517
MCM2,662.0,0.460999542,110.0,-0.014164,-0.899730569
MCM4,2618.0,0.371821308,942.0,0.13903,-0.874483872
MCM5,3214.0,0.470488076,94.0,-0.213534,-0.942226797
MDC1,658.0,0.415783633,440.0,0.090932,0.017724544
MDH1,210.0,0.381672323,435.0,-0.501136,-0.353472153
ME1,1535.0,0.411214685,265.0,3.50818,0.481206014
ME3,171.0,0.395156177,377.0,-2.424572,-0.377652103
MECR,1365.0,0.445670958,612.0,-0.961295,-0.23185204
MED17,2631.0,0.366528813,275.0,0.330274,0.106882571
MED19,934.0,0.439623042,93.0,0.986742,-0.23489652
MED28,10307.0,0.440157501,27.0,-0.823165,0.076049097
MED29,4550.0,0.464327351,57.0,0.031211,-0.093308222
MEF2C,6848.0,0.41426337,654.0,-0.552498,0.418445737
MEN1,824.0,0.454590692,504.0,0.546675,-0.071760129
METTL13,961.0,0.396264071,347.0,0.572017,0.180325727
MGST3,1295.0,0.374563048,428.0,-0.125797,-0.465605762
MIF4GD,787.0,0.397877071,137.0,0.556923,0.023796468
MINK1,774.0,0.455972684,525.0,-0.143026,-0.387922885
MIS12,1334.0,0.420723459,745.0,0.306733,0.007442155
MLEC,5319.0,0.43043384,173.0,-1.155238,-0.638533518
MLLT10,2252.0,0.36295117,1568.0,-1.055159,0.326778939
MLX,1636.0,0.386664187,65.0,-0.286151,-0.100207353
MMACHC,1852.0,0.382684622,371.0,-0.548873,0.068890221
MMADHC,5382.0,0.406207656,205.0,0.014973,-0.289155241
MMGT1,4451.0,0.406300672,388.0,0.130641,-0.246102561
MMP1,502.0,0.392399458,189.0,-1.88518,-0.515852697
MMP14,1722.0,0.419367787,285.0,-0.172484,-0.130506445
MMP9,193.0,0.404253633,19.0,0.823998,-0.430044295
MORC3,2052.0,0.406702124,375.0,0.242159,0.228676497
MORF4L1,1066.0,0.420719378,454.0,-0.843204,-0.401282209
MOV10,619.0,0.412681236,1415.0,-0.549234,-0.360765007
MPDU1,797.0,0.440676037,216.0,0.795529,-0.21536815
MPHOSPH10,87.0,0.404440607,352.0,-0.87888,-0.295260168
MRI1,2018.0,0.459301832,75.0,0.777249,0.616324487
MRPL13,1075.0,0.395373051,313.0,0.358916,0.197279422
MRPL15,1888.0,0.407701507,63.0,0.223952,0.298835489
MRPL16,212.0,0.368940255,214.0,0.39675,0.00714159
MRPL17,6554.0,0.424450505,105.0,0.712184,0.269215264
MRPL2,580.0,0.458698472,164.0,0.565717,-0.26207209
MRPL20,187.0,0.445765675,96.0,-0.469793,0.098623491
MRPL21,55.0,0.417448467,293.0,0.30032,0.228593428
MRPL27,2133.0,0.436300758,31.0,0.334691,0.146773385
MRPL40,113.0,0.406843086,653.0,-0.452201,0.049128159
MRPL46,1889.0,0.422788385,25.0,-0.844932,0.049406739
MRPL48,1284.0,0.368940255,212.0,0.888622,-0.053950881
MRPL51,2069.0,0.35376587,169.0,0.464331,0.234844855
MRPL53,198.0,0.441261883,155.0,-0.176949,0.049755581
MRPL9,407.0,0.432679379,437.0,0.563588,0.407103727
MRPS11,2793.0,0.477818717,1491.0,-0.479264,0.064149469
MRPS15,468.0,0.440649404,164.0,-0.669524,-0.490953682
MRPS17,1334.0,0.413812124,30.0,0.279812,-0.068112811
MRPS18B,936.0,0.408462865,157.0,0.627001,0.074747668
MRPS36,933.0,0.3748339,84.0,0.86647,0.019278123
MRPS7,453.0,0.455992019,233.0,-0.33743,-0.106728565
MSI2,5168.0,0.366385762,173.0,1.850373,0.38017607
MSTO1,694.0,0.421389639,1152.0,0.145836,-0.008779008
MT1E,291.0,0.588704726,179.0,-3.044364,-1.631518264
MT2A,316.0,0.576670685,123.0,-0.567919,-1.795456597
MTA2,684.0,0.459443446,761.0,0.026139,0.179131719
MTFMT,1550.0,0.414190941,26.0,-0.641912,-0.105907524
MTHFS,1663.0,0.434592403,179.0,-0.080679,-0.436117784
MTMR1,2442.0,0.424163835,319.0,0.203041,-0.055791645
MTMR14,421.0,0.371137969,151.0,0.006656,0.031442604
MVP,50.0,0.435053297,193.0,0.691478,0.26428282
MX1,456.0,0.433488503,982.0,-0.001012,0.139848809
MX2,1812.0,0.430094961,104.0,-0.677545,0.315853874
MYADM,2833.0,0.384589896,681.0,0.870086,-0.144315034
MYCBP,3972.0,0.381803634,73.0,0.269134,0.099261511
MYL12A,812.0,0.453450746,478.0,0.158965,0.099663106
MYO18A,3647.0,0.395788337,484.0,-0.777046,-0.379392912
MYO9B,1401.0,0.398943925,152.0,-0.107578,-0.11890361
N6AMT1,5137.0,0.427535625,28.0,-0.198841,0.046884276
NAA40,3212.0,0.389371031,261.0,-0.445475,0.240243601
NAB1,2433.0,0.361024962,572.0,-0.237709,-0.126347619
NADK,1672.0,0.3959688,563.0,-0.726633,-0.082923134
NADSYN1,464.0,0.447848979,126.0,0.313608,0.046189076
NAGK,1297.0,0.42527382,474.0,-0.617354,-0.305524417
NANS,37.0,0.458552255,132.0,1.555363,0.545327296
NAPA,1862.0,0.477781443,318.0,0.763044,0.070482873
NAT10,4915.0,0.387474071,245.0,0.253935,-0.482076673
NBAS,140.0,0.414580543,44.0,-0.629504,-0.053520722
NCALD,2767.0,0.374888213,460.0,-1.812987,-0.567822358
NCAPD3,2971.0,0.431957579,606.0,0.783039,-0.027747941
NCAPG2,3501.0,0.41630572,200.0,-0.176626,-0.382356381
NCF1,2381.0,0.415579251,70.0,-0.508296,-0.341160983
NCK2,1267.0,0.457831152,276.0,-1.355564,-0.260217182
NCKIPSD,4981.0,0.449411541,126.0,-0.206104,0.004865228
NCOA5,1332.0,0.416761948,402.0,0.202659,0.045943144
NCOA7,3259.0,0.404217869,470.0,-0.653405,-0.072686607
NDC80,61.0,0.356199389,182.0,-0.052677,-0.259410571
NDRG2,841.0,0.376266446,941.0,-0.152414,-0.578987587
NDUFA4,1685.0,0.439642808,129.0,-0.006772,-0.434837689
NEU1,667.0,0.413226082,156.0,0.717382,-0.128988782
NFATC2IP,3242.0,0.412267479,15.0,0.524558,0.42194336
NFKB1,708.0,0.4099683,467.0,-0.595385,-0.230738961
NFKB2,153.0,0.424806573,563.0,0.160327,-0.011729197
NFKBIE,1053.0,0.409138176,25.0,0.037584,-0.164421863
NGDN,1255.0,0.423783924,27.0,-0.073854,-0.298246028
NGRN,1679.0,0.414477409,50.0,-0.390821,-0.231579813
NINJ1,5217.0,0.455972644,71.0,-0.116225,0.29479541
NIP7,1593.0,0.443769116,318.0,-0.197466,-0.223822425
NIT2,2351.0,0.432361565,74.0,0.565635,0.365990093
NMNAT3,2689.0,0.397393877,1228.0,0.070585,0.088459181
NMT1,3377.0,0.454689408,31.0,-0.565936,-0.159530303
NONO,1092.0,0.432928506,710.0,0.419775,0.01890588
NOP14,912.0,0.38067473,187.0,0.179805,-0.340168546
NOP2,785.0,0.393538298,198.0,0.383871,-0.785301061
NOTCH2,6062.0,0.409327653,297.0,-1.053338,-0.081865798
NPTN,1068.0,0.388989686,197.0,0.481109,0.127954156
NR2C2,6271.0,0.390767743,362.0,-0.838254,0.070717719
NRBF2,883.0,0.43605128,224.0,-0.336778,-0.161550663
NRF1,1901.0,0.447602651,500.0,-0.061342,-0.049252557
NRGN,833.0,0.413631862,152.0,1.539994,0.206290813
NRP1,3846.0,0.416817106,523.0,0.020024,0.393271957
NSFL1C,1587.0,0.42738001,868.0,0.00337,0.051634168
NSMAF,602.0,0.358586884,214.0,-0.095568,0.074544054
NTAN1,178.0,0.344459601,320.0,0.411742,0.349620947
NUBP1,246.0,0.455923678,142.0,1.4418,0.6363248
NUCKS1,5461.0,0.359398328,271.0,0.275861,0.594092836
NUDC,716.0,0.476401948,127.0,0.178349,-0.226399098
NUDT16,5489.0,0.428387545,75.0,-0.485115,0.111503433
NUMA1,663.0,0.474508115,436.0,0.991637,0.144069957
NUP93,5678.0,0.382018893,495.0,-0.659078,0.111310297
NXF1,2943.0,0.375826754,136.0,-0.099233,0.260016489
OCIAD2,4872.0,0.363821488,322.0,-0.034747,-0.432327383
OGDH,1071.0,0.396078149,159.0,-0.294241,-0.111757136
OPA3,7233.0,0.475004358,100.0,-0.296226,-0.119065745
OSBPL2,2363.0,0.383456763,571.0,-0.326049,-0.119452967
OSBPL5,1099.0,0.381371042,158.0,0.58485,-0.086501207
OVCA2,792.0,0.429983078,65.0,0.434058,0.143271425
P2RX4,573.0,0.442596273,304.0,-0.06163,-0.464318067
PAAF1,509.0,0.376143366,341.0,0.465099,0.08037294
PACSIN2,1591.0,0.413490434,405.0,-0.534078,-0.320586744
PARK7,451.0,0.457171775,163.0,0.120582,-0.151712314
PARP1,769.0,0.460215809,171.0,0.395541,0.015960351
PARP10,332.0,0.422654659,200.0,0.180247,0.116603359
PARP12,816.0,0.416480622,874.0,0.311524,0.137267695
PARP14,2243.0,0.414355918,59.0,-0.977355,-0.304810664
PARP9,451.0,0.418102187,327.0,-0.357573,0.362628384
PARVG,2043.0,0.383803232,484.0,-1.21551,-0.011319529
PBK,750.0,0.413339119,464.0,0.647623,-0.728729422
PCNA,338.0,0.425000199,239.0,0.259778,-0.232534652
PDAP1,2007.0,0.464659554,134.0,-0.016599,0.006638456
PDCD2,155.0,0.440448783,111.0,0.34715,0.180197723
PDCD2L,48.0,0.433436103,33.0,0.197798,-0.065762844
PDCD6IP,3211.0,0.388727459,158.0,-0.149452,0.053653031
PDHA1,2054.0,0.402514578,145.0,0.332008,0.302982144
PDHB,2974.0,0.442593378,43.0,0.413673,0.238844555
PDLIM1,357.0,0.379179626,233.0,2.726043,1.289452458
PDXDC1,2055.0,0.375670185,335.0,1.021717,0.607591801
PDXK,6244.0,0.398158884,198.0,-0.998646,-0.073625954
PEBP1,796.0,0.360152166,326.0,-0.601898,-0.345604812
PEF1,769.0,0.441759403,424.0,-0.756649,-0.043889998
PELO,5222.0,0.385240523,985.0,0.453591,0.133633193
PEPD,395.0,0.450896903,133.0,-0.850826,-0.021270343
PEX16,585.0,0.43213601,312.0,1.292495,0.040228749
PEX6,946.0,0.370078344,93.0,-0.687016,-0.041956194
PEX7,2294.0,0.407005497,102.0,1.714715,0.926121689
PFDN5,124.0,0.497062947,117.0,0.005279,0.022203296
PFDN6,574.0,0.470152145,222.0,1.201261,0.054324774
PGM1,570.0,0.393980016,681.0,-0.226777,0.143870408
PHB,988.0,0.45268542,190.0,0.039732,-0.159918248
PHF10,104.0,0.365149381,79.0,-0.605513,0.259267972
PI4K2A,2692.0,0.385068362,57.0,-0.04244,-0.276966802
PIAS1,3626.0,0.396022529,741.0,-1.10705,-0.064798574
PIK3AP1,3866.0,0.407313024,128.0,-1.398867,-0.451034866
PIR,205.0,0.385796208,485.0,0.835347,0.18187772
PITPNC1,4686.0,0.369070722,874.0,-0.999636,-0.368840943
PLA2G4C,585.0,0.406173977,398.0,1.785161,0.093896688
PLA2G7,1187.0,0.402486321,269.0,-3.008245,-0.327423574
PLAUR,323.0,0.418467601,226.0,-0.794327,0.389763287
PLCB2,818.0,0.468984469,301.0,-1.568881,-0.1236065
PLCG1,3987.0,0.454806205,121.0,-1.062269,-0.437174003
PLD4,273.0,0.377985619,192.0,-1.826722,0.03325457
PLEKHO1,5192.0,0.424698037,839.0,-0.644873,-0.004030084
PLEKHO2,2119.0,0.429714475,134.0,-0.734988,-0.146410058
PLSCR1,10376.0,0.415598704,388.0,0.197684,0.680464202
PML,3324.0,0.431306474,140.0,-0.668122,0.025832824
POLR1C,1131.0,0.439933821,86.0,0.305998,0.137692807
POLR1D,1469.0,0.427162265,456.0,0.256399,0.29767103
POLR2F,1600.0,0.47244007,250.0,0.354002,0.153963824
POLR2H,1065.0,0.427596015,1167.0,0.376548,0.079158487
POLR3H,3481.0,0.444306047,388.0,-0.555518,0.46336491
POLR3K,1023.0,0.473025152,46.0,1.154551,0.55497761
PPA2,660.0,0.432735716,20.0,-0.136698,0.076092586
PPIE,4556.0,0.446406574,56.0,-0.38429,-0.337052029
PPIL1,1921.0,0.453832883,252.0,-0.110749,-0.00544037
PPP1R14B,282.0,0.457456004,268.0,0.21595,-0.044107193
PPP1R3G,2923.0,0.390061911,0.0,-1.815025,1.239976959
PRC1,1136.0,0.367783806,234.0,-0.496798,-0.463709815
PRCC,357.0,0.381841119,290.0,0.480455,0.07340892
PRDX1,303.0,0.414090753,341.0,-0.111225,-0.323688445
PRDX6,944.0,0.433706552,51.0,1.12439,0.390804028
PREB,658.0,0.378530018,403.0,-0.645839,-0.240804359
PREP,579.0,0.425974009,233.0,0.142362,-0.393218679
PRG4,784.0,0.366727173,51.0,1.178703,0.19742573
PRIM2,1166.0,0.350864643,125.0,0.679863,-0.055944223
PRKAB1,1305.0,0.365943644,289.0,0.182422,0.454749541
PRKAR2A,5019.0,0.427443141,254.0,-0.356459,0.268083331
PRKCB,5795.0,0.38010529,197.0,-1.931519,-0.724856569
PRKCD,451.0,0.404392693,469.0,0.926485,-0.161927056
PRKRA,683.0,0.420894136,659.0,-0.342781,0.065717094
PRKRIP1,3224.0,0.453589322,55.0,0.006086,-0.295340736
PRMT5,393.0,0.386451423,508.0,0.191817,-0.0295514
PRMT7,3655.0,0.450088803,850.0,0.59747,-0.477275503
PROCR,549.0,0.357872186,218.0,-0.554114,0.170310864
PRPS1,3908.0,0.466551451,409.0,-0.0312,-0.291510137
PRPSAP1,2056.0,0.390811115,688.0,-0.668584,-0.199189448
PRRC1,3173.0,0.409170839,188.0,0.418775,0.011188392
PSMA5,2997.0,0.446573967,225.0,-0.127279,-0.019479179
PSMA6,187.0,0.423632682,445.0,0.613291,0.094497521
PSMB10,58.0,0.455018511,128.0,0.720902,-0.231309015
PSMB2,3775.0,0.389848815,412.0,-0.249162,0.015437084
PSMB8,242.0,0.411206622,522.0,-0.023766,-0.03193119
PSMB9,5497.0,0.431095699,69.0,-0.37445,-0.182878845
PSMC3,66.0,0.485654947,194.0,0.774702,0.188015219
PSMD11,2567.0,0.390095635,61.0,0.293787,0.146338208
PSMD13,384.0,0.437236365,242.0,0.553985,0.007547266
PSMD8,450.0,0.458928351,52.0,0.524964,0.016226492
PSME2,53.0,0.443656162,65.0,-0.137589,-0.495296372
PSMG1,5308.0,0.427553471,578.0,0.128115,-0.088676614
PSTPIP2,1923.0,0.429639796,96.0,1.276919,0.398538095
PTBP1,1504.0,0.473818895,106.0,0.52271,0.287305541
PTDSS1,3765.0,0.367954205,423.0,-0.364321,-0.030181082
PTGS1,3346.0,0.37260918,633.0,-0.884227,0.142769851
PTP4A1,3419.0,0.421202001,1153.0,0.918207,-0.257866229
PTPMT1,1899.0,0.450492628,193.0,0.086873,0.329181292
PTPN18,2185.0,0.381656528,101.0,0.155737,-0.177007938
PTPN7,1593.0,0.440747449,781.0,-1.221026,-0.422878084
PTPRE,2994.0,0.426620112,1843.0,0.475426,0.075584812
PTPRF,4571.0,0.452810321,356.0,-0.538246,0.147961022
PTRH2,3186.0,0.370743372,1544.0,0.163652,-0.332980347
PWWP2B,819.0,0.424412275,29.0,-0.735546,-0.3275808
PYCR2,578.0,0.474148407,230.0,1.034283,0.000765827
PYGL,175.0,0.392036998,127.0,2.939728,0.886745621
QARS,97.0,0.458996209,396.0,-0.473033,-0.078247077
RAB11FIP1,4277.0,0.380614122,56.0,0.999696,0.057398531
RAB12,1120.0,0.38483812,283.0,-1.18057,-0.550049089
RAB21,5246.0,0.435367738,267.0,0.488269,-0.079606125
RAB31,3231.0,0.437498832,175.0,-1.097715,-0.106499084
RAB35,2172.0,0.408841719,189.0,-0.460027,-0.431545767
RAB7A,1376.0,0.419395127,232.0,-0.254876,-0.606283505
RAB8B,4163.0,0.425956778,96.0,-1.627904,-0.419588509
RAB9A,1716.0,0.417525007,283.0,0.688152,-0.067917877
RABGGTA,77.0,0.387342734,512.0,0.783343,0.024293083
RABGGTB,440.0,0.409412379,78.0,-0.130535,0.092527897
RABIF,4760.0,0.447399225,159.0,0.772499,-0.040858071
RACGAP1,1895.0,0.366370127,354.0,0.268406,-0.451066714
RAD9A,924.0,0.444046557,185.0,0.447428,0.125978213
RAE1,1112.0,0.432613552,365.0,-0.131029,0.195821266
RAI1,1472.0,0.455620822,469.0,0.006029,0.013070289
RAN,2043.0,0.442855294,361.0,0.387025,0.029648768
RANBP10,3359.0,0.379453562,1256.0,-0.257686,-0.061672181
RANGAP1,3145.0,0.481547647,765.0,-0.31304,-0.075946131
RAPGEF1,2727.0,0.425793135,159.0,-0.502446,-0.036224168
RARS,114.0,0.423508657,41.0,0.581123,0.246790564
RASGRP4,985.0,0.374724859,214.0,-1.48226,0.266644309
RBBP4,6506.0,0.404056961,164.0,-0.368646,-0.196869156
RBBP5,3098.0,0.421849625,474.0,0.849428,0.276277765
RBKS,251.0,0.392307233,1371.0,-0.587893,-0.441135144
RBM12,3599.0,0.375183789,304.0,-0.181728,0.082750222
RBM14,3443.0,0.468008211,139.0,0.24395,0.115756885
RBM4B,5277.0,0.396841232,170.0,0.61266,0.552584728
RBMX,1201.0,0.353737079,210.0,-0.124295,0.082493317
RBPJ,4223.0,0.4178224,518.0,-1.016862,-0.229729157
RBX1,821.0,0.46562919,52.0,0.245291,-0.4341798
RC3H1,7637.0,0.410085914,87.0,-0.416821,0.165689039
RCCD1,1773.0,0.374130224,280.0,-0.157874,0.038161476
RCOR1,4070.0,0.439565312,228.0,0.057448,-0.041982195
REEP4,591.0,0.460338979,469.0,0.855474,0.004158788
REEP5,2962.0,0.457536941,144.0,0.441418,0.047713558
RELB,408.0,0.418226182,131.0,0.004742,0.066563732
REPIN1,2683.0,0.45080531,489.0,-0.281807,-0.371173525
RFC4,89.0,0.411167541,282.0,-0.225266,-0.191093446
RFK,1882.0,0.429285662,357.0,0.988504,0.506135621
RFX5,1546.0,0.386685917,221.0,-0.553021,-0.371315669
RFXAP,1850.0,0.421314391,156.0,-0.308925,0.866995542
RHBDF2,740.0,0.423256567,294.0,-0.55636,-0.487451479
RHOT2,568.0,0.454546166,881.0,0.540341,0.130671874
RNASE2,179.0,0.384567964,71.0,-2.024148,-0.880609896
RNASEH1,4369.0,0.404567903,700.0,-0.657049,0.114209937
RNASEH2B,3930.0,0.37625722,399.0,0.738654,0.133730316
RNASET2,1070.0,0.374792559,407.0,0.028455,0.010707685
RNF114,1751.0,0.459950313,36.0,-0.539884,-0.356568289
RNF167,289.0,0.375291206,776.0,0.523265,-0.117055348
RNF20,5226.0,0.396317502,92.0,0.328586,-0.127244508
RNF213,5288.0,0.417718743,150.0,-0.512636,-0.266831062
RNF216,2819.0,0.430061571,259.0,-0.478562,-0.085230917
RNF25,102.0,0.375620157,88.0,-0.366555,-0.289154324
RNF31,88.0,0.389352607,358.0,0.13244,0.195159468
RNLS,1252.0,0.416402283,135.0,0.299829,0.291826418
RNMT,4581.0,0.415128602,241.0,-0.480128,0.15477874
RNPEP,463.0,0.447181346,896.0,0.96755,0.216209855
RPA1,2907.0,0.381710028,170.0,0.302724,0.14154616
RPA2,639.0,0.400070522,793.0,-0.148222,0.075281514
RPAIN,471.0,0.394698889,570.0,-0.00028,0.23837719
RPL11,461.0,0.442317923,45.0,-0.71721,-0.189801824
RPL14,5208.0,0.496792394,133.0,0.126039,-0.667153482
RPL23,3146.0,0.464880603,90.0,-0.367879,-0.102135474
RPL26,53.0,0.427802183,389.0,0.290911,-1.004098348
RPL31,1260.0,0.451994935,87.0,-0.583591,-0.538472431
RPL34,1350.0,0.436455219,198.0,-0.67656,-0.886406007
RPL5,1058.0,0.451564158,75.0,-0.857754,-0.644779735
RPL7,1077.0,0.460258279,707.0,0.228826,-1.134588883
RPS11,373.0,0.483080585,92.0,0.172899,-0.061239688
RPS24,4247.0,0.430653047,142.0,-0.064898,-0.680530701
RPS25,109.0,0.467193878,63.0,0.265977,-0.300715469
RPS27A,743.0,0.450449292,321.0,-0.895916,-0.173912082
RPS3A,306.0,0.426765211,80.0,-0.768238,-0.238722242
RPS4X,629.0,0.442998752,96.0,0.379101,-0.026748562
RPS6,2723.0,0.413925579,42.0,0.040211,-1.094608742
RPS6KA1,828.0,0.389798854,163.0,0.319128,-0.189546272
RPS6KA4,735.0,0.38455359,226.0,-0.121875,-0.150698349
RPS7,66.0,0.428822459,109.0,-0.951945,-0.239695501
RPTOR,2341.0,0.385169267,805.0,-0.414171,-0.149004616
RREB1,3012.0,0.456825357,492.0,0.399779,0.123423905
RRM1,2304.0,0.437568848,689.0,0.776283,0.676816904
RRP8,5071.0,0.446233376,148.0,0.505313,0.005369247
RRS1,978.0,0.468289248,104.0,0.613482,-0.848257656
RTN3,1690.0,0.358048129,187.0,0.272513,-0.127925646
RTN4IP1,1108.0,0.372133716,477.0,-0.148257,-0.231224916
RUNX1,4334.0,0.416076551,1578.0,-1.736395,0.032450238
RWDD1,6365.0,0.401367905,746.0,0.346082,0.333332039
S100A8,71.0,0.444112716,170.0,-1.871487,-2.183201153
S100A9,189.0,0.439508357,43.0,1.31889,-2.554866009
SAMD9,1815.0,0.395660052,270.0,-0.477643,-0.039800931
SAMD9L,1162.0,0.396305952,1248.0,-1.418084,-0.083261617
SAMM50,150.0,0.345249646,197.0,-0.236822,-0.109048962
SAMSN1,684.0,0.407246581,430.0,-0.815381,-0.166698893
SAP18,1754.0,0.427429047,39.0,0.524606,-0.098762348
SAP30BP,1541.0,0.449617255,257.0,-0.42938,-0.163598957
SAR1A,5213.0,0.411769389,203.0,-0.134439,-0.112152389
SAR1B,5806.0,0.392367964,253.0,0.869957,0.018287963
SARS,1054.0,0.40098191,100.0,-0.63928,-0.297260021
SASH3,1369.0,0.387406112,182.0,-1.397627,-0.375945636
SCAMP4,1741.0,0.472519575,351.0,1.005763,-0.022876238
SCO1,8645.0,0.407339367,61.0,0.121505,0.194936098
SDCCAG8,307.0,0.360606297,1542.0,0.121928,-0.096845714
SEC11C,205.0,0.423646802,92.0,0.739553,-0.037801775
SEC13,332.0,0.457264526,210.0,0.145896,0.221309669
SEC14L1,2986.0,0.420320088,665.0,-0.518785,-0.340714432
SEC22A,2559.0,0.422343815,79.0,-0.231902,-0.386638433
SEC24B,1221.0,0.400931805,155.0,-0.371626,0.096958814
SEC24D,2115.0,0.386600041,297.0,0.313872,0.268222638
SEC61B,270.0,0.404562259,76.0,0.598047,-0.127923125
SEMA3F,960.0,0.38837398,318.0,0.185994,0.252557903
SEMA4A,755.0,0.412797256,345.0,-0.602796,-0.106507209
SEMA4D,2318.0,0.393173667,572.0,-0.339333,-0.108409694
SERPINA1,1707.0,0.420489385,573.0,-2.670986,0.655626997
SERPINB8,2096.0,0.38524815,520.0,-0.410717,0.399528741
SETMAR,321.0,0.414235412,398.0,0.524243,0.760575795
SEZ6L2,540.0,0.431800162,245.0,1.464292,0.670849716
SF1,2419.0,0.374481437,721.0,0.17272,0.078893956
SF3B2,563.0,0.453902675,40.0,0.177348,0.07566148
SFXN4,500.0,0.402513841,45.0,0.062506,0.230829492
SH3BP1,433.0,0.395530944,313.0,-1.075465,-0.354713408
SH3PXD2B,4870.0,0.420952884,171.0,-0.912494,-0.106599385
SHMT1,4335.0,0.394510245,509.0,-0.44436,-0.560940001
SIGLEC1,1590.0,0.42099348,0.0,-0.11432,0.081231281
SIPA1,2933.0,0.437718847,296.0,-0.035422,0.0201317
SIRPA,3027.0,0.429235057,360.0,-1.381727,-0.214818426
SKP1,8791.0,0.433886974,179.0,0.504578,0.133815234
SLBP,3046.0,0.391438372,553.0,-0.701062,-0.584814564
SLC25A10,1929.0,0.386184273,191.0,-0.026189,-0.1987597
SLC25A19,477.0,0.386093473,224.0,-0.497359,-0.637860563
SLC25A20,787.0,0.382641976,199.0,-0.180745,-0.012064312
SLC25A3,504.0,0.383836987,354.0,-0.861259,-0.787744714
SLC25A40,2688.0,0.363984785,375.0,0.285694,0.27633124
SLC25A6,450.0,0.487227384,137.0,0.27066,-0.170449696
SLC27A3,163.0,0.439664345,91.0,1.292736,-0.099342045
SLC29A1,2913.0,0.455987116,491.0,1.031794,0.158130724
SLC39A10,2661.0,0.346494338,214.0,0.108757,0.490369767
SLC44A1,8291.0,0.4365497,264.0,0.959332,0.114503863
SLC9A3R1,709.0,0.400889529,235.0,0.420154,-0.137335174
SMAP2,1225.0,0.404145004,415.0,-0.367015,-0.083864853
SMC1A,5954.0,0.490702048,340.0,0.32008,0.144512125
SMG5,1363.0,0.383248033,540.0,-0.488286,0.065864893
SMS,2660.0,0.417677888,252.0,-0.575775,-0.517364349
SMYD3,223.0,0.378821529,130.0,1.793574,0.635719973
SNRNP200,676.0,0.454045162,132.0,-0.744763,-0.119890676
SNRPC,474.0,0.427936125,450.0,0.516114,0.100345254
SNRPD1,4386.0,0.384326147,161.0,0.101371,0.162093221
SNRPN,279.0,0.390283395,1145.0,-1.0143,-0.066913318
SNX24,5071.0,0.338464018,185.0,0.628836,0.281717877
SNX30,6144.0,0.426743352,148.0,0.983506,0.463738668
SNX33,5086.0,0.383330712,96.0,-0.676537,0.080195011
SOD1,353.0,0.438546885,148.0,0.876166,0.205503541
SOD2,13436.0,0.435065133,1828.0,-0.193636,0.292690331
SP110,3922.0,0.401738483,258.0,-0.844119,-0.617865204
SPC24,1691.0,0.381793277,320.0,0.181434,-0.405116277
SPC25,540.0,0.373816265,131.0,0.126786,-0.486687997
SPCS1,3333.0,0.417439524,205.0,0.465745,-0.373800851
SPI1,383.0,0.406748349,223.0,-0.424292,0.060515281
SPRYD4,1406.0,0.430591965,75.0,0.135272,0.007038016
SQSTM1,1485.0,0.412192979,360.0,1.019194,-0.186590623
SRC,2671.0,0.437602812,449.0,-0.351811,-0.037139927
SRGAP2,3018.0,0.377689891,542.0,-0.452526,0.040476757
SRI,5365.0,0.424260151,79.0,-0.113617,-0.000695681
SRP19,2645.0,0.430943803,189.0,0.388508,-0.07751005
SRPRB,1784.0,0.427990824,285.0,-0.251665,-0.499162657
SRR,1392.0,0.393840903,354.0,0.767129,0.55700073
SRXN1,2099.0,0.37663928,185.0,-0.117846,0.050272739
SS18L2,777.0,0.45997865,208.0,-0.056833,0.027517948
SSH1,5298.0,0.373517564,146.0,-1.21722,0.020533122
SSH3,2595.0,0.376349937,178.0,1.318622,0.389443843
SSR2,592.0,0.425839932,80.0,1.179104,-0.197863575
SSR3,3698.0,0.388415977,156.0,0.064609,-0.076664072
SSR4,87.0,0.444947593,150.0,0.726844,0.255991101
SSRP1,422.0,0.394601844,267.0,0.473948,-0.238618351
SSU72,400.0,0.445120823,325.0,-0.285093,-0.008899299
ST13,3666.0,0.439823793,468.0,-0.362448,-0.475353044
ST14,553.0,0.454138745,193.0,1.204423,0.231162605
ST3GAL4,594.0,0.39537481,557.0,0.765805,0.297899897
STAP1,541.0,0.398288494,113.0,-2.242409,-0.63989714
STARD10,1682.0,0.427301627,944.0,-0.401392,-0.645651253
STAT1,3294.0,0.408136156,388.0,-0.84816,-0.42099163
STAT2,1791.0,0.409862748,203.0,-0.382471,0.14271284
STAT6,1168.0,0.380869476,499.0,-0.108852,0.021089442
STMN1,1138.0,0.394107416,364.0,-0.574335,-1.072784744
STOM,2222.0,0.387137797,117.0,1.101468,1.652278973
STOML2,531.0,0.456962681,143.0,0.333194,0.193791988
STX11,4481.0,0.457080677,192.0,-1.192236,0.0152587
STX3,5058.0,0.403902965,547.0,0.025409,0.154398013
STX7,14891.0,0.417568039,327.0,-0.008007,-0.355603834
STX8,107.0,0.378438911,150.0,0.708737,0.118120419
SUCLG1,223.0,0.43877655,193.0,-0.644798,-0.225327067
SUFU,3380.0,0.361614756,191.0,-0.067853,0.394937086
SUMF1,999.0,0.37076871,37.0,0.227258,0.097229727
SUPT4H1,1112.0,0.438747077,103.0,-0.027196,0.054215687
SURF2,1720.0,0.440503417,48.0,0.522597,-0.071547833
SURF4,2281.0,0.385472445,476.0,0.409148,-0.04255656
SURF6,4908.0,0.42467207,78.0,0.131623,-0.757091092
SYTL1,80.0,0.364244725,197.0,-0.932139,-0.379258276
TACC3,165.0,0.385699108,155.0,-0.894057,-0.797433008
TADA2B,3064.0,0.464060586,151.0,-0.607111,0.180669844
TAF12,689.0,0.435926756,522.0,-0.160789,0.079844359
TAP2,5256.0,0.374969764,175.0,-0.586445,-0.61446655
TATDN2,2040.0,0.415810908,581.0,-0.476579,-0.181464714
TBC1D20,3109.0,0.435441414,148.0,-0.373675,0.030062602
TBC1D9B,1396.0,0.395340616,37.0,0.205526,0.191035186
TBCC,556.0,0.434161456,73.0,0.637394,0.212629443
TCEAL3,260.0,0.368171822,262.0,0.855155,0.671707746
TCEAL4,3020.0,0.432120515,489.0,0.969754,1.022327875
TCOF1,1640.0,0.41523122,108.0,0.593667,0.176805195
TDP1,1721.0,0.418036689,317.0,0.085257,0.312387432
TDRD7,242.0,0.375852104,234.0,0.598547,0.408128754
TDRKH,973.0,0.419795099,182.0,-0.455475,-0.254130843
TEP1,2777.0,0.379550228,40.0,-0.737525,-0.153729957
TFE3,1431.0,0.379068139,541.0,-0.287396,0.0700992
TFEB,621.0,0.429366592,302.0,-1.350713,0.004946218
THADA,112.0,0.415199561,352.0,-0.286555,-0.014383226
THBD,2144.0,0.448063145,160.0,-0.603865,0.507922604
THUMPD1,2715.0,0.455087735,225.0,0.086053,0.580813307
THYN1,205.0,0.377954149,484.0,-0.351919,-0.074029957
TIMM50,3932.0,0.424829064,722.0,0.273805,0.077700238
TIMM8B,2046.0,0.447942532,30.0,0.527562,-0.172158073
TK2,3965.0,0.360054507,593.0,-0.245179,0.152997041
TLE1,571.0,0.374791795,1295.0,1.491709,0.564874123
TM9SF2,2020.0,0.372522209,233.0,0.319449,0.00608908
TMED3,1710.0,0.439016102,188.0,-0.445928,-0.700225497
TMED9,708.0,0.44685712,67.0,0.638121,-0.050781317
TMEM126A,52.0,0.406087664,295.0,0.420937,0.236368061
TMEM199,2431.0,0.370998168,90.0,-0.296154,-0.626665256
TMEM63A,1407.0,0.385482014,622.0,-0.098982,-0.517960684
TMOD1,2050.0,0.392927141,213.0,-1.395173,-0.388765918
TMSB10,278.0,0.470652003,95.0,-0.562575,-0.726320794
TNFAIP2,2079.0,0.44214387,131.0,-0.532793,-0.447444947
TNFAIP3,1995.0,0.416242917,370.0,-1.420484,0.046046721
TNFAIP8L2,497.0,0.440670719,126.0,0.452232,-0.103791341
TNIP1,770.0,0.448321216,241.0,-0.00186,0.017049521
TNK2,822.0,0.420245651,543.0,0.063941,0.243355288
TNPO2,2070.0,0.408799881,358.0,-0.129348,0.18351551
TNRC18,1316.0,0.449521205,349.0,0.07818,0.038541465
TOMM5,518.0,0.441712708,107.0,0.343867,-0.522766058
TOP2A,1003.0,0.364102812,159.0,-0.129347,-1.224066171
TOR1A,3160.0,0.446121485,77.0,0.424878,0.148746083
TPD52L2,1600.0,0.385071878,138.0,-0.713676,-0.298044777
TPI1,620.0,0.479135356,527.0,0.534447,0.494516207
TPM1,757.0,0.403626605,257.0,1.542336,0.483024708
TRAF1,7433.0,0.438949906,572.0,-1.744903,-0.419391762
TRAF3,5716.0,0.386659664,353.0,-0.533381,-0.182433058
TRAF6,6100.0,0.426668941,381.0,0.67687,0.38354274
TRAPPC3,634.0,0.441060625,519.0,-0.696425,-0.193284248
TRAPPC5,42.0,0.453352607,241.0,0.955002,0.076542213
TRAPPC6B,2539.0,0.437369008,335.0,-0.373509,0.226862516
TRAPPC9,3079.0,0.431357199,134.0,0.232167,0.045721771
TRIM11,3522.0,0.453298916,255.0,0.971991,-0.215135816
TRIM13,5308.0,0.419190719,763.0,0.151648,-0.364224856
TRIM14,3117.0,0.369225689,165.0,-0.354306,0.00186552
TRIM22,1215.0,0.424423711,379.0,-0.811033,0.075994593
TRIM26,1431.0,0.384319522,565.0,0.578915,0.200011646
TRIM27,2956.0,0.441704825,359.0,-0.083076,0.256146841
TRIM41,1657.0,0.454716896,737.0,0.253843,0.066458026
TRIM5,2312.0,0.426412011,303.0,-0.512428,-0.014452862
TRIP12,3739.0,0.40441217,297.0,-0.42611,-0.184587867
TRIP13,2852.0,0.433721983,145.0,-0.264629,-0.957934723
TRMT5,3660.0,0.405137655,572.0,-0.160637,-0.053621416
TRUB2,4655.0,0.434714666,759.0,0.133238,-0.13131693
TSFM,1390.0,0.429356434,57.0,0.737403,0.453646767
TSPAN14,15147.0,0.398868986,305.0,-0.271234,-0.457395431
TSPYL1,7303.0,0.373212405,287.0,0.566823,0.013419918
TSR2,1366.0,0.464925113,443.0,0.540315,-0.042271895
TTC39C,3394.0,0.378954091,452.0,0.208167,-0.04523659
TTC7A,2213.0,0.393400181,1272.0,-0.635839,-0.247846528
TTPAL,5319.0,0.425556123,145.0,-1.048854,-0.283737911
TUBA1C,110.0,0.451729991,576.0,0.303716,0.17440815
TUBA4A,644.0,0.402818439,556.0,-0.849639,-0.477927911
TUBB,1030.0,0.390058461,509.0,-0.443072,-0.177595207
TUBB6,2302.0,0.468445054,1139.0,-0.484231,0.360339947
TUBGCP4,1934.0,0.368175973,296.0,-0.664714,0.131216355
TUSC1,1294.0,0.429789613,537.0,-0.052515,0.008688305
TXNL4A,3129.0,0.472736328,466.0,0.136923,0.103302395
TYMP,18.0,0.429537249,376.0,-0.332316,0.018282584
TYMS,581.0,0.364557025,159.0,-0.602043,-0.690907557
UBAP2L,353.0,0.367068802,167.0,0.523984,0.088691024
UBE2B,4002.0,0.405496028,420.0,0.637746,0.564500502
UBE2E2,1962.0,0.352966355,180.0,-1.453305,-0.436772147
UBE2L3,2365.0,0.455573936,198.0,-0.520715,-0.257513093
UBE2L6,703.0,0.431638779,653.0,0.40709,0.228229706
UBE4B,1283.0,0.418913915,688.0,-0.620314,-0.142746853
UBR4,797.0,0.387393976,4.0,-0.871215,-0.358835844
UBTF,2209.0,0.400105612,296.0,0.033078,-0.098961295
UBXN1,220.0,0.422601268,194.0,0.770811,0.157675053
UCK2,4043.0,0.447469338,640.0,-0.652561,-0.27392671
UGGT1,5935.0,0.374564832,178.0,-0.281796,-0.07609384
UHRF1BP1,5130.0,0.373569339,234.0,0.166951,-0.159612884
UNC45A,377.0,0.475530537,1022.0,-0.101818,-0.326945829
UNG,1024.0,0.368897526,209.0,-0.401049,-0.253486979
UNK,1388.0,0.447315534,42.0,-0.638754,-0.166423996
UQCR11,4379.0,0.470309826,75.0,0.599807,0.227930371
UQCRC1,129.0,0.462829321,45.0,0.409063,0.099057534
UQCRH,193.0,0.365128489,320.0,-0.171969,-0.402470104
UROD,171.0,0.391539164,133.0,-0.683952,-0.262985088
UROS,3849.0,0.422413435,266.0,0.625136,0.195780268
USP18,580.0,0.434940763,338.0,-0.17583,0.462880594
USP39,571.0,0.39295741,223.0,-0.442408,-0.265895589
UTP6,2466.0,0.429918331,83.0,-0.005535,-0.063238911
VAC14,489.0,0.396517204,827.0,-0.747892,-0.180976887
VAMP8,451.0,0.398153421,156.0,-0.124477,-0.732837045
VASP,824.0,0.388921088,342.0,0.203486,0.138024492
VAT1,1456.0,0.406330787,120.0,-0.098966,-0.227633977
VDAC3,475.0,0.440388181,210.0,0.5466,0.086324637
VDR,3209.0,0.450036866,401.0,1.356323,0.258522165
VGLL4,2489.0,0.432812067,506.0,-0.318341,0.059285256
VIM,431.0,0.411136971,462.0,-1.149006,0.188424459
VPS28,291.0,0.476756313,109.0,0.639322,0.323590397
VPS33B,559.0,0.447669729,583.0,-0.420612,-0.151951426
VPS39,2053.0,0.440628838,173.0,-0.577014,-0.099305933
VPS52,2870.0,0.393546356,887.0,0.344571,0.097643313
WASF2,4090.0,0.365213822,245.0,-1.497593,-0.111910394
WBP2,1040.0,0.392225719,515.0,0.452662,0.371069688
WDFY2,7044.0,0.36603015,340.0,-1.351024,-0.229995387
WDR1,1039.0,0.393247178,368.0,-0.107535,-0.167973096
WDR36,3619.0,0.40459335,117.0,0.127306,-0.169622622
WDR37,8068.0,0.365587877,173.0,-0.579649,-0.145713021
WDR4,293.0,0.380589271,581.0,-0.185121,-0.062516631
WDR47,1216.0,0.402106333,376.0,-0.690031,-0.040317455
WDR48,1924.0,0.419028298,472.0,-0.218309,0.13907554
WDR5,1979.0,0.401607191,171.0,-0.259098,0.122403902
WDR54,97.0,0.394793766,128.0,-0.389805,0.153698559
WDR61,197.0,0.411764619,310.0,-0.550211,0.199031652
WDR77,4184.0,0.412330102,139.0,-0.51694,0.035516214
WDR91,4946.0,0.380864599,823.0,-1.039784,-0.143793747
WDR92,2520.0,0.427217839,117.0,-0.534046,0.189757274
YTHDF1,1279.0,0.384821843,294.0,-0.326469,-0.273742044
YTHDF3,3082.0,0.406652071,509.0,-0.005632,0.121954098
YY1,5192.0,0.440120149,480.0,-0.302741,-0.215197882
ZBED1,2221.0,0.457533868,282.0,0.497556,0.604181276
ZBTB8OS,1087.0,0.406816332,276.0,-0.349806,-0.372268606
ZC3H12A,768.0,0.421626239,1056.0,-1.292502,-0.131452495
ZC3H4,2169.0,0.436042942,38.0,0.305969,0.204009118
ZCCHC10,81.0,0.361883573,67.0,0.705874,0.513809878
ZFP36L1,2846.0,0.395541595,976.0,-1.493396,-0.185200369
ZMAT2,1942.0,0.460376067,101.0,0.389216,-0.042872973
ZMIZ2,4165.0,0.419562196,128.0,-0.081663,0.194398196
ZMYM3,1292.0,0.378831729,749.0,-0.370846,-0.257330096
ZNF207,13817.0,0.386696564,148.0,-0.029555,0.137953739
ZNF414,113.0,0.422835658,118.0,0.769672,0.486797581
ZNF511,243.0,0.452392726,55.0,0.10442,0.217425311
ZNF516,4816.0,0.393186692,318.0,-0.186782,-0.155449548
ZNF622,1298.0,0.463753859,120.0,0.967551,-0.071094549
ZNHIT2,49.0,0.440612513,85.0,0.428586,0.179155402
ZNHIT3,419.0,0.425204303,73.0,-0.026965,-0.156758217
