,3prime,tAI,max_5_UTR_length,TCGA-E2-A154,TCGA-E2-A154.1
AAK1,17874.0,0.380718848,505.0,-0.136457,0.192076727
AATF,207.0,0.367011205,251.0,0.218853,0.090489631
ABCC1,1793.0,0.393368456,175.0,0.128764,-0.822402397
ABCF3,5726.0,0.387768135,869.0,-0.454966,-0.133536995
ABHD12,654.0,0.374654709,279.0,-0.05309,-0.653421452
ABHD6,1639.0,0.384216096,505.0,0.117997,-0.090906725
ABR,2562.0,0.39474042,600.0,0.251343,0.304132969
ABT1,2092.0,0.423473096,40.0,0.078663,-0.314344063
ACADVL,176.0,0.46877374,457.0,0.316481,0.67938436
ACBD6,155.0,0.433964845,621.0,-0.048525,-0.078536359
ACIN1,584.0,0.404933544,328.0,0.315903,-0.428413153
ACO1,4661.0,0.37721508,227.0,-0.177776,0.619439185
ACOT11,1220.0,0.392289045,176.0,-1.04019,-0.034526507
ACOT9,4514.0,0.358892202,225.0,-0.593431,0.217793052
ACP2,814.0,0.411581374,548.0,-0.594375,0.138532559
ACSF2,1484.0,0.405139059,501.0,-0.326551,0.219106147
ACSL1,1530.0,0.417966714,990.0,-1.798348,1.363405417
ACSL5,1022.0,0.380976548,307.0,0.887436,-0.321136462
ACTB,613.0,0.469768794,192.0,-0.302506,0.10910506
ACTL6A,452.0,0.409046191,387.0,-0.042413,-0.055221932
ACTR1A,3151.0,0.432463663,108.0,-0.420126,0.106923476
ADA,312.0,0.444091501,440.0,-0.148654,0.367806926
ADD1,1928.0,0.439806775,863.0,-0.11064,0.035498879
ADPRH,2067.0,0.380088169,541.0,0.666138,0.137811078
ADSSL1,320.0,0.393141878,776.0,-0.537045,0.041744519
AGAP3,508.0,0.436856677,1584.0,-0.272484,-0.447916218
AHNAK,842.0,0.382138706,300.0,0.397695,0.61354486
AHSA1,225.0,0.374296292,431.0,0.163426,0.02703181
AIF1,121.0,0.4069451,222.0,-0.974903,-0.200707372
AIFM2,1911.0,0.447982482,217.0,-0.476349,0.653681385
AK1,1528.0,0.389481519,153.0,-0.995234,0.222361522
AK2,2893.0,0.384271636,345.0,-0.14333,0.156558544
AKR1C2,3804.0,0.449591167,413.0,-5.494834,1.023018774
AKR7A2,10996.0,0.385600504,22.0,0.24422,0.125506929
ALDH18A1,838.0,0.380333742,511.0,0.279317,-0.116741789
ALDH3A2,2525.0,0.42484639,221.0,-0.44329,-0.272569754
ALDH6A1,4647.0,0.38708374,724.0,0.866684,0.685772732
ALG1,2498.0,0.432230555,181.0,0.193055,-0.41183754
ALG5,380.0,0.362014155,67.0,0.378248,-0.042299283
ALG9,4217.0,0.365461171,1107.0,0.167356,-0.367090137
ALOX5AP,976.0,0.392577632,248.0,0.150688,-0.877364295
AMBRA1,1041.0,0.36170155,362.0,-0.183603,0.052215911
AMPD2,903.0,0.389224108,566.0,-0.421962,0.02322941
AMPD3,1695.0,0.423686063,472.0,-1.364081,-0.277801039
ANAPC13,1361.0,0.393644021,731.0,0.344731,0.437802548
ANAPC5,235.0,0.390209877,197.0,-0.316058,0.154425266
ANKLE2,1737.0,0.418251419,90.0,-0.202804,-0.415335644
ANKRD16,135.0,0.465649334,543.0,0.88221,0.020046456
ANKRD35,249.0,0.402949835,108.0,-0.568354,-0.371491574
ANXA2,496.0,0.429738522,160.0,0.159655,0.580501448
ANXA5,1441.0,0.418050335,165.0,-0.633058,0.25234479
AP1B1,1153.0,0.424070668,187.0,-0.164135,0.26330374
AP1M1,914.0,0.463388599,173.0,-0.52361,-0.117296669
APBA1,3797.0,0.387421148,276.0,-0.035578,0.160519235
APIP,427.0,0.433104693,127.0,-0.021709,0.125991547
APOBEC3B,339.0,0.43450554,55.0,-1.423984,-0.517682001
APOBEC3C,1979.0,0.381716897,103.0,-1.924284,-0.226049862
APOBEC3G,322.0,0.410940579,404.0,-2.436347,-0.269759466
APOL2,1195.0,0.42932248,477.0,-0.655135,-0.924244494
ARF6,2971.0,0.462806813,621.0,0.004075,0.284584581
ARFIP2,2430.0,0.403729309,291.0,-0.03706,-0.08127653
ARHGAP17,2624.0,0.371011524,117.0,-0.290267,0.059718586
ARHGAP30,773.0,0.384451823,645.0,-1.089911,-0.170512741
ARHGEF10,1378.0,0.370244255,202.0,0.281102,0.333039193
ARID2,3145.0,0.362288628,128.0,0.63899,0.040509981
ARID3A,3881.0,0.411693449,290.0,0.366489,-0.264385399
ARIH2,3112.0,0.397061561,878.0,0.062064,0.162624677
ARL8A,1065.0,0.409602486,171.0,-0.090172,-0.177202947
ARRB1,6041.0,0.39512759,224.0,-0.820904,-0.137623728
ASF1B,950.0,0.395794233,172.0,0.674621,-0.248574039
ASS1,1357.0,0.394201053,356.0,-2.847214,-0.030125115
ATPAF1,3039.0,0.439253133,510.0,0.0144,0.432645825
AXL,1863.0,0.417061167,376.0,0.005966,0.086964095
B4GALT7,4483.0,0.433879574,93.0,-0.075352,-0.010075329
BAG1,2764.0,0.431693656,501.0,1.241294,0.989746968
BAG3,537.0,0.387438444,306.0,0.625889,0.420407078
BASP1,971.0,0.520859146,259.0,-0.210184,-0.57764718
BBS7,1531.0,0.408023089,184.0,-0.928611,0.184579059
BCAT2,364.0,0.445598481,657.0,0.170912,0.544314464
BCKDHB,3082.0,0.419736544,88.0,0.235662,0.393733558
BCL2,5279.0,0.374049285,493.0,-0.671782,-0.908333675
BCL2L13,4109.0,0.411790332,769.0,-0.034209,-0.149296744
BID,4193.0,0.428633517,498.0,0.386513,0.204672398
BLVRA,3376.0,0.414260839,177.0,0.465781,0.54459156
BOLA2,40.0,0.43059393,513.0,0.100807,-0.089477137
BOLA3,383.0,0.406657227,38.0,-0.608745,-0.558299797
BRD2,787.0,0.377809737,2066.0,-0.193716,0.037650298
BRD3,3285.0,0.401150236,188.0,0.162531,0.2744964
BRI3BP,5801.0,0.359622664,143.0,-0.241614,0.157034523
BSPRY,1091.0,0.380011644,48.0,0.267315,0.511150129
BST2,411.0,0.444557266,81.0,0.031027,-0.3398736
BUB3,1535.0,0.421992618,242.0,1.093804,0.045475068
C1QB,152.0,0.436596666,340.0,-1.522284,-0.302554122
C1QC,327.0,0.41150294,283.0,-1.210063,-0.427057783
C2CD3,671.0,0.360398895,227.0,0.374716,0.231469189
C3,5088.0,0.430632158,93.0,-0.016096,-0.013026688
CAP1,1134.0,0.406948565,416.0,0.078535,-0.203665563
CAPN1,720.0,0.455130071,197.0,-0.063687,0.161150692
CAPRIN1,5632.0,0.374918508,189.0,0.270296,-0.201681962
CAPZB,5180.0,0.446052528,622.0,-0.555404,-0.100331092
CARD16,437.0,0.41300235,27.0,-2.397518,-0.503206911
CARHSP1,4898.0,0.362100245,360.0,0.369438,-0.397768695
CASC3,1778.0,0.370720542,295.0,0.02845,-0.940958738
CASP1,750.0,0.424742838,44.0,-2.227619,-0.259100393
CASP8,1794.0,0.376118708,303.0,-0.068963,-0.110477541
CAT,629.0,0.397270122,89.0,-0.022677,-0.051264993
CBL,8368.0,0.375957197,142.0,0.450273,0.371054331
CBLL1,3286.0,0.400851504,467.0,0.065516,-0.043407948
CBR3,54.0,0.445176236,228.0,0.027344,0.18815117
CBS,4385.0,0.477784031,626.0,0.364679,-1.039653902
CBX5,10815.0,0.390902295,318.0,0.173187,-0.069080476
CBX8,2504.0,0.36735217,118.0,-0.248763,-0.421297506
CCDC115,2169.0,0.385110507,452.0,0.055937,0.204316532
CCDC125,2554.0,0.359965106,322.0,0.576545,-0.620863452
CCDC58,2462.0,0.421830022,75.0,0.22456,0.442481108
CCDC88C,1302.0,0.396031427,154.0,0.913488,-0.090630327
CCL5,886.0,0.462166288,68.0,-2.828144,-0.689408568
CCNA2,1206.0,0.409154498,373.0,-0.310546,-2.738271476
CCNB2,168.0,0.374401461,184.0,-0.221545,-0.032406293
CCNDBP1,2336.0,0.44393643,231.0,-0.038773,0.123210494
CCS,4244.0,0.460896681,43.0,0.146851,0.348716531
CCT3,238.0,0.457984718,231.0,-0.042917,0.029851218
CCT4,1361.0,0.393363555,164.0,-0.124121,-0.033885746
CD14,128.0,0.416321757,392.0,-1.154075,0.285936374
CD209,3046.0,0.440000747,67.0,-0.817624,0.861424236
CD36,2894.0,0.410517795,414.0,-3.377874,1.768591636
CD40,982.0,0.429065654,90.0,-1.871306,-0.788718851
CD44,3115.0,0.39995987,434.0,0.41205,-0.660467214
CD63,923.0,0.512738356,403.0,-0.529016,-0.344553211
CD74,635.0,0.427357309,187.0,-1.062207,-0.776704078
CDC25C,437.0,0.364786128,387.0,-0.786094,0.407413981
CDC26,271.0,0.395637029,359.0,-0.801536,0.000654034
CDC34,560.0,0.46431386,199.0,0.289083,-0.364929483
CDC42EP3,3941.0,0.420378821,1009.0,-0.520019,-0.096855457
CDCA8,1353.0,0.384295288,290.0,-0.296399,-0.747755693
CDIPT,1864.0,0.442654716,541.0,-0.002372,-0.920774943
CDK1,2313.0,0.398329505,154.0,0.260356,-0.019284376
CDK19,4557.0,0.421511824,180.0,0.585044,-0.151442969
CDK2AP1,766.0,0.439144625,522.0,-0.616645,0.223137564
CDK5RAP2,367.0,0.371069462,192.0,-0.230503,-0.010802976
CDK5RAP3,284.0,0.469750898,1791.0,0.178223,0.134493945
CDKAL1,1365.0,0.417875209,167.0,-0.361508,-0.12502672
CDKN2AIPNL,3639.0,0.409801696,53.0,-0.16265,-0.139865456
CDKN2C,2247.0,0.381912025,1216.0,-0.868202,-0.167832281
CENPH,1478.0,0.418392258,87.0,0.256438,-0.218330276
CENPV,301.0,0.385948267,62.0,1.92366,0.928055385
CEP55,939.0,0.397841874,304.0,-0.33078,-0.288425595
CETN2,868.0,0.433727498,47.0,0.414515,0.320181578
CFL1,677.0,0.502791,234.0,-0.403447,-0.523420564
CHAC2,786.0,0.395629742,277.0,-0.897505,-0.22199016
CHCHD4,3528.0,0.445497334,326.0,-0.031418,-0.075960532
CHMP4A,296.0,0.447100154,262.0,0.259065,-0.176192507
CHMP5,1241.0,0.442987983,200.0,0.013854,-0.538214633
CHMP6,980.0,0.489861105,78.0,-0.338535,-0.059965387
CHTF8,2425.0,0.424551152,142.0,0.231234,0.241804911
CIAPIN1,1024.0,0.451663323,242.0,-0.443356,-0.448029896
CISD2,5376.0,0.433298698,107.0,-0.538572,-0.973641745
CKAP4,2872.0,0.386259817,84.0,-0.161015,-0.505776686
CKS2,300.0,0.317949998,98.0,0.407411,0.313222619
CLCC1,5185.0,0.369704467,150.0,-0.167327,-0.825660315
CLCN7,1698.0,0.459147749,110.0,-0.436586,-0.547689346
CLIC1,290.0,0.4571302,573.0,0.031028,0.004069119
CLK2,350.0,0.410673686,925.0,0.298796,0.36411448
CLK3,1233.0,0.4268607,461.0,-0.568125,-0.214355451
CLPTM1,458.0,0.383990827,351.0,-0.360642,-1.224516824
CLTA,288.0,0.450950874,514.0,-0.141835,-0.403316089
CLTB,319.0,0.48548545,210.0,-0.57277,-0.37935905
CLTC,3104.0,0.384957863,443.0,-0.001232,-0.057527404
CNBP,6850.0,0.433298698,206.0,-0.093733,-0.883105137
CNPY2,123.0,0.392778455,553.0,-0.048655,-0.251286827
CNPY3,1042.0,0.459231502,584.0,-0.248194,-0.205835956
COG3,1967.0,0.414689223,142.0,0.828853,0.515271432
COMMD1,306.0,0.423842833,138.0,-0.603443,0.472348685
COMMD3,431.0,0.360487018,35.0,-0.238531,0.579421793
COMMD5,498.0,0.445713337,399.0,-0.485963,0.442402123
COMMD6,1375.0,0.396967837,328.0,0.88054,0.587142658
COMMD9,2340.0,0.418062772,89.0,-0.398479,0.197538095
COPB1,446.0,0.381738818,307.0,0.202504,0.096604104
COPE,165.0,0.478760693,55.0,-0.306743,0.184027032
COQ6,671.0,0.374062527,159.0,0.343531,0.563378849
COQ7,5700.0,0.42379098,133.0,0.688484,0.325202716
CORO1A,112.0,0.457388252,435.0,-1.102944,-0.666058323
COX17,1735.0,0.484254073,86.0,-0.121393,-0.458986786
COX5A,860.0,0.429944966,140.0,-0.38024,-0.356501513
COX7A2,302.0,0.441893926,98.0,-0.12016,-0.028755104
CPM,5262.0,0.406054343,75.0,-0.3973,0.101685101
CPSF4,923.0,0.452412439,277.0,0.191221,-0.014730721
CPT1A,2761.0,0.374132033,170.0,0.646032,-0.415750713
CPT2,602.0,0.431256564,515.0,-0.163351,0.180693964
CRCP,8457.0,0.390198146,145.0,0.47776,-1.572579245
CRKL,3904.0,0.422225684,509.0,0.321187,0.457165821
CRTAP,5601.0,0.446308827,120.0,0.12597,0.65349612
CRTC3,3205.0,0.355982524,186.0,0.321773,0.150137577
CRY2,2337.0,0.383442872,132.0,0.094168,0.528122739
CRYL1,462.0,0.386242786,79.0,0.620602,0.774028737
CSRP1,1183.0,0.493833101,217.0,-0.446071,-0.47817313
CST3,2762.0,0.475763324,186.0,-0.527625,0.214086002
CSTF2,1931.0,0.372934478,58.0,0.104079,-0.42389025
CTBP1,800.0,0.464034004,393.0,-0.287397,0.300821754
CTNNA1,1216.0,0.412513324,1103.0,0.300339,0.198927135
CTNNB1,1106.0,0.432073699,448.0,0.72898,0.016118419
CTNNBIP1,2448.0,0.394834327,307.0,-0.287609,0.155118008
CTPS2,1870.0,0.416273085,744.0,2.267777,1.715621274
CTSG,119.0,0.369503415,37.0,-0.7702084342105262,-0.983978524
CTSH,1072.0,0.446467856,1192.0,-1.524649,0.144713373
CUEDC1,2047.0,0.374410739,719.0,-0.462326,0.259116483
CUX1,1040.0,0.395555213,127.0,-1.155278,-0.484121067
CXCL10,814.0,0.410287201,105.0,-1.385433,-0.579325883
CXCL9,2323.0,0.403736618,74.0,-3.095696,-1.148233701
CYBB,2544.0,0.418993019,61.0,-0.636402,-1.366501297
CYP2S1,1051.0,0.420869286,58.0,-0.187578,-1.18134399
CYTH4,1837.0,0.406296106,377.0,-0.840693,0.076388694
DAB2,1757.0,0.368483127,531.0,-0.642944,0.389279506
DAGLB,721.0,0.377719723,170.0,0.104077,0.026354164
DAP3,768.0,0.366492687,184.0,0.203086,0.586990743
DAPP1,2082.0,0.348655603,90.0,-0.158446,-0.061726127
DBI,233.0,0.467027529,479.0,0.038504,-0.088402551
DCAF8,1877.0,0.380310979,212.0,0.225849,-0.047296966
DCP1A,4153.0,0.411936399,381.0,0.135453,0.298312375
DCPS,4731.0,0.375605648,329.0,-0.2646,-0.075982265
DCTN5,10597.0,0.443116252,177.0,0.365453,0.345801881
DDAH2,653.0,0.361046801,1104.0,-0.251764,0.024686937
DDB2,1223.0,0.43604051,195.0,0.062691,0.385273675
DDX23,713.0,0.445931172,91.0,0.109087,0.086120612
DDX31,1870.0,0.361830896,544.0,-0.228775,-0.020178154
DDX47,438.0,0.379294484,22.0,0.107528,-0.120743925
DDX54,1704.0,0.467316231,28.0,-0.228311,-0.00891849
DDX56,586.0,0.438032149,643.0,0.505855,0.187274627
DDX59,217.0,0.413095257,243.0,-0.048051,0.106219801
DHODH,3463.0,0.371608285,21.0,-0.342671,-0.168265453
DHPS,121.0,0.474111752,121.0,0.082392,0.318018829
DHX15,459.0,0.379133957,168.0,-0.026055,-0.189113097
DHX34,591.0,0.384465978,349.0,0.522607,0.100784551
DHX58,357.0,0.440330409,223.0,-0.133841,0.125625302
DIABLO,719.0,0.425893605,1182.0,-0.331271,0.179219468
DMAP1,63.0,0.471306,301.0,-0.700766,-0.07614975
DMXL2,1274.0,0.389901613,225.0,-0.018493,-0.160965704
DNAJA4,1736.0,0.398301408,169.0,-0.35909,-0.344758557
DNAJC19,1326.0,0.403482491,259.0,0.147622,0.140832954
DNAJC25,1212.0,0.430964931,56.0,0.142411,0.379430629
DNAJC8,969.0,0.416719859,33.0,-0.486089,-0.456424383
DNM1,1255.0,0.393835111,116.0,-0.747097,0.733456139
DNTTIP2,3564.0,0.408096853,58.0,-0.354112,-0.102920352
DOCK11,3681.0,0.373818855,63.0,-1.483161,0.164829823
DOCK2,524.0,0.446250827,52.0,-0.890324,-0.178919021
DOK2,438.0,0.384043737,481.0,-1.190788,0.101611052
DPCD,197.0,0.459155016,389.0,0.783314,0.774142558
DPF2,2501.0,0.393394442,133.0,-0.181372,-0.012249932
DPH1,1310.0,0.448716064,341.0,0.674022,0.0414546
DPH5,784.0,0.413363166,165.0,-0.526838,-0.112006242
DPY30,562.0,0.438431353,279.0,-0.062902,0.234774491
DPYSL2,2472.0,0.430530829,431.0,0.083584,0.485687103
DRAP1,142.0,0.432809908,245.0,-0.539383,-0.317947066
DRG1,4594.0,0.444150091,131.0,0.10952,0.110742496
DSN1,5330.0,0.392894937,373.0,0.2685,0.165196323
DSTN,2786.0,0.375776803,438.0,0.120905,-0.168063335
DTL,2265.0,0.372315747,921.0,1.256987,-0.943549123
DTX3L,3456.0,0.408848169,89.0,0.3724,0.004855486
DUSP12,374.0,0.419884133,34.0,-0.096389,-0.12108061
DUT,1937.0,0.36471409,109.0,0.021665,-0.199618486
DYNLT1,514.0,0.420362019,78.0,0.600903,0.160477127
EBAG9,1437.0,0.39438748,402.0,-0.112849,-0.07634336
ECH1,191.0,0.389477111,85.0,-0.806066,-0.060891408
ECHDC2,2269.0,0.400166641,752.0,-0.457808,0.284919203
ECM1,322.0,0.43792189,199.0,-0.115716,-0.076861536
EDEM2,76.0,0.379021051,100.0,0.345101,0.173937069
EEA1,5374.0,0.405861636,265.0,0.282075,0.437970757
EEF1A2,286.0,0.417272363,329.0,-0.709567,-0.488910169
EFTUD2,1331.0,0.444646836,398.0,0.012415,0.048229913
EHD1,3363.0,0.446314898,447.0,0.196601,0.26268479
EIF2AK2,8063.0,0.394727306,557.0,0.14277,0.091273197
EIF2B3,1058.0,0.383118637,239.0,-0.895431,0.051576751
EIF3F,5840.0,0.435728237,33.0,0.109163,0.231347374
EIF3L,1718.0,0.380710116,245.0,0.390778,0.288825707
EIF4A3,1120.0,0.381528282,222.0,-0.270152,-0.107672542
ELAVL1,4910.0,0.437605432,167.0,-0.060193,-0.263750938
EMG1,248.0,0.433768095,143.0,-0.172742,0.209221449
EMILIN2,2605.0,0.379592019,159.0,-1.069092,-0.065466546
ENDOD1,7728.0,0.376426787,118.0,-0.561407,-0.110020126
ENOSF1,2904.0,0.382279782,622.0,0.415127,0.409140923
ENY2,2576.0,0.41756619,146.0,-0.243324,0.055316863
EPSTI1,2106.0,0.391777705,469.0,-0.922193,-1.049945433
ERCC1,2342.0,0.45058755,188.0,0.015039,-0.130966389
ERCC6L,4809.0,0.354829683,623.0,1.602606,0.246418875
ERH,415.0,0.383837906,71.0,0.121733,-0.285527679
ERLIN1,2041.0,0.444737514,478.0,0.517684,-0.405389952
ERP29,1277.0,0.401191178,118.0,-0.275955,-0.25304893
ETV6,4356.0,0.398240844,274.0,-0.135268,-0.430420571
EXOC4,1232.0,0.388187525,35.0,0.399816,0.155647135
EXOC8,6907.0,0.436106501,127.0,-0.291427,0.040376511
EXOSC1,536.0,0.430105347,451.0,-0.291447,0.159529972
EXOSC2,3902.0,0.431273517,32.0,0.307679,0.09446878
F8A1,571.0,0.46317284,15.0,-0.926051,0.069451449
FAAH,2043.0,0.384592892,82.0,0.099756,0.113061621
FAF1,4425.0,0.401181969,453.0,-0.380629,-0.014151398
FAM122A,4542.0,0.40477622,33.0,-0.275679,0.092449074
FAM168A,6285.0,0.395008865,285.0,-0.042581,-0.170622958
FAM177A1,2165.0,0.411149627,459.0,-0.243573,-0.161472595
FAM192A,1824.0,0.379195199,1475.0,-0.150737,-0.702047076
FAM20B,4428.0,0.4357945,293.0,0.466822,-0.032182045
FAM32A,1091.0,0.408676074,42.0,-0.006751,-0.049206155
FAM50A,286.0,0.482889735,110.0,-0.849425,-0.445615569
FBP1,248.0,0.397353747,331.0,0.331767,0.175397668
FBXL20,9338.0,0.383104745,254.0,-0.132667,0.008822985
FBXO4,526.0,0.393825218,58.0,0.156372,0.156732611
FBXO6,503.0,0.42307306,166.0,0.275208,0.003859629
FCER1G,305.0,0.4202976,25.0,-0.376476,-1.116212713
FCGRT,309.0,0.433069976,486.0,-0.610834,0.157100136
FCHO1,270.0,0.372951657,283.0,-2.219717,-0.030243822
FDPS,72.0,0.456397562,392.0,-0.453273,-0.542383552
FDXR,596.0,0.384661194,188.0,0.00975,0.049504535
FEN1,1340.0,0.407867196,413.0,0.416719,0.225767013
FERMT3,399.0,0.435119014,149.0,-1.047984,-0.082865118
FGD2,907.0,0.441856308,171.0,-0.845663,0.015569278
FGFR1OP2,1663.0,0.396595515,353.0,-0.346958,0.339407883
FGL2,3460.0,0.40966218,40.0,-1.721627,-0.609347869
FKBP1A,1132.0,0.428443098,174.0,-0.121425,0.009349941
FKBPL,24.0,0.377510344,270.0,-0.578325,-0.422593563
FLOT1,422.0,0.472159534,339.0,0.08003,0.221159305
FN3K,442.0,0.389857108,61.0,0.076893,0.008230597
FN3KRP,3667.0,0.380720834,50.0,-0.589375,-0.460979284
FOXJ3,3176.0,0.401878681,312.0,-0.316882,-0.81980998
FOXK2,3108.0,0.440496276,171.0,-0.223196,-0.032157177
FOXRED1,443.0,0.438630908,167.0,0.176978,0.082490524
FSCN1,1184.0,0.396100853,132.0,-0.610217,-0.127662727
FTH1,530.0,0.425357612,235.0,-0.444695,-0.010446901
FTL,1031.0,0.428438948,199.0,-1.093501,0.199755285
FTSJ1,638.0,0.457521275,569.0,0.041976,0.253810291
FTSJ3,698.0,0.388239396,646.0,-0.394531,-0.615340574
FXN,6365.0,0.40465004,220.0,-0.604818,0.447376219
GABARAPL2,564.0,0.431291441,136.0,-0.209513,-0.063388564
GABPB1,1320.0,0.423118524,469.0,0.051036,-0.676933851
GALK1,292.0,0.455574511,63.0,-0.665905,-0.154142157
GANAB,989.0,0.425909644,1027.0,-0.081468,-0.178846238
GAS6,315.0,0.393865445,183.0,-0.541642,0.143414172
GAS7,6619.0,0.423630168,311.0,-0.297272,0.539838044
GBE1,708.0,0.404013874,283.0,-0.434371,0.310465721
GBP1,1735.0,0.42614962,220.0,-1.21789,-0.939589982
GBP2,5058.0,0.440134196,314.0,-1.4917,-0.501995659
GBP4,4106.0,0.42983554,116.0,-2.132469,-0.342019609
GBP5,1753.0,0.421901204,537.0,-2.081251,-0.835541553
GCH1,2011.0,0.419329122,161.0,-0.862402,-0.257909948
GFOD2,622.0,0.396604754,295.0,-0.069783,0.059346003
GGA2,5408.0,0.377812588,83.0,0.340473,-0.127544408
GGCX,5211.0,0.417836117,106.0,0.103795,-0.114869907
GIGYF1,2212.0,0.443456438,1210.0,0.849992,0.197391399
GINS3,1415.0,0.387351931,208.0,-0.350274,-0.09728827
GLA,1699.0,0.378726947,110.0,0.104464,1.062273832
GLE1,1357.0,0.383457083,114.0,0.095026,0.1734393
GLRX,1188.0,0.430296645,211.0,1.237878,0.390090639
GLRX3,3557.0,0.41418463,539.0,-0.112008,-0.039515662
GLUD1,1558.0,0.392454008,1132.0,0.56939,0.66381372
GLYR1,2033.0,0.39940414,57.0,0.348265,0.478782698
GMEB1,4582.0,0.43446142,142.0,-0.057869,0.083122859
GMPPA,198.0,0.434966364,375.0,-0.459965,0.122650006
GMPR,3984.0,0.435743929,114.0,-1.690153,-0.482086192
GMPR2,464.0,0.453637396,704.0,0.532679,0.578241472
GNAI1,1947.0,0.435804474,356.0,-2.468988,-0.065577573
GNG7,3803.0,0.398730372,237.0,-0.090604,0.271312351
GNPDA1,1360.0,0.395964134,67.0,-0.024432,0.255488984
GOLGA2,1243.0,0.401070546,13.0,-0.201226,-0.226969859
GON4L,926.0,0.418089888,175.0,0.431686,0.214574704
GOSR1,5968.0,0.408103421,237.0,0.028884,-0.161578705
GOSR2,3258.0,0.374298057,541.0,0.236434,0.019458461
GOT2,1054.0,0.444803236,129.0,0.555629,1.460879624
GPS2,97.0,0.431122181,76.0,-0.041383,0.172953108
GPSM2,4697.0,0.401967226,496.0,-0.277497,0.076514616
GPX7,626.0,0.395840774,39.0,-0.200751,0.54286254
GRAMD1A,299.0,0.411657297,748.0,-0.196623,-0.399752701
GRB2,2292.0,0.4413596,358.0,-0.087313,-0.125184376
GSTM4,2467.0,0.390909061,314.0,-2.379944,-0.31542259
GTF2A2,1070.0,0.420716795,404.0,-0.16111,-0.558964428
GTF2E2,604.0,0.365750105,273.0,0.415288,-0.351103602
GTF3C2,932.0,0.372227001,397.0,0.241421,-0.030474403
GTPBP1,2894.0,0.424954603,154.0,0.14184,0.317895616
GTPBP3,1032.0,0.436547413,95.0,0.50848,0.651816978
GTSE1,680.0,0.368527868,212.0,-0.232504,-1.885065371
GTSF1,222.0,0.36097632,86.0,1.822972,-0.018805296
HADH,818.0,0.383558671,219.0,-0.018083,0.403097414
HADHA,615.0,0.383558671,130.0,0.025819,0.456162933
HAUS5,3319.0,0.378752573,51.0,0.178203,0.181630879
HAUS8,346.0,0.37535995,111.0,0.077998,-0.072440186
HCCS,1274.0,0.398607648,275.0,-0.074463,-0.525445119
HCK,337.0,0.440224323,364.0,-0.667293,-0.017940039
HDAC1,591.0,0.390040122,63.0,-0.211356,0.075335836
HDDC3,763.0,0.387287166,29.0,-0.407173,-0.384308685
HDGF,1342.0,0.465394593,322.0,-0.175963,-0.434661865
HDLBP,2343.0,0.397687311,375.0,0.349829,0.224738853
HEATR3,1385.0,0.384091545,883.0,-0.000883,-0.495959074
HEBP2,9119.0,0.359416339,297.0,-0.047983,0.484351582
HECA,3704.0,0.443714129,285.0,-0.322334,-0.104642126
HECTD3,3914.0,0.446742268,98.0,-0.715119,0.38259085
HERC2,726.0,0.429958504,109.0,-0.145022,-0.027212446
HERC5,379.0,0.393838904,153.0,-2.388467,-0.15981665
HERC6,651.0,0.398146132,183.0,-1.542511,-1.226614559
HIP1,4874.0,0.430847644,52.0,0.810483,0.165357522
HLA-A,4150.0,0.424443523,84.0,-1.668923,-0.179980978
HLA-C,420.0,0.421684519,65.0,-1.194279,-1.145491823
HLA-DRA,409.0,0.420807891,109.0,-0.946899,-0.431533089
HLA-E,1459.0,0.413523771,126.0,-1.642417,-0.291610153
HLA-F,121.0,0.407256461,124.0,-1.595006,-1.421366993
HMBOX1,3560.0,0.369177113,482.0,1.262427,0.84761487
HMBS,266.0,0.451934812,299.0,-0.16702,0.016901958
HMGB2,3775.0,0.450826504,193.0,-0.005215,-0.569512027
HMGCS1,3661.0,0.374424323,345.0,-0.271438,-0.575906671
HMOX1,616.0,0.436401717,107.0,-1.07819,-0.058104601
HNRNPA0,7504.0,0.386421138,284.0,-0.171763,-0.472939737
HNRNPD,1688.0,0.420386111,318.0,-0.115193,-0.611960853
HNRNPL,1102.0,0.449817015,176.0,-0.148225,-0.396252718
HNRNPU,4156.0,0.432126199,218.0,0.280142,-0.025409862
HNRNPUL1,2135.0,0.394022965,339.0,0.18472,-0.064874915
HNRNPUL2,2674.0,0.436897081,229.0,-0.090589,-0.034575458
HSBP1,3274.0,0.4454546,174.0,-0.077613,0.393431292
HSD17B7,398.0,0.431983247,99.0,1.02771,0.26997434
HSP90AB1,313.0,0.39509298,251.0,-0.199849,-0.43025256
HSPA1L,428.0,0.464100714,183.0,0.234945,0.120182525
HSPA4L,7877.0,0.413794867,342.0,-1.104878,-0.558257076
HSPB11,107.0,0.34538245,284.0,-0.494098,0.221827494
HTRA2,571.0,0.421976635,602.0,-0.282123,0.329052217
HTT,3901.0,0.373695076,145.0,-0.343034,0.00414673
HUS1,2068.0,0.374612864,131.0,0.186815,0.252905162
HYI,310.0,0.378597605,196.0,-1.096703,0.321028145
HYOU1,1409.0,0.403839016,234.0,-0.331017,-0.482976699
ICAM1,1537.0,0.426062071,319.0,-0.697215,-0.118598967
IER3IP1,3342.0,0.438740024,97.0,-0.509898,-0.249451041
IFI16,254.0,0.415211655,290.0,-1.243496,-0.055668005
IFI30,213.0,0.431523306,62.0,-1.403883,-0.82885167
IFI35,160.0,0.418462024,223.0,-0.579398,-0.06926704
IFI44,267.0,0.403888008,124.0,-0.971702,-0.652687381
IFI44L,5058.0,0.403608012,200.0,-1.067261,0.05404309
IFIH1,121.0,0.412344512,377.0,-1.032552,-0.157352304
IFIT1,2775.0,0.411248073,495.0,-0.158132,0.019982887
IFIT2,1901.0,0.420797646,175.0,-0.450372,0.129233829
IFIT3,843.0,0.417440574,529.0,-0.449357,0.043086838
IFIT5,2354.0,0.414819429,231.0,-0.583144,-0.147578743
IFITM1,159.0,0.431550176,180.0,0.149215,-0.083807195
IFT27,109.0,0.4030938,426.0,-0.041037,0.373828428
IGFBP3,1605.0,0.43060006,132.0,0.096193,-0.581946279
IGFBP7,558.0,0.392734536,34.0,-0.408805,-0.146921069
IKBKE,745.0,0.435100597,714.0,0.471642,0.06171842
IL16,3965.0,0.367979445,2395.0,-0.581135,-0.266331868
IL1RN,1145.0,0.411881061,408.0,0.945515,1.092506205
IL4I1,16.0,0.4139018,621.0,-1.410545,-0.430132107
ILF2,656.0,0.426220446,239.0,-0.063773,0.08345936
IMPA2,2898.0,0.383680893,242.0,-0.340438,-1.560594952
INO80,5209.0,0.374025479,351.0,0.092404,-0.289034836
INPP1,263.0,0.395712795,700.0,-1.385151,0.08362104
INPP5D,1195.0,0.436077769,512.0,-1.26149,-0.297379597
INSR,4801.0,0.380857973,411.0,0.499333,-0.294892046
IPO5,2508.0,0.381335948,180.0,0.962073,0.728472209
IRF7,92.0,0.423538356,367.0,-0.380392,0.004203729
IRF8,1327.0,0.384714127,507.0,-1.364244,-0.290030861
IRF9,369.0,0.432057622,127.0,-0.34004,-0.197310027
IRGQ,7659.0,0.399674011,156.0,-0.245894,0.066273798
ISCU,607.0,0.454630229,1331.0,-0.813264,0.006890637
ISG15,62.0,0.419522688,77.0,-0.796578,-0.849249759
ISG20,952.0,0.419932377,2368.0,-1.883711,-0.423341813
ISOC1,1056.0,0.418535314,18.0,-0.222071,0.134677274
ITGB2,415.0,0.457304004,395.0,-0.709865,-0.675649543
ITPKB,2981.0,0.440250717,340.0,-0.049047,-0.047997874
JUNB,496.0,0.414023332,276.0,0.650069,0.281496066
JUP,157.0,0.458302936,298.0,0.064791,0.215311529
KANK2,2291.0,0.394238955,361.0,-0.057283,0.452009032
KARS,4202.0,0.383913431,144.0,-0.3225,-0.151459592
KDM1A,327.0,0.428444011,149.0,-0.065624,0.036003648
KDM2A,3716.0,0.372295488,864.0,-0.368817,-0.391166135
KDM2B,2488.0,0.393022165,407.0,-0.459247,-0.351857499
KDM3B,1327.0,0.37791414,200.0,0.4505,0.172104626
KDM4A,1148.0,0.378142374,166.0,-0.477442,-0.114400094
KHSRP,1024.0,0.456900489,110.0,0.199777,-0.195716476
KIAA2013,727.0,0.385456054,191.0,-0.721841,-0.246105477
KIF20A,757.0,0.371463873,496.0,-0.214349,-0.526146349
KIF22,75.0,0.392489541,388.0,-0.13877,-0.562904801
KIF2C,588.0,0.387865377,395.0,-0.774322,-0.804360813
KIF3B,3792.0,0.390782105,180.0,0.58442,-0.137140495
KIF5B,3198.0,0.418236129,470.0,-0.231638,-0.124076283
KLHL7,3616.0,0.41595405,521.0,0.116049,0.163981583
KTI12,594.0,0.370414154,39.0,-0.729898,0.070284239
LAMP1,1311.0,0.390985106,281.0,-0.342911,-0.052933123
LANCL2,2422.0,0.433733517,578.0,0.053419,-0.411585608
LAP3,503.0,0.426841798,162.0,-0.752913,-0.116646929
LDHD,1826.0,0.398770776,52.0,1.332823,0.747003822
LENG1,560.0,0.445950324,48.0,-0.583954,-1.283660873
LGALS3,159.0,0.420172221,88.0,-0.133391,0.084862803
LGALS3BP,1225.0,0.419930622,179.0,-0.592896,-0.027224678
LGALS9,641.0,0.410654931,118.0,-1.061433,-0.235642388
LIN54,4893.0,0.441729058,383.0,-0.368249,0.333473985
LPCAT1,2228.0,0.380803123,133.0,0.877584,0.458792649
LPXN,1776.0,0.432350833,254.0,-1.143919,-0.26187204
LRPPRC,2376.0,0.377375074,58.0,0.541701,0.250179186
LRRC25,843.0,0.434491636,642.0,-0.461684,0.170236309
LRRC41,465.0,0.438391248,44.0,-0.350762,-0.034544725
LRRC59,1755.0,0.423067849,236.0,-0.194146,-0.874391899
LSM1,486.0,0.409616526,410.0,-0.21287,0.08799488
LSM6,1871.0,0.435100303,139.0,-0.740796,0.088729078
LTA4H,391.0,0.355044638,145.0,-0.157075,-0.279033363
LYN,4058.0,0.418972994,282.0,-1.098078,-0.554831858
LYPLAL1,1137.0,0.3973742,157.0,-0.225445,0.251709103
LYRM4,6830.0,0.366844497,217.0,0.265505,0.329233194
LYSMD2,596.0,0.394037378,501.0,-1.17366,-0.290266186
M6PR,1457.0,0.379162834,275.0,-0.068027,-0.236330388
MAD2L1,4528.0,0.407191351,124.0,-0.155436,-0.124714907
MAGED2,327.0,0.466698843,233.0,-0.114854,-0.575265677
MAGOH,153.0,0.416054235,162.0,-0.86957,-0.054093791
MAN2B1,128.0,0.381728903,76.0,-0.525318,0.00266064
MANF,717.0,0.420319188,97.0,-0.09021,-0.340268305
MAP4K1,170.0,0.374128007,140.0,-2.434775,-0.225009009
MARCKSL1,768.0,0.468216312,206.0,0.019373,-1.173976528
MAX,2676.0,0.337149475,479.0,0.09618,-0.509632562
MBD2,3723.0,0.420256858,229.0,-0.742342,0.23866351
MBP,4041.0,0.393290432,264.0,-1.084622,-0.327890277
MCM2,662.0,0.460999542,110.0,0.820994,-0.233335986
MCM4,2618.0,0.371821308,942.0,0.802325,-0.143849523
MCM5,3214.0,0.470488076,94.0,0.45564,-0.186584897
MDC1,658.0,0.415783633,440.0,0.298354,-0.145876295
MDH1,210.0,0.381672323,435.0,-0.677393,-0.527221648
ME1,1535.0,0.411214685,265.0,-4.030545,-0.001684823
ME3,171.0,0.395156177,377.0,0.6064,0.928881816
MECR,1365.0,0.445670958,612.0,-0.379005,0.44619638
MED17,2631.0,0.366528813,275.0,0.339614,0.140133509
MED19,934.0,0.439623042,93.0,0.193095,-0.400991376
MED28,10307.0,0.440157501,27.0,0.212704,0.200108785
MED29,4550.0,0.464327351,57.0,0.019407,0.070342692
MEF2C,6848.0,0.41426337,654.0,-0.65985,-0.35429899
MEN1,824.0,0.454590692,504.0,0.012262,-0.283723631
METTL13,961.0,0.396264071,347.0,0.011829,0.055145861
MGST3,1295.0,0.374563048,428.0,-0.353089,-0.513232167
MIF4GD,787.0,0.397877071,137.0,-0.418816,-0.065697685
MINK1,774.0,0.455972684,525.0,0.308275,-0.591685821
MIS12,1334.0,0.420723459,745.0,0.212511,-0.247926459
MLEC,5319.0,0.43043384,173.0,-0.30087,-0.928031245
MLLT10,2252.0,0.36295117,1568.0,0.735897,-2.873048954
MLX,1636.0,0.386664187,65.0,-0.400048,0.511602598
MMADHC,5382.0,0.406207656,205.0,-0.547413,0.015944792
MMGT1,4451.0,0.406300672,388.0,-0.589374,-0.871623705
MMP1,502.0,0.392399458,189.0,-1.670768,-0.903741653
MMP14,1722.0,0.419367787,285.0,0.268121,0.229549063
MMP9,193.0,0.404253633,19.0,-1.242969,-1.310657931
MORC3,2052.0,0.406702124,375.0,0.398206,0.204838225
MORF4L1,1066.0,0.420719378,454.0,-0.488417,0.023344308
MOV10,619.0,0.412681236,1415.0,-0.410814,-0.241868839
MPDU1,797.0,0.440676037,216.0,0.126262,-0.383510227
MPHOSPH10,87.0,0.404440607,352.0,0.010202,-0.159283335
MRI1,2018.0,0.459301832,75.0,0.345791,-0.11477712
MRPL13,1075.0,0.395373051,313.0,0.061442,0.537076298
MRPL15,1888.0,0.407701507,63.0,-0.049846,0.490323508
MRPL16,212.0,0.368940255,214.0,-0.045308,0.363296844
MRPL17,6554.0,0.424450505,105.0,0.103075,0.605787076
MRPL2,580.0,0.458698472,164.0,-0.521248,-0.060121835
MRPL20,187.0,0.445765675,96.0,-0.515617,0.118786948
MRPL21,55.0,0.417448467,293.0,0.079234,0.376792827
MRPL27,2133.0,0.436300758,31.0,-0.260366,0.302703073
MRPL40,113.0,0.406843086,653.0,0.045024,0.278121017
MRPL46,1889.0,0.422788385,25.0,-0.297198,0.415692979
MRPL48,1284.0,0.368940255,212.0,-0.162191,-0.369453455
MRPL51,2069.0,0.35376587,169.0,-0.128,-0.169871526
MRPL53,198.0,0.441261883,155.0,-0.135904,0.379711382
MRPL9,407.0,0.432679379,437.0,-0.116387,0.50547415
MRPS11,2793.0,0.477818717,1491.0,-0.416626,0.386290314
MRPS15,468.0,0.440649404,164.0,-1.062287,0.079343712
MRPS17,1334.0,0.413812124,30.0,0.214333,0.633602366
MRPS18B,936.0,0.408462865,157.0,-0.044915,0.416728321
MRPS36,933.0,0.3748339,84.0,-0.363996,0.352294728
MRPS7,453.0,0.455992019,233.0,-0.205598,0.196158719
MSI2,5168.0,0.366385762,173.0,1.017464,0.263905423
MSTO1,694.0,0.421389639,1152.0,0.374845,0.002457745
MT2A,316.0,0.576670685,123.0,-2.245106,-1.835524025
MTA2,684.0,0.459443446,761.0,-0.272505,-0.0320356
MTFMT,1550.0,0.414190941,26.0,0.054097,0.933140025
MTHFS,1663.0,0.434592403,179.0,0.018912,-0.258372732
MTMR1,2442.0,0.424163835,319.0,0.124572,0.170156284
MTMR14,421.0,0.371137969,151.0,-0.003837,0.191304802
MVP,50.0,0.435053297,193.0,-0.379154,0.138968439
MX1,456.0,0.433488503,982.0,-0.160584,-0.433625341
MX2,1812.0,0.430094961,104.0,-0.695501,0.027469998
MYADM,2833.0,0.384589896,681.0,-0.329282,-0.176722012
MYCBP,3972.0,0.381803634,73.0,0.269512,-0.117087415
MYL12A,812.0,0.453450746,478.0,-0.753105,0.313661001
MYO18A,3647.0,0.395788337,484.0,-0.3912,-0.153928282
MYO9B,1401.0,0.398943925,152.0,-0.23906,-0.176924325
N6AMT1,5137.0,0.427535625,28.0,0.666678,0.858752156
NAA40,3212.0,0.389371031,261.0,-0.164448,-0.291997333
NAB1,2433.0,0.361024962,572.0,0.015394,0.285472752
NADK,1672.0,0.3959688,563.0,-0.066187,-0.068386907
NADSYN1,464.0,0.447848979,126.0,0.174962,0.114830454
NAGK,1297.0,0.42527382,474.0,-0.774389,-0.179243413
NANS,37.0,0.458552255,132.0,-0.039462,0.030665904
NAPA,1862.0,0.477781443,318.0,-0.044199,0.307327944
NAT10,4915.0,0.387474071,245.0,0.220006,-0.172742771
NBAS,140.0,0.414580543,44.0,-0.334506,0.01039466
NCALD,2767.0,0.374888213,460.0,-0.147095,0.491051202
NCAPD3,2971.0,0.431957579,606.0,0.483965,0.044546197
NCAPG2,3501.0,0.41630572,200.0,0.298791,-0.405332719
NCF1,2381.0,0.415579251,70.0,-1.893387,-0.504889266
NCK2,1267.0,0.457831152,276.0,-0.408546,-0.192722293
NCKIPSD,4981.0,0.449411541,126.0,-0.143727,0.205325686
NCOA5,1332.0,0.416761948,402.0,0.281511,-0.222630924
NCOA7,3259.0,0.404217869,470.0,-1.301607,-0.042126682
NDC80,61.0,0.356199389,182.0,-1.076385,-0.553901849
NDRG2,841.0,0.376266446,941.0,-0.107474,-0.16413694
NDUFA4,1685.0,0.439642808,129.0,-0.380155,-0.413622885
NEU1,667.0,0.413226082,156.0,-0.322974,-0.008787086
NFATC2IP,3242.0,0.412267479,15.0,0.219637,0.127185067
NFKB1,708.0,0.4099683,467.0,-0.402984,-0.068553886
NFKB2,153.0,0.424806573,563.0,-1.14638,-0.276134548
NFKBIE,1053.0,0.409138176,25.0,-1.175805,-0.365371138
NGDN,1255.0,0.423783924,27.0,0.201892,0.151465815
NGRN,1679.0,0.414477409,50.0,0.080483,-0.05363951
NINJ1,5217.0,0.455972644,71.0,0.0532,-0.156321955
NIP7,1593.0,0.443769116,318.0,-0.002844,0.138314346
NIT2,2351.0,0.432361565,74.0,-0.074444,0.423119822
NMNAT3,2689.0,0.397393877,1228.0,-3.87956,-0.862615628
NMT1,3377.0,0.454689408,31.0,-0.286696,-0.156837291
NONO,1092.0,0.432928506,710.0,0.64997,-0.121178042
NOP14,912.0,0.38067473,187.0,0.263261,-0.302507276
NOP2,785.0,0.393538298,198.0,-0.035476,-0.335994498
NOTCH2,6062.0,0.409327653,297.0,-0.251301,0.002779921
NPTN,1068.0,0.388989686,197.0,0.069624,-0.742740226
NR2C2,6271.0,0.390767743,362.0,0.250087,0.1187217
NRBF2,883.0,0.43605128,224.0,-0.559957,0.037596256
NRF1,1901.0,0.447602651,500.0,0.186138,0.250063248
NRGN,833.0,0.413631862,152.0,-0.741394,-0.75917847
NRP1,3846.0,0.416817106,523.0,-0.768149,0.222837731
NSFL1C,1587.0,0.42738001,868.0,-0.182138,-0.08830525
NSMAF,602.0,0.358586884,214.0,0.175374,0.20965902
NTAN1,178.0,0.344459601,320.0,0.142115,0.137382562
NUBP1,246.0,0.455923678,142.0,0.095988,0.226617242
NUCKS1,5461.0,0.359398328,271.0,0.226012,-1.256222504
NUDC,716.0,0.476401948,127.0,-0.270417,-0.512948735
NUDT16,5489.0,0.428387545,75.0,0.208227,0.616032962
NUMA1,663.0,0.474508115,436.0,-0.085467,-0.312602334
NUP93,5678.0,0.382018893,495.0,-0.397651,0.012842697
NXF1,2943.0,0.375826754,136.0,0.13071,0.216977247
OCIAD2,4872.0,0.363821488,322.0,-0.588094,-0.477915637
OGDH,1071.0,0.396078149,159.0,-0.245348,0.33800146
OPA3,7233.0,0.475004358,100.0,-0.397569,-0.920839375
OSBPL2,2363.0,0.383456763,571.0,-0.359193,-0.210086309
OSBPL5,1099.0,0.381371042,158.0,0.380367,0.058965246
OVCA2,792.0,0.429983078,65.0,0.243076,0.233706821
P2RX4,573.0,0.442596273,304.0,-0.118806,-0.632889124
PAAF1,509.0,0.376143366,341.0,0.015487,0.122814248
PACSIN2,1591.0,0.413490434,405.0,0.252361,0.068927274
PARK7,451.0,0.457171775,163.0,-0.464057,-0.321241692
PARP1,769.0,0.460215809,171.0,-0.303326,-0.51585023
PARP10,332.0,0.422654659,200.0,-0.159933,-0.01253453
PARP12,816.0,0.416480622,874.0,-0.233405,-0.172111587
PARP14,2243.0,0.414355918,59.0,-0.572636,-0.183110578
PARP9,451.0,0.418102187,327.0,0.089198,0.187359094
PARVG,2043.0,0.383803232,484.0,-0.888693,-0.0997667
PBK,750.0,0.413339119,464.0,0.680449,-0.150368913
PCNA,338.0,0.425000199,239.0,0.129042,-0.138449874
PDAP1,2007.0,0.464659554,134.0,0.254741,-0.188947799
PDCD2,155.0,0.440448783,111.0,0.098406,-0.2899878
PDCD2L,48.0,0.433436103,33.0,0.004978,-0.147767752
PDCD6IP,3211.0,0.388727459,158.0,0.460594,0.389724007
PDHA1,2054.0,0.402514578,145.0,0.241531,0.559484038
PDHB,2974.0,0.442593378,43.0,0.093939,0.452085319
PDLIM1,357.0,0.379179626,233.0,1.569739,0.510639988
PDXDC1,2055.0,0.375670185,335.0,0.053982,0.169610286
PDXK,6244.0,0.398158884,198.0,-0.668616,0.240130532
PEBP1,796.0,0.360152166,326.0,-0.027665,-0.0427357
PEF1,769.0,0.441759403,424.0,-0.710275,0.086222951
PELO,5222.0,0.385240523,985.0,-0.538776,-0.250859723
PEPD,395.0,0.450896903,133.0,-0.688882,0.831069819
PEX6,946.0,0.370078344,93.0,0.403041,0.102252056
PEX7,2294.0,0.407005497,102.0,0.602261,0.335014876
PFDN5,124.0,0.497062947,117.0,-0.170927,-0.093229509
PFDN6,574.0,0.470152145,222.0,-0.311656,0.147539846
PGM1,570.0,0.393980016,681.0,-0.962504,0.046812717
PHB,988.0,0.45268542,190.0,-0.388735,0.021273241
PHF10,104.0,0.365149381,79.0,0.653755,0.135834754
PI4K2A,2692.0,0.385068362,57.0,-0.392469,0.137540401
PIAS1,3626.0,0.396022529,741.0,-0.126838,0.122473694
PIGH,1430.0,0.434471606,98.0,0.917743,-1.219232136
PIK3AP1,3866.0,0.407313024,128.0,-0.673831,-0.1005803
PIR,205.0,0.385796208,485.0,-1.416172,-0.738144844
PITPNC1,4686.0,0.369070722,874.0,-0.359418,-0.093887918
PLA2G4C,585.0,0.406173977,398.0,-1.124368,-2.471475664
PLAUR,323.0,0.418467601,226.0,0.050326,0.096981427
PLCB2,818.0,0.468984469,301.0,-0.917185,-0.039380653
PLCG1,3987.0,0.454806205,121.0,-0.056866,-0.020879752
PLD4,273.0,0.377985619,192.0,-0.095831,0.155430393
PLEKHO1,5192.0,0.424698037,839.0,-0.300178,-0.133747979
PLEKHO2,2119.0,0.429714475,134.0,-0.643486,-0.104947486
PLSCR1,10376.0,0.415598704,388.0,-0.59618,-0.513214432
PML,3324.0,0.431306474,140.0,-0.437984,-0.029563767
POLR1C,1131.0,0.439933821,86.0,0.049985,0.112116271
POLR1D,1469.0,0.427162265,456.0,0.597412,0.250983412
POLR2F,1600.0,0.47244007,250.0,-0.650677,-0.00973115
POLR2H,1065.0,0.427596015,1167.0,0.260821,0.141939776
POLR3H,3481.0,0.444306047,388.0,0.539435,0.326889886
POLR3K,1023.0,0.473025152,46.0,0.3167,0.404545982
PPA2,660.0,0.432735716,20.0,-0.832677,-0.136424687
PPIE,4556.0,0.446406574,56.0,-0.380473,-0.077775666
PPIL1,1921.0,0.453832883,252.0,-0.353111,-0.625053571
PPP1R14B,282.0,0.457456004,268.0,-0.167376,-0.137002502
PPP1R3G,2923.0,0.390061911,0.0,-0.17541,-0.672033542
PRC1,1136.0,0.367783806,234.0,-0.008866,-0.584784267
PRCC,357.0,0.381841119,290.0,0.152601,-0.220953867
PRDX1,303.0,0.414090753,341.0,-0.482136,-0.405038187
PRDX6,944.0,0.433706552,51.0,-0.00661,0.271753069
PREB,658.0,0.378530018,403.0,-0.538751,-0.198665212
PREP,579.0,0.425974009,233.0,-0.596803,-0.601925981
PRG4,784.0,0.366727173,51.0,-3.325659,0.058063837
PRIM2,1166.0,0.350864643,125.0,0.017925,-0.081602831
PRKAB1,1305.0,0.365943644,289.0,-0.187393,0.173701064
PRKAR2A,5019.0,0.427443141,254.0,0.612554,0.2516783
PRKCB,5795.0,0.38010529,197.0,-2.846134,-0.403259246
PRKCD,451.0,0.404392693,469.0,0.570404,-0.029388933
PRKRA,683.0,0.420894136,659.0,-0.062265,-0.050734101
PRKRIP1,3224.0,0.453589322,55.0,0.053747,-0.818576656
PRMT5,393.0,0.386451423,508.0,0.303194,-0.034096915
PRMT7,3655.0,0.450088803,850.0,0.127898,0.144935479
PROCR,549.0,0.357872186,218.0,-1.024407,0.642920193
PRPS1,3908.0,0.466551451,409.0,0.470416,0.253797114
PRPSAP1,2056.0,0.390811115,688.0,-0.128536,0.37616472
PRRC1,3173.0,0.409170839,188.0,0.021544,-0.024687433
PSMA5,2997.0,0.446573967,225.0,-0.714344,-0.163737617
PSMA6,187.0,0.423632682,445.0,-0.16094,-0.234958576
PSMB10,58.0,0.455018511,128.0,-1.042762,-0.484330107
PSMB2,3775.0,0.389848815,412.0,-0.509049,0.056880238
PSMB8,242.0,0.411206622,522.0,-0.980315,-0.292106561
PSMB9,5497.0,0.431095699,69.0,-1.322418,-0.057068957
PSMC3,66.0,0.485654947,194.0,-0.419321,0.078572723
PSMD11,2567.0,0.390095635,61.0,-0.430064,0.123958196
PSMD13,384.0,0.437236365,242.0,-0.321903,-0.076350912
PSMD8,450.0,0.458928351,52.0,-0.221047,0.228642331
PSME2,53.0,0.443656162,65.0,-0.64769,-0.639381484
PSMG1,5308.0,0.427553471,578.0,-1.13098,-0.438012874
PSTPIP2,1923.0,0.429639796,96.0,-0.399494,-0.063164955
PTBP1,1504.0,0.473818895,106.0,-0.029426,0.015628221
PTDSS1,3765.0,0.367954205,423.0,-0.119016,-0.728466617
PTGS1,3346.0,0.37260918,633.0,-0.100913,0.089865775
PTP4A1,3419.0,0.421202001,1153.0,-0.879896,-0.142536634
PTPMT1,1899.0,0.450492628,193.0,0.164874,0.458998889
PTPN18,2185.0,0.381656528,101.0,0.142864,-0.957415076
PTPN7,1593.0,0.440747449,781.0,-2.859075,-0.41656206
PTPRE,2994.0,0.426620112,1843.0,0.217498,0.019321229
PTPRF,4571.0,0.452810321,356.0,0.001445,0.167759336
PTRH2,3186.0,0.370743372,1544.0,0.080945,-0.855094408
PWWP2B,819.0,0.424412275,29.0,-0.25229,-0.28962713
PYCR2,578.0,0.474148407,230.0,0.194104,-0.235985364
PYGL,175.0,0.392036998,127.0,1.772524,0.844704508
QARS,97.0,0.458996209,396.0,0.337815,0.075655965
RAB11FIP1,4277.0,0.380614122,56.0,-0.235122,-0.145137801
RAB12,1120.0,0.38483812,283.0,-1.083697,-0.562749753
RAB21,5246.0,0.435367738,267.0,-0.590164,-0.000963696
RAB31,3231.0,0.437498832,175.0,1.558962,0.114514031
RAB35,2172.0,0.408841719,189.0,-0.294209,-0.588251968
RAB7A,1376.0,0.419395127,232.0,-0.017134,0.02413699
RAB8B,4163.0,0.425956778,96.0,-0.386471,-0.622779432
RAB9A,1716.0,0.417525007,283.0,0.268267,0.170460243
RABGGTA,77.0,0.387342734,512.0,-0.145027,0.095054252
RABGGTB,440.0,0.409412379,78.0,-0.367572,-0.006639897
RABIF,4760.0,0.447399225,159.0,-0.423787,0.313230896
RACGAP1,1895.0,0.366370127,354.0,0.24061,-0.025436615
RAD9A,924.0,0.444046557,185.0,0.111049,0.110276649
RAE1,1112.0,0.432613552,365.0,0.200286,0.099946977
RAI1,1472.0,0.455620822,469.0,1.030122,0.256459284
RAN,2043.0,0.442855294,361.0,-0.178681,-0.146725551
RANBP10,3359.0,0.379453562,1256.0,-0.104727,-0.057565393
RANGAP1,3145.0,0.481547647,765.0,-0.447712,0.019520479
RAPGEF1,2727.0,0.425793135,159.0,-0.477532,0.239120212
RARS,114.0,0.423508657,41.0,0.063821,0.107410378
RASGRP2,183.0,0.381671176,582.0,-1.299534,0.117522615
RBBP4,6506.0,0.404056961,164.0,-0.138424,-0.232834773
RBBP5,3098.0,0.421849625,474.0,-0.218682,0.153651268
RBKS,251.0,0.392307233,1371.0,0.481416,0.662314501
RBM12,3599.0,0.375183789,304.0,0.51925,-0.001965351
RBM14,3443.0,0.468008211,139.0,-0.159234,-0.354378971
RBM4B,5277.0,0.396841232,170.0,0.026646,0.018464529
RBMX,1201.0,0.353737079,210.0,0.192546,-0.690129079
RBPJ,4223.0,0.4178224,518.0,-0.475468,0.160651853
RBX1,821.0,0.46562919,52.0,-0.029504,0.531634903
RC3H1,7637.0,0.410085914,87.0,-0.049283,0.288484444
RCCD1,1773.0,0.374130224,280.0,-0.406458,-0.38664914
RCOR1,4070.0,0.439565312,228.0,-0.006079,0.223716746
REEP4,591.0,0.460338979,469.0,0.322379,-0.293480073
REEP5,2962.0,0.457536941,144.0,0.261682,-0.965532209
RELB,408.0,0.418226182,131.0,-1.224129,-0.069613462
REPIN1,2683.0,0.45080531,489.0,0.473753,-0.801545483
RFC4,89.0,0.411167541,282.0,0.708777,0.14001783
RFK,1882.0,0.429285662,357.0,-1.067962,0.172374176
RFWD3,2538.0,0.42367162,98.0,0.599781,-0.381801385
RFX5,1546.0,0.386685917,221.0,-0.549337,-0.188483098
RFXAP,1850.0,0.421314391,156.0,0.424212,-0.384644648
RHBDF2,740.0,0.423256567,294.0,0.008275,-1.056282187
RHOT2,568.0,0.454546166,881.0,0.360728,0.163951586
RINL,1279.0,0.357351373,413.0,-0.174522,-0.20020869
RNASE2,179.0,0.384567964,71.0,-1.384546,-0.242798839
RNASEH1,4369.0,0.404567903,700.0,-0.197334,-0.021591297
RNASEH2B,3930.0,0.37625722,399.0,0.389953,-0.272267338
RNASET2,1070.0,0.374792559,407.0,0.244006,0.437019784
RNF114,1751.0,0.459950313,36.0,-0.26576,-0.478055843
RNF167,289.0,0.375291206,776.0,0.33418,-0.670383824
RNF20,5226.0,0.396317502,92.0,-0.0232,-0.434191071
RNF213,5288.0,0.417718743,150.0,-0.057403,-0.25886899
RNF216,2819.0,0.430061571,259.0,0.453678,0.418878273
RNF25,102.0,0.375620157,88.0,-0.379486,0.05971552
RNF31,88.0,0.389352607,358.0,0.066689,0.170090425
RNLS,1252.0,0.416402283,135.0,-1.889596,0.095106284
RNMT,4581.0,0.415128602,241.0,0.081045,-0.218983279
RNPEP,463.0,0.447181346,896.0,-0.310564,0.023983363
RP9,437.0,0.42869019,18.0,-0.607169,-0.176545052
RPA1,2907.0,0.381710028,170.0,0.26256,-0.016483064
RPA2,639.0,0.400070522,793.0,-0.145039,0.092826739
RPAIN,471.0,0.394698889,570.0,0.178769,0.459315807
RPL11,461.0,0.442317923,45.0,-0.00094,-0.309535533
RPL14,5208.0,0.496792394,133.0,0.494015,-0.896040967
RPL23,3146.0,0.464880603,90.0,0.282701,0.23730836
RPL26,53.0,0.427802183,389.0,0.859707,-1.36516093
RPL31,1260.0,0.451994935,87.0,0.60053,-0.22159001
RPL34,1350.0,0.436455219,198.0,0.051114,-1.804402907
RPL5,1058.0,0.451564158,75.0,-0.173615,-0.033455883
RPL7,1077.0,0.460258279,707.0,0.604616,-0.303781004
RPS11,373.0,0.483080585,92.0,0.321924,-0.116273413
RPS24,4247.0,0.430653047,142.0,0.441259,0.076054489
RPS25,109.0,0.467193878,63.0,0.317786,-0.144611695
RPS27A,743.0,0.450449292,321.0,0.249673,-0.313524186
RPS3A,306.0,0.426765211,80.0,0.188294,-0.063874863
RPS4X,629.0,0.442998752,96.0,1.069057,0.279093762
RPS6,2723.0,0.413925579,42.0,0.50548,-1.044636763
RPS6KA1,828.0,0.389798854,163.0,-0.436712,-0.124082487
RPS6KA4,735.0,0.38455359,226.0,-0.225519,-0.412349273
RPS7,66.0,0.428822459,109.0,0.201918,-0.27545311
RPTOR,2341.0,0.385169267,805.0,-0.297107,0.125242099
RREB1,3012.0,0.456825357,492.0,0.529277,-0.014246148
RRM1,2304.0,0.437568848,689.0,0.389339,0.176590045
RRP8,5071.0,0.446233376,148.0,0.049167,0.004755158
RRS1,978.0,0.468289248,104.0,-0.038287,-0.254205172
RTN3,1690.0,0.358048129,187.0,0.422499,-1.154995308
RTN4IP1,1108.0,0.372133716,477.0,-0.599428,0.043245722
RUNX1,4334.0,0.416076551,1578.0,0.621999,0.118976422
RUNX3,2611.0,0.405217602,439.0,-1.994086,-0.613520418
RWDD1,6365.0,0.401367905,746.0,-0.05673,0.520488927
S100A8,71.0,0.444112716,170.0,-2.231861,-2.236086633
S100A9,189.0,0.439508357,43.0,-2.010239,-2.770991995
SAMD9,1815.0,0.395660052,270.0,-0.136103,-0.072414373
SAMD9L,1162.0,0.396305952,1248.0,0.181643,-0.06848803
SAMM50,150.0,0.345249646,197.0,-0.099933,0.22027991
SAMSN1,684.0,0.407246581,430.0,-1.351926,-0.054273684
SAP18,1754.0,0.427429047,39.0,0.365511,-0.917154176
SAP30BP,1541.0,0.449617255,257.0,-0.378292,-0.198116242
SAR1A,5213.0,0.411769389,203.0,0.338557,0.266362382
SAR1B,5806.0,0.392367964,253.0,-0.554886,-0.092829922
SARS,1054.0,0.40098191,100.0,-0.472068,0.059814876
SASH3,1369.0,0.387406112,182.0,-1.242389,-0.214790037
SCAMP4,1741.0,0.472519575,351.0,0.322168,0.206140381
SCO1,8645.0,0.407339367,61.0,0.382485,0.026890865
SDCCAG8,307.0,0.360606297,1542.0,0.254626,-0.512366582
SEC11C,205.0,0.423646802,92.0,-0.935905,-1.381390145
SEC13,332.0,0.457264526,210.0,-0.29778,0.044132346
SEC14L1,2986.0,0.420320088,665.0,-0.427962,-0.0009717
SEC22A,2559.0,0.422343815,79.0,0.062868,-0.284234054
SEC24B,1221.0,0.400931805,155.0,-0.005021,0.32934629
SEC24D,2115.0,0.386600041,297.0,-0.086342,0.290297
SEC61B,270.0,0.404562259,76.0,-0.211815,-1.037440051
SEMA3F,960.0,0.38837398,318.0,0.342442,-0.031140778
SEMA4A,755.0,0.412797256,345.0,0.591333,0.153736757
SEMA4D,2318.0,0.393173667,572.0,-0.569653,-0.361989842
SERPINA1,1707.0,0.420489385,573.0,3.434984,0.033050816
SERPINB8,2096.0,0.38524815,520.0,-0.472435,0.243782166
SETMAR,321.0,0.414235412,398.0,-0.110965,0.378602924
SF1,2419.0,0.374481437,721.0,0.294087,-0.189453073
SF3B2,563.0,0.453902675,40.0,0.008724,-0.014029508
SFXN4,500.0,0.402513841,45.0,0.376308,0.068238175
SH3BP1,433.0,0.395530944,313.0,-0.901082,-0.197140297
SH3PXD2B,4870.0,0.420952884,171.0,-0.116031,-0.181903846
SHMT1,4335.0,0.394510245,509.0,0.414553,0.583561413
SIGLEC1,1590.0,0.42099348,0.0,-0.70758,-0.141027121
SIPA1,2933.0,0.437718847,296.0,-0.846734,-0.132279747
SIRPA,3027.0,0.429235057,360.0,-0.961917,-0.619331341
SKP1,8791.0,0.433886974,179.0,0.215362,-0.135208245
SLBP,3046.0,0.391438372,553.0,0.471812,-0.118115922
SLC25A10,1929.0,0.386184273,191.0,-0.106215,0.338413424
SLC25A19,477.0,0.386093473,224.0,-0.549876,-1.226961391
SLC25A20,787.0,0.382641976,199.0,-0.12994,0.485677022
SLC25A3,504.0,0.383836987,354.0,-0.092285,-0.723691896
SLC25A40,2688.0,0.363984785,375.0,0.648769,0.001404773
SLC25A42,2156.0,0.366871382,156.0,0.006632,0.691211323
SLC25A6,450.0,0.487227384,137.0,0.507406,-0.713324952
SLC27A3,163.0,0.439664345,91.0,-0.872229,-0.262819966
SLC39A10,2661.0,0.346494338,214.0,0.828655,0.306209469
SLC43A2,6357.0,0.437839378,341.0,0.136692,0.029585523
SLC44A1,8291.0,0.4365497,264.0,0.641529,0.069603029
SLC9A3R1,709.0,0.400889529,235.0,0.33021,-0.278027579
SMAP2,1225.0,0.404145004,415.0,-0.32628,-0.03425779
SMC1A,5954.0,0.490702048,340.0,0.388921,-0.047206179
SMG5,1363.0,0.383248033,540.0,-0.200897,0.188989874
SMS,2660.0,0.417677888,252.0,0.650878,0.417740361
SMYD3,223.0,0.378821529,130.0,0.419329,0.685921015
SNRNP200,676.0,0.454045162,132.0,0.290994,-0.002957078
SNRPC,474.0,0.427936125,450.0,0.028091,-0.104762679
SNRPD1,4386.0,0.384326147,161.0,-0.238576,0.222579498
SNRPN,279.0,0.390283395,1145.0,-0.885902,0.431338865
SNX24,5071.0,0.338464018,185.0,-0.361654,1.347926078
SNX30,6144.0,0.426743352,148.0,0.21054,0.344426226
SNX33,5086.0,0.383330712,96.0,-0.400141,0.454788015
SOD1,353.0,0.438546885,148.0,0.00159,-0.322161264
SOD2,13436.0,0.435065133,1828.0,-0.781141,0.143326137
SP110,3922.0,0.401738483,258.0,0.204837,-0.11924035
SPC24,1691.0,0.381793277,320.0,1.000033,-0.011476304
SPC25,540.0,0.373816265,131.0,0.232358,0.150547866
SPCS1,3333.0,0.417439524,205.0,0.252398,-0.817437584
SPI1,383.0,0.406748349,223.0,-0.882199,0.18789156
SPRYD4,1406.0,0.430591965,75.0,-0.455561,0.036030748
SQSTM1,1485.0,0.412192979,360.0,-1.129356,-0.714312123
SRC,2671.0,0.437602812,449.0,-0.472939,-0.019460739
SRGAP2,3018.0,0.377689891,542.0,-0.714529,-0.020097398
SRI,5365.0,0.424260151,79.0,0.401551,0.363173474
SRP19,2645.0,0.430943803,189.0,-0.159686,-0.247494108
SRPRB,1784.0,0.427990824,285.0,-0.209931,-0.920464013
SRR,1392.0,0.393840903,354.0,0.185405,0.253624586
SRXN1,2099.0,0.37663928,185.0,0.476179,-0.099187335
SS18L2,777.0,0.45997865,208.0,0.200684,-0.269692347
SSH1,5298.0,0.373517564,146.0,-0.01511,-0.265221174
SSH3,2595.0,0.376349937,178.0,0.6933,0.42355868
SSR2,592.0,0.425839932,80.0,0.050696,0.100965418
SSR3,3698.0,0.388415977,156.0,0.306317,-1.309255076
SSR4,87.0,0.444947593,150.0,-0.295248,-0.431155461
SSRP1,422.0,0.394601844,267.0,0.183435,-0.115490089
SSU72,400.0,0.445120823,325.0,-0.675145,-0.251704253
ST13,3666.0,0.439823793,468.0,0.159736,0.042853574
ST14,553.0,0.454138745,193.0,-0.566976,-0.403407182
STARD10,1682.0,0.427301627,944.0,-0.388954,-0.281368669
STAT1,3294.0,0.408136156,388.0,-0.395969,-0.412594613
STAT2,1791.0,0.409862748,203.0,-0.280017,0.063982476
STAT6,1168.0,0.380869476,499.0,0.441588,0.383625015
STMN1,1138.0,0.394107416,364.0,-0.288242,-0.936055256
STOM,2222.0,0.387137797,117.0,-2.167387,-0.625978252
STOML2,531.0,0.456962681,143.0,0.157477,0.053609925
STX11,4481.0,0.457080677,192.0,-0.838568,0.156275231
STX3,5058.0,0.403902965,547.0,-0.064257,-0.76331662
STX7,14891.0,0.417568039,327.0,-0.222004,-0.359262237
STX8,107.0,0.378438911,150.0,0.35276,0.256731541
SUCLG1,223.0,0.43877655,193.0,-0.430991,-0.084984178
SUFU,3380.0,0.361614756,191.0,0.387455,0.725340666
SUMF1,999.0,0.37076871,37.0,0.244706,0.186941498
SUPT4H1,1112.0,0.438747077,103.0,-0.196064,0.301104986
SURF2,1720.0,0.440503417,48.0,-0.68997,-0.70756973
SURF4,2281.0,0.385472445,476.0,-0.110216,0.079312428
SURF6,4908.0,0.42467207,78.0,-0.034965,-0.264924062
SUV39H1,1669.0,0.463566826,266.0,0.97792,0.19648619
SYTL1,80.0,0.364244725,197.0,-0.450282,-0.119488084
TACC3,165.0,0.385699108,155.0,-0.0481,-0.431202556
TADA2B,3064.0,0.464060586,151.0,-0.174129,-0.125172761
TAF12,689.0,0.435926756,522.0,-0.538015,0.025795408
TAP2,5256.0,0.374969764,175.0,-1.355124,-1.389850696
TBC1D20,3109.0,0.435441414,148.0,-0.021578,0.175314443
TBC1D9B,1396.0,0.395340616,37.0,0.170547,0.290758805
TBCC,556.0,0.434161456,73.0,-0.548493,0.151202863
TCEAL3,260.0,0.368171822,262.0,-0.377981,-1.121916206
TCEAL4,3020.0,0.432120515,489.0,-0.358036,-0.661960774
TCOF1,1640.0,0.41523122,108.0,-0.065775,-0.908965074
TDP1,1721.0,0.418036689,317.0,0.734662,0.171844632
TDRD7,242.0,0.375852104,234.0,-0.266207,-0.092854134
TDRKH,973.0,0.419795099,182.0,0.381966,0.146912938
TEP1,2777.0,0.379550228,40.0,-0.414476,0.125457804
TFE3,1431.0,0.379068139,541.0,0.145815,-1.04516485
TFEB,621.0,0.429366592,302.0,-0.876712,-0.717851697
THADA,112.0,0.415199561,352.0,0.252137,0.263097638
THUMPD1,2715.0,0.455087735,225.0,0.08987,0.010810993
THYN1,205.0,0.377954149,484.0,-0.543,-0.803070766
TIMM50,3932.0,0.424829064,722.0,-0.47175,-0.256970588
TIMM8B,2046.0,0.447942532,30.0,-0.164831,-0.3139945
TK2,3965.0,0.360054507,593.0,-0.231138,0.073371266
TLE1,571.0,0.374791795,1295.0,-1.519962,-0.454376268
TM9SF2,2020.0,0.372522209,233.0,0.718671,-0.259381975
TMED3,1710.0,0.439016102,188.0,-0.116097,-0.228299752
TMED9,708.0,0.44685712,67.0,-0.498762,-0.002605794
TMEM126A,52.0,0.406087664,295.0,-0.007528,0.268805783
TMEM199,2431.0,0.370998168,90.0,-0.015641,-1.291670789
TMEM63A,1407.0,0.385482014,622.0,-0.261732,-0.883774445
TMOD1,2050.0,0.392927141,213.0,-3.103827,0.025287846
TMSB10,278.0,0.470652003,95.0,-0.845982,-0.467248543
TNFAIP1,2409.0,0.451408648,449.0,-0.304939,-0.543046182
TNFAIP2,2079.0,0.44214387,131.0,-0.158163,-0.123608145
TNFAIP3,1995.0,0.416242917,370.0,-1.15575,-0.150367867
TNFAIP8L2,497.0,0.440670719,126.0,-1.014211,0.059566044
TNIP1,770.0,0.448321216,241.0,-0.798895,-0.084341355
TNK2,822.0,0.420245651,543.0,0.763687,0.006617599
TNPO2,2070.0,0.408799881,358.0,-0.154455,0.32904545
TNRC18,1316.0,0.449521205,349.0,0.930366,-0.216767666
TOMM5,518.0,0.441712708,107.0,0.015637,-0.193976942
TOMM6,1957.0,0.431553434,255.0,0.051048,-0.469207954
TOP2A,1003.0,0.364102812,159.0,0.273812,-0.693624691
TOR1A,3160.0,0.446121485,77.0,-0.149965,0.191439961
TPD52L2,1600.0,0.385071878,138.0,-0.082554,0.029411958
TPI1,620.0,0.479135356,527.0,0.070147,0.326101546
TPM1,757.0,0.403626605,257.0,0.094401,0.227110508
TRAF1,7433.0,0.438949906,572.0,-1.436447,-0.176843024
TRAF3,5716.0,0.386659664,353.0,-0.042833,-0.057421604
TRAF6,6100.0,0.426668941,381.0,-0.02583,0.148982439
TRAPPC3,634.0,0.441060625,519.0,-0.486733,-0.188780525
TRAPPC5,42.0,0.453352607,241.0,-0.363666,0.21847095
TRAPPC6B,2539.0,0.437369008,335.0,-0.022065,0.266208173
TRAPPC9,3079.0,0.431357199,134.0,-0.107855,0.123850236
TRIM11,3522.0,0.453298916,255.0,0.023631,0.050191081
TRIM13,5308.0,0.419190719,763.0,0.697591,-1.515470554
TRIM14,3117.0,0.369225689,165.0,0.209551,0.247714674
TRIM22,1215.0,0.424423711,379.0,-1.224416,-0.115021578
TRIM26,1431.0,0.384319522,565.0,-0.402715,-0.022424908
TRIM27,2956.0,0.441704825,359.0,0.069734,0.036349313
TRIM41,1657.0,0.454716896,737.0,-0.12994,-0.110700469
TRIM5,2312.0,0.426412011,303.0,-0.986458,0.279776843
TRIP12,3739.0,0.40441217,297.0,0.148764,0.177844771
TRIP13,2852.0,0.433721983,145.0,0.378618,-0.302132927
TRMT5,3660.0,0.405137655,572.0,0.502659,0.215441567
TRUB2,4655.0,0.434714666,759.0,-0.251228,0.066540423
TSFM,1390.0,0.429356434,57.0,-0.010378,0.194302662
TSPAN14,15147.0,0.398868986,305.0,-0.085765,-0.614519493
TSPYL1,7303.0,0.373212405,287.0,0.138572,-0.493206559
TSR2,1366.0,0.464925113,443.0,0.304576,0.567788867
TTC39C,3394.0,0.378954091,452.0,-1.454474,-0.417183578
TTC7A,2213.0,0.393400181,1272.0,-1.014322,-0.089808659
TTPAL,5319.0,0.425556123,145.0,0.170905,0.176627579
TUBA1C,110.0,0.451729991,576.0,-0.505079,0.14816912
TUBA4A,644.0,0.402818439,556.0,-0.918755,-0.051169121
TUBB,1030.0,0.390058461,509.0,-0.207605,-0.008758558
TUBB6,2302.0,0.468445054,1139.0,-0.569403,0.439566455
TUBGCP4,1934.0,0.368175973,296.0,0.207643,0.513132205
TUSC1,1294.0,0.429789613,537.0,0.19442,-0.31014534
TXNL4A,3129.0,0.472736328,466.0,-0.341402,0.103016189
TYMP,18.0,0.429537249,376.0,-0.526463,-0.248460861
TYMS,581.0,0.364557025,159.0,0.103203,-0.473259601
UBAP2L,353.0,0.367068802,167.0,0.167182,-0.074194318
UBE2B,4002.0,0.405496028,420.0,-0.342976,-0.046080178
UBE2E1,1034.0,0.417917446,229.0,-0.01542,0.059270395
UBE2E2,1962.0,0.352966355,180.0,-1.45567,-0.834734673
UBE2L3,2365.0,0.455573936,198.0,-0.007706,-0.121959228
UBE2L6,703.0,0.431638779,653.0,-0.390154,-0.153195417
UBE4B,1283.0,0.418913915,688.0,-0.387272,-0.099208397
UBIAD1,2303.0,0.446280173,334.0,0.166919,-0.357400426
UBR4,797.0,0.387393976,4.0,-0.423182,0.068093086
UBTF,2209.0,0.400105612,296.0,0.101922,-0.224620503
UBXN1,220.0,0.422601268,194.0,-0.625981,-0.187568352
UCK2,4043.0,0.447469338,640.0,0.267515,0.07815727
UGGT1,5935.0,0.374564832,178.0,-0.180918,-0.116810014
UHRF1BP1,5130.0,0.373569339,234.0,0.797644,0.09851485
UNC45A,377.0,0.475530537,1022.0,-0.313687,-0.187597524
UNG,1024.0,0.368897526,209.0,0.258645,0.146205424
UNK,1388.0,0.447315534,42.0,0.120375,-0.480849915
UQCR11,4379.0,0.470309826,75.0,0.012814,0.776368256
UQCRC1,129.0,0.462829321,45.0,-0.266374,0.372910203
UQCRH,193.0,0.365128489,320.0,-0.924229,-0.038576053
UROD,171.0,0.391539164,133.0,-0.848357,0.067697946
UROS,3849.0,0.422413435,266.0,0.243115,0.363885403
USP18,580.0,0.434940763,338.0,-0.365684,-0.228298495
USP39,571.0,0.39295741,223.0,0.170448,0.052482817
UTP6,2466.0,0.429918331,83.0,0.049742,0.144504628
VAC14,489.0,0.396517204,827.0,-0.571114,0.059294707
VAMP8,451.0,0.398153421,156.0,-0.433377,-0.772018835
VASP,824.0,0.388921088,342.0,-0.320547,-0.328356349
VAT1,1456.0,0.406330787,120.0,-0.252609,0.207718315
VDAC3,475.0,0.440388181,210.0,0.375703,0.165706137
VDR,3209.0,0.450036866,401.0,-0.247621,0.184011871
VGLL4,2489.0,0.432812067,506.0,0.014852,0.085074254
VIM,431.0,0.411136971,462.0,-0.618133,0.30944966
VPS28,291.0,0.476756313,109.0,-0.641234,0.213367739
VPS33B,559.0,0.447669729,583.0,-0.477715,0.077178448
VPS39,2053.0,0.440628838,173.0,0.164107,0.269280338
VPS52,2870.0,0.393546356,887.0,-0.015844,0.277353726
WASF2,4090.0,0.365213822,245.0,-0.430731,-0.145385002
WBP2,1040.0,0.392225719,515.0,-0.551273,0.050493586
WDFY2,7044.0,0.36603015,340.0,0.32343,0.301633812
WDR1,1039.0,0.393247178,368.0,-0.349281,-0.130160486
WDR36,3619.0,0.40459335,117.0,-0.085843,-0.032200973
WDR37,8068.0,0.365587877,173.0,-0.089431,0.192373263
WDR4,293.0,0.380589271,581.0,-0.0824,0.067955634
WDR47,1216.0,0.402106333,376.0,0.304849,0.226211109
WDR48,1924.0,0.419028298,472.0,-0.0819,0.28608552
WDR5,1979.0,0.401607191,171.0,0.019014,0.210600266
WDR54,97.0,0.394793766,128.0,0.844762,0.285766214
WDR61,197.0,0.411764619,310.0,-0.49006,0.103682175
WDR77,4184.0,0.412330102,139.0,-0.616445,-0.033700014
WDR91,4946.0,0.380864599,823.0,-0.413431,0.36107318
WDR92,2520.0,0.427217839,117.0,0.188757,0.361535353
YTHDF1,1279.0,0.384821843,294.0,-0.089839,-0.11052214
YTHDF3,3082.0,0.406652071,509.0,0.116647,-0.350718843
YY1,5192.0,0.440120149,480.0,0.077953,-0.839944026
ZBED1,2221.0,0.457533868,282.0,0.467135,0.711758815
ZBTB8OS,1087.0,0.406816332,276.0,-0.584052,-0.02923116
ZC3H12A,768.0,0.421626239,1056.0,-0.69975,0.249916908
ZC3H4,2169.0,0.436042942,38.0,-0.083954,-0.401352332
ZCCHC10,81.0,0.361883573,67.0,0.096708,-0.106116114
ZCCHC2,2006.0,0.404185753,0.0,-0.540473,-0.142988768
ZFP36L1,2846.0,0.395541595,976.0,-0.547489,0.087757531
ZMAT2,1942.0,0.460376067,101.0,-0.197318,-1.009843285
ZMIZ2,4165.0,0.419562196,128.0,0.201996,0.013114616
ZMYM3,1292.0,0.378831729,749.0,0.871627,0.316768556
ZNF207,13817.0,0.386696564,148.0,0.181945,-0.028499082
ZNF414,113.0,0.422835658,118.0,-0.220542,-0.05572558
ZNF511,243.0,0.452392726,55.0,-0.275348,0.22741248
ZNF516,4816.0,0.393186692,318.0,-0.033682,-0.378052409
ZNF622,1298.0,0.463753859,120.0,0.118255,-0.53357065
ZNHIT2,49.0,0.440612513,85.0,0.383326,0.379795656
ZWINT,4585.0,0.411772707,37.0,-0.058277,-0.237937713
