,3prime,tAI,max_5_UTR_length,TCGA-C8-A12U,TCGA-C8-A12U.1
AAK1,17874.0,0.380718848,505.0,-0.912652,-0.127391424
AATF,207.0,0.367011205,251.0,-0.089742,-0.366025262
ABCC1,1793.0,0.393368456,175.0,0.130207,-0.124647497
ABCF3,5726.0,0.387768135,869.0,0.24048,0.022551191
ABHD12,654.0,0.374654709,279.0,0.371957,-0.072067344
ABHD6,1639.0,0.384216096,505.0,1.114074,0.075516969
ABR,2562.0,0.39474042,600.0,0.026573,0.126513847
ABT1,2092.0,0.423473096,40.0,-0.118282,-0.185967369
ACADVL,176.0,0.46877374,457.0,-0.814509,-0.581969851
ACBD6,155.0,0.433964845,621.0,-0.854099,-0.449164171
ACIN1,584.0,0.404933544,328.0,0.371136,0.128180812
ACO1,4661.0,0.37721508,227.0,-0.923226,-0.376415144
ACOT11,1220.0,0.392289045,176.0,2.882998,0.420465195
ACOT9,4514.0,0.358892202,225.0,0.483268,-0.034476845
ACP2,814.0,0.411581374,548.0,0.239857,-0.202404302
ACSF2,1484.0,0.405139059,501.0,-1.020015,-0.959936692
ACSL1,1530.0,0.417966714,990.0,-2.414342,-0.75125383
ACSL5,1022.0,0.380976548,307.0,-1.424909,-0.327047001
ACTB,613.0,0.469768794,192.0,0.359268,-0.22041462
ACTL6A,452.0,0.409046191,387.0,0.755517,0.0592701
ACTR1A,3151.0,0.432463663,108.0,0.403408,-0.031437586
ADA,312.0,0.444091501,440.0,1.025143,0.324539706
ADAMDEC1,715.0,0.41564171,547.0,1.517859,0.577606022
ADD1,1928.0,0.439806775,863.0,0.439044,-0.100251774
ADPRH,2067.0,0.380088169,541.0,0.593411,0.335986698
ADSSL1,320.0,0.393141878,776.0,1.367663,0.679590647
AGAP3,508.0,0.436856677,1584.0,-0.085521,0.070823949
AHNAK,842.0,0.382138706,300.0,-1.838428,-0.272575781
AHSA1,225.0,0.374296292,431.0,0.992261,0.113408447
AIF1,121.0,0.4069451,222.0,0.263896,0.686064446
AIFM2,1911.0,0.447982482,217.0,-0.20399,-0.196600041
AK1,1528.0,0.389481519,153.0,1.583717,0.357817977
AK2,2893.0,0.384271636,345.0,0.440038,0.199084911
AKR1C2,3804.0,0.449591167,413.0,-3.579923,-1.745420097
AKR7A2,10996.0,0.385600504,22.0,0.756303,-0.201604463
ALDH18A1,838.0,0.380333742,511.0,-1.08927,-0.61695724
ALDH3A2,2525.0,0.42484639,221.0,-0.014215,-0.472101105
ALDH6A1,4647.0,0.38708374,724.0,0.301198,-0.03232075
ALG1,2498.0,0.432230555,181.0,0.67051,-0.213112633
ALG5,380.0,0.362014155,67.0,-0.076946,-0.37320186
ALG9,4217.0,0.365461171,1107.0,0.018114,-0.007678933
ALOX5AP,976.0,0.392577632,248.0,-1.212848,-0.494123344
AMBRA1,1041.0,0.36170155,362.0,-0.484419,-0.04245109
AMPD2,903.0,0.389224108,566.0,-1.451603,-0.257605533
AMPD3,1695.0,0.423686063,472.0,-0.984495,0.298789607
ANAPC13,1361.0,0.393644021,731.0,0.731337,-0.502494634
ANAPC5,235.0,0.390209877,197.0,-0.140031,0.044367477
ANKLE2,1737.0,0.418251419,90.0,-0.513531,0.004835997
ANKRD16,135.0,0.465649334,543.0,-0.712267,-0.263135268
ANKRD35,249.0,0.402949835,108.0,-3.279813,-0.30852577
ANXA2,496.0,0.429738522,160.0,-1.801701,-0.527857623
ANXA5,1441.0,0.418050335,165.0,-0.402918,-0.366977188
AP1B1,1153.0,0.424070668,187.0,0.038659,-0.027098566
AP1M1,914.0,0.463388599,173.0,0.245302,0.128066641
APBA1,3797.0,0.387421148,276.0,-0.016522,0.194082191
APIP,427.0,0.433104693,127.0,0.967695,0.219921723
APOBEC3B,339.0,0.43450554,55.0,2.850493,0.226000875
APOBEC3C,1979.0,0.381716897,103.0,-0.483449,0.206467492
APOBEC3G,322.0,0.410940579,404.0,0.26671,0.637637539
APOL2,1195.0,0.42932248,477.0,1.234068,0.922197779
ARF6,2971.0,0.462806813,621.0,0.637974,-0.05645325
ARFIP2,2430.0,0.403729309,291.0,0.164026,0.032500607
ARHGAP17,2624.0,0.371011524,117.0,0.596044,0.271206661
ARHGAP30,773.0,0.384451823,645.0,-0.134344,0.799253328
ARHGEF10,1378.0,0.370244255,202.0,-1.135346,-0.500204123
ARID2,3145.0,0.362288628,128.0,-0.714062,-0.146531788
ARID3A,3881.0,0.411693449,290.0,0.187246,0.457376756
ARIH2,3112.0,0.397061561,878.0,-0.026652,0.014909008
ARL8A,1065.0,0.409602486,171.0,0.163459,-0.125738635
ARRB1,6041.0,0.39512759,224.0,-0.110635,0.072977341
ASF1B,950.0,0.395794233,172.0,1.933819,0.714144392
ASS1,1357.0,0.394201053,356.0,1.097325,-0.154818548
ATPAF1,3039.0,0.439253133,510.0,1.100296,-0.03241014
ATRIP,162.0,0.417082642,462.0,0.099547,0.101521623
AXL,1863.0,0.417061167,376.0,-1.892693,-0.291992754
B4GALT7,4483.0,0.433879574,93.0,-0.297286,-0.401376132
BAG1,2764.0,0.431693656,501.0,-1.343178,-0.761563507
BAG3,537.0,0.387438444,306.0,0.725515,0.350403356
BASP1,971.0,0.520859146,259.0,0.091721,0.285448736
BBS7,1531.0,0.408023089,184.0,0.360505,0.103351306
BCAT2,364.0,0.445598481,657.0,0.837657,0.047124098
BCKDHB,3082.0,0.419736544,88.0,-0.76679,-0.269231152
BCL2,5279.0,0.374049285,493.0,0.32995,-0.208469764
BCL2L13,4109.0,0.411790332,769.0,-0.828224,-0.202707928
BID,4193.0,0.428633517,498.0,-1.118532,-0.246961231
BLVRA,3376.0,0.414260839,177.0,1.776793,0.274950169
BOLA2,40.0,0.43059393,513.0,1.179006,0.421978702
BOLA3,383.0,0.406657227,38.0,0.634764,0.331323369
BRD2,787.0,0.377809737,2066.0,0.047006,0.038241377
BRD3,3285.0,0.401150236,188.0,0.557795,0.11694086
BSPRY,1091.0,0.380011644,48.0,0.271433,-0.081354834
BST2,411.0,0.444557266,81.0,-2.389355,-0.749111951
BUB3,1535.0,0.421992618,242.0,0.5095,0.143603801
C1QB,152.0,0.436596666,340.0,0.867561,0.532239087
C1QC,327.0,0.41150294,283.0,0.381052,0.869383561
C2CD3,671.0,0.360398895,227.0,-0.110806,-0.3278068
C3,5088.0,0.430632158,93.0,-3.096536,-0.300379029
CAP1,1134.0,0.406948565,416.0,-0.106933,-0.06137282
CAPN1,720.0,0.455130071,197.0,-0.110372,-0.285575907
CAPRIN1,5632.0,0.374918508,189.0,0.795035,0.454835713
CAPZB,5180.0,0.446052528,622.0,0.639466,0.093623852
CARD16,437.0,0.41300235,27.0,-0.044228,0.754921528
CARHSP1,4898.0,0.362100245,360.0,1.221725,0.518155269
CASC3,1778.0,0.370720542,295.0,-0.541452,0.063843317
CASP1,750.0,0.424742838,44.0,-0.370934,0.410761466
CASP8,1794.0,0.376118708,303.0,0.199785,-0.078105112
CAT,629.0,0.397270122,89.0,0.345935,0.165620613
CBL,8368.0,0.375957197,142.0,-1.194176,0.000517889
CBLL1,3286.0,0.400851504,467.0,0.089727,0.176562189
CBR3,54.0,0.445176236,228.0,1.510329,-0.006727772
CBS,4385.0,0.477784031,626.0,-3.94436,-1.050935364
CBX5,10815.0,0.390902295,318.0,-0.650975,-0.1329673
CBX8,2504.0,0.36735217,118.0,2.308493,-0.035380554
CCDC115,2169.0,0.385110507,452.0,0.581959,0.517788515
CCDC125,2554.0,0.359965106,322.0,0.316754,0.301612388
CCDC58,2462.0,0.421830022,75.0,0.267426,-0.11127507
CCDC88C,1302.0,0.396031427,154.0,-0.664544,-0.165654806
CCL5,886.0,0.462166288,68.0,2.23602,1.390139184
CCNA2,1206.0,0.409154498,373.0,1.388917,0.488281412
CCNB2,168.0,0.374401461,184.0,2.330301,0.225378346
CCNDBP1,2336.0,0.44393643,231.0,-0.358722,-0.449819019
CCS,4244.0,0.460896681,43.0,-0.000111,0.193269967
CCT3,238.0,0.457984718,231.0,0.891903,-0.183834868
CCT4,1361.0,0.393363555,164.0,0.526074,-0.133861534
CD14,128.0,0.416321757,392.0,-0.560576,-0.03195544
CD209,3046.0,0.440000747,67.0,-0.244909,-0.29041945
CD36,2894.0,0.410517795,414.0,-2.538857,-0.650009472
CD40,982.0,0.429065654,90.0,-0.330242,0.580666833
CD44,3115.0,0.39995987,434.0,-2.421283,-0.175938722
CD63,923.0,0.512738356,403.0,-0.553259,-0.692829467
CD74,635.0,0.427357309,187.0,0.539049,0.509801532
CDC25C,437.0,0.364786128,387.0,2.208846,0.348675
CDC26,271.0,0.395637029,359.0,0.297982,0.045486737
CDC34,560.0,0.46431386,199.0,0.267124,0.34760409
CDC42EP3,3941.0,0.420378821,1009.0,-2.701193,-0.433338883
CDCA3,816.0,0.351209268,820.0,1.118848,-0.193002679
CDCA8,1353.0,0.384295288,290.0,1.787586,0.132050268
CDIPT,1864.0,0.442654716,541.0,0.334169,0.359649817
CDK1,2313.0,0.398329505,154.0,1.016852,0.105383383
CDK19,4557.0,0.421511824,180.0,-0.383048,-0.017450234
CDK2AP1,766.0,0.439144625,522.0,-1.774386,-0.824547781
CDK5RAP2,367.0,0.371069462,192.0,0.017581,0.078400355
CDK5RAP3,284.0,0.469750898,1791.0,-0.489533,-0.049509643
CDKAL1,1365.0,0.417875209,167.0,0.06071,0.037351178
CDKN2AIPNL,3639.0,0.409801696,53.0,1.445498,0.417616486
CDKN2C,2247.0,0.381912025,1216.0,-0.140337,-0.034384041
CEBPD,1714.0,0.430497143,44.0,2.143569,0.259570675
CENPH,1478.0,0.418392258,87.0,1.596495,0.311679542
CENPV,301.0,0.385948267,62.0,-0.19907,-0.677882654
CEP55,939.0,0.397841874,304.0,1.065713,0.41239704
CES3,2100.0,0.377378956,446.0,5.62891,0.840191516
CETN2,868.0,0.433727498,47.0,0.978006,0.194670217
CFL1,677.0,0.502791,234.0,0.424449,-0.013271643
CHAC2,786.0,0.395629742,277.0,0.709335,0.264719999
CHCHD4,3528.0,0.445497334,326.0,1.191101,0.878819892
CHMP4A,296.0,0.447100154,262.0,-2.418186,-0.45193652
CHMP5,1241.0,0.442987983,200.0,0.178602,0.043605351
CHMP6,980.0,0.489861105,78.0,0.299534,0.231340272
CHST11,4211.0,0.430763246,498.0,-0.792162,0.052712806
CHTF8,2425.0,0.424551152,142.0,0.454629,0.120613539
CIAPIN1,1024.0,0.451663323,242.0,1.291721,0.230838848
CISD2,5376.0,0.433298698,107.0,0.815861,0.309195712
CKAP4,2872.0,0.386259817,84.0,-1.246138,-0.477703915
CKS2,300.0,0.317949998,98.0,1.364188,0.223785799
CLCC1,5185.0,0.369704467,150.0,-0.219676,-0.002195491
CLCN7,1698.0,0.459147749,110.0,-0.230832,0.22125314
CLIC1,290.0,0.4571302,573.0,0.174548,-0.077328573
CLK2,350.0,0.410673686,925.0,0.516971,0.122547623
CLK3,1233.0,0.4268607,461.0,0.662552,0.541916201
CLPTM1,458.0,0.383990827,351.0,0.742689,0.186151776
CLTA,288.0,0.450950874,514.0,1.603787,0.958885137
CLTB,319.0,0.48548545,210.0,-0.764423,-0.323651136
CLTC,3104.0,0.384957863,443.0,1.605069,0.457509257
CNBP,6850.0,0.433298698,206.0,0.126173,0.10235466
CNPY2,123.0,0.392778455,553.0,-0.180611,-0.20864252
CNPY3,1042.0,0.459231502,584.0,-0.059183,0.109482017
COG3,1967.0,0.414689223,142.0,-0.41748,-0.248014588
COMMD1,306.0,0.423842833,138.0,0.325439,0.207044617
COMMD3,431.0,0.360487018,35.0,0.132558,0.151361545
COMMD5,498.0,0.445713337,399.0,0.323372,0.095000851
COMMD6,1375.0,0.396967837,328.0,-0.443181,0.117316045
COMMD9,2340.0,0.418062772,89.0,1.163427,0.261517004
COPB1,446.0,0.381738818,307.0,0.627211,-0.197761284
COPE,165.0,0.478760693,55.0,1.05517,-0.071686015
COQ6,671.0,0.374062527,159.0,1.004307,-0.368941539
COQ7,5700.0,0.42379098,133.0,0.194872,-0.635824792
CORO1A,112.0,0.457388252,435.0,0.334456,0.771416287
COX17,1735.0,0.484254073,86.0,0.873968,0.528812156
COX5A,860.0,0.429944966,140.0,0.972575,0.255099318
COX7A2,302.0,0.441893926,98.0,0.777335,0.304924077
CPM,5262.0,0.406054343,75.0,-0.12388,-0.126395664
CPSF4,923.0,0.452412439,277.0,0.236017,0.103449821
CPT1A,2761.0,0.374132033,170.0,0.055626,-0.052476948
CPT2,602.0,0.431256564,515.0,0.998392,-0.162316442
CRCP,8457.0,0.390198146,145.0,0.368872,0.105817529
CRKL,3904.0,0.422225684,509.0,-0.354378,-0.330390366
CRTAP,5601.0,0.446308827,120.0,-1.440055,-0.177907026
CRTC3,3205.0,0.355982524,186.0,-1.027418,-0.046073345
CRYL1,462.0,0.386242786,79.0,-0.389455,-0.290610166
CSRP1,1183.0,0.493833101,217.0,-0.256004,-0.477132007
CST3,2762.0,0.475763324,186.0,-0.239212,-0.224821844
CSTF2,1931.0,0.372934478,58.0,0.963889,0.536573524
CTBP1,800.0,0.464034004,393.0,0.605126,0.026629878
CTNNA1,1216.0,0.412513324,1103.0,0.101374,-0.376404487
CTNNB1,1106.0,0.432073699,448.0,-0.645288,-0.325103235
CTNNBIP1,2448.0,0.394834327,307.0,0.606619,0.115257238
CTPS2,1870.0,0.416273085,744.0,0.365706,-0.501811097
CTSG,119.0,0.369503415,37.0,1.647983,0.975235458
CTSH,1072.0,0.446467856,1192.0,1.826063,0.202545979
CUEDC1,2047.0,0.374410739,719.0,0.525131,0.190807542
CUX1,1040.0,0.395555213,127.0,-0.30571,0.177698439
CXCL10,814.0,0.410287201,105.0,1.258924,-0.556032966
CXCL9,2323.0,0.403736618,74.0,3.846751,1.356253335
CYBB,2544.0,0.418993019,61.0,-0.290447,0.627988334
CYP2S1,1051.0,0.420869286,58.0,-0.26879,-0.30899809
CYTH4,1837.0,0.406296106,377.0,-0.216833,0.405630144
DAB2,1757.0,0.368483127,531.0,-1.830705,0.068279249
DAGLB,721.0,0.377719723,170.0,0.397917,0.03203006
DAP3,768.0,0.366492687,184.0,0.137106,0.07909603
DAPP1,2082.0,0.348655603,90.0,-0.826736,0.039228537
DBI,233.0,0.467027529,479.0,0.167026,-0.825167655
DCAF8,1877.0,0.380310979,212.0,0.916593,0.33944698
DCP1A,4153.0,0.411936399,381.0,-0.182722,0.15155714
DCPS,4731.0,0.375605648,329.0,1.075635,0.327819636
DCTN5,10597.0,0.443116252,177.0,0.337956,0.257948782
DDAH2,653.0,0.361046801,1104.0,-1.921229,-0.594797022
DDB2,1223.0,0.43604051,195.0,0.397913,0.037566792
DDX23,713.0,0.445931172,91.0,0.124867,0.008522574
DDX31,1870.0,0.361830896,544.0,0.568279,0.271918778
DDX47,438.0,0.379294484,22.0,-0.092345,-0.201768952
DDX54,1704.0,0.467316231,28.0,-0.672068,0.142624728
DDX56,586.0,0.438032149,643.0,0.762494,-0.36290314
DDX59,217.0,0.413095257,243.0,0.133725,-0.0025246
DHODH,3463.0,0.371608285,21.0,1.453113,-0.07627668
DHPS,121.0,0.474111752,121.0,0.590324,0.54979921
DHX15,459.0,0.379133957,168.0,0.144722,0.004928024
DHX34,591.0,0.384465978,349.0,-0.197875,-0.197035459
DHX58,357.0,0.440330409,223.0,1.000033,0.089327212
DIABLO,719.0,0.425893605,1182.0,0.350128,-0.087529211
DMAP1,63.0,0.471306,301.0,0.28657,0.07910875
DMXL2,1274.0,0.389901613,225.0,0.373515,0.304788852
DNAJA4,1736.0,0.398301408,169.0,1.734808,0.827547245
DNAJC19,1326.0,0.403482491,259.0,0.482835,0.350779251
DNAJC25,1212.0,0.430964931,56.0,-0.231098,-0.008435514
DNAJC8,969.0,0.416719859,33.0,0.503399,0.334198739
DNM1,1255.0,0.393835111,116.0,-0.33676,-0.22337842
DNTTIP2,3564.0,0.408096853,58.0,0.241883,-0.044385246
DOCK11,3681.0,0.373818855,63.0,-1.403912,0.139296076
DOCK2,524.0,0.446250827,52.0,-0.282434,0.414383427
DOK2,438.0,0.384043737,481.0,0.630526,0.561075822
DPCD,197.0,0.459155016,389.0,-0.066577,-0.230808391
DPF2,2501.0,0.393394442,133.0,-0.062995,0.121296237
DPH1,1310.0,0.448716064,341.0,0.174009,-0.234406324
DPH5,784.0,0.413363166,165.0,0.570268,0.095834042
DPY30,562.0,0.438431353,279.0,0.7889,0.1684138
DPYSL2,2472.0,0.430530829,431.0,-0.007507,-0.11820973
DRAP1,142.0,0.432809908,245.0,-0.167585,-0.126147717
DRG1,4594.0,0.444150091,131.0,0.219878,-0.279515295
DSN1,5330.0,0.392894937,373.0,1.031011,-0.046339496
DSTN,2786.0,0.375776803,438.0,-0.411482,-0.423184385
DTL,2265.0,0.372315747,921.0,0.789925,0.369585381
DTX3L,3456.0,0.408848169,89.0,0.760163,0.07619291
DUSP12,374.0,0.419884133,34.0,-0.17542,-0.086272939
DUT,1937.0,0.36471409,109.0,0.500941,-0.023232613
DYNLT1,514.0,0.420362019,78.0,0.690379,-0.229722302
EBAG9,1437.0,0.39438748,402.0,0.179369,-0.116068658
ECH1,191.0,0.389477111,85.0,1.130555,-0.523615594
ECHDC2,2269.0,0.400166641,752.0,-0.755044,-0.684163636
ECM1,322.0,0.43792189,199.0,4.210775,1.057478614
EDEM2,76.0,0.379021051,100.0,1.007787,-0.323661441
EEA1,5374.0,0.405861636,265.0,-2.635617,-0.32953067
EEF1A2,286.0,0.417272363,329.0,4.364315,1.545616198
EFTUD2,1331.0,0.444646836,398.0,0.116419,0.000619272
EHD1,3363.0,0.446314898,447.0,-0.453085,-0.150058871
EIF2AK2,8063.0,0.394727306,557.0,0.201468,-0.251952273
EIF2B3,1058.0,0.383118637,239.0,0.718576,0.067711043
EIF3F,5840.0,0.435728237,33.0,-0.204153,0.184464318
EIF3L,1718.0,0.380710116,245.0,-0.555483,-0.025523617
EIF4A3,1120.0,0.381528282,222.0,0.929749,0.201480125
ELAVL1,4910.0,0.437605432,167.0,0.230732,0.017781948
EMG1,248.0,0.433768095,143.0,0.201286,-0.092361618
EMILIN2,2605.0,0.379592019,159.0,-0.500441,0.580279822
ENDOD1,7728.0,0.376426787,118.0,1.370285,0.226327974
ENOSF1,2904.0,0.382279782,622.0,1.771359,0.366975502
ENY2,2576.0,0.41756619,146.0,0.318137,0.524790904
EPSTI1,2106.0,0.391777705,469.0,-0.138681,0.132400521
ERCC1,2342.0,0.45058755,188.0,-0.434432,0.490700558
ERCC6L,4809.0,0.354829683,623.0,1.582303,0.232637454
ERH,415.0,0.383837906,71.0,0.513784,0.175042542
ERLIN1,2041.0,0.444737514,478.0,-0.555277,-0.101036365
ERP29,1277.0,0.401191178,118.0,-0.006746,-0.011920339
ETV6,4356.0,0.398240844,274.0,-0.276504,-0.220285617
EXOC4,1232.0,0.388187525,35.0,-0.057389,-0.091166627
EXOC8,6907.0,0.436106501,127.0,-0.104915,0.017742203
EXOSC1,536.0,0.430105347,451.0,0.012476,0.058934957
EXOSC2,3902.0,0.431273517,32.0,1.015859,0.045459718
F8A1,571.0,0.46317284,15.0,0.982419,0.601683004
FAAH,2043.0,0.384592892,82.0,1.239274,-0.009585202
FAF1,4425.0,0.401181969,453.0,0.014518,-0.235441121
FAM122A,4542.0,0.40477622,33.0,0.073497,-0.43051718
FAM168A,6285.0,0.395008865,285.0,-1.602989,-0.464090689
FAM177A1,2165.0,0.411149627,459.0,1.120675,0.4989121
FAM192A,1824.0,0.379195199,1475.0,1.195196,0.547751708
FAM20B,4428.0,0.4357945,293.0,-1.079532,-0.192980612
FAM32A,1091.0,0.408676074,42.0,0.178615,6.37e-05
FAM50A,286.0,0.482889735,110.0,0.563859,0.215012638
FBP1,248.0,0.397353747,331.0,1.143852,0.165169381
FBXL20,9338.0,0.383104745,254.0,-1.049386,-0.337276002
FBXO4,526.0,0.393825218,58.0,0.545245,0.215097038
FBXO6,503.0,0.42307306,166.0,1.372921,1.281175829
FCER1G,305.0,0.4202976,25.0,0.17125,0.676779534
FCGRT,309.0,0.433069976,486.0,-2.11155,-0.419647243
FCHO1,270.0,0.372951657,283.0,-0.835267,0.800075714
FDPS,72.0,0.456397562,392.0,1.929977,0.686112096
FDXR,596.0,0.384661194,188.0,1.935124,0.383642972
FEN1,1340.0,0.407867196,413.0,0.720705,0.099107878
FERMT3,399.0,0.435119014,149.0,0.223832,0.555591441
FGD2,907.0,0.441856308,171.0,-0.281463,0.340251633
FGFR1OP2,1663.0,0.396595515,353.0,-1.520645,0.156671197
FGL2,3460.0,0.40966218,40.0,-0.395049,0.774311069
FKBP1A,1132.0,0.428443098,174.0,0.771936,0.020726642
FKBPL,24.0,0.377510344,270.0,0.256788,0.096151719
FLOT1,422.0,0.472159534,339.0,0.043398,-0.374201975
FN3K,442.0,0.389857108,61.0,2.375953,0.647516465
FN3KRP,3667.0,0.380720834,50.0,1.091984,0.189649049
FOXJ3,3176.0,0.401878681,312.0,0.068921,0.06343571
FOXK2,3108.0,0.440496276,171.0,1.616087,0.449260754
FOXRED1,443.0,0.438630908,167.0,0.888019,0.036800423
FSCN1,1184.0,0.396100853,132.0,-1.102993,-0.288915498
FTH1,530.0,0.425357612,235.0,0.126789,0.540417648
FTL,1031.0,0.428438948,199.0,0.334109,0.699885465
FTSJ1,638.0,0.457521275,569.0,0.659757,-0.210736098
FTSJ3,698.0,0.388239396,646.0,2.469198,1.09075841
FXN,6365.0,0.40465004,220.0,1.100473,0.221447916
GABARAPL2,564.0,0.431291441,136.0,0.57133,-0.04574417
GABPB1,1320.0,0.423118524,469.0,1.449185,0.339235103
GALK1,292.0,0.455574511,63.0,2.974253,1.057506303
GANAB,989.0,0.425909644,1027.0,0.047715,-0.200622533
GAS6,315.0,0.393865445,183.0,-2.265343,-0.307997439
GAS7,6619.0,0.423630168,311.0,-2.123212,0.052247235
GBE1,708.0,0.404013874,283.0,-0.838639,-0.28585671
GBP1,1735.0,0.42614962,220.0,1.580756,0.930192358
GBP2,5058.0,0.440134196,314.0,-0.107005,0.229817037
GBP4,4106.0,0.42983554,116.0,1.729336,0.868365439
GBP5,1753.0,0.421901204,537.0,2.265048,1.298931335
GCH1,2011.0,0.419329122,161.0,0.84106,0.300418128
GFOD2,622.0,0.396604754,295.0,0.469729,-0.085013247
GGA2,5408.0,0.377812588,83.0,0.180098,0.147126323
GGCX,5211.0,0.417836117,106.0,0.339344,-0.024949369
GIGYF1,2212.0,0.443456438,1210.0,-0.521626,-0.084535446
GINS3,1415.0,0.387351931,208.0,2.031346,0.302473553
GLA,1699.0,0.378726947,110.0,0.400186,-0.598016263
GLE1,1357.0,0.383457083,114.0,1.13878,0.061317252
GLRX,1188.0,0.430296645,211.0,-1.317129,-0.243699655
GLRX3,3557.0,0.41418463,539.0,-0.139731,-0.272212347
GLUD1,1558.0,0.392454008,1132.0,-1.031281,-0.386345219
GLYR1,2033.0,0.39940414,57.0,0.144799,-0.185172358
GMEB1,4582.0,0.43446142,142.0,-0.81687,-0.092035187
GMPPA,198.0,0.434966364,375.0,1.876983,0.163925771
GMPR,3984.0,0.435743929,114.0,0.246839,-0.163645915
GMPR2,464.0,0.453637396,704.0,0.710027,0.016534919
GNAI1,1947.0,0.435804474,356.0,-2.154926,-0.528743871
GNG7,3803.0,0.398730372,237.0,-2.494297,-0.293313909
GNPDA1,1360.0,0.395964134,67.0,0.665461,-0.02225329
GOLGA2,1243.0,0.401070546,13.0,0.269172,0.267690357
GON4L,926.0,0.418089888,175.0,-0.466107,-0.151840152
GOSR1,5968.0,0.408103421,237.0,-0.142672,0.08193661
GOSR2,3258.0,0.374298057,541.0,-0.923406,-0.031335732
GOT2,1054.0,0.444803236,129.0,1.509921,-0.042538448
GPS2,97.0,0.431122181,76.0,0.398697,-0.006026606
GPSM2,4697.0,0.401967226,496.0,0.377729,-0.537332067
GPX7,626.0,0.395840774,39.0,-2.678104,-0.516331682
GRAMD1A,299.0,0.411657297,748.0,0.822365,0.614878941
GRB2,2292.0,0.4413596,358.0,0.74173,0.400940841
GSTM4,2467.0,0.390909061,314.0,-1.44875,-0.663535192
GTF2A2,1070.0,0.420716795,404.0,0.53184,0.001192667
GTF2E2,604.0,0.365750105,273.0,0.747384,0.073169026
GTF3C2,932.0,0.372227001,397.0,0.22409,-0.140476061
GTPBP1,2894.0,0.424954603,154.0,-0.268436,-0.146380811
GTPBP3,1032.0,0.436547413,95.0,0.445733,0.217873013
GTSE1,680.0,0.368527868,212.0,1.30836,0.483322023
GTSF1,222.0,0.36097632,86.0,0.833976,0.388110895
HADH,818.0,0.383558671,219.0,-0.414114,-0.3356397
HADHA,615.0,0.383558671,130.0,0.364147,0.201994617
HAUS5,3319.0,0.378752573,51.0,0.143278,0.133959133
HAUS8,346.0,0.37535995,111.0,0.524378,-0.094286714
HCCS,1274.0,0.398607648,275.0,0.921839,0.518773994
HCK,337.0,0.440224323,364.0,-0.404359,0.275648965
HDAC1,591.0,0.390040122,63.0,0.451969,0.247207406
HDDC3,763.0,0.387287166,29.0,1.436385,0.373687972
HDGF,1342.0,0.465394593,322.0,-0.492681,-0.676868418
HDLBP,2343.0,0.397687311,375.0,0.391073,0.08994652
HEATR3,1385.0,0.384091545,883.0,1.179485,0.50998021
HEBP2,9119.0,0.359416339,297.0,0.057157,-0.467889804
HECA,3704.0,0.443714129,285.0,-1.230973,-0.016068935
HECTD3,3914.0,0.446742268,98.0,0.508655,-0.153830799
HERC2,726.0,0.429958504,109.0,-0.997911,0.232433732
HERC5,379.0,0.393838904,153.0,-0.321117,-0.491095577
HERC6,651.0,0.398146132,183.0,0.095313,-0.447419641
HIP1,4874.0,0.430847644,52.0,0.188278,0.368571636
HLA-A,4150.0,0.424443523,84.0,2.060492,-0.67697033
HLA-C,420.0,0.421684519,65.0,1.602523,-0.110089925
HLA-DRA,409.0,0.420807891,109.0,0.322889,0.133002481
HLA-E,1459.0,0.413523771,126.0,0.796701,0.754687179
HLA-F,121.0,0.407256461,124.0,0.604063,0.848072928
HMBOX1,3560.0,0.369177113,482.0,-1.611201,-0.332541309
HMBS,266.0,0.451934812,299.0,0.439498,-0.164070078
HMGB2,3775.0,0.450826504,193.0,1.007141,0.212378744
HMGCS1,3661.0,0.374424323,345.0,1.142976,0.527850885
HMOX1,616.0,0.436401717,107.0,-0.130982,0.725440497
HNRNPA0,7504.0,0.386421138,284.0,0.050702,0.097382496
HNRNPD,1688.0,0.420386111,318.0,0.539363,0.113697215
HNRNPL,1102.0,0.449817015,176.0,0.373884,0.024215054
HNRNPU,4156.0,0.432126199,218.0,0.241399,-0.127878325
HNRNPUL1,2135.0,0.394022965,339.0,0.285339,-0.012207246
HNRNPUL2,2674.0,0.436897081,229.0,-0.35335,-0.173272385
HSBP1,3274.0,0.4454546,174.0,0.82462,-0.147874112
HSD11B1,4482.0,0.426649415,154.0,0.509698,0.775844684
HSD17B7,398.0,0.431983247,99.0,0.620415,-0.165253131
HSP90AB1,313.0,0.39509298,251.0,0.407662,-0.024322753
HSPA1L,428.0,0.464100714,183.0,0.103059,0.249914808
HSPA4L,7877.0,0.413794867,342.0,1.279572,0.299361681
HSPB11,107.0,0.34538245,284.0,0.574872,-0.253170889
HTRA2,571.0,0.421976635,602.0,0.596613,0.245874572
HTT,3901.0,0.373695076,145.0,0.974177,0.508625431
HUS1,2068.0,0.374612864,131.0,-0.107843,-0.475337951
HYI,310.0,0.378597605,196.0,0.07074,-0.687192566
HYOU1,1409.0,0.403839016,234.0,-0.064677,-0.173543515
ICAM1,1537.0,0.426062071,319.0,-0.450634,0.156338262
IER3IP1,3342.0,0.438740024,97.0,0.963622,-0.21433333
IFI16,254.0,0.415211655,290.0,-1.203358,-0.02874996
IFI30,213.0,0.431523306,62.0,0.753348,0.374704518
IFI35,160.0,0.418462024,223.0,0.608442,0.439208525
IFI44,267.0,0.403888008,124.0,0.889602,-0.185609802
IFI44L,5058.0,0.403608012,200.0,-0.527198,-0.21971385
IFIH1,121.0,0.412344512,377.0,0.652356,-0.008263964
IFIT1,2775.0,0.411248073,495.0,1.070888,-0.658225653
IFIT2,1901.0,0.420797646,175.0,-0.479017,-0.459728888
IFIT3,843.0,0.417440574,529.0,0.11737,-0.627073214
IFIT5,2354.0,0.414819429,231.0,0.098925,-0.096525292
IFT27,109.0,0.4030938,426.0,0.803164,0.313185665
IGFBP3,1605.0,0.43060006,132.0,0.301619,-0.153482762
IGFBP7,558.0,0.392734536,34.0,-0.997018,-0.379643258
IKBKE,745.0,0.435100597,714.0,0.047597,-0.058673017
IL16,3965.0,0.367979445,2395.0,-0.377368,0.67204391
IL17RA,5874.0,0.376798811,133.0,-1.304252,-0.301619087
IL1RN,1145.0,0.411881061,408.0,-0.838034,0.00382437
IL4I1,16.0,0.4139018,621.0,1.067315,0.29131258
ILF2,656.0,0.426220446,239.0,-0.12069,-0.189270533
IMPA2,2898.0,0.383680893,242.0,-1.325849,-0.634853742
INO80,5209.0,0.374025479,351.0,-0.325445,0.005460427
INPP1,263.0,0.395712795,700.0,-1.203576,-0.237215659
INPP5D,1195.0,0.436077769,512.0,0.054536,0.47528444
INSR,4801.0,0.380857973,411.0,-1.14658,-0.398032502
IPO5,2508.0,0.381335948,180.0,-0.869044,-0.223575017
IRF7,92.0,0.423538356,367.0,0.729672,0.119341293
IRF8,1327.0,0.384714127,507.0,0.061041,0.430456067
IRF9,369.0,0.432057622,127.0,1.587933,0.5206208
IRGQ,7659.0,0.399674011,156.0,0.671205,0.192209048
ISCU,607.0,0.454630229,1331.0,-0.535375,0.023195652
ISG15,62.0,0.419522688,77.0,3.720271,0.566732943
ISG20,952.0,0.419932377,2368.0,1.30569,0.264530415
ISOC1,1056.0,0.418535314,18.0,1.235871,0.102305392
ITGB2,415.0,0.457304004,395.0,0.140844,0.861420177
ITPKB,2981.0,0.440250717,340.0,-1.08077,-0.240967651
ITPRIP,5382.0,0.396785481,453.0,-1.802058,-0.588068473
JUNB,496.0,0.414023332,276.0,-0.333538,-0.233676118
JUP,157.0,0.458302936,298.0,-0.151726,-0.446982544
KANK2,2291.0,0.394238955,361.0,-1.256745,-0.383380863
KARS,4202.0,0.383913431,144.0,0.900445,0.385401292
KCNN4,560.0,0.425737469,396.0,0.494192,-0.135813569
KDM1A,327.0,0.428444011,149.0,0.547417,-0.002198541
KDM2A,3716.0,0.372295488,864.0,-0.517593,-0.193570803
KDM2B,2488.0,0.393022165,407.0,-0.203056,-0.155642343
KDM3B,1327.0,0.37791414,200.0,-0.334048,0.019914079
KDM4A,1148.0,0.378142374,166.0,0.112518,-0.053538931
KHSRP,1024.0,0.456900489,110.0,-0.113592,-0.048892111
KIAA2013,727.0,0.385456054,191.0,0.671762,0.363842547
KIF20A,757.0,0.371463873,496.0,1.656245,0.102714021
KIF22,75.0,0.392489541,388.0,1.442949,0.336230037
KIF2C,588.0,0.387865377,395.0,1.571684,0.228586848
KIF3B,3792.0,0.390782105,180.0,0.674328,0.172485717
KIF3C,2392.0,0.403852971,657.0,1.893185,-0.583419948
KIF5B,3198.0,0.418236129,470.0,-0.293946,-0.144476597
KLHL7,3616.0,0.41595405,521.0,-0.400654,-0.263195171
KTI12,594.0,0.370414154,39.0,0.473034,-0.138072574
LAMP1,1311.0,0.390985106,281.0,-0.528419,-0.258040428
LANCL2,2422.0,0.433733517,578.0,-0.0169,-0.636338908
LAP3,503.0,0.426841798,162.0,0.420904,0.449128113
LDHD,1826.0,0.398770776,52.0,-3.118656,-0.354050245
LENG1,560.0,0.445950324,48.0,-0.082949,-0.069312156
LGALS3,159.0,0.420172221,88.0,-1.702193,-0.660453676
LGALS3BP,1225.0,0.419930622,179.0,1.988178,0.705976542
LGALS9,641.0,0.410654931,118.0,-0.846907,0.130014073
LIN54,4893.0,0.441729058,383.0,-0.006219,0.10621846
LPCAT1,2228.0,0.380803123,133.0,-0.079469,-0.171268412
LPXN,1776.0,0.432350833,254.0,-0.162315,0.733588282
LRPPRC,2376.0,0.377375074,58.0,0.37791,0.136008762
LRRC25,843.0,0.434491636,642.0,0.031378,0.14778408
LRRC41,465.0,0.438391248,44.0,0.356779,0.108856976
LRRC59,1755.0,0.423067849,236.0,2.249941,0.599742873
LSM1,486.0,0.409616526,410.0,0.058141,-0.285275576
LSM6,1871.0,0.435100303,139.0,0.10479,0.17892261
LTA4H,391.0,0.355044638,145.0,0.142882,0.04058261
LYN,4058.0,0.418972994,282.0,-0.744654,0.041043939
LYPLAL1,1137.0,0.3973742,157.0,0.043529,-0.247324024
LYRM4,6830.0,0.366844497,217.0,-0.334838,0.073377126
LYSMD2,596.0,0.394037378,501.0,-0.97863,-0.040328133
M6PR,1457.0,0.379162834,275.0,-0.455194,0.120951175
MAD2L1,4528.0,0.407191351,124.0,1.535071,0.314683947
MAFB,2032.0,0.405989564,390.0,-0.889248,0.405161364
MAGED2,327.0,0.466698843,233.0,-0.338881,-0.756706086
MAGOH,153.0,0.416054235,162.0,0.259165,-0.189278809
MAN2B1,128.0,0.381728903,76.0,0.049735,0.036761356
MANF,717.0,0.420319188,97.0,1.133634,0.321844854
MAP4K1,170.0,0.374128007,140.0,0.945912,0.822050856
MARCKSL1,768.0,0.468216312,206.0,1.351754,0.625783276
MAX,2676.0,0.337149475,479.0,0.514476,0.228216154
MBD2,3723.0,0.420256858,229.0,0.865983,0.048240964
MBP,4041.0,0.393290432,264.0,-1.513682,-0.212946893
MCM2,662.0,0.460999542,110.0,0.677202,0.105444899
MCM4,2618.0,0.371821308,942.0,1.159381,0.105361835
MCM5,3214.0,0.470488076,94.0,-0.148656,-0.049692865
MDC1,658.0,0.415783633,440.0,0.319499,-0.128606786
MDH1,210.0,0.381672323,435.0,1.087399,0.099267911
ME1,1535.0,0.411214685,265.0,1.353905,0.010084309
ME3,171.0,0.395156177,377.0,-4.192083,-0.688823702
MECR,1365.0,0.445670958,612.0,0.508712,0.175279681
MED17,2631.0,0.366528813,275.0,-0.013111,0.174740862
MED19,934.0,0.439623042,93.0,0.187521,-0.024815583
MED28,10307.0,0.440157501,27.0,0.03922,0.096908101
MED29,4550.0,0.464327351,57.0,0.423468,0.533481181
MEF2C,6848.0,0.41426337,654.0,-1.239514,0.400322402
MEN1,824.0,0.454590692,504.0,0.232083,0.136358473
METTL13,961.0,0.396264071,347.0,-0.622778,-0.442562091
MGST3,1295.0,0.374563048,428.0,-1.380867,-0.929216911
MIF4GD,787.0,0.397877071,137.0,1.744648,0.034722117
MINK1,774.0,0.455972684,525.0,-0.291384,0.166638908
MIS12,1334.0,0.420723459,745.0,-0.104776,-0.139635099
MLEC,5319.0,0.43043384,173.0,-1.441267,-0.449786148
MLLT10,2252.0,0.36295117,1568.0,-0.275663,-0.453362514
MMACHC,1852.0,0.382684622,371.0,0.998435,0.088182319
MMADHC,5382.0,0.406207656,205.0,0.545449,0.166947515
MMGT1,4451.0,0.406300672,388.0,0.338995,0.037856685
MMP1,502.0,0.392399458,189.0,-1.621918,-0.511808484
MMP14,1722.0,0.419367787,285.0,-3.012589,-0.556957127
MMP9,193.0,0.404253633,19.0,-0.976509,0.585155112
MORC3,2052.0,0.406702124,375.0,-0.382059,0.238225229
MORF4L1,1066.0,0.420719378,454.0,-0.099837,0.137240878
MOV10,619.0,0.412681236,1415.0,-0.052747,-0.196957334
MPDU1,797.0,0.440676037,216.0,0.426847,0.202193983
MPHOSPH10,87.0,0.404440607,352.0,0.319009,-0.112200986
MRI1,2018.0,0.459301832,75.0,-0.597945,-0.413770895
MRPL13,1075.0,0.395373051,313.0,0.878086,0.038033592
MRPL15,1888.0,0.407701507,63.0,1.199414,-0.085168152
MRPL16,212.0,0.368940255,214.0,0.684918,-0.017669151
MRPL17,6554.0,0.424450505,105.0,0.109496,0.052494898
MRPL2,580.0,0.458698472,164.0,0.440644,0.322853582
MRPL20,187.0,0.445765675,96.0,0.747491,0.094441975
MRPL21,55.0,0.417448467,293.0,0.083238,-0.125657117
MRPL27,2133.0,0.436300758,31.0,2.152396,0.142851807
MRPL40,113.0,0.406843086,653.0,0.668011,0.124140844
MRPL46,1889.0,0.422788385,25.0,0.662071,0.334785639
MRPL48,1284.0,0.368940255,212.0,0.278733,0.24749613
MRPL51,2069.0,0.35376587,169.0,0.127517,0.370761049
MRPL53,198.0,0.441261883,155.0,0.79604,-0.062153963
MRPL9,407.0,0.432679379,437.0,-0.638868,-0.27216671
MRPS11,2793.0,0.477818717,1491.0,1.020096,0.17619162
MRPS15,468.0,0.440649404,164.0,1.436455,0.671625148
MRPS17,1334.0,0.413812124,30.0,0.905555,-0.086684204
MRPS18B,936.0,0.408462865,157.0,0.856158,0.281611932
MRPS36,933.0,0.3748339,84.0,0.646389,0.247612579
MRPS7,453.0,0.455992019,233.0,2.108888,0.18591559
MSI2,5168.0,0.366385762,173.0,-0.058711,-0.194827321
MSTO1,694.0,0.421389639,1152.0,0.118381,-0.304145982
MT1E,291.0,0.588704726,179.0,0.399525,-0.165957668
MT2A,316.0,0.576670685,123.0,1.718317,0.281705677
MTA2,684.0,0.459443446,761.0,0.396668,-0.035639203
MTFMT,1550.0,0.414190941,26.0,0.526523,0.109763687
MTHFS,1663.0,0.434592403,179.0,0.364311,0.127671779
MTMR1,2442.0,0.424163835,319.0,-1.541266,-0.178304855
MTMR14,421.0,0.371137969,151.0,0.719973,0.294986078
MVP,50.0,0.435053297,193.0,0.100058,0.073150779
MX1,456.0,0.433488503,982.0,0.509895,-0.763717014
MX2,1812.0,0.430094961,104.0,-1.071183,-0.272457604
MYADM,2833.0,0.384589896,681.0,0.227888,-0.212274214
MYCBP,3972.0,0.381803634,73.0,0.678469,0.189062371
MYL12A,812.0,0.453450746,478.0,0.915529,-0.147095595
MYO18A,3647.0,0.395788337,484.0,-0.934966,-0.15773323
MYO9B,1401.0,0.398943925,152.0,-0.827895,0.066244616
N6AMT1,5137.0,0.427535625,28.0,-0.903573,-0.039987783
NAA40,3212.0,0.389371031,261.0,-0.084571,-0.349009688
NAB1,2433.0,0.361024962,572.0,-1.724617,-0.269754479
NADK,1672.0,0.3959688,563.0,0.441715,0.229899254
NADSYN1,464.0,0.447848979,126.0,-0.13655,0.075438106
NAGK,1297.0,0.42527382,474.0,0.330225,0.394091691
NANS,37.0,0.458552255,132.0,0.772363,-0.150389363
NAPA,1862.0,0.477781443,318.0,-0.081517,-0.234469761
NAT10,4915.0,0.387474071,245.0,1.092648,0.17013028
NBAS,140.0,0.414580543,44.0,-0.396947,0.024398372
NCALD,2767.0,0.374888213,460.0,-2.747754,-0.849845554
NCAPD3,2971.0,0.431957579,606.0,-0.049261,0.214691216
NCAPG2,3501.0,0.41630572,200.0,0.99298,0.103802383
NCF1,2381.0,0.415579251,70.0,0.467416,0.622011454
NCK2,1267.0,0.457831152,276.0,-0.275165,-0.236593793
NCKIPSD,4981.0,0.449411541,126.0,1.174382,0.601953833
NCOA5,1332.0,0.416761948,402.0,0.449163,0.23042526
NCOA7,3259.0,0.404217869,470.0,-1.353119,-0.070479639
NDC80,61.0,0.356199389,182.0,1.813434,0.335860014
NDRG2,841.0,0.376266446,941.0,-0.778513,-0.903148698
NDUFA4,1685.0,0.439642808,129.0,-0.031882,0.414446059
NEU1,667.0,0.413226082,156.0,0.344742,-0.108144788
NFATC2IP,3242.0,0.412267479,15.0,0.463644,0.055821055
NFKB1,708.0,0.4099683,467.0,1.878681,0.966096679
NFKB2,153.0,0.424806573,563.0,-0.228508,0.026107152
NFKBIE,1053.0,0.409138176,25.0,0.451437,0.037578362
NGDN,1255.0,0.423783924,27.0,1.112164,-0.26881457
NGRN,1679.0,0.414477409,50.0,-0.366181,-0.095865783
NINJ1,5217.0,0.455972644,71.0,-0.164412,-0.485379882
NIP7,1593.0,0.443769116,318.0,0.625386,-0.139446174
NIT2,2351.0,0.432361565,74.0,1.157495,-0.264074538
NMNAT3,2689.0,0.397393877,1228.0,-4.817028,-1.263391996
NMT1,3377.0,0.454689408,31.0,-0.239642,-0.15351272
NONO,1092.0,0.432928506,710.0,0.557527,0.17782793
NOP14,912.0,0.38067473,187.0,0.562318,0.040894292
NOP2,785.0,0.393538298,198.0,0.428004,0.014820899
NOTCH2,6062.0,0.409327653,297.0,-1.408044,-0.064655153
NPTN,1068.0,0.388989686,197.0,0.214189,-0.035769483
NR2C2,6271.0,0.390767743,362.0,-1.18992,-0.08384659
NRBF2,883.0,0.43605128,224.0,-0.397352,0.150075982
NRF1,1901.0,0.447602651,500.0,-0.519356,-0.282684846
NRGN,833.0,0.413631862,152.0,-0.722897,0.200855269
NRP1,3846.0,0.416817106,523.0,-1.529993,-0.168673921
NSFL1C,1587.0,0.42738001,868.0,0.699096,0.266017711
NSMAF,602.0,0.358586884,214.0,0.085653,-0.108128174
NTAN1,178.0,0.344459601,320.0,1.236645,0.560091774
NUBP1,246.0,0.455923678,142.0,0.17646,0.102435701
NUCKS1,5461.0,0.359398328,271.0,-1.228885,-0.330323698
NUDC,716.0,0.476401948,127.0,1.116756,0.703179139
NUDT16,5489.0,0.428387545,75.0,-0.574538,-0.092029487
NUMA1,663.0,0.474508115,436.0,-0.72273,-0.191241431
NUP93,5678.0,0.382018893,495.0,1.445972,0.105432459
NXF1,2943.0,0.375826754,136.0,0.225323,-0.094569347
OCIAD2,4872.0,0.363821488,322.0,1.215496,0.390240101
OGDH,1071.0,0.396078149,159.0,0.123296,0.231611567
OPA3,7233.0,0.475004358,100.0,-0.348145,0.482685895
OSBPL2,2363.0,0.383456763,571.0,0.037457,-0.146016431
OSBPL5,1099.0,0.381371042,158.0,-0.07896,0.162718486
OVCA2,792.0,0.429983078,65.0,0.95633,0.169697134
P2RX4,573.0,0.442596273,304.0,-0.358815,-0.438211462
PAAF1,509.0,0.376143366,341.0,0.140655,-0.14217022
PACSIN2,1591.0,0.413490434,405.0,-0.63617,-0.143987222
PARK7,451.0,0.457171775,163.0,0.71489,-0.140309665
PARP1,769.0,0.460215809,171.0,0.217796,-0.139461196
PARP10,332.0,0.422654659,200.0,1.571127,0.382707587
PARP12,816.0,0.416480622,874.0,0.546207,-0.059003917
PARP14,2243.0,0.414355918,59.0,0.612116,0.004130564
PARP9,451.0,0.418102187,327.0,0.957634,-0.039595013
PARVG,2043.0,0.383803232,484.0,0.063875,0.384256409
PBK,750.0,0.413339119,464.0,1.734867,0.499405032
PCNA,338.0,0.425000199,239.0,1.278789,0.518863869
PDAP1,2007.0,0.464659554,134.0,0.113676,-0.105198301
PDCD2,155.0,0.440448783,111.0,-0.134279,0.056935622
PDCD2L,48.0,0.433436103,33.0,1.05068,0.456367514
PDCD6IP,3211.0,0.388727459,158.0,-0.168776,0.017375696
PDHA1,2054.0,0.402514578,145.0,0.816808,0.353180578
PDHB,2974.0,0.442593378,43.0,0.967709,0.325846023
PDLIM1,357.0,0.379179626,233.0,-1.2462,-0.735916534
PDXDC1,2055.0,0.375670185,335.0,0.80878,0.26454395
PDXK,6244.0,0.398158884,198.0,0.157157,-0.143487505
PEBP1,796.0,0.360152166,326.0,-0.24524,-0.798321695
PEF1,769.0,0.441759403,424.0,0.670963,-0.00916702
PELO,5222.0,0.385240523,985.0,0.30591,-0.046181208
PEPD,395.0,0.450896903,133.0,-0.500667,-0.173943317
PEX16,585.0,0.43213601,312.0,0.184516,0.414431011
PEX6,946.0,0.370078344,93.0,-1.884578,-0.326581651
PEX7,2294.0,0.407005497,102.0,0.351894,-0.118668204
PFDN5,124.0,0.497062947,117.0,-0.222246,-0.037491412
PFDN6,574.0,0.470152145,222.0,0.141703,0.091092221
PGM1,570.0,0.393980016,681.0,-0.787014,-0.565387528
PHB,988.0,0.45268542,190.0,2.196709,-0.005730718
PHF10,104.0,0.365149381,79.0,-0.803953,-0.252626984
PI4K2A,2692.0,0.385068362,57.0,-0.73249,0.035384622
PIAS1,3626.0,0.396022529,741.0,-0.618784,-0.073368968
PIGH,1430.0,0.434471606,98.0,0.19925,0.215997627
PIK3AP1,3866.0,0.407313024,128.0,-0.217718,0.235846706
PIR,205.0,0.385796208,485.0,2.325743,0.499374115
PITPNC1,4686.0,0.369070722,874.0,-0.270423,-0.26695423
PLA2G4C,585.0,0.406173977,398.0,1.272936,0.79701193
PLA2G7,1187.0,0.402486321,269.0,1.430867,0.618339664
PLAUR,323.0,0.418467601,226.0,-0.614997,0.072840162
PLCB2,818.0,0.468984469,301.0,-0.82983,0.303229279
PLCG1,3987.0,0.454806205,121.0,0.216579,0.180068281
PLD4,273.0,0.377985619,192.0,-1.399436,0.108664462
PLEKHO1,5192.0,0.424698037,839.0,-0.249492,0.378772169
PLEKHO2,2119.0,0.429714475,134.0,-0.315533,0.364102962
PLSCR1,10376.0,0.415598704,388.0,-0.279633,0.03676259
PML,3324.0,0.431306474,140.0,0.180376,0.11115702
POLR1C,1131.0,0.439933821,86.0,0.066809,-0.193672941
POLR1D,1469.0,0.427162265,456.0,0.232277,-0.064618976
POLR2F,1600.0,0.47244007,250.0,-0.069393,-0.158846337
POLR2H,1065.0,0.427596015,1167.0,0.400053,0.001267889
POLR3H,3481.0,0.444306047,388.0,-0.292,-0.157321281
POLR3K,1023.0,0.473025152,46.0,1.244801,-0.176645821
PPA2,660.0,0.432735716,20.0,-0.100695,-0.275772314
PPIE,4556.0,0.446406574,56.0,-0.066022,-0.032010418
PPIL1,1921.0,0.453832883,252.0,0.810725,0.139319666
PPP1R14B,282.0,0.457456004,268.0,0.649982,-0.76790996
PRC1,1136.0,0.367783806,234.0,1.263871,0.330169642
PRCC,357.0,0.381841119,290.0,-0.304092,-0.247131389
PRDX1,303.0,0.414090753,341.0,1.039529,-0.047710062
PRDX6,944.0,0.433706552,51.0,-1.164971,-0.74113556
PREB,658.0,0.378530018,403.0,0.718575,-0.011415245
PREP,579.0,0.425974009,233.0,-0.296842,-0.775210753
PRG4,784.0,0.366727173,51.0,-2.765934,-0.227856386
PRIM2,1166.0,0.350864643,125.0,0.061832,0.184000996
PRKAB1,1305.0,0.365943644,289.0,-0.57135,-0.499571984
PRKAR2A,5019.0,0.427443141,254.0,-1.086873,-0.139808832
PRKCB,5795.0,0.38010529,197.0,0.483393,0.835927822
PRKCD,451.0,0.404392693,469.0,0.271326,0.163834228
PRKRA,683.0,0.420894136,659.0,-0.294642,-0.288613393
PRKRIP1,3224.0,0.453589322,55.0,0.255596,0.524940869
PRMT5,393.0,0.386451423,508.0,1.059402,-0.297643964
PRMT7,3655.0,0.450088803,850.0,0.717078,0.083738023
PRPS1,3908.0,0.466551451,409.0,-0.173369,0.058357051
PRPSAP1,2056.0,0.390811115,688.0,1.640752,0.512569517
PRRC1,3173.0,0.409170839,188.0,0.073241,0.016140649
PSMA5,2997.0,0.446573967,225.0,0.957396,0.103367402
PSMA6,187.0,0.423632682,445.0,1.563184,0.24369743
PSMB10,58.0,0.455018511,128.0,1.751763,0.675597312
PSMB2,3775.0,0.389848815,412.0,1.247149,0.052976443
PSMB8,242.0,0.411206622,522.0,1.701296,0.403753145
PSMB9,5497.0,0.431095699,69.0,1.468432,0.434807037
PSMC3,66.0,0.485654947,194.0,0.386981,0.172420265
PSMD11,2567.0,0.390095635,61.0,0.543632,-0.029318871
PSMD13,384.0,0.437236365,242.0,-0.312512,0.017680883
PSMD8,450.0,0.458928351,52.0,0.409432,0.170439092
PSME2,53.0,0.443656162,65.0,2.112301,0.635567552
PSMG1,5308.0,0.427553471,578.0,1.512958,0.197951465
PSTPIP2,1923.0,0.429639796,96.0,1.28135,0.748889815
PTBP1,1504.0,0.473818895,106.0,0.462663,-0.050835639
PTDSS1,3765.0,0.367954205,423.0,1.198256,0.344781816
PTGS1,3346.0,0.37260918,633.0,-0.137195,0.21013706
PTP4A1,3419.0,0.421202001,1153.0,1.007884,-0.025866088
PTPMT1,1899.0,0.450492628,193.0,-0.904551,-0.646042018
PTPN18,2185.0,0.381656528,101.0,1.362998,0.880246408
PTPN7,1593.0,0.440747449,781.0,1.216536,0.570012668
PTPRE,2994.0,0.426620112,1843.0,-1.380816,0.254375104
PTPRF,4571.0,0.452810321,356.0,0.043695,-0.104570962
PTRH2,3186.0,0.370743372,1544.0,2.503386,0.455776557
PWWP2B,819.0,0.424412275,29.0,-0.175267,0.120451601
PYCR2,578.0,0.474148407,230.0,0.326615,0.194676259
PYGL,175.0,0.392036998,127.0,-0.809738,-0.557358402
QARS,97.0,0.458996209,396.0,0.303854,0.240128177
RAB11FIP1,4277.0,0.380614122,56.0,0.338856,0.26377175
RAB12,1120.0,0.38483812,283.0,-0.785403,-0.178381376
RAB21,5246.0,0.435367738,267.0,0.749961,0.304780903
RAB31,3231.0,0.437498832,175.0,-2.577422,-0.425922439
RAB35,2172.0,0.408841719,189.0,-0.033233,0.186148537
RAB7A,1376.0,0.419395127,232.0,0.187124,-0.013024041
RAB8B,4163.0,0.425956778,96.0,-0.16689,0.451603354
RAB9A,1716.0,0.417525007,283.0,0.653574,-0.03871326
RABGGTA,77.0,0.387342734,512.0,0.802775,0.183094028
RABGGTB,440.0,0.409412379,78.0,0.384996,-8.59e-05
RABIF,4760.0,0.447399225,159.0,0.647262,0.076199521
RACGAP1,1895.0,0.366370127,354.0,0.62109,0.069673014
RAD9A,924.0,0.444046557,185.0,-0.442019,-0.16471303
RAE1,1112.0,0.432613552,365.0,0.784554,-0.018840226
RAI1,1472.0,0.455620822,469.0,0.197809,0.161951446
RAN,2043.0,0.442855294,361.0,0.135465,-0.126601257
RANBP10,3359.0,0.379453562,1256.0,0.422776,0.183480826
RANGAP1,3145.0,0.481547647,765.0,0.257733,0.283371337
RAPGEF1,2727.0,0.425793135,159.0,-0.544724,0.205132569
RARS,114.0,0.423508657,41.0,0.455392,0.027142233
RBBP4,6506.0,0.404056961,164.0,0.440472,0.126258181
RBBP5,3098.0,0.421849625,474.0,-0.338639,-0.070752419
RBKS,251.0,0.392307233,1371.0,0.089509,-0.55539442
RBM12,3599.0,0.375183789,304.0,0.304027,0.177705171
RBM14,3443.0,0.468008211,139.0,0.295382,0.181039517
RBM4B,5277.0,0.396841232,170.0,0.278063,-0.005653177
RBMX,1201.0,0.353737079,210.0,0.37749,0.211330087
RBPJ,4223.0,0.4178224,518.0,0.199038,0.098191628
RBX1,821.0,0.46562919,52.0,0.239123,0.370543521
RC3H1,7637.0,0.410085914,87.0,-0.785063,-0.208988172
RCCD1,1773.0,0.374130224,280.0,1.473457,0.260240292
RCOR1,4070.0,0.439565312,228.0,0.498196,0.030322111
REEP4,591.0,0.460338979,469.0,0.684965,-0.019721145
REEP5,2962.0,0.457536941,144.0,-0.014821,-0.304808535
RELB,408.0,0.418226182,131.0,-0.305564,-0.1485434
REPIN1,2683.0,0.45080531,489.0,0.549735,0.166798321
RFC4,89.0,0.411167541,282.0,0.37727,0.120277515
RFK,1882.0,0.429285662,357.0,0.120781,0.013256629
RFX5,1546.0,0.386685917,221.0,-1.110354,-0.082860724
RFXAP,1850.0,0.421314391,156.0,-0.869812,-0.23428536
RHBDF2,740.0,0.423256567,294.0,1.935943,0.445097829
RHOT2,568.0,0.454546166,881.0,0.345559,0.036308171
RNASE2,179.0,0.384567964,71.0,-1.07046,1.260761879
RNASEH1,4369.0,0.404567903,700.0,0.19568,0.114681687
RNASEH2B,3930.0,0.37625722,399.0,-0.432567,-0.023302342
RNASET2,1070.0,0.374792559,407.0,0.017083,-0.303784617
RNF114,1751.0,0.459950313,36.0,0.882506,-0.064390253
RNF167,289.0,0.375291206,776.0,0.464604,0.637832629
RNF20,5226.0,0.396317502,92.0,0.382179,0.311377835
RNF213,5288.0,0.417718743,150.0,1.262029,0.320263417
RNF216,2819.0,0.430061571,259.0,-0.946384,0.326830989
RNF25,102.0,0.375620157,88.0,0.947051,0.217657825
RNF31,88.0,0.389352607,358.0,0.435939,-0.077562719
RNLS,1252.0,0.416402283,135.0,0.698388,0.02012431
RNMT,4581.0,0.415128602,241.0,-0.264132,-0.094625685
RNPEP,463.0,0.447181346,896.0,0.972837,-0.013592898
RP9,437.0,0.42869019,18.0,-0.516026,-0.307272195
RPA1,2907.0,0.381710028,170.0,-0.1628,0.107130625
RPA2,639.0,0.400070522,793.0,0.39978,0.110859621
RPAIN,471.0,0.394698889,570.0,0.307573,-0.312911754
RPL11,461.0,0.442317923,45.0,-0.277261,0.007470703
RPL14,5208.0,0.496792394,133.0,-0.510959,0.682755804
RPL23,3146.0,0.464880603,90.0,-1.207279,0.131823654
RPL26,53.0,0.427802183,389.0,-1.150442,0.520529946
RPL31,1260.0,0.451994935,87.0,-0.224842,0.458005403
RPL34,1350.0,0.436455219,198.0,-0.554454,0.976683611
RPL5,1058.0,0.451564158,75.0,-0.386634,0.26931822
RPL7,1077.0,0.460258279,707.0,-0.261766,0.668068423
RPS11,373.0,0.483080585,92.0,-0.681972,0.321001502
RPS24,4247.0,0.430653047,142.0,-0.665825,0.413142278
RPS25,109.0,0.467193878,63.0,-0.807224,-0.147109649
RPS27A,743.0,0.450449292,321.0,-0.586589,0.407903975
RPS3A,306.0,0.426765211,80.0,-0.72549,0.152146785
RPS4X,629.0,0.442998752,96.0,-0.610401,0.053257772
RPS6,2723.0,0.413925579,42.0,-0.856148,0.794029
RPS6KA1,828.0,0.389798854,163.0,0.812184,0.146385997
RPS6KA4,735.0,0.38455359,226.0,-0.162262,0.091250819
RPS7,66.0,0.428822459,109.0,-0.279058,0.102741485
RPTOR,2341.0,0.385169267,805.0,0.537052,-0.151385915
RREB1,3012.0,0.456825357,492.0,-0.046743,-0.004250182
RRM1,2304.0,0.437568848,689.0,0.307003,-0.192991818
RRP8,5071.0,0.446233376,148.0,0.28632,-0.212724514
RRS1,978.0,0.468289248,104.0,0.799312,0.002114731
RTN3,1690.0,0.358048129,187.0,0.075112,-0.146221578
RTN4IP1,1108.0,0.372133716,477.0,0.637124,-0.011784407
RUNX1,4334.0,0.416076551,1578.0,-0.831702,-0.090543825
RUNX3,2611.0,0.405217602,439.0,-0.133982,0.222678505
RWDD1,6365.0,0.401367905,746.0,-0.570155,-0.19143582
S100A8,71.0,0.444112716,170.0,1.192115,0.125424117
S100A9,189.0,0.439508357,43.0,-1.339265,-0.182544619
SAMD9,1815.0,0.395660052,270.0,1.000029,0.42723064
SAMD9L,1162.0,0.396305952,1248.0,-0.971122,-0.079556071
SAMM50,150.0,0.345249646,197.0,0.61871,0.199344624
SAMSN1,684.0,0.407246581,430.0,0.44431,0.630832184
SAP18,1754.0,0.427429047,39.0,-0.041606,0.318436441
SAP30BP,1541.0,0.449617255,257.0,1.862786,0.290611499
SAR1A,5213.0,0.411769389,203.0,-0.431878,-0.331242444
SAR1B,5806.0,0.392367964,253.0,1.303231,0.115055164
SARS,1054.0,0.40098191,100.0,-0.249262,-0.337487798
SASH3,1369.0,0.387406112,182.0,0.329233,0.435817545
SCAMP4,1741.0,0.472519575,351.0,-0.136508,-0.042474181
SCO1,8645.0,0.407339367,61.0,0.304278,0.248573637
SDCCAG8,307.0,0.360606297,1542.0,-0.360559,-0.143077444
SEC11C,205.0,0.423646802,92.0,1.171674,0.77377991
SEC13,332.0,0.457264526,210.0,1.130068,-0.021535746
SEC14L1,2986.0,0.420320088,665.0,-0.039675,0.435733225
SEC22A,2559.0,0.422343815,79.0,0.347784,0.058327794
SEC24B,1221.0,0.400931805,155.0,-0.526262,-0.207283582
SEC24D,2115.0,0.386600041,297.0,1.267605,0.114789127
SEC61B,270.0,0.404562259,76.0,0.722236,0.137125818
SEMA3F,960.0,0.38837398,318.0,1.298023,0.122419967
SEMA4A,755.0,0.412797256,345.0,-1.064573,-0.000836917
SEMA4D,2318.0,0.393173667,572.0,0.087698,0.31145294
SERPINA1,1707.0,0.420489385,573.0,-0.832961,-0.233649149
SERPINB8,2096.0,0.38524815,520.0,-0.014485,0.245837125
SETMAR,321.0,0.414235412,398.0,1.276064,0.067210384
SF1,2419.0,0.374481437,721.0,0.056837,-0.005229587
SF3B2,563.0,0.453902675,40.0,-0.062887,-0.082970643
SFXN4,500.0,0.402513841,45.0,0.773698,-0.271026772
SH3BP1,433.0,0.395530944,313.0,0.713427,0.374261962
SH3PXD2B,4870.0,0.420952884,171.0,0.69621,0.39636724
SHMT1,4335.0,0.394510245,509.0,0.566773,-0.224649082
SIGLEC1,1590.0,0.42099348,0.0,-0.200917,0.117268845
SIPA1,2933.0,0.437718847,296.0,-0.396664,0.252715098
SIRPA,3027.0,0.429235057,360.0,-1.043783,0.071768293
SKP1,8791.0,0.433886974,179.0,0.380332,0.172367427
SLBP,3046.0,0.391438372,553.0,0.801493,0.369135782
SLC25A10,1929.0,0.386184273,191.0,1.484503,0.45895514
SLC25A19,477.0,0.386093473,224.0,2.49804,0.739541098
SLC25A20,787.0,0.382641976,199.0,0.752916,-0.050908552
SLC25A3,504.0,0.383836987,354.0,-0.047079,-0.247233585
SLC25A40,2688.0,0.363984785,375.0,0.319054,0.090336319
SLC25A42,2156.0,0.366871382,156.0,0.707697,0.535153366
SLC25A6,450.0,0.487227384,137.0,-0.502379,0.049845691
SLC27A3,163.0,0.439664345,91.0,0.341261,-0.067289205
SLC39A10,2661.0,0.346494338,214.0,-0.899043,-0.250644215
SLC43A2,6357.0,0.437839378,341.0,-1.19725,0.170539795
SLC43A3,838.0,0.382351997,447.0,-1.777614,-0.783209068
SLC44A1,8291.0,0.4365497,264.0,-0.78469,-0.399847014
SLC9A3R1,709.0,0.400889529,235.0,3.728509,1.54677727
SMAP2,1225.0,0.404145004,415.0,0.571217,0.186185707
SMC1A,5954.0,0.490702048,340.0,0.00262,0.02781942
SMG5,1363.0,0.383248033,540.0,-0.387523,-0.08497015
SMS,2660.0,0.417677888,252.0,0.696555,-0.377381949
SMYD3,223.0,0.378821529,130.0,-0.195275,-0.419889622
SNRNP200,676.0,0.454045162,132.0,0.214845,-0.024321688
SNRPC,474.0,0.427936125,450.0,0.720995,-0.024265571
SNRPD1,4386.0,0.384326147,161.0,1.341796,0.125707012
SNRPN,279.0,0.390283395,1145.0,0.134767,-0.05470207
SNX24,5071.0,0.338464018,185.0,0.639832,-0.052564035
SNX30,6144.0,0.426743352,148.0,0.154462,0.256797825
SNX33,5086.0,0.383330712,96.0,-0.990678,-0.275252599
SOD1,353.0,0.438546885,148.0,2.315795,0.714932418
SOD2,13436.0,0.435065133,1828.0,-0.541829,0.122269693
SP110,3922.0,0.401738483,258.0,1.661969,0.454590956
SPC24,1691.0,0.381793277,320.0,0.624433,0.225479625
SPC25,540.0,0.373816265,131.0,0.920202,0.0459482
SPCS1,3333.0,0.417439524,205.0,0.505764,-0.437543975
SPI1,383.0,0.406748349,223.0,-0.227778,0.181447437
SPRYD4,1406.0,0.430591965,75.0,-0.037012,-0.248214073
SQSTM1,1485.0,0.412192979,360.0,1.323505,0.466687945
SRC,2671.0,0.437602812,449.0,0.70356,0.123694549
SRGAP2,3018.0,0.377689891,542.0,-0.078007,-0.015931777
SRI,5365.0,0.424260151,79.0,-0.79463,-0.643072342
SRP19,2645.0,0.430943803,189.0,0.807373,0.30983456
SRPRB,1784.0,0.427990824,285.0,-0.059028,-0.252392995
SRR,1392.0,0.393840903,354.0,-0.290962,-0.644352679
SRXN1,2099.0,0.37663928,185.0,1.358615,0.726337225
SS18L2,777.0,0.45997865,208.0,0.689141,0.093900166
SSH1,5298.0,0.373517564,146.0,-0.987274,0.162539312
SSH3,2595.0,0.376349937,178.0,-0.444198,-0.311288767
SSR2,592.0,0.425839932,80.0,0.11513,0.015490898
SSR3,3698.0,0.388415977,156.0,0.541765,-0.22925613
SSR4,87.0,0.444947593,150.0,0.865373,-0.059927488
SSRP1,422.0,0.394601844,267.0,-0.180792,0.13259101
SSU72,400.0,0.445120823,325.0,0.483765,0.096099274
ST13,3666.0,0.439823793,468.0,0.068028,-0.10026261
ST14,553.0,0.454138745,193.0,-0.569169,-0.577217045
ST3GAL4,594.0,0.39537481,557.0,0.285838,-0.094043377
STAP1,541.0,0.398288494,113.0,1.175934,0.740069189
STARD10,1682.0,0.427301627,944.0,2.683453,0.779432089
STAT1,3294.0,0.408136156,388.0,1.878695,0.976253882
STAT2,1791.0,0.409862748,203.0,-0.466012,-0.140179006
STAT6,1168.0,0.380869476,499.0,-0.525784,-0.111294966
STMN1,1138.0,0.394107416,364.0,1.778388,0.396903846
STOM,2222.0,0.387137797,117.0,0.567644,0.344294877
STOML2,531.0,0.456962681,143.0,0.26529,0.246139654
STX11,4481.0,0.457080677,192.0,-0.2866,0.520283852
STX3,5058.0,0.403902965,547.0,0.43107,0.206880974
STX7,14891.0,0.417568039,327.0,-0.065364,-0.083118718
STX8,107.0,0.378438911,150.0,0.347333,0.134448286
SUCLG1,223.0,0.43877655,193.0,0.697553,0.258874848
SUFU,3380.0,0.361614756,191.0,-0.746016,-0.635073533
SUMF1,999.0,0.37076871,37.0,0.007924,-0.134845495
SUPT4H1,1112.0,0.438747077,103.0,-0.110029,-0.288628246
SURF2,1720.0,0.440503417,48.0,0.52865,0.045152498
SURF4,2281.0,0.385472445,476.0,0.511725,0.057890142
SURF6,4908.0,0.42467207,78.0,0.388181,-0.320415825
SYTL1,80.0,0.364244725,197.0,0.39848,0.316345668
TACC3,165.0,0.385699108,155.0,1.682328,0.672950922
TADA2B,3064.0,0.464060586,151.0,0.507498,0.035421947
TAF12,689.0,0.435926756,522.0,0.63543,0.328764128
TAP2,5256.0,0.374969764,175.0,0.859681,0.365018225
TBC1D20,3109.0,0.435441414,148.0,0.079384,-0.002889101
TBC1D9B,1396.0,0.395340616,37.0,-0.093293,-0.074086695
TBCC,556.0,0.434161456,73.0,0.622915,0.007121745
TCEAL3,260.0,0.368171822,262.0,-0.123542,-0.258439045
TCEAL4,3020.0,0.432120515,489.0,-0.024485,-0.03460501
TCOF1,1640.0,0.41523122,108.0,0.068673,0.025915028
TDP1,1721.0,0.418036689,317.0,-0.226842,-0.28806645
TDRD7,242.0,0.375852104,234.0,0.956945,0.276259219
TDRKH,973.0,0.419795099,182.0,-0.297315,-0.072686453
TEP1,2777.0,0.379550228,40.0,1.159612,0.263084879
TFE3,1431.0,0.379068139,541.0,0.459182,0.314905866
TFEB,621.0,0.429366592,302.0,-1.550639,0.268377975
THADA,112.0,0.415199561,352.0,0.006066,-0.091009217
THBD,2144.0,0.448063145,160.0,-1.503644,-0.601231817
THUMPD1,2715.0,0.455087735,225.0,0.198011,-0.077021054
THYN1,205.0,0.377954149,484.0,0.126733,-0.077193736
TIMM50,3932.0,0.424829064,722.0,0.923108,0.35005304
TIMM8B,2046.0,0.447942532,30.0,0.823595,0.580553177
TK2,3965.0,0.360054507,593.0,-0.267228,-0.043484657
TLE1,571.0,0.374791795,1295.0,1.262115,0.438634253
TM9SF2,2020.0,0.372522209,233.0,-0.462606,-0.354343166
TMED3,1710.0,0.439016102,188.0,0.383751,-0.554378171
TMED9,708.0,0.44685712,67.0,-0.446691,-0.120588278
TMEM126A,52.0,0.406087664,295.0,-0.393942,-0.136084025
TMEM199,2431.0,0.370998168,90.0,0.520844,0.338231554
TMEM63A,1407.0,0.385482014,622.0,-1.210619,-1.016206105
TMOD1,2050.0,0.392927141,213.0,0.357956,-0.617351241
TMSB10,278.0,0.470652003,95.0,1.542582,-0.350943029
TNFAIP2,2079.0,0.44214387,131.0,0.275429,-0.09509708
TNFAIP3,1995.0,0.416242917,370.0,-0.768826,0.179335947
TNFAIP8L2,497.0,0.440670719,126.0,-0.135652,0.266666327
TNIP1,770.0,0.448321216,241.0,0.109552,0.586658553
TNK2,822.0,0.420245651,543.0,-0.939579,-0.12833025
TNPO2,2070.0,0.408799881,358.0,-0.241584,-0.497478595
TNRC18,1316.0,0.449521205,349.0,0.000273,0.128051587
TOMM5,518.0,0.441712708,107.0,0.085101,0.243172992
TOMM6,1957.0,0.431553434,255.0,2.900343,0.753010709
TOP2A,1003.0,0.364102812,159.0,0.67197,-0.093476378
TOR1A,3160.0,0.446121485,77.0,0.575699,0.112530138
TPD52L2,1600.0,0.385071878,138.0,0.33611,0.004038463
TPI1,620.0,0.479135356,527.0,0.465517,-0.389023905
TPM1,757.0,0.403626605,257.0,-0.951685,-0.159490706
TRAF1,7433.0,0.438949906,572.0,0.078115,0.28129226
TRAF3,5716.0,0.386659664,353.0,-1.004336,-0.030344494
TRAF6,6100.0,0.426668941,381.0,0.392064,0.425171002
TRAPPC3,634.0,0.441060625,519.0,0.546382,0.226344964
TRAPPC5,42.0,0.453352607,241.0,0.893122,0.16211488
TRAPPC6B,2539.0,0.437369008,335.0,0.164711,0.12172121
TRAPPC9,3079.0,0.431357199,134.0,0.550846,0.357606839
TRIM11,3522.0,0.453298916,255.0,-0.05931,0.286607159
TRIM13,5308.0,0.419190719,763.0,-0.145217,0.114771543
TRIM14,3117.0,0.369225689,165.0,0.234892,0.010667033
TRIM22,1215.0,0.424423711,379.0,-0.960635,0.243279065
TRIM26,1431.0,0.384319522,565.0,0.499858,-0.019959591
TRIM27,2956.0,0.441704825,359.0,-0.218067,-0.330309165
TRIM41,1657.0,0.454716896,737.0,-0.112629,0.145666397
TRIM5,2312.0,0.426412011,303.0,-0.558258,-0.307091248
TRIP12,3739.0,0.40441217,297.0,0.894688,0.593329007
TRIP13,2852.0,0.433721983,145.0,0.765042,-0.442698538
TRMT5,3660.0,0.405137655,572.0,0.698817,0.284761023
TRUB2,4655.0,0.434714666,759.0,1.207451,0.009040007
TSFM,1390.0,0.429356434,57.0,0.299378,-0.082016821
TSPAN14,15147.0,0.398868986,305.0,-0.26354,-0.018673533
TSPYL1,7303.0,0.373212405,287.0,-1.115267,-0.312011411
TSR2,1366.0,0.464925113,443.0,-0.314253,-0.227664971
TTC39C,3394.0,0.378954091,452.0,0.696442,0.316301887
TTC7A,2213.0,0.393400181,1272.0,-0.853767,-0.089241861
TTPAL,5319.0,0.425556123,145.0,0.938761,0.31801583
TTYH3,3063.0,0.383645273,187.0,0.533152,-0.317358443
TUBA1C,110.0,0.451729991,576.0,0.829555,-0.029889084
TUBA4A,644.0,0.402818439,556.0,-0.620692,-0.4830509
TUBB,1030.0,0.390058461,509.0,1.164903,-0.21166823
TUBB6,2302.0,0.468445054,1139.0,-1.660492,-0.304753363
TUBGCP4,1934.0,0.368175973,296.0,0.090912,0.322823729
TUSC1,1294.0,0.429789613,537.0,-0.041673,0.304425509
TXNL4A,3129.0,0.472736328,466.0,1.377641,-0.325227572
TYMP,18.0,0.429537249,376.0,1.92106,0.463727539
TYMS,581.0,0.364557025,159.0,1.144417,0.176790873
TYROBP,168.0,0.417048036,81.0,-0.026608,0.51410134
UBAP2L,353.0,0.367068802,167.0,-0.7496,-0.344166245
UBE2B,4002.0,0.405496028,420.0,-0.27614,0.128518914
UBE2E1,1034.0,0.417917446,229.0,0.100211,0.034276533
UBE2L3,2365.0,0.455573936,198.0,0.333552,-0.261039483
UBE2L6,703.0,0.431638779,653.0,1.278635,0.461082131
UBE4B,1283.0,0.418913915,688.0,0.48093,0.176426438
UBIAD1,2303.0,0.446280173,334.0,0.479493,0.162262096
UBR4,797.0,0.387393976,4.0,-0.334903,-0.08782378
UBTF,2209.0,0.400105612,296.0,0.126896,0.04311408
UBXN1,220.0,0.422601268,194.0,-0.611028,0.062835432
UCK2,4043.0,0.447469338,640.0,-0.019343,0.05692939
UGGT1,5935.0,0.374564832,178.0,0.636688,0.166148758
UHRF1BP1,5130.0,0.373569339,234.0,-0.159388,0.155871306
UNC45A,377.0,0.475530537,1022.0,0.402833,0.123863786
UNG,1024.0,0.368897526,209.0,-0.209763,-0.306517898
UNK,1388.0,0.447315534,42.0,1.332296,0.517732004
UQCR11,4379.0,0.470309826,75.0,0.76364,-0.317708347
UQCRC1,129.0,0.462829321,45.0,1.129632,0.523139449
UQCRH,193.0,0.365128489,320.0,0.829708,0.363667188
UROD,171.0,0.391539164,133.0,0.269568,0.251147646
UROS,3849.0,0.422413435,266.0,-0.089828,-0.058393764
USP18,580.0,0.434940763,338.0,0.35905,-0.419681441
USP39,571.0,0.39295741,223.0,0.341121,-0.019362609
UTP6,2466.0,0.429918331,83.0,-0.011087,0.059719368
VAC14,489.0,0.396517204,827.0,0.489508,-0.008024602
VAMP8,451.0,0.398153421,156.0,0.112767,0.074080493
VASP,824.0,0.388921088,342.0,0.206745,0.064952801
VAT1,1456.0,0.406330787,120.0,0.879605,0.021880948
VDAC3,475.0,0.440388181,210.0,0.186497,0.016697863
VDR,3209.0,0.450036866,401.0,-1.156069,0.231240897
VGLL4,2489.0,0.432812067,506.0,0.491945,0.126612613
VIM,431.0,0.411136971,462.0,-1.475167,0.17459052
VPS28,291.0,0.476756313,109.0,0.404061,-0.074185006
VPS33B,559.0,0.447669729,583.0,0.822493,0.160903674
VPS39,2053.0,0.440628838,173.0,-0.675657,-0.347602434
VPS52,2870.0,0.393546356,887.0,-0.021479,-0.180445619
WASF2,4090.0,0.365213822,245.0,-0.307809,0.121831849
WBP2,1040.0,0.392225719,515.0,2.175841,0.647470149
WDFY2,7044.0,0.36603015,340.0,-0.863906,0.143995509
WDR1,1039.0,0.393247178,368.0,1.118032,0.288445876
WDR36,3619.0,0.40459335,117.0,4.8e-05,-0.065895524
WDR37,8068.0,0.365587877,173.0,-1.191099,-0.165386052
WDR4,293.0,0.380589271,581.0,0.508502,-0.120623647
WDR47,1216.0,0.402106333,376.0,-0.02532,-0.056350808
WDR48,1924.0,0.419028298,472.0,-0.355132,-0.028195934
WDR5,1979.0,0.401607191,171.0,0.621403,0.061873801
WDR54,97.0,0.394793766,128.0,1.410647,-0.115519265
WDR61,197.0,0.411764619,310.0,0.439508,-0.14298714
WDR77,4184.0,0.412330102,139.0,0.012598,-0.287693581
WDR91,4946.0,0.380864599,823.0,-0.34028,-0.169096938
WDR92,2520.0,0.427217839,117.0,0.465293,-0.083181827
YTHDF1,1279.0,0.384821843,294.0,0.343168,0.096416292
YTHDF3,3082.0,0.406652071,509.0,-0.010178,0.086103291
YY1,5192.0,0.440120149,480.0,0.047148,0.039192404
ZBED1,2221.0,0.457533868,282.0,-0.180339,0.088297029
ZBTB8OS,1087.0,0.406816332,276.0,0.806972,-0.231537143
ZC3H12A,768.0,0.421626239,1056.0,-0.021333,0.193849177
ZC3H4,2169.0,0.436042942,38.0,0.153822,0.144776051
ZCCHC10,81.0,0.361883573,67.0,-0.002902,-0.095705348
ZCCHC2,2006.0,0.404185753,0.0,0.632167,0.339652607
ZFP36L1,2846.0,0.395541595,976.0,-1.128766,0.037523719
ZMAT2,1942.0,0.460376067,101.0,0.250301,0.015533412
ZMIZ2,4165.0,0.419562196,128.0,-0.162837,-0.050434876
ZMYM3,1292.0,0.378831729,749.0,-0.717908,-0.234941546
ZNF207,13817.0,0.386696564,148.0,0.109028,-0.054280963
ZNF414,113.0,0.422835658,118.0,-0.159856,-0.001386818
ZNF511,243.0,0.452392726,55.0,-0.174755,-0.211048037
ZNF516,4816.0,0.393186692,318.0,0.492193,0.395891279
ZNF622,1298.0,0.463753859,120.0,0.30711,-0.075585385
ZNHIT2,49.0,0.440612513,85.0,0.417286,-0.114643088
ZNHIT3,419.0,0.425204303,73.0,0.298674,-0.024779069
ZWINT,4585.0,0.411772707,37.0,1.120161,0.15975028
