,3prime,tAI,max_5_UTR_length,TCGA-AO-A0JM,TCGA-AO-A0JM.1
AAK1,17874.0,0.380718848,505.0,-0.169144,0.135398123
AATF,207.0,0.367011205,251.0,0.222227,-0.160816031
ABCC1,1793.0,0.393368456,175.0,-0.261584,-0.09508884
ABCF3,5726.0,0.387768135,869.0,1.392172,0.830909568
ABHD12,654.0,0.374654709,279.0,1.163755,0.51301294
ABHD6,1639.0,0.384216096,505.0,-0.718688,-0.928529509
ABR,2562.0,0.39474042,600.0,-0.581958,-0.189270646
ABT1,2092.0,0.423473096,40.0,0.081295,-0.089994405
ACADVL,176.0,0.46877374,457.0,-0.382598,-0.088667984
ACBD6,155.0,0.433964845,621.0,0.301599,0.008425305
ACIN1,584.0,0.404933544,328.0,-0.335563,-0.131917317
ACO1,4661.0,0.37721508,227.0,-0.895805,-0.324343673
ACOT11,1220.0,0.392289045,176.0,-0.691316,-0.294196666
ACOT9,4514.0,0.358892202,225.0,0.901923,0.305938377
ACP2,814.0,0.411581374,548.0,0.877094,0.154793612
ACSF2,1484.0,0.405139059,501.0,1.816779,0.828081247
ACSL1,1530.0,0.417966714,990.0,0.653236,0.411389044
ACSL5,1022.0,0.380976548,307.0,-1.112179,-0.39950771
ACTB,613.0,0.469768794,192.0,0.559512,0.176128553
ACTL6A,452.0,0.409046191,387.0,0.447295,0.106660953
ACTR1A,3151.0,0.432463663,108.0,0.601061,0.260906752
ADA,312.0,0.444091501,440.0,-0.091229,-0.085852907
ADAMDEC1,715.0,0.41564171,547.0,-0.019122,-0.459974018
ADD1,1928.0,0.439806775,863.0,-0.583216,0.019569421
ADPRH,2067.0,0.380088169,541.0,-0.227394,-0.14233057
ADSSL1,320.0,0.393141878,776.0,1.664505,0.785461772
AGAP3,508.0,0.436856677,1584.0,-0.042925,-0.025070236
AHNAK,842.0,0.382138706,300.0,0.236286,0.535766786
AHSA1,225.0,0.374296292,431.0,0.737465,0.454952936
AIF1,121.0,0.4069451,222.0,-0.358554,-0.30439553
AIFM2,1911.0,0.447982482,217.0,-1.365658,0.222539518
AK1,1528.0,0.389481519,153.0,0.663818,0.285214089
AK2,2893.0,0.384271636,345.0,0.271572,-0.024970104
AKR1C2,3804.0,0.449591167,413.0,-0.970499,0.092636292
AKR7A2,10996.0,0.385600504,22.0,-0.191279,-0.256766214
ALDH18A1,838.0,0.380333742,511.0,-0.038456,0.082848884
ALDH3A2,2525.0,0.42484639,221.0,-1.379894,-0.438341217
ALDH6A1,4647.0,0.38708374,724.0,0.414549,0.003674385
ALG1,2498.0,0.432230555,181.0,0.428768,0.343199405
ALG5,380.0,0.362014155,67.0,0.127874,-0.132123016
ALG9,4217.0,0.365461171,1107.0,0.41174,0.418497512
ALOX5AP,976.0,0.392577632,248.0,-0.603292,-0.136049188
AMBRA1,1041.0,0.36170155,362.0,0.045344,0.201539665
AMPD2,903.0,0.389224108,566.0,-0.176821,0.168464865
AMPD3,1695.0,0.423686063,472.0,-1.106485,-0.257287995
ANAPC13,1361.0,0.393644021,731.0,-0.622032,-0.295619106
ANAPC5,235.0,0.390209877,197.0,-0.174598,0.010300766
ANKLE2,1737.0,0.418251419,90.0,-0.291129,-0.046752722
ANKRD16,135.0,0.465649334,543.0,0.166276,-0.027111182
ANKRD35,249.0,0.402949835,108.0,-2.021249,-0.197033596
ANXA2,496.0,0.429738522,160.0,0.502727,0.234037844
ANXA5,1441.0,0.418050335,165.0,1.168147,0.303380379
AP1B1,1153.0,0.424070668,187.0,-0.057413,0.26276054
AP1M1,914.0,0.463388599,173.0,-0.12922,0.147460876
APIP,427.0,0.433104693,127.0,-0.687269,-0.762186851
APOBEC3B,339.0,0.43450554,55.0,-4.60067,-0.619667484
APOBEC3C,1979.0,0.381716897,103.0,-0.807986,-0.306128247
APOBEC3G,322.0,0.410940579,404.0,-0.480441,-0.236219917
APOL2,1195.0,0.42932248,477.0,0.854786,-0.115301509
ARF6,2971.0,0.462806813,621.0,0.176335,-0.100014623
ARFIP2,2430.0,0.403729309,291.0,0.169026,-0.022721161
ARHGAP17,2624.0,0.371011524,117.0,0.095855,-0.029897766
ARHGAP30,773.0,0.384451823,645.0,-0.359887,-0.366499581
ARHGEF10,1378.0,0.370244255,202.0,-0.48888,0.215883348
ARID2,3145.0,0.362288628,128.0,-0.164834,-0.022917064
ARID3A,3881.0,0.411693449,290.0,0.078747,-0.630940448
ARIH2,3112.0,0.397061561,878.0,-0.611198,0.096522612
ARL8A,1065.0,0.409602486,171.0,-0.599905,-0.161200325
ARRB1,6041.0,0.39512759,224.0,-0.059619,-0.141307805
ASF1B,950.0,0.395794233,172.0,0.290223,0.179124321
ASS1,1357.0,0.394201053,356.0,-1.723582,-1.208382295
ATPAF1,3039.0,0.439253133,510.0,0.876325,0.495506043
ATRIP,162.0,0.417082642,462.0,0.037819,0.065018217
AXL,1863.0,0.417061167,376.0,0.628864,0.33682836
B4GALT7,4483.0,0.433879574,93.0,0.290277,0.430614897
BAG1,2764.0,0.431693656,501.0,-0.255598,-0.137734119
BAG3,537.0,0.387438444,306.0,0.274307,0.018909958
BASP1,971.0,0.520859146,259.0,0.57304,-0.262338483
BBS7,1531.0,0.408023089,184.0,0.488402,0.204229091
BCAT2,364.0,0.445598481,657.0,-0.388315,-0.177621839
BCKDHB,3082.0,0.419736544,88.0,-1.753444,-0.534690002
BCL2,5279.0,0.374049285,493.0,0.124279,-0.259047057
BCL2L13,4109.0,0.411790332,769.0,0.220781,0.037650814
BID,4193.0,0.428633517,498.0,-0.374168,-0.227976898
BLVRA,3376.0,0.414260839,177.0,1.305583,0.414767771
BOLA2,40.0,0.43059393,513.0,0.139972,-0.263983501
BOLA3,383.0,0.406657227,38.0,0.473279,-0.137894564
BRD2,787.0,0.377809737,2066.0,-0.216124,-0.199453841
BRD3,3285.0,0.401150236,188.0,0.498573,0.236978656
BSPRY,1091.0,0.380011644,48.0,0.47907,0.351539731
BST2,411.0,0.444557266,81.0,0.363979,-0.392727557
BUB3,1535.0,0.421992618,242.0,0.40327,0.003292901
C1QB,152.0,0.436596666,340.0,-0.631227,0.08259117
C1QC,327.0,0.41150294,283.0,-0.544624,0.092258642
C3,5088.0,0.430632158,93.0,-0.683064,-0.036665129
CAP1,1134.0,0.406948565,416.0,1.036411,0.128517692
CAPN1,720.0,0.455130071,197.0,0.481337,0.184975598
CAPRIN1,5632.0,0.374918508,189.0,-0.186775,0.09127553
CAPZB,5180.0,0.446052528,622.0,0.176091,0.011790346
CARD16,437.0,0.41300235,27.0,-0.539629,-0.459192313
CARHSP1,4898.0,0.362100245,360.0,0.328005,-0.092057527
CASC3,1778.0,0.370720542,295.0,1.821055,0.470144962
CASP1,750.0,0.424742838,44.0,-1.205737,-0.413829445
CASP8,1794.0,0.376118708,303.0,0.053579,-0.519850677
CAT,629.0,0.397270122,89.0,-0.85451,-0.12008931
CBL,8368.0,0.375957197,142.0,-1.079674,-0.230443088
CBLL1,3286.0,0.400851504,467.0,-0.338387,-0.073704108
CBR3,54.0,0.445176236,228.0,0.48648,0.157897367
CBS,4385.0,0.477784031,626.0,-2.15235,-1.07616802
CBX5,10815.0,0.390902295,318.0,-0.299642,0.115193569
CBX8,2504.0,0.36735217,118.0,0.433936,0.086904087
CCDC115,2169.0,0.385110507,452.0,-0.574937,-0.245292644
CCDC125,2554.0,0.359965106,322.0,0.410473,-2.30312787
CCDC58,2462.0,0.421830022,75.0,-0.079112,-0.624874608
CCDC88C,1302.0,0.396031427,154.0,0.134938,0.067062378
CCL5,886.0,0.462166288,68.0,-0.322264,-0.508762616
CCNA2,1206.0,0.409154498,373.0,1.370862,-0.592789365
CCNB2,168.0,0.374401461,184.0,1.595883,-0.125908092
CCNDBP1,2336.0,0.44393643,231.0,-0.713392,-0.130634949
CCS,4244.0,0.460896681,43.0,0.888916,-0.019798441
CCT3,238.0,0.457984718,231.0,0.477723,0.097502913
CCT4,1361.0,0.393363555,164.0,-0.12481,-0.008584758
CD14,128.0,0.416321757,392.0,-1.069267,-0.237161271
CD209,3046.0,0.440000747,67.0,-1.218991,-0.122645984
CD36,2894.0,0.410517795,414.0,-0.892173,1.071594384
CD40,982.0,0.429065654,90.0,-0.525116,-0.326974235
CD44,3115.0,0.39995987,434.0,-1.90729,-0.527135661
CD63,923.0,0.512738356,403.0,0.265625,0.436080944
CD74,635.0,0.427357309,187.0,-0.343393,-0.140623881
CDC25C,437.0,0.364786128,387.0,1.601043,0.672547892
CDC26,271.0,0.395637029,359.0,-0.162352,-0.115669408
CDC34,560.0,0.46431386,199.0,-0.373515,0.112375691
CDC42EP3,3941.0,0.420378821,1009.0,-0.978334,-0.170493291
CDCA3,816.0,0.351209268,820.0,0.98616,0.408372334
CDCA8,1353.0,0.384295288,290.0,1.422438,0.253924402
CDIPT,1864.0,0.442654716,541.0,-0.379624,0.044023269
CDK1,2313.0,0.398329505,154.0,0.535425,0.450273711
CDK19,4557.0,0.421511824,180.0,-0.740708,0.008861325
CDK2AP1,766.0,0.439144625,522.0,-0.382953,-0.119007525
CDK5RAP2,367.0,0.371069462,192.0,0.685925,0.2440146
CDK5RAP3,284.0,0.469750898,1791.0,-1.025428,0.039061628
CDKAL1,1365.0,0.417875209,167.0,0.123789,0.062000052
CDKN2AIPNL,3639.0,0.409801696,53.0,-0.225842,-0.021547927
CDKN2C,2247.0,0.381912025,1216.0,0.758361,-0.151901839
CENPH,1478.0,0.418392258,87.0,0.144667,0.084149656
CENPV,301.0,0.385948267,62.0,-2.508361,-0.864122797
CEP55,939.0,0.397841874,304.0,1.099011,0.090448796
CETN2,868.0,0.433727498,47.0,-0.175667,-0.302652923
CFL1,677.0,0.502791,234.0,1.142169,0.114775375
CHAC2,786.0,0.395629742,277.0,0.412093,0.078581101
CHCHD4,3528.0,0.445497334,326.0,0.354748,0.279914995
CHMP4A,296.0,0.447100154,262.0,0.500156,-0.069385469
CHMP5,1241.0,0.442987983,200.0,-0.207673,-0.427539418
CHMP6,980.0,0.489861105,78.0,-0.451422,0.066986853
CIAPIN1,1024.0,0.451663323,242.0,0.494757,0.196387525
CISD2,5376.0,0.433298698,107.0,0.249109,0.15694554
CKAP4,2872.0,0.386259817,84.0,0.671222,0.37860274
CKS2,300.0,0.317949998,98.0,0.65914,-0.236057742
CLCC1,5185.0,0.369704467,150.0,0.120623,0.075402283
CLCN7,1698.0,0.459147749,110.0,-0.298979,0.206232689
CLIC1,290.0,0.4571302,573.0,0.391893,-0.074198539
CLK3,1233.0,0.4268607,461.0,0.106466,0.128333943
CLPTM1,458.0,0.383990827,351.0,0.032537,-0.081598997
CLTA,288.0,0.450950874,514.0,0.254208,-0.030385377
CLTB,319.0,0.48548545,210.0,0.251595,0.316086568
CLTC,3104.0,0.384957863,443.0,1.897431,0.431900273
CNBP,6850.0,0.433298698,206.0,-0.658296,-0.568569062
CNPY2,123.0,0.392778455,553.0,0.029767,-0.07632591
CNPY3,1042.0,0.459231502,584.0,0.197138,0.132444453
COG3,1967.0,0.414689223,142.0,-0.476941,-0.049649124
COMMD1,306.0,0.423842833,138.0,0.231141,0.032936703
COMMD3,431.0,0.360487018,35.0,0.645053,0.110749762
COMMD5,498.0,0.445713337,399.0,0.354747,0.390293834
COMMD6,1375.0,0.396967837,328.0,-0.91533,0.216496614
COMMD9,2340.0,0.418062772,89.0,0.595486,0.06489072
COPB1,446.0,0.381738818,307.0,0.276106,0.215546278
COPE,165.0,0.478760693,55.0,-0.101225,0.176782791
COQ6,671.0,0.374062527,159.0,0.384048,0.115847077
COQ7,5700.0,0.42379098,133.0,-0.559495,-0.366974794
CORO1A,112.0,0.457388252,435.0,-0.535759,-0.608649711
COX17,1735.0,0.484254073,86.0,-0.051457,-0.720228781
COX5A,860.0,0.429944966,140.0,0.424277,-0.409851694
COX7A2,302.0,0.441893926,98.0,0.218494,-0.162358803
CPM,5262.0,0.406054343,75.0,-1.095312,-0.3274496
CPSF4,923.0,0.452412439,277.0,-0.504029,0.112233213
CPT1A,2761.0,0.374132033,170.0,1.567172,1.061077592
CPT2,602.0,0.431256564,515.0,0.674908,0.233118649
CRCP,8457.0,0.390198146,145.0,-0.439034,0.277192469
CRKL,3904.0,0.422225684,509.0,0.251475,0.297958385
CRTAP,5601.0,0.446308827,120.0,-0.046657,0.755386667
CRTC3,3205.0,0.355982524,186.0,-0.222364,0.05838314
CRY2,2337.0,0.383442872,132.0,-0.639225,-0.279460977
CRYL1,462.0,0.386242786,79.0,-0.886954,-0.210264797
CSRP1,1183.0,0.493833101,217.0,0.296833,-0.035970426
CST3,2762.0,0.475763324,186.0,0.036711,-0.335064285
CSTF2,1931.0,0.372934478,58.0,-0.055746,0.162809652
CTBP1,800.0,0.464034004,393.0,-0.375039,-0.001821215
CTNNA1,1216.0,0.412513324,1103.0,0.436357,0.121405101
CTNNB1,1106.0,0.432073699,448.0,-0.507912,0.0373274
CTNNBIP1,2448.0,0.394834327,307.0,-0.172372,0.447601295
CTPS2,1870.0,0.416273085,744.0,0.93834,0.576293414
CTSG,119.0,0.369503415,37.0,-2.341382,-0.746013449
CTSH,1072.0,0.446467856,1192.0,-0.44376,0.182118319
CUEDC1,2047.0,0.374410739,719.0,1.215258,1.392603682
CUX1,1040.0,0.395555213,127.0,0.72154,0.148993164
CXCL10,814.0,0.410287201,105.0,1.351074,-0.610299992
CXCL9,2323.0,0.403736618,74.0,1.52996,-0.843293207
CYBB,2544.0,0.418993019,61.0,-1.203414,-0.678407313
CYP2S1,1051.0,0.420869286,58.0,-0.4057,-0.424575807
CYTH4,1837.0,0.406296106,377.0,-0.908826,-0.513037907
DAB2,1757.0,0.368483127,531.0,0.236594,0.140755346
DAGLB,721.0,0.377719723,170.0,-0.244451,0.329722303
DAP3,768.0,0.366492687,184.0,0.428111,0.152758108
DAPP1,2082.0,0.348655603,90.0,-0.141859,-0.287892569
DBI,233.0,0.467027529,479.0,0.237881,-0.741442382
DCAF8,1877.0,0.380310979,212.0,-0.379103,0.192541281
DCP1A,4153.0,0.411936399,381.0,-0.903086,0.039425786
DCPS,4731.0,0.375605648,329.0,-0.112791,-0.445048747
DCTN5,10597.0,0.443116252,177.0,0.402161,0.319960258
DDAH2,653.0,0.361046801,1104.0,0.76433,-0.006681759
DDB2,1223.0,0.43604051,195.0,0.527149,0.30827615
DDX23,713.0,0.445931172,91.0,0.044938,0.067757725
DDX31,1870.0,0.361830896,544.0,0.12603,0.174202896
DDX47,438.0,0.379294484,22.0,-0.129376,-0.206125433
DDX54,1704.0,0.467316231,28.0,0.105366,0.028511008
DDX56,586.0,0.438032149,643.0,0.032505,0.121570708
DDX59,217.0,0.413095257,243.0,0.027847,-0.099292106
DHODH,3463.0,0.371608285,21.0,0.42999,0.13282603
DHPS,121.0,0.474111752,121.0,-0.533535,-0.243609739
DHX15,459.0,0.379133957,168.0,-0.033969,-0.097066881
DHX34,591.0,0.384465978,349.0,-0.54094,0.23380053
DHX58,357.0,0.440330409,223.0,0.065071,-0.167610942
DIABLO,719.0,0.425893605,1182.0,0.486391,0.180958172
DMAP1,63.0,0.471306,301.0,-0.398777,0.010064826
DMXL2,1274.0,0.389901613,225.0,-0.068606,0.14227337
DNAJA4,1736.0,0.398301408,169.0,0.952694,0.204968462
DNAJC19,1326.0,0.403482491,259.0,-0.276988,-0.180084235
DNAJC25,1212.0,0.430964931,56.0,-0.18767,-0.05098147
DNAJC8,969.0,0.416719859,33.0,0.007451,-0.259429283
DNM1,1255.0,0.393835111,116.0,0.786692,0.650708403
DNTTIP2,3564.0,0.408096853,58.0,0.550397,-0.095953216
DOCK11,3681.0,0.373818855,63.0,-0.687194,0.024905089
DOCK2,524.0,0.446250827,52.0,-1.067428,-0.043083823
DOK2,438.0,0.384043737,481.0,-1.094348,-0.330569338
DPCD,197.0,0.459155016,389.0,-0.131892,-0.11467189
DPF2,2501.0,0.393394442,133.0,0.490786,0.031613759
DPH1,1310.0,0.448716064,341.0,-0.280103,0.188409029
DPH5,784.0,0.413363166,165.0,0.437117,0.224468614
DPY30,562.0,0.438431353,279.0,0.181551,0.236027847
DPYSL2,2472.0,0.430530829,431.0,-0.890684,-0.293813155
DRAP1,142.0,0.432809908,245.0,1.109051,0.249645754
DRG1,4594.0,0.444150091,131.0,0.234535,-0.256298253
DSN1,5330.0,0.392894937,373.0,0.932531,-0.04327394
DSTN,2786.0,0.375776803,438.0,0.018128,-0.041224299
DTL,2265.0,0.372315747,921.0,1.440197,0.314274928
DTX3L,3456.0,0.408848169,89.0,-0.316513,0.042401928
DUSP12,374.0,0.419884133,34.0,-0.138977,-0.168327154
DUT,1937.0,0.36471409,109.0,0.111037,-0.0896868
DYNLT1,514.0,0.420362019,78.0,0.307983,0.587591603
EBAG9,1437.0,0.39438748,402.0,0.037495,0.369463136
ECH1,191.0,0.389477111,85.0,-0.926344,-0.861462676
ECHDC2,2269.0,0.400166641,752.0,-0.627705,-0.388211396
ECM1,322.0,0.43792189,199.0,0.443338,-0.170316507
EDEM2,76.0,0.379021051,100.0,-0.04481,0.493385156
EEA1,5374.0,0.405861636,265.0,-0.514283,0.075101718
EEF1A2,286.0,0.417272363,329.0,-1.43934,-1.222036868
EFTUD2,1331.0,0.444646836,398.0,-0.283517,0.009160405
EHD1,3363.0,0.446314898,447.0,0.381067,0.206213341
EIF2AK2,8063.0,0.394727306,557.0,1.155426,0.359362398
EIF2B3,1058.0,0.383118637,239.0,0.876664,0.39440864
EIF3F,5840.0,0.435728237,33.0,-0.0374,0.177693737
EIF3L,1718.0,0.380710116,245.0,-0.128437,0.312664061
EIF4A3,1120.0,0.381528282,222.0,-0.3642,-0.067657305
ELAVL1,4910.0,0.437605432,167.0,-0.347644,-0.129495837
EMG1,248.0,0.433768095,143.0,-0.295633,-0.087577457
EMILIN2,2605.0,0.379592019,159.0,-0.331628,0.1285391
ENDOD1,7728.0,0.376426787,118.0,0.216065,0.482595952
ENOSF1,2904.0,0.382279782,622.0,-0.780851,-0.540957138
ENY2,2576.0,0.41756619,146.0,0.356222,0.41075359
EPSTI1,2106.0,0.391777705,469.0,1.23819,-0.068875943
ERCC1,2342.0,0.45058755,188.0,-0.368818,0.328795272
ERCC6L,4809.0,0.354829683,623.0,1.840111,0.501540803
ERH,415.0,0.383837906,71.0,0.459867,0.220790372
ERLIN1,2041.0,0.444737514,478.0,-0.233395,0.201144232
ERP29,1277.0,0.401191178,118.0,0.243469,0.012448518
ETV6,4356.0,0.398240844,274.0,-0.631815,-0.50977391
EXOC4,1232.0,0.388187525,35.0,-0.544703,0.268195403
EXOC8,6907.0,0.436106501,127.0,-0.271409,0.134532464
EXOSC1,536.0,0.430105347,451.0,0.35331,0.203949608
EXOSC2,3902.0,0.431273517,32.0,0.618646,0.053848906
F8A1,571.0,0.46317284,15.0,-0.084665,0.161952355
FAAH,2043.0,0.384592892,82.0,0.982449,1.212665428
FAF1,4425.0,0.401181969,453.0,0.380098,0.102305971
FAM122A,4542.0,0.40477622,33.0,-0.281118,-0.085846826
FAM168A,6285.0,0.395008865,285.0,0.651966,0.177395726
FAM177A1,2165.0,0.411149627,459.0,0.686557,0.24992
FAM192A,1824.0,0.379195199,1475.0,0.400184,-0.034975428
FAM20B,4428.0,0.4357945,293.0,0.379049,0.124261922
FAM32A,1091.0,0.408676074,42.0,-0.28926,-0.118597536
FAM50A,286.0,0.482889735,110.0,-0.034268,0.057761793
FBP1,248.0,0.397353747,331.0,0.699051,0.206674322
FBXL20,9338.0,0.383104745,254.0,3.743702,1.702228299
FBXO4,526.0,0.393825218,58.0,-0.926007,0.072434573
FBXO6,503.0,0.42307306,166.0,-0.268664,-1.072194758
FCER1G,305.0,0.4202976,25.0,0.965806,-0.090747818
FCGRT,309.0,0.433069976,486.0,-0.562164,-0.017387054
FCHO1,270.0,0.372951657,283.0,-2.035191,-0.681931001
FDPS,72.0,0.456397562,392.0,1.797719,0.646182316
FDXR,596.0,0.384661194,188.0,2.196629,0.861930569
FEN1,1340.0,0.407867196,413.0,1.966126,0.828901485
FERMT3,399.0,0.435119014,149.0,-0.134236,-0.12780951
FGD2,907.0,0.441856308,171.0,-0.65863,-0.186788281
FGFR1OP2,1663.0,0.396595515,353.0,-0.575531,-0.044318935
FGL2,3460.0,0.40966218,40.0,-1.338178,-0.271742144
FKBP1A,1132.0,0.428443098,174.0,0.227516,0.160072643
FKBPL,24.0,0.377510344,270.0,0.586427,-0.081289746
FLOT1,422.0,0.472159534,339.0,0.598067,-0.027991768
FN3K,442.0,0.389857108,61.0,-0.283951,-0.303498075
FN3KRP,3667.0,0.380720834,50.0,-0.789175,-0.489431498
FOXJ3,3176.0,0.401878681,312.0,0.816051,0.01066365
FOXK2,3108.0,0.440496276,171.0,-0.699258,-0.36904257
FOXRED1,443.0,0.438630908,167.0,0.794969,0.314490102
FSCN1,1184.0,0.396100853,132.0,0.556564,0.035733243
FTH1,530.0,0.425357612,235.0,0.309783,0.287542127
FTL,1031.0,0.428438948,199.0,0.385385,0.808204786
FTSJ1,638.0,0.457521275,569.0,0.507016,0.224112948
FTSJ3,698.0,0.388239396,646.0,2.238276,0.369587551
FXN,6365.0,0.40465004,220.0,-0.232583,-0.243475614
GABARAPL2,564.0,0.431291441,136.0,0.05626,0.549330392
GABPB1,1320.0,0.423118524,469.0,-0.000917,-0.64678953
GALK1,292.0,0.455574511,63.0,1.838901,0.497502392
GANAB,989.0,0.425909644,1027.0,1.058301,0.069511556
GAS6,315.0,0.393865445,183.0,-1.19375,-0.310788056
GAS7,6619.0,0.423630168,311.0,-0.687108,0.335157289
GBE1,708.0,0.404013874,283.0,-0.171865,-0.178783672
GBP1,1735.0,0.42614962,220.0,0.942132,-0.269471347
GBP2,5058.0,0.440134196,314.0,-0.456815,-0.198270044
GBP4,4106.0,0.42983554,116.0,-0.228255,-0.30018167
GBP5,1753.0,0.421901204,537.0,0.434803,-0.52177004
GCH1,2011.0,0.419329122,161.0,0.715518,-0.910842766
GFOD2,622.0,0.396604754,295.0,0.292851,0.603629827
GGA2,5408.0,0.377812588,83.0,-0.851794,-0.247550424
GGCX,5211.0,0.417836117,106.0,-0.089864,-0.304509988
GIGYF1,2212.0,0.443456438,1210.0,-0.839725,-0.044025285
GINS3,1415.0,0.387351931,208.0,0.877549,0.79255506
GLA,1699.0,0.378726947,110.0,0.193591,-0.321707727
GLE1,1357.0,0.383457083,114.0,0.568901,0.069686921
GLRX,1188.0,0.430296645,211.0,1.188296,-0.067379887
GLRX3,3557.0,0.41418463,539.0,0.267461,0.411136683
GLUD1,1558.0,0.392454008,1132.0,-0.437198,-0.071983848
GLYR1,2033.0,0.39940414,57.0,-0.209873,0.007484606
GMEB1,4582.0,0.43446142,142.0,0.001132,-0.180493314
GMPPA,198.0,0.434966364,375.0,0.569834,0.012979501
GMPR,3984.0,0.435743929,114.0,-0.755321,-0.290684093
GMPR2,464.0,0.453637396,704.0,0.033977,-0.147552571
GNAI1,1947.0,0.435804474,356.0,-1.19432,0.467085215
GNG7,3803.0,0.398730372,237.0,-2.643592,-0.59486638
GNPDA1,1360.0,0.395964134,67.0,-0.692848,-0.032923487
GOLGA2,1243.0,0.401070546,13.0,0.574094,0.262315173
GON4L,926.0,0.418089888,175.0,-0.253805,-0.393128999
GOSR1,5968.0,0.408103421,237.0,-0.826173,-0.434228501
GOSR2,3258.0,0.374298057,541.0,-0.831744,-0.295634424
GOT2,1054.0,0.444803236,129.0,0.672323,0.522498524
GPS2,97.0,0.431122181,76.0,0.725636,-1.016484244
GPSM2,4697.0,0.401967226,496.0,0.661981,-0.963756095
GPX7,626.0,0.395840774,39.0,-0.099548,0.22984195
GRAMD1A,299.0,0.411657297,748.0,-0.085987,0.242136476
GRB2,2292.0,0.4413596,358.0,1.984135,1.071165803
GSTM4,2467.0,0.390909061,314.0,-0.197498,-0.715733022
GTF2A2,1070.0,0.420716795,404.0,0.151167,0.017091337
GTF2E2,604.0,0.365750105,273.0,0.183485,0.003699455
GTF3C2,932.0,0.372227001,397.0,0.019912,0.132589845
GTPBP1,2894.0,0.424954603,154.0,-0.110497,0.084111937
GTPBP3,1032.0,0.436547413,95.0,-0.382539,0.08007362
GTSE1,680.0,0.368527868,212.0,1.258309,-0.266628769
HADH,818.0,0.383558671,219.0,-0.052089,-0.145094892
HADHA,615.0,0.383558671,130.0,0.098705,0.115877154
HAUS5,3319.0,0.378752573,51.0,0.098558,-0.103425513
HAUS8,346.0,0.37535995,111.0,0.070659,-0.19637021
HCCS,1274.0,0.398607648,275.0,0.146201,-0.429504883
HCK,337.0,0.440224323,364.0,-0.547335,-0.064768531
HDAC1,591.0,0.390040122,63.0,-0.13319,-0.038054181
HDDC3,763.0,0.387287166,29.0,0.957476,0.024056158
HDGF,1342.0,0.465394593,322.0,0.007174,-0.500586118
HDLBP,2343.0,0.397687311,375.0,0.240035,0.358860677
HEATR3,1385.0,0.384091545,883.0,0.368723,0.311323805
HEBP2,9119.0,0.359416339,297.0,-0.169719,-0.247217404
HECA,3704.0,0.443714129,285.0,-0.769781,0.037110111
HECTD3,3914.0,0.446742268,98.0,0.160427,0.224129783
HERC2,726.0,0.429958504,109.0,-0.243894,0.471678608
HERC5,379.0,0.393838904,153.0,0.272196,0.329529804
HERC6,651.0,0.398146132,183.0,1.513673,-0.012853008
HIP1,4874.0,0.430847644,52.0,0.257669,0.298201497
HLA-A,4150.0,0.424443523,84.0,1.10209,0.283022167
HLA-C,420.0,0.421684519,65.0,0.201133,-0.829599913
HLA-DRA,409.0,0.420807891,109.0,-0.819888,-0.276342407
HLA-E,1459.0,0.413523771,126.0,0.234348,0.121808286
HLA-F,121.0,0.407256461,124.0,0.800282,-0.679577102
HMBOX1,3560.0,0.369177113,482.0,0.380631,-0.40238734
HMBS,266.0,0.451934812,299.0,0.619198,0.099883704
HMGB2,3775.0,0.450826504,193.0,1.060768,-0.322892142
HMGCS1,3661.0,0.374424323,345.0,1.571223,1.293960539
HMOX1,616.0,0.436401717,107.0,1.061147,-0.229564212
HNRNPA0,7504.0,0.386421138,284.0,0.34327,-0.28001938
HNRNPD,1688.0,0.420386111,318.0,0.716533,-0.068257556
HNRNPL,1102.0,0.449817015,176.0,-0.181141,-0.171221179
HNRNPU,4156.0,0.432126199,218.0,0.185859,0.090777376
HNRNPUL1,2135.0,0.394022965,339.0,-0.207411,-0.160111707
HNRNPUL2,2674.0,0.436897081,229.0,0.418548,-0.028682005
HSBP1,3274.0,0.4454546,174.0,-0.078044,0.295986235
HSD11B1,4482.0,0.426649415,154.0,-1.302779,-0.211002515
HSD17B7,398.0,0.431983247,99.0,-0.060816,-9.57e-05
HSP90AB1,313.0,0.39509298,251.0,0.24092,-0.198080596
HSPA1L,428.0,0.464100714,183.0,0.012972,0.286949295
HSPA4L,7877.0,0.413794867,342.0,-2.126287,0.231126101
HSPB11,107.0,0.34538245,284.0,0.73047,-0.210587214
HTRA2,571.0,0.421976635,602.0,0.331463,0.107810316
HTT,3901.0,0.373695076,145.0,-0.529136,0.094100489
HUS1,2068.0,0.374612864,131.0,-0.40481,0.094406636
HYI,310.0,0.378597605,196.0,-0.249911,-0.283729644
HYOU1,1409.0,0.403839016,234.0,0.622941,-0.118440362
ICAM1,1537.0,0.426062071,319.0,0.633183,-0.291780173
IER3IP1,3342.0,0.438740024,97.0,0.022227,0.761113435
IFI16,254.0,0.415211655,290.0,0.488673,-0.110723204
IFI30,213.0,0.431523306,62.0,0.944642,-0.303849679
IFI35,160.0,0.418462024,223.0,0.66229,0.233314456
IFI44,267.0,0.403888008,124.0,1.381091,0.121244349
IFI44L,5058.0,0.403608012,200.0,1.308786,-0.062477923
IFIH1,121.0,0.412344512,377.0,0.853185,0.416897836
IFIT1,2775.0,0.411248073,495.0,2.173723,0.793385462
IFIT2,1901.0,0.420797646,175.0,1.024823,0.635351355
IFIT3,843.0,0.417440574,529.0,1.350969,0.643353753
IFIT5,2354.0,0.414819429,231.0,0.7026,0.425700272
IFITM1,159.0,0.431550176,180.0,0.71967,0.734604757
IFT27,109.0,0.4030938,426.0,-0.010256,0.248313977
IGFBP3,1605.0,0.43060006,132.0,0.919576,-0.191477999
IGFBP7,558.0,0.392734536,34.0,0.873252,-0.164406097
IKBKE,745.0,0.435100597,714.0,-0.374215,-0.010613663
IL16,3965.0,0.367979445,2395.0,-0.795161,-0.380682372
IL17RA,5874.0,0.376798811,133.0,0.150173,0.258671966
IL1RN,1145.0,0.411881061,408.0,-0.878786,-0.73905783
IL4I1,16.0,0.4139018,621.0,0.823055,-0.659112452
ILF2,656.0,0.426220446,239.0,0.511837,-0.116330724
IMPA2,2898.0,0.383680893,242.0,0.266915,-0.590314056
INO80,5209.0,0.374025479,351.0,-0.005604,-0.568976561
INPP1,263.0,0.395712795,700.0,-0.394785,-0.077945701
INPP5D,1195.0,0.436077769,512.0,-1.354442,-0.269531515
INSR,4801.0,0.380857973,411.0,-1.071009,-0.556129751
IPO5,2508.0,0.381335948,180.0,-0.745452,-0.095586262
IRF7,92.0,0.423538356,367.0,1.90952,1.110678235
IRF8,1327.0,0.384714127,507.0,-0.945185,-0.186900478
IRF9,369.0,0.432057622,127.0,1.139622,0.6617416
IRGQ,7659.0,0.399674011,156.0,-0.582248,-0.111706216
ISCU,607.0,0.454630229,1331.0,-0.504963,-0.110499146
ISG15,62.0,0.419522688,77.0,2.415985,0.375886927
ISG20,952.0,0.419932377,2368.0,0.88452,-0.142329091
ISOC1,1056.0,0.418535314,18.0,0.61106,0.066836646
ITGB2,415.0,0.457304004,395.0,-0.28943,-0.112351216
ITPKB,2981.0,0.440250717,340.0,-0.266185,-0.082950898
JUNB,496.0,0.414023332,276.0,0.413437,0.110224894
JUP,157.0,0.458302936,298.0,-0.622772,-0.087796565
KANK2,2291.0,0.394238955,361.0,-0.058215,0.296725473
KARS,4202.0,0.383913431,144.0,0.564264,0.00281324
KDM1A,327.0,0.428444011,149.0,-0.365044,-0.06756177
KDM2A,3716.0,0.372295488,864.0,-0.00763,0.144367439
KDM2B,2488.0,0.393022165,407.0,-0.100778,0.029180825
KDM3B,1327.0,0.37791414,200.0,-0.238424,0.140002053
KDM4A,1148.0,0.378142374,166.0,0.171116,0.04160082
KHSRP,1024.0,0.456900489,110.0,-0.603037,-0.375146108
KIAA2013,727.0,0.385456054,191.0,-0.055395,-0.017321543
KIF20A,757.0,0.371463873,496.0,1.509558,0.464944588
KIF22,75.0,0.392489541,388.0,0.475136,0.258387334
KIF2C,588.0,0.387865377,395.0,1.25132,0.513784507
KIF3B,3792.0,0.390782105,180.0,-0.117933,0.042294324
KIF5B,3198.0,0.418236129,470.0,-0.451975,0.195278306
KLHL7,3616.0,0.41595405,521.0,-1.372933,-0.202209704
KTI12,594.0,0.370414154,39.0,0.524734,0.284509057
LAMP1,1311.0,0.390985106,281.0,-0.070005,0.191930814
LANCL2,2422.0,0.433733517,578.0,0.013966,-0.616709226
LAP3,503.0,0.426841798,162.0,-0.339053,-0.879960626
LDHD,1826.0,0.398770776,52.0,-0.099014,0.225117206
LENG1,560.0,0.445950324,48.0,0.197,-0.461014978
LGALS3,159.0,0.420172221,88.0,0.225256,0.202043865
LGALS3BP,1225.0,0.419930622,179.0,0.590556,-0.277496457
LGALS9,641.0,0.410654931,118.0,0.343958,0.082307635
LIN54,4893.0,0.441729058,383.0,0.34535,0.269166478
LPCAT1,2228.0,0.380803123,133.0,0.615011,0.492154626
LPXN,1776.0,0.432350833,254.0,0.231372,-0.147241625
LRPPRC,2376.0,0.377375074,58.0,-0.512539,0.041959379
LRRC25,843.0,0.434491636,642.0,-0.234841,0.240746548
LRRC41,465.0,0.438391248,44.0,0.038354,-0.333079718
LRRC59,1755.0,0.423067849,236.0,2.654915,1.302171686
LSM1,486.0,0.409616526,410.0,0.623805,0.281420683
LSM6,1871.0,0.435100303,139.0,0.090266,0.07278475
LTA4H,391.0,0.355044638,145.0,-0.356274,-0.47059249
LYN,4058.0,0.418972994,282.0,-0.897885,-0.16443294
LYPLAL1,1137.0,0.3973742,157.0,-0.432633,-0.09761207
LYRM4,6830.0,0.366844497,217.0,0.308452,-0.549383866
LYSMD2,596.0,0.394037378,501.0,-0.003377,-0.038283535
M6PR,1457.0,0.379162834,275.0,0.027893,0.121259964
MAD2L1,4528.0,0.407191351,124.0,0.872902,0.284426558
MAFB,2032.0,0.405989564,390.0,-0.832407,-0.821156626
MAGED2,327.0,0.466698843,233.0,0.128301,-0.459705335
MAGOH,153.0,0.416054235,162.0,0.44863,-0.082841534
MAN2B1,128.0,0.381728903,76.0,0.285059,0.013057779
MANF,717.0,0.420319188,97.0,0.64697,0.224886337
MAP4K1,170.0,0.374128007,140.0,-1.602275,-0.287090755
MARCKSL1,768.0,0.468216312,206.0,0.059903,-0.173214093
MAX,2676.0,0.337149475,479.0,0.584848,0.103531691
MBD2,3723.0,0.420256858,229.0,-0.012534,0.276697524
MBP,4041.0,0.393290432,264.0,-1.421854,-0.365662853
MCM2,662.0,0.460999542,110.0,0.093207,0.023148067
MCM4,2618.0,0.371821308,942.0,-0.327856,-0.016921261
MCM5,3214.0,0.470488076,94.0,0.117567,0.032152778
MDC1,658.0,0.415783633,440.0,0.256404,0.16131732
MDH1,210.0,0.381672323,435.0,0.083882,-0.423372993
ME1,1535.0,0.411214685,265.0,-3.012139,-0.853955717
ME3,171.0,0.395156177,377.0,-0.556522,0.024267305
MECR,1365.0,0.445670958,612.0,-0.299889,-0.01628196
MED17,2631.0,0.366528813,275.0,0.022664,0.069535788
MED19,934.0,0.439623042,93.0,1.158813,0.302301993
MED28,10307.0,0.440157501,27.0,-0.713126,-0.094025413
MED29,4550.0,0.464327351,57.0,-0.65187,-0.162344731
MEN1,824.0,0.454590692,504.0,0.763984,-0.348727778
METTL13,961.0,0.396264071,347.0,0.396795,0.216489065
MGST3,1295.0,0.374563048,428.0,0.442309,0.284844544
MIF4GD,787.0,0.397877071,137.0,2.387485,1.499592284
MINK1,774.0,0.455972684,525.0,-0.559433,-0.27625844
MIS12,1334.0,0.420723459,745.0,0.426345,-0.441813844
MLEC,5319.0,0.43043384,173.0,-0.539313,0.025422342
MLLT10,2252.0,0.36295117,1568.0,-0.629183,0.049162137
MMACHC,1852.0,0.382684622,371.0,-0.078921,0.372840805
MMADHC,5382.0,0.406207656,205.0,-0.203872,-0.13691466
MMGT1,4451.0,0.406300672,388.0,-0.757522,0.50654714
MMP1,502.0,0.392399458,189.0,4.382186,-0.425011858
MMP14,1722.0,0.419367787,285.0,1.484553,0.515571996
MMP9,193.0,0.404253633,19.0,2.092575,-1.041641791
MORC3,2052.0,0.406702124,375.0,-0.583686,0.038712858
MORF4L1,1066.0,0.420719378,454.0,0.039504,0.162598619
MOV10,619.0,0.412681236,1415.0,0.192889,0.039603976
MPDU1,797.0,0.440676037,216.0,0.474953,0.510543645
MPHOSPH10,87.0,0.404440607,352.0,0.088828,-0.009817658
MRI1,2018.0,0.459301832,75.0,-0.082954,0.366780733
MRPL13,1075.0,0.395373051,313.0,0.595978,0.163256686
MRPL15,1888.0,0.407701507,63.0,-0.34324,0.041089403
MRPL16,212.0,0.368940255,214.0,1.044011,-0.137357017
MRPL17,6554.0,0.424450505,105.0,0.48631,0.197070137
MRPL2,580.0,0.458698472,164.0,0.315688,0.016001759
MRPL20,187.0,0.445765675,96.0,-0.056648,0.152011285
MRPL21,55.0,0.417448467,293.0,1.114129,0.242315096
MRPL27,2133.0,0.436300758,31.0,2.268182,0.011831003
MRPL40,113.0,0.406843086,653.0,0.638316,0.087086547
MRPL46,1889.0,0.422788385,25.0,0.595039,0.192225963
MRPL48,1284.0,0.368940255,212.0,0.255054,-0.245361766
MRPL51,2069.0,0.35376587,169.0,0.342431,0.083115927
MRPL53,198.0,0.441261883,155.0,0.816974,-0.060325795
MRPL9,407.0,0.432679379,437.0,0.259138,0.141630545
MRPS11,2793.0,0.477818717,1491.0,0.521219,-0.026792755
MRPS15,468.0,0.440649404,164.0,0.948024,0.086965808
MRPS17,1334.0,0.413812124,30.0,0.222614,0.22091973
MRPS18B,936.0,0.408462865,157.0,0.547197,0.137425926
MRPS36,933.0,0.3748339,84.0,0.195078,0.291895391
MRPS7,453.0,0.455992019,233.0,2.004631,0.286779014
MSI2,5168.0,0.366385762,173.0,0.66446,0.088507033
MSTO1,694.0,0.421389639,1152.0,0.475305,0.34467086
MT1E,291.0,0.588704726,179.0,-2.293435,-2.071572323
MT2A,316.0,0.576670685,123.0,-0.503964,-2.295472909
MTA2,684.0,0.459443446,761.0,0.8091,0.208559812
MTFMT,1550.0,0.414190941,26.0,-0.043706,0.209190777
MTHFS,1663.0,0.434592403,179.0,0.40003,0.05826618
MTMR1,2442.0,0.424163835,319.0,-0.971521,0.036393075
MTMR14,421.0,0.371137969,151.0,0.503584,0.229220987
MVP,50.0,0.435053297,193.0,0.740603,0.600421037
MX1,456.0,0.433488503,982.0,1.772836,0.995733867
MX2,1812.0,0.430094961,104.0,0.96365,0.529879471
MYADM,2833.0,0.384589896,681.0,0.37396,0.073670207
MYCBP,3972.0,0.381803634,73.0,0.104329,-0.374786662
MYL12A,812.0,0.453450746,478.0,0.736051,0.017202823
MYO18A,3647.0,0.395788337,484.0,-1.129584,-0.151282411
MYO9B,1401.0,0.398943925,152.0,-0.287872,0.032675274
N6AMT1,5137.0,0.427535625,28.0,0.436822,0.57381833
NAA40,3212.0,0.389371031,261.0,-0.378721,0.050852027
NAB1,2433.0,0.361024962,572.0,-1.187545,-0.00787733
NADK,1672.0,0.3959688,563.0,-0.452065,-0.105840118
NADSYN1,464.0,0.447848979,126.0,-0.949356,-0.478429385
NAGK,1297.0,0.42527382,474.0,0.020586,0.018765602
NANS,37.0,0.458552255,132.0,0.812524,-0.2546154
NAPA,1862.0,0.477781443,318.0,-0.347872,-0.027520172
NAT10,4915.0,0.387474071,245.0,-0.260538,-0.02858858
NBAS,140.0,0.414580543,44.0,-0.251806,0.226000237
NCALD,2767.0,0.374888213,460.0,-0.511038,-0.50340385
NCAPD3,2971.0,0.431957579,606.0,-0.416769,0.109939067
NCAPG2,3501.0,0.41630572,200.0,0.610309,-0.060298285
NCF1,2381.0,0.415579251,70.0,-0.870946,-0.702186179
NCK2,1267.0,0.457831152,276.0,0.370124,0.260808174
NCKIPSD,4981.0,0.449411541,126.0,-0.501813,-0.034209177
NCOA5,1332.0,0.416761948,402.0,-0.427009,-0.038044456
NCOA7,3259.0,0.404217869,470.0,0.285054,0.532859836
NDC80,61.0,0.356199389,182.0,1.123743,0.239113199
NDRG2,841.0,0.376266446,941.0,-1.24972,-0.682117175
NDUFA4,1685.0,0.439642808,129.0,0.107918,-0.358855566
NEU1,667.0,0.413226082,156.0,0.443381,0.430194963
NFATC2IP,3242.0,0.412267479,15.0,-0.211391,0.228919861
NFKB1,708.0,0.4099683,467.0,-0.568117,-0.072867802
NFKB2,153.0,0.424806573,563.0,0.47381,0.318831702
NFKBIE,1053.0,0.409138176,25.0,0.456848,0.241850663
NGDN,1255.0,0.423783924,27.0,0.74747,-0.103791144
NGRN,1679.0,0.414477409,50.0,0.467003,-0.504702299
NINJ1,5217.0,0.455972644,71.0,0.540223,0.03295375
NIP7,1593.0,0.443769116,318.0,0.304046,-0.006428072
NIT2,2351.0,0.432361565,74.0,0.174816,-0.319731438
NMNAT3,2689.0,0.397393877,1228.0,-3.221424,-1.397370996
NMT1,3377.0,0.454689408,31.0,-0.463118,-0.191397641
NONO,1092.0,0.432928506,710.0,0.405014,0.16637314
NOP14,912.0,0.38067473,187.0,-0.783104,0.008709766
NOP2,785.0,0.393538298,198.0,0.34164,0.136851686
NOTCH2,6062.0,0.409327653,297.0,-0.119082,0.092757482
NPTN,1068.0,0.388989686,197.0,0.699118,-0.08002636
NR2C2,6271.0,0.390767743,362.0,-1.077396,-0.018589471
NRBF2,883.0,0.43605128,224.0,0.360732,-0.079032149
NRF1,1901.0,0.447602651,500.0,-0.29284,0.032328116
NRGN,833.0,0.413631862,152.0,0.967727,0.088559046
NRP1,3846.0,0.416817106,523.0,0.115762,0.44749967
NSFL1C,1587.0,0.42738001,868.0,0.272267,0.039539464
NSMAF,602.0,0.358586884,214.0,-0.646022,0.079412639
NTAN1,178.0,0.344459601,320.0,0.143041,0.103650955
NUBP1,246.0,0.455923678,142.0,0.038024,-0.076033671
NUCKS1,5461.0,0.359398328,271.0,0.145665,-0.713918704
NUDC,716.0,0.476401948,127.0,0.061372,-0.367637948
NUDT16,5489.0,0.428387545,75.0,-0.705629,-0.056631423
NUMA1,663.0,0.474508115,436.0,-0.47684,-0.428997037
NUP93,5678.0,0.382018893,495.0,0.390058,0.00068751
NXF1,2943.0,0.375826754,136.0,-0.090863,0.244106227
OCIAD2,4872.0,0.363821488,322.0,-0.751689,-1.139985378
OGDH,1071.0,0.396078149,159.0,-0.229888,0.311191242
OPA3,7233.0,0.475004358,100.0,-0.647838,-0.411001015
OSBPL2,2363.0,0.383456763,571.0,-0.213122,-0.07845295
OSBPL5,1099.0,0.381371042,158.0,-0.344042,-0.51729966
OVCA2,792.0,0.429983078,65.0,0.117623,0.234412723
P2RX4,573.0,0.442596273,304.0,0.818912,0.55912904
PAAF1,509.0,0.376143366,341.0,0.48679,-0.094581456
PACSIN2,1591.0,0.413490434,405.0,0.631709,0.316623652
PARK7,451.0,0.457171775,163.0,-0.21909,-0.601469914
PARP1,769.0,0.460215809,171.0,0.113461,-0.225878809
PARP10,332.0,0.422654659,200.0,0.590204,0.334473509
PARP12,816.0,0.416480622,874.0,0.138929,0.278913123
PARP14,2243.0,0.414355918,59.0,-0.089779,0.161817618
PARP9,451.0,0.418102187,327.0,0.542786,0.141313786
PARVG,2043.0,0.383803232,484.0,-0.257934,-0.049255784
PBK,750.0,0.413339119,464.0,2.481845,1.664270485
PCNA,338.0,0.425000199,239.0,0.985047,0.607825962
PDAP1,2007.0,0.464659554,134.0,0.214701,-0.583181237
PDCD2,155.0,0.440448783,111.0,0.121946,0.05246326
PDCD2L,48.0,0.433436103,33.0,0.4869,0.046116403
PDCD6IP,3211.0,0.388727459,158.0,-0.39906,-0.165147243
PDHA1,2054.0,0.402514578,145.0,0.525084,0.191462657
PDHB,2974.0,0.442593378,43.0,-0.192426,0.1817062
PDLIM1,357.0,0.379179626,233.0,-0.090912,-0.113017936
PDXDC1,2055.0,0.375670185,335.0,0.448839,0.244651851
PDXK,6244.0,0.398158884,198.0,0.160369,0.076820725
PEBP1,796.0,0.360152166,326.0,-1.07447,-0.803857751
PEF1,769.0,0.441759403,424.0,0.559427,0.243932147
PELO,5222.0,0.385240523,985.0,0.193995,-0.021172518
PEPD,395.0,0.450896903,133.0,-0.274599,-0.082982651
PEX16,585.0,0.43213601,312.0,-0.054066,0.486558712
PEX6,946.0,0.370078344,93.0,-0.274204,0.050737633
PEX7,2294.0,0.407005497,102.0,-0.371384,-0.367349971
PFDN5,124.0,0.497062947,117.0,-0.032303,-0.080188627
PFDN6,574.0,0.470152145,222.0,0.979929,-0.232316091
PGM1,570.0,0.393980016,681.0,0.108111,0.105480683
PHB,988.0,0.45268542,190.0,1.969913,-0.087559952
PHF10,104.0,0.365149381,79.0,-0.402325,-0.1432284
PI4K2A,2692.0,0.385068362,57.0,-0.154313,0.353768569
PIAS1,3626.0,0.396022529,741.0,-0.132085,0.112589261
PIGH,1430.0,0.434471606,98.0,0.460504,0.421895957
PIK3AP1,3866.0,0.407313024,128.0,-0.227876,0.028645551
PIR,205.0,0.385796208,485.0,0.549749,-0.239401221
PITPNC1,4686.0,0.369070722,874.0,3.086358,0.794938104
PLA2G4C,585.0,0.406173977,398.0,0.327686,-0.366647846
PLA2G7,1187.0,0.402486321,269.0,1.354637,-0.163193666
PLAUR,323.0,0.418467601,226.0,1.218916,0.094900841
PLCB2,818.0,0.468984469,301.0,-0.40661,-0.128507231
PLCG1,3987.0,0.454806205,121.0,0.331968,0.426972366
PLD4,273.0,0.377985619,192.0,-2.40671,-0.082565287
PLEKHO1,5192.0,0.424698037,839.0,0.476962,-0.204791685
PLEKHO2,2119.0,0.429714475,134.0,-0.007802,0.005284189
PLSCR1,10376.0,0.415598704,388.0,0.09388,-0.140684438
PML,3324.0,0.431306474,140.0,0.285025,0.145909923
POLR1C,1131.0,0.439933821,86.0,-0.120727,0.037029158
POLR1D,1469.0,0.427162265,456.0,-0.140474,0.005444817
POLR2F,1600.0,0.47244007,250.0,-0.012452,0.334324565
POLR2H,1065.0,0.427596015,1167.0,1.282129,0.549198254
POLR3H,3481.0,0.444306047,388.0,-0.536174,0.311380967
POLR3K,1023.0,0.473025152,46.0,-0.116363,0.358921731
PPA2,660.0,0.432735716,20.0,0.442234,0.288936054
PPIE,4556.0,0.446406574,56.0,0.337418,-0.091391692
PPIL1,1921.0,0.453832883,252.0,1.051169,-0.296883655
PPP1R14B,282.0,0.457456004,268.0,0.914563,0.388742394
PRC1,1136.0,0.367783806,234.0,1.325068,0.123383827
PRCC,357.0,0.381841119,290.0,0.451637,0.103205246
PRDX1,303.0,0.414090753,341.0,0.29894,-0.203289334
PRDX6,944.0,0.433706552,51.0,-0.048196,-0.097430007
PREB,658.0,0.378530018,403.0,-0.14785,0.273368693
PREP,579.0,0.425974009,233.0,0.050982,-0.401518839
PRG4,784.0,0.366727173,51.0,2.985539,-1.109858207
PRIM2,1166.0,0.350864643,125.0,0.715086,0.418203011
PRKAB1,1305.0,0.365943644,289.0,-1.074597,-0.198783098
PRKAR2A,5019.0,0.427443141,254.0,-0.885372,-0.268044556
PRKCB,5795.0,0.38010529,197.0,-1.505959,-0.180192839
PRKCD,451.0,0.404392693,469.0,-0.408869,-0.110373093
PRKRA,683.0,0.420894136,659.0,0.003698,-0.079387842
PRKRIP1,3224.0,0.453589322,55.0,-0.457018,-0.513603314
PRMT5,393.0,0.386451423,508.0,0.275545,-0.001685225
PRMT7,3655.0,0.450088803,850.0,0.600999,0.624685613
PROCR,549.0,0.357872186,218.0,0.405783,0.578325347
PRPS1,3908.0,0.466551451,409.0,-0.280123,-0.047251906
PRPSAP1,2056.0,0.390811115,688.0,0.527759,0.220236068
PRRC1,3173.0,0.409170839,188.0,0.353457,0.330344736
PSMA5,2997.0,0.446573967,225.0,0.42523,-0.154125389
PSMA6,187.0,0.423632682,445.0,0.720799,-0.0089683
PSMB10,58.0,0.455018511,128.0,0.089302,-0.290515154
PSMB2,3775.0,0.389848815,412.0,0.65232,-0.028359167
PSMB8,242.0,0.411206622,522.0,0.821805,0.064763895
PSMB9,5497.0,0.431095699,69.0,0.515707,-0.055122231
PSMC3,66.0,0.485654947,194.0,0.309745,0.233201915
PSMD11,2567.0,0.390095635,61.0,0.611352,0.093499348
PSMD13,384.0,0.437236365,242.0,0.18548,0.057010783
PSMD8,450.0,0.458928351,52.0,-0.381427,0.10119349
PSME2,53.0,0.443656162,65.0,1.067607,-0.028283542
PSMG1,5308.0,0.427553471,578.0,0.74679,0.001467303
PSTPIP2,1923.0,0.429639796,96.0,-1.694767,-0.992378799
PTBP1,1504.0,0.473818895,106.0,-0.231145,-0.178688083
PTDSS1,3765.0,0.367954205,423.0,-0.370139,-0.111661481
PTGS1,3346.0,0.37260918,633.0,-1.077181,-0.191246919
PTP4A1,3419.0,0.421202001,1153.0,0.289556,-0.193017376
PTPMT1,1899.0,0.450492628,193.0,0.330227,0.28912106
PTPN18,2185.0,0.381656528,101.0,0.662043,-0.633332216
PTPN7,1593.0,0.440747449,781.0,-0.820122,-0.246292528
PTPRE,2994.0,0.426620112,1843.0,-0.030319,0.023653575
PTPRF,4571.0,0.452810321,356.0,-0.486687,-0.2764329
PTRH2,3186.0,0.370743372,1544.0,2.266,0.840930526
PWWP2B,819.0,0.424412275,29.0,-0.071108,-0.216284645
PYCR2,578.0,0.474148407,230.0,-0.21824,0.078496465
PYGL,175.0,0.392036998,127.0,-0.669368,-0.421305419
QARS,97.0,0.458996209,396.0,-0.384981,0.158516605
RAB11FIP1,4277.0,0.380614122,56.0,0.604341,0.782960947
RAB12,1120.0,0.38483812,283.0,-0.114348,0.306013091
RAB21,5246.0,0.435367738,267.0,0.029932,0.310270615
RAB31,3231.0,0.437498832,175.0,0.719529,0.199527945
RAB35,2172.0,0.408841719,189.0,-0.032394,0.305391441
RAB7A,1376.0,0.419395127,232.0,-0.383143,0.141418263
RAB8B,4163.0,0.425956778,96.0,-1.112096,-0.503007371
RAB9A,1716.0,0.417525007,283.0,0.911563,0.385086633
RABGGTA,77.0,0.387342734,512.0,-0.263415,0.151279127
RABGGTB,440.0,0.409412379,78.0,-0.260911,0.079512259
RABIF,4760.0,0.447399225,159.0,0.764512,0.727957653
RACGAP1,1895.0,0.366370127,354.0,0.989507,0.32315019
RAD9A,924.0,0.444046557,185.0,0.054341,-0.026662243
RAE1,1112.0,0.432613552,365.0,0.474416,0.070159315
RAI1,1472.0,0.455620822,469.0,-1.002569,-0.209514717
RAN,2043.0,0.442855294,361.0,0.591505,-0.01066153
RANBP10,3359.0,0.379453562,1256.0,-0.102256,0.382467882
RANGAP1,3145.0,0.481547647,765.0,-0.229959,0.241555991
RAPGEF1,2727.0,0.425793135,159.0,-0.366243,0.009204162
RARS,114.0,0.423508657,41.0,0.540682,0.184135215
RASGRP2,183.0,0.381671176,582.0,-1.011351,-0.342763136
RASGRP4,985.0,0.374724859,214.0,-1.932963,-0.050033302
RBBP4,6506.0,0.404056961,164.0,0.475411,0.041502745
RBBP5,3098.0,0.421849625,474.0,-0.087802,0.195585824
RBKS,251.0,0.392307233,1371.0,-0.907351,-0.879810804
RBM12,3599.0,0.375183789,304.0,-0.03921,0.0574341
RBM14,3443.0,0.468008211,139.0,-0.230648,-0.041904741
RBM4B,5277.0,0.396841232,170.0,-0.162677,-0.053473999
RBMX,1201.0,0.353737079,210.0,-0.03513,0.128732673
RBPJ,4223.0,0.4178224,518.0,-0.341898,0.091548968
RBX1,821.0,0.46562919,52.0,0.10168,-0.003253576
RC3H1,7637.0,0.410085914,87.0,-1.202566,-0.130254907
RCCD1,1773.0,0.374130224,280.0,0.606961,0.205689451
RCOR1,4070.0,0.439565312,228.0,0.435208,0.192903238
REEP4,591.0,0.460338979,469.0,0.417517,0.169853824
REEP5,2962.0,0.457536941,144.0,-0.473578,0.22581358
RELB,408.0,0.418226182,131.0,-0.201505,-0.29662728
REPIN1,2683.0,0.45080531,489.0,0.765911,-0.104089132
RFC4,89.0,0.411167541,282.0,1.745817,0.54178055
RFK,1882.0,0.429285662,357.0,-0.352884,0.041787432
RFWD3,2538.0,0.42367162,98.0,0.656725,0.190898771
RFX5,1546.0,0.386685917,221.0,0.67658,-0.338448689
RFXAP,1850.0,0.421314391,156.0,-1.644154,0.18615983
RHBDF2,740.0,0.423256567,294.0,0.29862,-0.407584767
RHOT2,568.0,0.454546166,881.0,-0.081882,0.052164522
RINL,1279.0,0.357351373,413.0,-1.379234,-0.269199093
RNASE2,179.0,0.384567964,71.0,0.262095,0.014213309
RNASEH1,4369.0,0.404567903,700.0,0.266927,-0.737760478
RNASEH2B,3930.0,0.37625722,399.0,-0.24,-0.230112316
RNASET2,1070.0,0.374792559,407.0,-0.672727,-0.732467248
RNF114,1751.0,0.459950313,36.0,-0.27709,-0.140841722
RNF167,289.0,0.375291206,776.0,0.061147,0.081156637
RNF20,5226.0,0.396317502,92.0,0.347818,0.052053355
RNF213,5288.0,0.417718743,150.0,-0.643305,0.153898311
RNF216,2819.0,0.430061571,259.0,-0.551327,0.035168987
RNF25,102.0,0.375620157,88.0,0.351261,0.133644136
RNF31,88.0,0.389352607,358.0,-0.108452,0.103729579
RNLS,1252.0,0.416402283,135.0,-0.48361,-0.286971365
RNMT,4581.0,0.415128602,241.0,-0.798077,-0.149139861
RNPEP,463.0,0.447181346,896.0,0.195084,-0.125098889
RP9,437.0,0.42869019,18.0,0.164013,0.061380546
RPA1,2907.0,0.381710028,170.0,-0.277624,-0.207826165
RPA2,639.0,0.400070522,793.0,-0.500777,-0.185464109
RPAIN,471.0,0.394698889,570.0,-0.095621,-0.559250845
RPL11,461.0,0.442317923,45.0,-0.494979,-0.177665006
RPL14,5208.0,0.496792394,133.0,-0.396116,-0.544210259
RPL23,3146.0,0.464880603,90.0,0.966599,0.282636804
RPL26,53.0,0.427802183,389.0,-0.715278,-0.656994559
RPL31,1260.0,0.451994935,87.0,-0.834243,0.102248112
RPL34,1350.0,0.436455219,198.0,-0.392241,-0.607404468
RPL5,1058.0,0.451564158,75.0,-0.375894,0.242962662
RPL7,1077.0,0.460258279,707.0,-0.820031,-0.06503698
RPS11,373.0,0.483080585,92.0,-0.387981,0.106817246
RPS24,4247.0,0.430653047,142.0,-0.091353,0.347703648
RPS25,109.0,0.467193878,63.0,0.004526,0.199908251
RPS27A,743.0,0.450449292,321.0,-0.420991,-0.170880325
RPS3A,306.0,0.426765211,80.0,-0.062888,0.187038733
RPS4X,629.0,0.442998752,96.0,-0.319192,0.292641752
RPS6,2723.0,0.413925579,42.0,-0.377583,-0.513897796
RPS6KA1,828.0,0.389798854,163.0,-0.690445,-0.186061062
RPS6KA4,735.0,0.38455359,226.0,0.677772,0.393576328
RPS7,66.0,0.428822459,109.0,-0.260337,-0.137871086
RPTOR,2341.0,0.385169267,805.0,-0.800554,-0.238380751
RREB1,3012.0,0.456825357,492.0,-0.286017,-0.389170084
RRM1,2304.0,0.437568848,689.0,0.597742,0.788645743
RRP8,5071.0,0.446233376,148.0,0.425744,0.182951949
RRS1,978.0,0.468289248,104.0,-0.10262,-0.060681102
RTN3,1690.0,0.358048129,187.0,0.889395,-0.078786544
RTN4IP1,1108.0,0.372133716,477.0,0.210708,-0.346152807
RUNX1,4334.0,0.416076551,1578.0,0.764437,0.593293982
RUNX3,2611.0,0.405217602,439.0,0.091479,-0.417287836
RWDD1,6365.0,0.401367905,746.0,0.070504,-0.143367931
S100A8,71.0,0.444112716,170.0,-1.244188,-2.732819838
S100A9,189.0,0.439508357,43.0,-2.315237,-2.937481909
SAMD9,1815.0,0.395660052,270.0,1.221216,0.473000791
SAMD9L,1162.0,0.396305952,1248.0,0.459324,0.196951717
SAMM50,150.0,0.345249646,197.0,1.143369,0.190742928
SAMSN1,684.0,0.407246581,430.0,-0.279568,-0.244198891
SAP18,1754.0,0.427429047,39.0,-0.438929,-0.379783265
SAP30BP,1541.0,0.449617255,257.0,1.602076,0.392844295
SAR1A,5213.0,0.411769389,203.0,0.369494,0.360758634
SAR1B,5806.0,0.392367964,253.0,1.310483,0.250956724
SARS,1054.0,0.40098191,100.0,0.023013,-0.013568444
SASH3,1369.0,0.387406112,182.0,-0.458247,-0.262326351
SCAMP4,1741.0,0.472519575,351.0,-0.788312,0.113223779
SCO1,8645.0,0.407339367,61.0,0.131389,-0.07909927
SDCCAG8,307.0,0.360606297,1542.0,0.293071,-0.426707129
SEC11C,205.0,0.423646802,92.0,0.000392,-0.553305015
SEC13,332.0,0.457264526,210.0,0.828264,0.336638346
SEC14L1,2986.0,0.420320088,665.0,-1.166632,-0.326126183
SEC22A,2559.0,0.422343815,79.0,-0.060762,0.522467951
SEC24B,1221.0,0.400931805,155.0,0.134215,0.325801323
SEC24D,2115.0,0.386600041,297.0,1.095062,0.719565099
SEC61B,270.0,0.404562259,76.0,0.540692,0.149032437
SEMA3F,960.0,0.38837398,318.0,-0.370916,-0.031739696
SEMA4A,755.0,0.412797256,345.0,-0.671877,-0.627441164
SEMA4D,2318.0,0.393173667,572.0,-0.610301,-0.105865374
SERPINA1,1707.0,0.420489385,573.0,-0.633112,-0.339679135
SERPINB8,2096.0,0.38524815,520.0,-0.41252,-0.746180397
SETMAR,321.0,0.414235412,398.0,0.090604,0.040983168
SEZ6L2,540.0,0.431800162,245.0,-1.385029,0.22336989
SF1,2419.0,0.374481437,721.0,0.180225,0.072105474
SF3B2,563.0,0.453902675,40.0,0.560358,-0.079549897
SFXN4,500.0,0.402513841,45.0,-0.316143,0.288286458
SH3BP1,433.0,0.395530944,313.0,0.179982,-0.006757117
SH3PXD2B,4870.0,0.420952884,171.0,0.116707,0.334538668
SHMT1,4335.0,0.394510245,509.0,-1.529355,-0.675485085
SIGLEC1,1590.0,0.42099348,0.0,0.26701,0.24102423
SIPA1,2933.0,0.437718847,296.0,0.36625,-0.115140594
SIRPA,3027.0,0.429235057,360.0,-0.232066,-0.037124966
SKP1,8791.0,0.433886974,179.0,0.007458,-0.082277775
SLBP,3046.0,0.391438372,553.0,-0.327912,-0.239934488
SLC25A10,1929.0,0.386184273,191.0,-0.599161,-0.025349595
SLC25A19,477.0,0.386093473,224.0,1.852914,1.092691639
SLC25A20,787.0,0.382641976,199.0,-0.274883,-0.045805121
SLC25A3,504.0,0.383836987,354.0,0.079137,0.036682658
SLC25A40,2688.0,0.363984785,375.0,-0.012715,-0.184048234
SLC25A42,2156.0,0.366871382,156.0,-1.041645,0.521083651
SLC25A6,450.0,0.487227384,137.0,-0.077275,-0.372827342
SLC27A3,163.0,0.439664345,91.0,0.324687,0.228149478
SLC39A10,2661.0,0.346494338,214.0,-0.440936,-0.388414051
SLC43A2,6357.0,0.437839378,341.0,0.793692,0.644493011
SLC43A3,838.0,0.382351997,447.0,0.711321,-2.445881439
SLC44A1,8291.0,0.4365497,264.0,0.449107,-0.099055063
SLC9A3R1,709.0,0.400889529,235.0,2.484004,1.364112714
SMAP2,1225.0,0.404145004,415.0,0.605172,0.137748439
SMC1A,5954.0,0.490702048,340.0,0.513849,-0.172857509
SMG5,1363.0,0.383248033,540.0,-1.069165,0.10935142
SMS,2660.0,0.417677888,252.0,0.105605,-0.212055984
SMYD3,223.0,0.378821529,130.0,1.400649,0.526730799
SNRNP200,676.0,0.454045162,132.0,-0.37697,0.082090142
SNRPC,474.0,0.427936125,450.0,0.701529,-0.28991616
SNRPD1,4386.0,0.384326147,161.0,0.337095,0.126695649
SNRPN,279.0,0.390283395,1145.0,0.066334,0.168385365
SNX24,5071.0,0.338464018,185.0,-0.65299,0.323820224
SNX30,6144.0,0.426743352,148.0,-0.304155,0.143550787
SNX33,5086.0,0.383330712,96.0,-0.713244,0.010094161
SOD1,353.0,0.438546885,148.0,0.573848,-0.742624037
SOD2,13436.0,0.435065133,1828.0,-1.013786,-0.366229046
SP110,3922.0,0.401738483,258.0,0.861925,0.338707692
SPC24,1691.0,0.381793277,320.0,0.860793,-0.026286202
SPC25,540.0,0.373816265,131.0,0.95619,0.358664344
SPCS1,3333.0,0.417439524,205.0,0.220126,-0.092550973
SPI1,383.0,0.406748349,223.0,0.349401,-0.037811729
SPRYD4,1406.0,0.430591965,75.0,0.050529,-0.108854534
SQSTM1,1485.0,0.412192979,360.0,0.074213,-0.137244504
SRC,2671.0,0.437602812,449.0,-0.139887,0.392617864
SRGAP2,3018.0,0.377689891,542.0,0.028826,0.166701156
SRI,5365.0,0.424260151,79.0,-0.69881,-0.420108903
SRP19,2645.0,0.430943803,189.0,0.628636,0.467124091
SRPRB,1784.0,0.427990824,285.0,0.188426,0.185455873
SRR,1392.0,0.393840903,354.0,-0.155685,0.047461875
SRXN1,2099.0,0.37663928,185.0,0.323902,0.385904342
SS18L2,777.0,0.45997865,208.0,-0.173997,0.129827368
SSH1,5298.0,0.373517564,146.0,-0.224383,0.38714593
SSH3,2595.0,0.376349937,178.0,0.315305,0.05059809
SSR2,592.0,0.425839932,80.0,0.327957,-0.565116686
SSR3,3698.0,0.388415977,156.0,0.621471,-1.663930581
SSR4,87.0,0.444947593,150.0,-0.61367,0.340273985
SSRP1,422.0,0.394601844,267.0,0.6228,0.339282722
SSU72,400.0,0.445120823,325.0,-0.538578,0.240130802
ST13,3666.0,0.439823793,468.0,-0.324069,-0.227744969
ST14,553.0,0.454138745,193.0,0.565282,-0.250435726
ST3GAL4,594.0,0.39537481,557.0,-0.021934,0.01696466
STAP1,541.0,0.398288494,113.0,-1.015052,-0.362852275
STARD10,1682.0,0.427301627,944.0,0.930358,-0.10279997
STAT1,3294.0,0.408136156,388.0,0.81494,0.319097909
STAT2,1791.0,0.409862748,203.0,0.071542,0.385289757
STAT6,1168.0,0.380869476,499.0,-0.58142,-0.033364943
STMN1,1138.0,0.394107416,364.0,0.792187,0.006038182
STOM,2222.0,0.387137797,117.0,-0.948893,-0.064641827
STOML2,531.0,0.456962681,143.0,-0.360415,-0.511019605
STX11,4481.0,0.457080677,192.0,-0.074656,-0.67395885
STX3,5058.0,0.403902965,547.0,0.683015,0.543231859
STX7,14891.0,0.417568039,327.0,-0.548834,-0.188388853
STX8,107.0,0.378438911,150.0,0.461205,0.535223962
SUCLG1,223.0,0.43877655,193.0,0.019149,-0.088099933
SUFU,3380.0,0.361614756,191.0,-0.249942,0.263336221
SUMF1,999.0,0.37076871,37.0,0.299099,-0.07923685
SUPT4H1,1112.0,0.438747077,103.0,1.694482,0.324038338
SURF2,1720.0,0.440503417,48.0,1.19374,0.387332977
SURF4,2281.0,0.385472445,476.0,0.774331,0.953221981
SURF6,4908.0,0.42467207,78.0,0.465116,-0.056419357
SYTL1,80.0,0.364244725,197.0,-0.018249,0.260689776
TACC3,165.0,0.385699108,155.0,0.752297,-0.183980251
TADA2B,3064.0,0.464060586,151.0,-0.537079,-0.008037947
TAF12,689.0,0.435926756,522.0,0.423532,-0.244373809
TAP2,5256.0,0.374969764,175.0,0.000274,-0.208922324
TBC1D20,3109.0,0.435441414,148.0,-0.068332,-3.573250082
TBC1D9B,1396.0,0.395340616,37.0,0.03804,0.159755078
TBCC,556.0,0.434161456,73.0,0.58795,0.529738007
TCEAL3,260.0,0.368171822,262.0,0.741727,-0.118963716
TCEAL4,3020.0,0.432120515,489.0,0.190833,-0.159952685
TCOF1,1640.0,0.41523122,108.0,0.013518,-0.370044168
TDP1,1721.0,0.418036689,317.0,0.823376,0.567843843
TDRD7,242.0,0.375852104,234.0,0.271549,0.240851301
TDRKH,973.0,0.419795099,182.0,-0.264428,-0.318204376
TEP1,2777.0,0.379550228,40.0,0.907727,0.781213517
TFE3,1431.0,0.379068139,541.0,-0.02126,-0.255691144
TFEB,621.0,0.429366592,302.0,-0.039577,-0.791010637
THADA,112.0,0.415199561,352.0,-0.114567,-0.13010902
THBD,2144.0,0.448063145,160.0,0.154843,0.53667005
THUMPD1,2715.0,0.455087735,225.0,-0.210093,-0.042932336
THYN1,205.0,0.377954149,484.0,-0.267026,-0.391202567
TIMM50,3932.0,0.424829064,722.0,-0.328337,-0.283290703
TIMM8B,2046.0,0.447942532,30.0,0.637879,-0.466081677
TK2,3965.0,0.360054507,593.0,-0.255579,0.235201086
TLE1,571.0,0.374791795,1295.0,0.387054,0.051751448
TM9SF2,2020.0,0.372522209,233.0,-0.107246,-0.030989618
TMED3,1710.0,0.439016102,188.0,0.662309,0.780971056
TMED9,708.0,0.44685712,67.0,0.756409,0.609644449
TMEM126A,52.0,0.406087664,295.0,-0.251612,-0.055443732
TMEM199,2431.0,0.370998168,90.0,0.246334,0.321950115
TMEM63A,1407.0,0.385482014,622.0,-0.835712,-0.074882737
TMOD1,2050.0,0.392927141,213.0,0.398146,-0.168652902
TMSB10,278.0,0.470652003,95.0,0.613175,-0.233117336
TNFAIP2,2079.0,0.44214387,131.0,-1.493901,-0.610302724
TNFAIP3,1995.0,0.416242917,370.0,0.546352,-0.038377562
TNFAIP8L2,497.0,0.440670719,126.0,-0.009527,-0.270732789
TNIP1,770.0,0.448321216,241.0,0.293705,0.070818575
TNK2,822.0,0.420245651,543.0,-0.591305,-0.003406962
TNPO2,2070.0,0.408799881,358.0,-1.147427,-0.304292504
TNRC18,1316.0,0.449521205,349.0,0.152342,0.217570942
TOMM5,518.0,0.441712708,107.0,0.319058,-0.031758514
TOMM6,1957.0,0.431553434,255.0,0.469957,0.186981434
TOP2A,1003.0,0.364102812,159.0,2.979518,1.620198719
TOR1A,3160.0,0.446121485,77.0,0.595076,0.604866416
TPD52L2,1600.0,0.385071878,138.0,-0.12107,-0.261383527
TPI1,620.0,0.479135356,527.0,-0.282178,-0.216693422
TPM1,757.0,0.403626605,257.0,0.404946,0.118372451
TRAF1,7433.0,0.438949906,572.0,-0.282818,-0.276517629
TRAF3,5716.0,0.386659664,353.0,0.405952,0.157926761
TRAF6,6100.0,0.426668941,381.0,-0.142372,-0.019191246
TRAPPC3,634.0,0.441060625,519.0,0.40659,0.061035981
TRAPPC5,42.0,0.453352607,241.0,-0.138759,0.306036488
TRAPPC6B,2539.0,0.437369008,335.0,0.343567,0.264363839
TRAPPC9,3079.0,0.431357199,134.0,0.86174,0.312657213
TRIM11,3522.0,0.453298916,255.0,0.386949,-0.106468471
TRIM13,5308.0,0.419190719,763.0,-0.565447,-0.292321352
TRIM14,3117.0,0.369225689,165.0,0.065887,0.086317999
TRIM22,1215.0,0.424423711,379.0,-0.207397,-0.131238548
TRIM26,1431.0,0.384319522,565.0,0.623524,0.134581861
TRIM27,2956.0,0.441704825,359.0,0.324626,0.071100526
TRIM41,1657.0,0.454716896,737.0,-0.064488,0.064161695
TRIM5,2312.0,0.426412011,303.0,0.361919,0.14905221
TRIP12,3739.0,0.40441217,297.0,-0.053156,0.188817308
TRIP13,2852.0,0.433721983,145.0,1.441969,0.483607756
TRMT5,3660.0,0.405137655,572.0,0.46467,0.476154509
TRUB2,4655.0,0.434714666,759.0,0.613596,0.214423155
TSFM,1390.0,0.429356434,57.0,-0.004771,0.219369356
TSPAN14,15147.0,0.398868986,305.0,-0.259595,0.314463636
TSPYL1,7303.0,0.373212405,287.0,0.069549,0.276752799
TSR2,1366.0,0.464925113,443.0,0.344023,0.52371989
TTC39C,3394.0,0.378954091,452.0,-0.65624,-0.101140496
TTC7A,2213.0,0.393400181,1272.0,-0.488619,0.239662043
TTPAL,5319.0,0.425556123,145.0,-0.158312,0.112120446
TUBA1C,110.0,0.451729991,576.0,0.314895,0.193728755
TUBA4A,644.0,0.402818439,556.0,-2.547504,-1.433011558
TUBB,1030.0,0.390058461,509.0,0.503756,0.004318798
TUBB6,2302.0,0.468445054,1139.0,0.38816,0.539125829
TUBGCP4,1934.0,0.368175973,296.0,0.20651,0.370981365
TUSC1,1294.0,0.429789613,537.0,0.009568,-0.154935687
TXNL4A,3129.0,0.472736328,466.0,0.500799,0.21240738
TYMP,18.0,0.429537249,376.0,1.963379,0.413830709
TYMS,581.0,0.364557025,159.0,1.231828,0.286942947
UBAP2L,353.0,0.367068802,167.0,0.135873,-0.134244447
UBE2B,4002.0,0.405496028,420.0,-0.586442,-0.174551768
UBE2E1,1034.0,0.417917446,229.0,-0.651673,-0.530018273
UBE2E2,1962.0,0.352966355,180.0,-0.786084,-2.016405325
UBE2L3,2365.0,0.455573936,198.0,0.376651,-0.207697565
UBE2L6,703.0,0.431638779,653.0,1.249672,0.524093886
UBE4B,1283.0,0.418913915,688.0,-0.651792,-0.03080926
UBIAD1,2303.0,0.446280173,334.0,-0.020822,0.226791068
UBR4,797.0,0.387393976,4.0,-0.836751,-0.016759469
UBTF,2209.0,0.400105612,296.0,-0.089515,-0.035274139
UBXN1,220.0,0.422601268,194.0,0.318302,0.121525027
UCK2,4043.0,0.447469338,640.0,1.012662,0.685023413
UGGT1,5935.0,0.374564832,178.0,0.228953,0.254201404
UHRF1BP1,5130.0,0.373569339,234.0,-0.139225,-0.015420939
UNC45A,377.0,0.475530537,1022.0,-0.178754,-0.022691236
UNG,1024.0,0.368897526,209.0,-0.165823,-0.177463577
UNK,1388.0,0.447315534,42.0,1.7222,0.437567634
UQCR11,4379.0,0.470309826,75.0,-0.179331,-0.328483789
UQCRC1,129.0,0.462829321,45.0,-0.286167,-0.091280194
UQCRH,193.0,0.365128489,320.0,0.202464,-0.199485876
UROD,171.0,0.391539164,133.0,0.258573,0.359933621
UROS,3849.0,0.422413435,266.0,0.508756,0.254863728
USP18,580.0,0.434940763,338.0,2.126959,1.169427294
USP39,571.0,0.39295741,223.0,0.064366,-0.11896398
UTP6,2466.0,0.429918331,83.0,0.301252,-0.00812459
VAC14,489.0,0.396517204,827.0,0.170507,0.204813028
VAMP8,451.0,0.398153421,156.0,-0.401525,-0.138720027
VASP,824.0,0.388921088,342.0,-0.055007,-0.155926987
VAT1,1456.0,0.406330787,120.0,0.008844,0.104658485
VDAC3,475.0,0.440388181,210.0,0.624966,0.99955299
VDR,3209.0,0.450036866,401.0,-0.36354,-1.50876916
VGLL4,2489.0,0.432812067,506.0,0.341322,0.088868902
VIM,431.0,0.411136971,462.0,0.623767,0.117894945
VLDLR,6202.0,0.388727284,416.0,-2.437188,-0.600308462
VPS28,291.0,0.476756313,109.0,-1.007734,0.085170694
VPS33B,559.0,0.447669729,583.0,0.632323,0.564229255
VPS39,2053.0,0.440628838,173.0,-0.089701,0.328228679
VPS52,2870.0,0.393546356,887.0,0.366274,0.190793059
WASF2,4090.0,0.365213822,245.0,-0.92847,-0.444103537
WBP2,1040.0,0.392225719,515.0,0.992899,0.785510129
WDFY2,7044.0,0.36603015,340.0,-0.657339,0.077273866
WDR1,1039.0,0.393247178,368.0,-0.352609,-0.201519076
WDR36,3619.0,0.40459335,117.0,-0.389763,0.066470222
WDR37,8068.0,0.365587877,173.0,-1.360101,-0.137284222
WDR4,293.0,0.380589271,581.0,-0.421957,-0.181411869
WDR47,1216.0,0.402106333,376.0,-0.070819,0.137776557
WDR48,1924.0,0.419028298,472.0,-0.526716,-0.037559602
WDR5,1979.0,0.401607191,171.0,0.412753,0.180477815
WDR54,97.0,0.394793766,128.0,-0.337792,0.405966211
WDR61,197.0,0.411764619,310.0,0.306886,0.078841062
WDR77,4184.0,0.412330102,139.0,-0.171142,-0.022092729
WDR91,4946.0,0.380864599,823.0,-0.363673,0.178062116
WDR92,2520.0,0.427217839,117.0,-0.262923,-0.45343421
YTHDF1,1279.0,0.384821843,294.0,0.210492,0.160285596
YTHDF3,3082.0,0.406652071,509.0,-1.095269,-0.532620883
YY1,5192.0,0.440120149,480.0,0.570503,-0.363843566
ZBED1,2221.0,0.457533868,282.0,-0.001244,-0.033839792
ZBTB8OS,1087.0,0.406816332,276.0,0.915332,-0.198950512
ZC3H12A,768.0,0.421626239,1056.0,0.074203,0.321277838
ZC3H4,2169.0,0.436042942,38.0,0.175272,0.111309717
ZCCHC10,81.0,0.361883573,67.0,-0.075842,0.809178579
ZCCHC2,2006.0,0.404185753,0.0,-0.164499,-0.518677478
ZFP36L1,2846.0,0.395541595,976.0,0.077436,0.182387016
ZMAT2,1942.0,0.460376067,101.0,0.231476,-0.749466285
ZMIZ2,4165.0,0.419562196,128.0,-0.475905,0.2597292
ZMYM3,1292.0,0.378831729,749.0,-0.563038,-0.098626144
ZNF207,13817.0,0.386696564,148.0,0.220526,-0.081034516
ZNF414,113.0,0.422835658,118.0,-0.209012,-0.914460235
ZNF511,243.0,0.452392726,55.0,0.523602,0.110893061
ZNF516,4816.0,0.393186692,318.0,0.31228,-0.228515776
ZNF622,1298.0,0.463753859,120.0,0.64847,-0.22694901
ZNHIT2,49.0,0.440612513,85.0,0.991158,0.403742155
ZNHIT3,419.0,0.425204303,73.0,0.197876,-0.595701437
ZWINT,4585.0,0.411772707,37.0,1.138214,-0.11994546
