,3prime,tAI,max_5_UTR_length,TCGA-AO-A03O,TCGA-AO-A03O.1
AAK1,17874.0,0.380718848,505.0,0.080821,0.217474514
AATF,207.0,0.367011205,251.0,0.70953,0.108023929
ABCC1,1793.0,0.393368456,175.0,0.197872,0.451518353
ABCF3,5726.0,0.387768135,869.0,0.325797,0.385129447
ABHD12,654.0,0.374654709,279.0,-0.371148,-0.281045838
ABHD6,1639.0,0.384216096,505.0,-0.508541,-0.026499702
ABR,2562.0,0.39474042,600.0,-0.733053,-0.40313078
ABT1,2092.0,0.423473096,40.0,-0.338604,-0.085976367
ACADVL,176.0,0.46877374,457.0,-0.33284,0.082653727
ACBD6,155.0,0.433964845,621.0,0.431774,-0.123629551
ACIN1,584.0,0.404933544,328.0,0.411924,0.33116586
ACO1,4661.0,0.37721508,227.0,-0.84226,-0.314258258
ACOT11,1220.0,0.392289045,176.0,-2.266432,-0.505220659
ACOT9,4514.0,0.358892202,225.0,-0.76213,0.027350926
ACP2,814.0,0.411581374,548.0,-0.137797,-0.189672827
ACSF2,1484.0,0.405139059,501.0,-0.421259,0.111260411
ACSL1,1530.0,0.417966714,990.0,1.006218,-0.081641786
ACSL5,1022.0,0.380976548,307.0,-0.101856,-0.766740594
ACTB,613.0,0.469768794,192.0,0.017766,-0.542925009
ACTL6A,452.0,0.409046191,387.0,0.735207,0.061914462
ACTR1A,3151.0,0.432463663,108.0,0.411409,0.189954127
ADA,312.0,0.444091501,440.0,-0.390986,-0.170147736
ADAMDEC1,715.0,0.41564171,547.0,3.539931,0.706194456
ADD1,1928.0,0.439806775,863.0,-0.188377,0.346946795
ADPRH,2067.0,0.380088169,541.0,-0.395894,-0.239147769
ADSSL1,320.0,0.393141878,776.0,-2.299267,-1.222945167
AGAP3,508.0,0.436856677,1584.0,-0.483048,-0.178153871
AHNAK,842.0,0.382138706,300.0,-1.125232,-0.464109327
AHSA1,225.0,0.374296292,431.0,1.560501,0.563597118
AIF1,121.0,0.4069451,222.0,-0.095233,-0.355163746
AIFM2,1911.0,0.447982482,217.0,-1.410679,-0.562286436
AK1,1528.0,0.389481519,153.0,-0.170547,-0.133714937
AK2,2893.0,0.384271636,345.0,0.446003,-0.083550884
AKR1C2,3804.0,0.449591167,413.0,-1.383915,-2.052365014
AKR7A2,10996.0,0.385600504,22.0,0.127489,-0.130845908
ALDH18A1,838.0,0.380333742,511.0,0.056299,0.381049885
ALDH3A2,2525.0,0.42484639,221.0,0.283798,-0.0347244
ALDH6A1,4647.0,0.38708374,724.0,0.99488,0.032964874
ALG1,2498.0,0.432230555,181.0,0.337302,0.37149635
ALG5,380.0,0.362014155,67.0,-0.106317,-0.164037181
ALG9,4217.0,0.365461171,1107.0,-1.386732,-0.532489024
ALOX5AP,976.0,0.392577632,248.0,-1.00475,-1.178065186
AMBRA1,1041.0,0.36170155,362.0,0.079896,0.047159202
AMPD2,903.0,0.389224108,566.0,0.035517,0.178291405
AMPD3,1695.0,0.423686063,472.0,-1.010229,-0.259010023
ANAPC13,1361.0,0.393644021,731.0,-0.530263,-0.714691316
ANAPC5,235.0,0.390209877,197.0,-0.122467,0.054785955
ANKLE2,1737.0,0.418251419,90.0,-0.681062,-0.360165885
ANKRD16,135.0,0.465649334,543.0,0.042722,0.102525685
ANKRD35,249.0,0.402949835,108.0,-2.266036,-1.037768269
ANXA2,496.0,0.429738522,160.0,-0.51396,-0.700674152
ANXA5,1441.0,0.418050335,165.0,-1.198287,-0.93306268
AP1B1,1153.0,0.424070668,187.0,0.466441,0.062097891
AP1M1,914.0,0.463388599,173.0,0.132825,0.050377652
APBA1,3797.0,0.387421148,276.0,-2.296644,-0.349294821
APIP,427.0,0.433104693,127.0,0.273047,-0.039341019
APOBEC3B,339.0,0.43450554,55.0,1.00913,-0.677601449
APOBEC3C,1979.0,0.381716897,103.0,-0.138707,-0.232339048
APOBEC3G,322.0,0.410940579,404.0,0.179543,-0.065790141
APOL2,1195.0,0.42932248,477.0,0.774912,-0.178326637
ARF6,2971.0,0.462806813,621.0,0.578349,-0.493099296
ARFIP2,2430.0,0.403729309,291.0,-0.092683,0.194066616
ARHGAP17,2624.0,0.371011524,117.0,-0.011481,0.046035488
ARHGAP30,773.0,0.384451823,645.0,0.254012,-0.222410556
ARHGEF10,1378.0,0.370244255,202.0,-1.346034,-0.34711399
ARID2,3145.0,0.362288628,128.0,0.245416,0.386267841
ARID3A,3881.0,0.411693449,290.0,0.091416,0.368456285
ARIH2,3112.0,0.397061561,878.0,-0.070761,0.175849924
ARL8A,1065.0,0.409602486,171.0,-0.012286,0.15072909
ARRB1,6041.0,0.39512759,224.0,-1.014379,-0.98555501
ASF1B,950.0,0.395794233,172.0,0.237623,-0.421770425
ASS1,1357.0,0.394201053,356.0,0.020921,-0.172612648
ATPAF1,3039.0,0.439253133,510.0,-0.05661,0.305090564
ATRIP,162.0,0.417082642,462.0,0.081696,0.333210778
AXL,1863.0,0.417061167,376.0,-1.08093,-0.782475491
B4GALT7,4483.0,0.433879574,93.0,-0.402848,0.086992634
BAG1,2764.0,0.431693656,501.0,-0.547686,-0.468007285
BAG3,537.0,0.387438444,306.0,0.223813,-0.060613088
BASP1,971.0,0.520859146,259.0,1.592975,1.141684339
BBS7,1531.0,0.408023089,184.0,-0.470766,-0.549981723
BCAT2,364.0,0.445598481,657.0,-0.233596,-0.279980074
BCKDHB,3082.0,0.419736544,88.0,-0.580073,-0.174219406
BCL2,5279.0,0.374049285,493.0,-1.110371,-0.29390036
BCL2L13,4109.0,0.411790332,769.0,0.312206,0.013658601
BID,4193.0,0.428633517,498.0,0.611177,0.039478514
BLVRA,3376.0,0.414260839,177.0,-0.092364,-0.623742292
BOLA2,40.0,0.43059393,513.0,0.291467,0.456065463
BOLA3,383.0,0.406657227,38.0,-0.324156,-0.150242009
BRD2,787.0,0.377809737,2066.0,-0.240648,0.151553699
BRD3,3285.0,0.401150236,188.0,-0.110923,0.234214376
BSPRY,1091.0,0.380011644,48.0,-1.217965,-0.641547781
BST2,411.0,0.444557266,81.0,2.429945,0.544415873
BUB3,1535.0,0.421992618,242.0,-0.186155,0.114005003
C1QB,152.0,0.436596666,340.0,0.777717,-0.128937037
C1QC,327.0,0.41150294,283.0,0.632164,-0.122150426
C2CD3,671.0,0.360398895,227.0,-0.230481,-0.51260287
C3,5088.0,0.430632158,93.0,-0.820134,-0.729517899
CAP1,1134.0,0.406948565,416.0,-0.006299,-0.415361388
CAPN1,720.0,0.455130071,197.0,-0.561763,-0.323942658
CAPRIN1,5632.0,0.374918508,189.0,0.116384,0.203561544
CAPZB,5180.0,0.446052528,622.0,0.378164,-0.279327162
CARD16,437.0,0.41300235,27.0,-0.088277,-0.19095835
CARHSP1,4898.0,0.362100245,360.0,0.185829,-0.287535624
CASC3,1778.0,0.370720542,295.0,-0.154505,0.21672083
CASP1,750.0,0.424742838,44.0,-0.118094,-0.573299168
CASP8,1794.0,0.376118708,303.0,-0.066599,-0.436683706
CAT,629.0,0.397270122,89.0,0.219729,-0.215447549
CBL,8368.0,0.375957197,142.0,-0.578224,-0.02282357
CBLL1,3286.0,0.400851504,467.0,-0.347753,0.012536958
CBR3,54.0,0.445176236,228.0,-1.03009,-1.350767668
CBS,4385.0,0.477784031,626.0,2.879473,0.662588906
CBX5,10815.0,0.390902295,318.0,0.219407,0.604213105
CBX8,2504.0,0.36735217,118.0,-0.371089,0.054278673
CCDC115,2169.0,0.385110507,452.0,-0.587245,0.437708859
CCDC125,2554.0,0.359965106,322.0,0.6938,0.135181631
CCDC58,2462.0,0.421830022,75.0,0.902187,0.342334384
CCDC88C,1302.0,0.396031427,154.0,1.040412,0.371155213
CCL5,886.0,0.462166288,68.0,0.727176,-0.825029484
CCNA2,1206.0,0.409154498,373.0,1.275629,0.432989612
CCNDBP1,2336.0,0.44393643,231.0,-0.976856,-0.036667705
CCS,4244.0,0.460896681,43.0,-0.217008,-0.193288142
CCT3,238.0,0.457984718,231.0,1.156641,0.201901038
CCT4,1361.0,0.393363555,164.0,0.094025,0.159879171
CD14,128.0,0.416321757,392.0,-0.624977,-0.397678739
CD209,3046.0,0.440000747,67.0,-0.262139,-0.582523038
CD36,2894.0,0.410517795,414.0,0.095998,-0.964241528
CD40,982.0,0.429065654,90.0,-0.387182,-0.411684537
CD44,3115.0,0.39995987,434.0,-1.756938,-0.697730683
CD63,923.0,0.512738356,403.0,-0.463855,0.865091193
CD74,635.0,0.427357309,187.0,0.323628,0.096900956
CDC25C,437.0,0.364786128,387.0,1.580039,0.504351732
CDC26,271.0,0.395637029,359.0,-0.604292,-0.301346302
CDC34,560.0,0.46431386,199.0,0.107918,0.224923802
CDC42EP3,3941.0,0.420378821,1009.0,-0.508963,-0.382777095
CDCA3,816.0,0.351209268,820.0,-0.398517,-0.249909691
CDCA8,1353.0,0.384295288,290.0,0.689523,0.242257559
CDIPT,1864.0,0.442654716,541.0,-0.655741,-0.613533864
CDK1,2313.0,0.398329505,154.0,1.409947,0.556782288
CDK19,4557.0,0.421511824,180.0,0.353553,0.490739315
CDK2AP1,766.0,0.439144625,522.0,-0.574518,-0.276541322
CDK5RAP2,367.0,0.371069462,192.0,0.687685,0.117169685
CDK5RAP3,284.0,0.469750898,1791.0,0.030613,0.044642
CDKAL1,1365.0,0.417875209,167.0,-0.292968,-0.167766576
CDKN2AIPNL,3639.0,0.409801696,53.0,0.302502,-0.181248795
CDKN2C,2247.0,0.381912025,1216.0,0.421968,0.000121642
CEBPD,1714.0,0.430497143,44.0,-2.111844,0.267370618
CENPH,1478.0,0.418392258,87.0,1.113905,0.038880448
CENPV,301.0,0.385948267,62.0,1.160368,1.030954775
CEP55,939.0,0.397841874,304.0,1.238319,0.003158677
CETN2,868.0,0.433727498,47.0,0.275778,0.16883308
CFL1,677.0,0.502791,234.0,0.068872,-0.397061473
CHAC2,786.0,0.395629742,277.0,-0.101505,-0.708737361
CHCHD4,3528.0,0.445497334,326.0,0.854796,0.954484651
CHMP4A,296.0,0.447100154,262.0,0.192448,-0.194669535
CHMP5,1241.0,0.442987983,200.0,0.918131,0.52846202
CHMP6,980.0,0.489861105,78.0,-0.614611,-0.283666143
CHTF8,2425.0,0.424551152,142.0,-0.259133,0.515755254
CIAPIN1,1024.0,0.451663323,242.0,0.976916,0.557760602
CISD2,5376.0,0.433298698,107.0,-0.292261,-0.099590273
CKAP4,2872.0,0.386259817,84.0,-0.75012,-0.451254614
CKS2,300.0,0.317949998,98.0,0.213335,0.721613198
CLCC1,5185.0,0.369704467,150.0,0.197846,0.015119545
CLCN7,1698.0,0.459147749,110.0,0.082338,0.339662864
CLIC1,290.0,0.4571302,573.0,-0.498043,-0.638061091
CLK2,350.0,0.410673686,925.0,0.359199,0.344874204
CLK3,1233.0,0.4268607,461.0,-0.368083,0.198417896
CLPTM1,458.0,0.383990827,351.0,-0.228184,0.060435925
CLTA,288.0,0.450950874,514.0,0.23101,0.133988913
CLTB,319.0,0.48548545,210.0,-0.718969,-0.33658101
CLTC,3104.0,0.384957863,443.0,0.125893,-0.326087237
CNBP,6850.0,0.433298698,206.0,0.349719,0.271600314
CNPY2,123.0,0.392778455,553.0,0.517249,0.327449503
CNPY3,1042.0,0.459231502,584.0,-0.306163,-0.418796768
COG3,1967.0,0.414689223,142.0,-0.13897,0.106596942
COMMD1,306.0,0.423842833,138.0,-0.650198,-0.048971125
COMMD3,431.0,0.360487018,35.0,0.565435,0.180981504
COMMD5,498.0,0.445713337,399.0,0.720992,0.332840285
COMMD6,1375.0,0.396967837,328.0,-1.079746,0.123051568
COMMD9,2340.0,0.418062772,89.0,0.234584,0.157042926
COPB1,446.0,0.381738818,307.0,0.145856,-0.20860995
COPE,165.0,0.478760693,55.0,-0.079334,-0.39734346
COQ6,671.0,0.374062527,159.0,0.47532,0.792089656
COQ7,5700.0,0.42379098,133.0,0.641047,1.128063168
CORO1A,112.0,0.457388252,435.0,-0.004144,-0.631430459
COX17,1735.0,0.484254073,86.0,0.236253,0.874684018
COX5A,860.0,0.429944966,140.0,0.070867,-0.275304847
COX7A2,302.0,0.441893926,98.0,-0.593143,-0.225807888
CPM,5262.0,0.406054343,75.0,-0.854284,-0.813438468
CPSF4,923.0,0.452412439,277.0,-0.610303,0.198141314
CPT1A,2761.0,0.374132033,170.0,1.856249,1.536668945
CPT2,602.0,0.431256564,515.0,-0.245996,0.028556038
CRCP,8457.0,0.390198146,145.0,0.927411,-0.02598903
CRKL,3904.0,0.422225684,509.0,0.344046,0.257166179
CRTAP,5601.0,0.446308827,120.0,-0.001342,-0.334634708
CRTC3,3205.0,0.355982524,186.0,-0.402284,0.10864826
CRY2,2337.0,0.383442872,132.0,-0.673111,0.373189375
CRYL1,462.0,0.386242786,79.0,-2.250769,-0.768006143
CSRP1,1183.0,0.493833101,217.0,-2.055789,-1.027243072
CST3,2762.0,0.475763324,186.0,-1.43819,-0.204628916
CSTF2,1931.0,0.372934478,58.0,-0.137224,0.310915351
CTBP1,800.0,0.464034004,393.0,-0.226194,-0.160524426
CTNNA1,1216.0,0.412513324,1103.0,0.10885,-0.129888039
CTNNB1,1106.0,0.432073699,448.0,0.383329,0.153377375
CTNNBIP1,2448.0,0.394834327,307.0,-0.004021,-0.339262238
CTPS2,1870.0,0.416273085,744.0,1.106002,0.544647102
CTSG,119.0,0.369503415,37.0,-2.008072,-1.739255615
CTSH,1072.0,0.446467856,1192.0,-0.204045,0.016862788
CUEDC1,2047.0,0.374410739,719.0,0.765994,0.042509716
CUX1,1040.0,0.395555213,127.0,-1.159477,-0.231829369
CXCL10,814.0,0.410287201,105.0,2.208652,-0.387852043
CXCL9,2323.0,0.403736618,74.0,2.204461,-0.110106517
CYBB,2544.0,0.418993019,61.0,0.571621,-0.432680911
CYP2S1,1051.0,0.420869286,58.0,-0.574066,-0.112386089
CYTH4,1837.0,0.406296106,377.0,-0.129173,-0.182854874
DAB2,1757.0,0.368483127,531.0,-0.71181,-0.187994128
DAGLB,721.0,0.377719723,170.0,-0.48963,0.095637742
DAP3,768.0,0.366492687,184.0,0.042939,-0.033948434
DAPP1,2082.0,0.348655603,90.0,-0.635081,-0.632063856
DBI,233.0,0.467027529,479.0,1.410531,-0.236137943
DCAF12,1967.0,0.42050769,342.0,0.540259,0.668470817
DCAF8,1877.0,0.380310979,212.0,0.107016,0.147353099
DCP1A,4153.0,0.411936399,381.0,0.092307,0.073004716
DCPS,4731.0,0.375605648,329.0,-1.122589,-0.673003779
DCTN5,10597.0,0.443116252,177.0,0.188952,0.007248393
DDAH2,653.0,0.361046801,1104.0,-0.824556,-0.443896501
DDB2,1223.0,0.43604051,195.0,-1.196889,-0.523694688
DDX23,713.0,0.445931172,91.0,0.17423,0.275851688
DDX31,1870.0,0.361830896,544.0,-0.869157,-0.273140746
DDX47,438.0,0.379294484,22.0,-0.629213,-0.222444544
DDX54,1704.0,0.467316231,28.0,-0.140165,-0.103876626
DDX56,586.0,0.438032149,643.0,-0.317783,-0.040342064
DDX59,217.0,0.413095257,243.0,0.273239,0.057105774
DHODH,3463.0,0.371608285,21.0,-0.278739,-0.54322094
DHPS,121.0,0.474111752,121.0,-0.475447,-0.24368351
DHX15,459.0,0.379133957,168.0,0.133187,0.004107933
DHX34,591.0,0.384465978,349.0,0.79206,0.639411962
DHX58,357.0,0.440330409,223.0,1.803465,0.647233731
DIABLO,719.0,0.425893605,1182.0,-0.075748,-0.215064298
DMAP1,63.0,0.471306,301.0,0.191468,0.244284377
DMXL2,1274.0,0.389901613,225.0,-0.010394,0.020299404
DNAJA4,1736.0,0.398301408,169.0,-0.015515,-0.666504637
DNAJC14,1509.0,0.37755465,204.0,0.701274,0.66226514
DNAJC19,1326.0,0.403482491,259.0,0.598844,0.788985135
DNAJC25,1212.0,0.430964931,56.0,-0.514378,-0.144668796
DNAJC8,969.0,0.416719859,33.0,0.338161,0.228329458
DNM1,1255.0,0.393835111,116.0,-1.975906,-0.619369087
DNTTIP2,3564.0,0.408096853,58.0,0.214959,0.180577179
DOCK11,3681.0,0.373818855,63.0,-0.890786,-0.54480695
DOCK2,524.0,0.446250827,52.0,0.138535,-0.148538781
DOK2,438.0,0.384043737,481.0,0.341757,-0.115086117
DPCD,197.0,0.459155016,389.0,0.155979,0.586429924
DPF2,2501.0,0.393394442,133.0,-0.174582,0.334068271
DPH1,1310.0,0.448716064,341.0,0.040454,0.113874705
DPH5,784.0,0.413363166,165.0,-0.020863,-0.175394083
DPY30,562.0,0.438431353,279.0,0.09851,0.043042755
DPYSL2,2472.0,0.430530829,431.0,-1.047962,-0.612711451
DRAP1,142.0,0.432809908,245.0,0.478937,0.696865657
DRG1,4594.0,0.444150091,131.0,0.285177,-0.100963522
DSN1,5330.0,0.392894937,373.0,0.58206,0.166648682
DSTN,2786.0,0.375776803,438.0,0.086772,-0.359384358
DTL,2265.0,0.372315747,921.0,1.314892,0.412210469
DTX3L,3456.0,0.408848169,89.0,1.635595,0.725870652
DUSP12,374.0,0.419884133,34.0,-0.285805,-0.070811967
DUT,1937.0,0.36471409,109.0,0.797831,0.516575825
DYNLT1,514.0,0.420362019,78.0,0.743102,0.076281956
EBAG9,1437.0,0.39438748,402.0,0.896115,0.521734869
ECH1,191.0,0.389477111,85.0,0.669643,0.391274924
ECHDC2,2269.0,0.400166641,752.0,-0.556966,-0.065463471
ECM1,322.0,0.43792189,199.0,-1.873065,-0.952716224
EDEM2,76.0,0.379021051,100.0,-0.352315,-0.452519086
EEA1,5374.0,0.405861636,265.0,0.123081,-0.152407558
EEF1A2,286.0,0.417272363,329.0,-1.1498179736842105,-1.201207143
EFTUD2,1331.0,0.444646836,398.0,-0.062627,0.195143506
EHD1,3363.0,0.446314898,447.0,-0.170198,-0.320573059
EIF2AK2,8063.0,0.394727306,557.0,1.675467,0.3764666
EIF2B3,1058.0,0.383118637,239.0,-0.176935,-0.230719027
EIF3F,5840.0,0.435728237,33.0,-0.392823,0.153059496
EIF3L,1718.0,0.380710116,245.0,-0.440476,0.26063775
EIF4A3,1120.0,0.381528282,222.0,-0.053021,0.048638386
ELAVL1,4910.0,0.437605432,167.0,0.139684,-0.057268797
EMG1,248.0,0.433768095,143.0,-0.696658,-0.150840075
EMILIN2,2605.0,0.379592019,159.0,0.416285,0.014711023
ENDOD1,7728.0,0.376426787,118.0,-1.029619,-0.487054234
ENOSF1,2904.0,0.382279782,622.0,-0.477554,-0.274581054
ENY2,2576.0,0.41756619,146.0,1.932743,0.729946518
EPSTI1,2106.0,0.391777705,469.0,1.724536,0.02697254
ERCC1,2342.0,0.45058755,188.0,-0.643898,0.268618277
ERCC6L,4809.0,0.354829683,623.0,1.731612,0.620822018
ERH,415.0,0.383837906,71.0,1.561939,-0.193595169
ERLIN1,2041.0,0.444737514,478.0,0.200622,0.214161335
ERP29,1277.0,0.401191178,118.0,0.106903,-0.054447644
ETV6,4356.0,0.398240844,274.0,-0.052155,0.109403094
EXOC4,1232.0,0.388187525,35.0,-0.386614,0.080472391
EXOC8,6907.0,0.436106501,127.0,-0.432886,0.313073707
EXOSC1,536.0,0.430105347,451.0,-0.246403,0.295415604
EXOSC2,3902.0,0.431273517,32.0,-0.086424,0.148307681
F8A1,571.0,0.46317284,15.0,-0.862074,0.31980495
FAAH,2043.0,0.384592892,82.0,0.580512,0.171041438
FAF1,4425.0,0.401181969,453.0,0.084048,-0.155623144
FAM122A,4542.0,0.40477622,33.0,-1.197463,-0.30727095
FAM168A,6285.0,0.395008865,285.0,-0.945888,-0.376434383
FAM177A1,2165.0,0.411149627,459.0,0.142273,-0.554458532
FAM192A,1824.0,0.379195199,1475.0,1.069128,0.379262675
FAM20B,4428.0,0.4357945,293.0,0.650442,0.077948987
FAM32A,1091.0,0.408676074,42.0,-0.004654,0.448742258
FAM50A,286.0,0.482889735,110.0,0.192968,0.109174383
FBP1,248.0,0.397353747,331.0,-1.56296,-0.740387819
FBXL20,9338.0,0.383104745,254.0,0.06024,0.008569287
FBXO4,526.0,0.393825218,58.0,-1.36696,-0.470845927
FBXO6,503.0,0.42307306,166.0,0.439337,-0.507665797
FCER1G,305.0,0.4202976,25.0,-0.10771,-0.120659879
FCGRT,309.0,0.433069976,486.0,-0.699444,-0.483124818
FCHO1,270.0,0.372951657,283.0,1.861044,0.018564119
FDPS,72.0,0.456397562,392.0,0.589114,-0.089860313
FDXR,596.0,0.384661194,188.0,-0.582606,-0.521927951
FEN1,1340.0,0.407867196,413.0,0.075042,0.023358463
FERMT3,399.0,0.435119014,149.0,0.118936,-0.158239438
FGD2,907.0,0.441856308,171.0,0.199984,-0.209243203
FGFR1OP2,1663.0,0.396595515,353.0,-0.864818,-0.315751891
FGL2,3460.0,0.40966218,40.0,0.583423,-0.171993307
FKBP1A,1132.0,0.428443098,174.0,-0.796241,-0.462499491
FKBPL,24.0,0.377510344,270.0,0.358734,-0.212870337
FLOT1,422.0,0.472159534,339.0,-0.534226,0.095032755
FN3K,442.0,0.389857108,61.0,0.6532,0.58950021
FN3KRP,3667.0,0.380720834,50.0,0.547275,0.183975778
FOXJ3,3176.0,0.401878681,312.0,0.031634,0.077511934
FOXK2,3108.0,0.440496276,171.0,0.855444,0.652173256
FOXRED1,443.0,0.438630908,167.0,-0.86019,0.238166432
FSCN1,1184.0,0.396100853,132.0,-1.39383,-0.756541104
FTH1,530.0,0.425357612,235.0,-1.070899,-0.590488632
FTL,1031.0,0.428438948,199.0,0.013275,-0.681128653
FTSJ1,638.0,0.457521275,569.0,-0.05151,0.050376864
FTSJ3,698.0,0.388239396,646.0,0.294056,0.206079908
FXN,6365.0,0.40465004,220.0,-0.819016,-0.525483406
GABARAPL2,564.0,0.431291441,136.0,-0.680024,-0.056924501
GABPB1,1320.0,0.423118524,469.0,0.55193,0.238583935
GALK1,292.0,0.455574511,63.0,-0.65771,-0.487914476
GANAB,989.0,0.425909644,1027.0,-0.47614,-0.54161956
GAS6,315.0,0.393865445,183.0,-1.625533,-0.074998628
GAS7,6619.0,0.423630168,311.0,-1.646261,-0.345537867
GBE1,708.0,0.404013874,283.0,-0.579268,-0.33225828
GBP1,1735.0,0.42614962,220.0,1.671309,-0.013115097
GBP2,5058.0,0.440134196,314.0,0.33271,-0.204046473
GBP4,4106.0,0.42983554,116.0,1.43737,0.223234953
GBP5,1753.0,0.421901204,537.0,2.197218,0.213157824
GCH1,2011.0,0.419329122,161.0,0.414281,0.104464823
GFOD2,622.0,0.396604754,295.0,-0.613614,0.07868231
GGA2,5408.0,0.377812588,83.0,-0.041962,-0.19924764
GGCX,5211.0,0.417836117,106.0,0.465926,0.195305333
GIGYF1,2212.0,0.443456438,1210.0,-0.728453,0.023421762
GINS3,1415.0,0.387351931,208.0,-0.02355,-0.07411184
GLA,1699.0,0.378726947,110.0,-0.056452,-0.093508317
GLE1,1357.0,0.383457083,114.0,0.570095,0.107474115
GLRX,1188.0,0.430296645,211.0,-0.318234,-0.813163416
GLRX3,3557.0,0.41418463,539.0,1.010046,0.38126863
GLUD1,1558.0,0.392454008,1132.0,0.084446,-0.209868763
GLYR1,2033.0,0.39940414,57.0,0.952658,0.363820502
GMEB1,4582.0,0.43446142,142.0,0.572911,0.111124317
GMPPA,198.0,0.434966364,375.0,-0.309044,-0.084276111
GMPR,3984.0,0.435743929,114.0,0.869681,0.059125405
GMPR2,464.0,0.453637396,704.0,0.110408,-0.086554311
GNAI1,1947.0,0.435804474,356.0,0.020022,0.340388082
GNG7,3803.0,0.398730372,237.0,-2.913461,-1.09013185
GNPDA1,1360.0,0.395964134,67.0,0.667468,0.299196481
GOLGA2,1243.0,0.401070546,13.0,0.702427,0.652231979
GON4L,926.0,0.418089888,175.0,0.854008,0.321434662
GOSR1,5968.0,0.408103421,237.0,0.049779,0.236135662
GOSR2,3258.0,0.374298057,541.0,-0.563103,0.096643857
GOT2,1054.0,0.444803236,129.0,-0.224607,-0.436805031
GPS2,97.0,0.431122181,76.0,-0.235742,0.515245452
GPX7,626.0,0.395840774,39.0,-1.872895,-0.696962843
GRAMD1A,299.0,0.411657297,748.0,0.622355,0.872961776
GRB2,2292.0,0.4413596,358.0,2.416271,0.488807473
GSTM4,2467.0,0.390909061,314.0,-0.808635,-1.63002483
GTF2A2,1070.0,0.420716795,404.0,0.258173,0.48929817
GTF2E2,604.0,0.365750105,273.0,-0.192191,0.411111781
GTF3C2,932.0,0.372227001,397.0,-0.198254,0.029642098
GTPBP1,2894.0,0.424954603,154.0,0.3402,-0.006068341
GTPBP3,1032.0,0.436547413,95.0,0.273742,0.25000354
GTSE1,680.0,0.368527868,212.0,0.949062,1.183846071
HADH,818.0,0.383558671,219.0,0.314129,-0.054387426
HADHA,615.0,0.383558671,130.0,0.007043,-0.109623372
HAUS5,3319.0,0.378752573,51.0,1.0931,0.413613466
HAUS8,346.0,0.37535995,111.0,0.069618,-0.086609236
HCCS,1274.0,0.398607648,275.0,0.459528,0.427059412
HCK,337.0,0.440224323,364.0,0.105233,-0.310086859
HDAC1,591.0,0.390040122,63.0,0.262104,-0.141277237
HDDC3,763.0,0.387287166,29.0,-0.659811,-0.39552716
HDGF,1342.0,0.465394593,322.0,0.254559,-0.191293575
HDLBP,2343.0,0.397687311,375.0,0.118913,-0.120810262
HEATR3,1385.0,0.384091545,883.0,0.083702,-0.075282019
HEBP2,9119.0,0.359416339,297.0,0.218069,-0.051017225
HECA,3704.0,0.443714129,285.0,-0.296898,0.319459496
HECTD3,3914.0,0.446742268,98.0,-0.347542,0.040747052
HERC2,726.0,0.429958504,109.0,-0.178893,0.254724697
HERC5,379.0,0.393838904,153.0,2.048633,0.730496884
HERC6,651.0,0.398146132,183.0,3.516013,1.327185848
HIP1,4874.0,0.430847644,52.0,-0.233917,-0.022427748
HLA-A,4150.0,0.424443523,84.0,0.546493,-1.224977989
HLA-C,420.0,0.421684519,65.0,1.14211,0.789649415
HLA-DRA,409.0,0.420807891,109.0,0.22669,-0.613162295
HLA-E,1459.0,0.413523771,126.0,0.580182,-0.086584973
HLA-F,121.0,0.407256461,124.0,0.278648,0.023625578
HMBOX1,3560.0,0.369177113,482.0,-1.060139,-1.346212554
HMBS,266.0,0.451934812,299.0,-0.265064,-0.367265817
HMGB2,3775.0,0.450826504,193.0,1.185014,0.304546811
HMGCS1,3661.0,0.374424323,345.0,1.124939,0.566207847
HMOX1,616.0,0.436401717,107.0,-0.302331,-0.506227087
HNRNPA0,7504.0,0.386421138,284.0,0.351685,0.106527583
HNRNPD,1688.0,0.420386111,318.0,0.538475,-0.068760245
HNRNPL,1102.0,0.449817015,176.0,0.388601,-0.146486405
HNRNPU,4156.0,0.432126199,218.0,0.774684,0.205865319
HNRNPUL1,2135.0,0.394022965,339.0,0.075105,0.024787933
HNRNPUL2,2674.0,0.436897081,229.0,0.419216,0.067937314
HSBP1,3274.0,0.4454546,174.0,0.456463,0.09462816
HSD17B7,398.0,0.431983247,99.0,0.0734,-0.261132892
HSP90AB1,313.0,0.39509298,251.0,1.344448,0.111608088
HSPA1L,428.0,0.464100714,183.0,0.166322,0.381708393
HSPA4L,7877.0,0.413794867,342.0,-0.608571,-0.219555475
HSPB11,107.0,0.34538245,284.0,0.284149,-0.546182735
HTRA2,571.0,0.421976635,602.0,0.197327,0.30809475
HTT,3901.0,0.373695076,145.0,1.176351,0.407046722
HUS1,2068.0,0.374612864,131.0,-0.125231,0.437542721
HYI,310.0,0.378597605,196.0,-1.586292,-0.29310668
HYOU1,1409.0,0.403839016,234.0,-0.131788,-0.428064948
ICAM1,1537.0,0.426062071,319.0,-0.661383,-0.890166588
IER3IP1,3342.0,0.438740024,97.0,0.341368,-0.24575936
IFI16,254.0,0.415211655,290.0,-0.322932,-0.471284605
IFI30,213.0,0.431523306,62.0,0.56047,-0.444770842
IFI35,160.0,0.418462024,223.0,1.510639,-0.288206624
IFI44,267.0,0.403888008,124.0,3.857182,-0.286283301
IFI44L,5058.0,0.403608012,200.0,4.092261,-1.03519804
IFIH1,121.0,0.412344512,377.0,2.871565,0.49094267
IFIT1,2775.0,0.411248073,495.0,5.107033,1.255614326
IFIT2,1901.0,0.420797646,175.0,4.138221,1.155164852
IFIT3,843.0,0.417440574,529.0,3.992404,0.942922066
IFIT5,2354.0,0.414819429,231.0,2.105625,0.554393954
IFITM1,159.0,0.431550176,180.0,2.463959,-1.044221929
IFT27,109.0,0.4030938,426.0,0.386029,-0.025118942
IGFBP3,1605.0,0.43060006,132.0,-0.0599,0.43647803
IGFBP7,558.0,0.392734536,34.0,-1.195013,-0.284173901
IKBKE,745.0,0.435100597,714.0,-0.827133,-0.502800974
IL16,3965.0,0.367979445,2395.0,-0.630808,-0.278618403
IL17RA,5874.0,0.376798811,133.0,0.257712,0.340530178
IL1RN,1145.0,0.411881061,408.0,0.164172,-0.299532253
IL4I1,16.0,0.4139018,621.0,1.555395,0.071888608
ILF2,656.0,0.426220446,239.0,0.719239,-0.022368212
IMPA2,2898.0,0.383680893,242.0,0.616763,0.530540451
INO80,5209.0,0.374025479,351.0,0.272406,0.169746177
INPP1,263.0,0.395712795,700.0,-1.308834,-0.713976851
INPP5D,1195.0,0.436077769,512.0,-0.430626,-0.345633048
INSR,4801.0,0.380857973,411.0,0.197677,0.103028563
IPO5,2508.0,0.381335948,180.0,0.043463,0.180193491
IRF7,92.0,0.423538356,367.0,1.320809,1.046577176
IRF8,1327.0,0.384714127,507.0,0.457642,-0.253230299
IRF9,369.0,0.432057622,127.0,1.612397,0.75748892
IRGQ,7659.0,0.399674011,156.0,-0.534378,-0.237363232
ISCU,607.0,0.454630229,1331.0,-0.691066,0.196724643
ISG15,62.0,0.419522688,77.0,3.591854,0.029592882
ISG20,952.0,0.419932377,2368.0,0.449179,0.01315031
ISOC1,1056.0,0.418535314,18.0,0.351824,-0.366497028
ITGB2,415.0,0.457304004,395.0,-0.085048,-0.211000471
ITPKB,2981.0,0.440250717,340.0,-0.20727,-0.017099424
ITPRIP,5382.0,0.396785481,453.0,-1.344443,-0.762068861
JUNB,496.0,0.414023332,276.0,-1.979129,-0.593310213
JUP,157.0,0.458302936,298.0,-0.19671,0.155330407
KANK2,2291.0,0.394238955,361.0,-0.482053,-0.060413999
KARS,4202.0,0.383913431,144.0,-0.323724,-0.328835441
KDM1A,327.0,0.428444011,149.0,0.670653,0.178476358
KDM2A,3716.0,0.372295488,864.0,-0.49084,0.23487573
KDM2B,2488.0,0.393022165,407.0,0.246327,0.300274728
KDM3B,1327.0,0.37791414,200.0,0.346873,0.347488031
KDM4A,1148.0,0.378142374,166.0,0.49471,0.392620161
KHSRP,1024.0,0.456900489,110.0,0.399992,0.150776734
KIAA2013,727.0,0.385456054,191.0,-0.518187,0.262277585
KIF20A,757.0,0.371463873,496.0,1.328166,0.775770753
KIF22,75.0,0.392489541,388.0,0.295859,0.249799726
KIF2C,588.0,0.387865377,395.0,0.957347,0.384895248
KIF3B,3792.0,0.390782105,180.0,0.690172,0.511483805
KIF5B,3198.0,0.418236129,470.0,-0.002147,0.11907875
KLHL7,3616.0,0.41595405,521.0,0.361226,0.147621352
KTI12,594.0,0.370414154,39.0,-0.693208,0.132712511
LAMP1,1311.0,0.390985106,281.0,-0.591381,-0.095003715
LANCL2,2422.0,0.433733517,578.0,-0.521007,-0.937240355
LAP3,503.0,0.426841798,162.0,1.673256,0.403053315
LDHD,1826.0,0.398770776,52.0,-1.96735,-0.279379571
LENG1,560.0,0.445950324,48.0,0.458707,-0.135880301
LGALS3,159.0,0.420172221,88.0,-0.840333,-0.872495016
LGALS3BP,1225.0,0.419930622,179.0,1.162592,0.427216451
LGALS9,641.0,0.410654931,118.0,0.824655,-0.148081174
LIN54,4893.0,0.441729058,383.0,0.287887,0.011078907
LPCAT1,2228.0,0.380803123,133.0,-0.196293,0.037859654
LPXN,1776.0,0.432350833,254.0,-0.065417,-0.406676543
LRPPRC,2376.0,0.377375074,58.0,0.158827,0.226320804
LRRC25,843.0,0.434491636,642.0,-0.45687,-0.379510123
LRRC41,465.0,0.438391248,44.0,-0.16817,0.712894354
LRRC59,1755.0,0.423067849,236.0,0.010379,-0.722174448
LSM1,486.0,0.409616526,410.0,-0.417307,-0.235529376
LSM6,1871.0,0.435100303,139.0,0.06936,0.010619555
LTA4H,391.0,0.355044638,145.0,-0.037102,-0.326122355
LYN,4058.0,0.418972994,282.0,0.094574,-0.562161139
LYPLAL1,1137.0,0.3973742,157.0,0.153538,0.194880676
LYRM4,6830.0,0.366844497,217.0,-0.375582,0.416553393
LYSMD2,596.0,0.394037378,501.0,-0.132464,0.669477689
M6PR,1457.0,0.379162834,275.0,-0.352091,0.175258602
MAD2L1,4528.0,0.407191351,124.0,1.125025,8.08e-05
MAFB,2032.0,0.405989564,390.0,-0.104546,0.368454597
MAGED2,327.0,0.466698843,233.0,-0.147258,0.197962034
MAGOH,153.0,0.416054235,162.0,0.450164,-0.115657569
MAN2B1,128.0,0.381728903,76.0,-0.169335,0.233845821
MANF,717.0,0.420319188,97.0,-0.140628,-0.023953414
MAP4K1,170.0,0.374128007,140.0,0.211395,-0.081369776
MARCKSL1,768.0,0.468216312,206.0,0.695775,0.657452294
MAX,2676.0,0.337149475,479.0,0.519923,0.092421349
MBD2,3723.0,0.420256858,229.0,-0.172527,-0.041720437
MBP,4041.0,0.393290432,264.0,0.537771,-0.530614749
MCM2,662.0,0.460999542,110.0,1.189284,-0.255385576
MCM4,2618.0,0.371821308,942.0,0.203528,-0.272758459
MCM5,3214.0,0.470488076,94.0,0.264073,-0.245226851
MDC1,658.0,0.415783633,440.0,0.425634,0.283090867
MDH1,210.0,0.381672323,435.0,-0.429959,-0.497733047
ME1,1535.0,0.411214685,265.0,0.572814,-0.057700506
ME3,171.0,0.395156177,377.0,-3.057992,-0.725652072
MECR,1365.0,0.445670958,612.0,0.34584,0.413381198
MED17,2631.0,0.366528813,275.0,-1.152964,0.128542481
MED19,934.0,0.439623042,93.0,-0.739791,0.13351119
MED28,10307.0,0.440157501,27.0,0.610221,0.288673212
MED29,4550.0,0.464327351,57.0,0.80794,0.217973824
MEF2C,6848.0,0.41426337,654.0,-1.090493,-0.046974475
MEN1,824.0,0.454590692,504.0,0.017732,0.423015822
METTL13,961.0,0.396264071,347.0,0.201777,0.041184699
MGST3,1295.0,0.374563048,428.0,-0.264359,0.10164018
MIF4GD,787.0,0.397877071,137.0,-0.581805,-0.376517245
MINK1,774.0,0.455972684,525.0,0.025767,-0.060379371
MIS12,1334.0,0.420723459,745.0,-0.000938,-0.102886744
MLEC,5319.0,0.43043384,173.0,-0.317628,-0.249909094
MLLT10,2252.0,0.36295117,1568.0,0.06335,-0.17257334
MLX,1636.0,0.386664187,65.0,0.157225,-0.216028816
MMADHC,5382.0,0.406207656,205.0,0.196567,-0.224995543
MMGT1,4451.0,0.406300672,388.0,0.015448,0.306352739
MMP1,502.0,0.392399458,189.0,-0.884964,-0.733423671
MMP14,1722.0,0.419367787,285.0,-1.596735,-0.990699112
MMP9,193.0,0.404253633,19.0,0.514561,-1.225780612
MORC3,2052.0,0.406702124,375.0,0.635628,-0.007080214
MORF4L1,1066.0,0.420719378,454.0,-0.095348,0.402258272
MOV10,619.0,0.412681236,1415.0,0.542614,0.161660404
MPDU1,797.0,0.440676037,216.0,-0.130813,-0.095880342
MPHOSPH10,87.0,0.404440607,352.0,0.529851,0.150049195
MRI1,2018.0,0.459301832,75.0,-4.429641,-1.750076949
MRPL13,1075.0,0.395373051,313.0,1.519409,0.438239139
MRPL15,1888.0,0.407701507,63.0,0.502714,0.426573793
MRPL16,212.0,0.368940255,214.0,-0.654994,0.360243485
MRPL17,6554.0,0.424450505,105.0,0.232762,0.530815442
MRPL2,580.0,0.458698472,164.0,-0.197004,0.122169985
MRPL20,187.0,0.445765675,96.0,-0.216375,0.48708868
MRPL21,55.0,0.417448467,293.0,0.794609,0.333791803
MRPL27,2133.0,0.436300758,31.0,0.092327,0.440861902
MRPL40,113.0,0.406843086,653.0,0.510833,0.248486339
MRPL46,1889.0,0.422788385,25.0,-0.108406,0.270673337
MRPL48,1284.0,0.368940255,212.0,-0.218885,0.296161472
MRPL51,2069.0,0.35376587,169.0,-0.600566,0.507468201
MRPL53,198.0,0.441261883,155.0,-0.136753,0.139562022
MRPL9,407.0,0.432679379,437.0,0.086909,0.417958103
MRPS11,2793.0,0.477818717,1491.0,-0.001351,0.014738469
MRPS15,468.0,0.440649404,164.0,0.046166,0.429847927
MRPS17,1334.0,0.413812124,30.0,-0.08896,0.176231122
MRPS18B,936.0,0.408462865,157.0,-0.320267,0.333904882
MRPS36,933.0,0.3748339,84.0,0.19902,-0.024780031
MRPS7,453.0,0.455992019,233.0,-0.386355,0.345562904
MSI2,5168.0,0.366385762,173.0,0.974668,0.349833384
MSTO1,694.0,0.421389639,1152.0,0.369851,0.309558383
MT2A,316.0,0.576670685,123.0,0.385398,-1.313444293
MTA2,684.0,0.459443446,761.0,-0.342441,0.223712299
MTFMT,1550.0,0.414190941,26.0,-0.457347,0.064087465
MTHFS,1663.0,0.434592403,179.0,-0.681767,-0.006026441
MTMR1,2442.0,0.424163835,319.0,0.210143,0.325121288
MTMR14,421.0,0.371137969,151.0,-0.27779,-0.301970036
MVP,50.0,0.435053297,193.0,-0.600711,-0.54056683
MX1,456.0,0.433488503,982.0,4.748238,1.635410646
MX2,1812.0,0.430094961,104.0,1.247887,0.367199276
MYADM,2833.0,0.384589896,681.0,-0.383607,-0.365987905
MYCBP,3972.0,0.381803634,73.0,0.356588,0.320417822
MYL12A,812.0,0.453450746,478.0,-0.792346,-0.450494371
MYO18A,3647.0,0.395788337,484.0,0.399718,-0.101294591
MYO9B,1401.0,0.398943925,152.0,-0.301503,-0.156150143
N6AMT1,5137.0,0.427535625,28.0,0.002401,0.05562844
NAA40,3212.0,0.389371031,261.0,-0.126734,0.088549492
NAB1,2433.0,0.361024962,572.0,-2.355595,-0.274198582
NADK,1672.0,0.3959688,563.0,0.217697,-0.159536273
NADSYN1,464.0,0.447848979,126.0,2.445608,1.792883457
NAGK,1297.0,0.42527382,474.0,0.544,-0.015662595
NANS,37.0,0.458552255,132.0,-0.441363,-0.692274867
NAPA,1862.0,0.477781443,318.0,0.751021,0.083299056
NAT10,4915.0,0.387474071,245.0,0.738127,0.358073738
NBAS,140.0,0.414580543,44.0,-0.31968,-0.216792653
NCALD,2767.0,0.374888213,460.0,0.266041,0.02025915
NCAPD3,2971.0,0.431957579,606.0,-0.744838,-0.128816006
NCAPG2,3501.0,0.41630572,200.0,0.460568,0.027490349
NCF1,2381.0,0.415579251,70.0,0.866127,-0.409088357
NCK2,1267.0,0.457831152,276.0,-0.349809,-0.226521281
NCKIPSD,4981.0,0.449411541,126.0,-0.309959,0.070304592
NCOA5,1332.0,0.416761948,402.0,0.355909,0.40990816
NCOA7,3259.0,0.404217869,470.0,-0.278185,-0.226029992
NDC80,61.0,0.356199389,182.0,0.586442,-0.023909849
NDRG2,841.0,0.376266446,941.0,0.907583,0.395528231
NDUFA4,1685.0,0.439642808,129.0,-0.730237,0.046217968
NEU1,667.0,0.413226082,156.0,-0.055269,0.362718575
NFATC2IP,3242.0,0.412267479,15.0,0.241573,0.257940557
NFKB1,708.0,0.4099683,467.0,-0.682128,-0.492780958
NFKB2,153.0,0.424806573,563.0,0.345425,0.20237678
NFKBIE,1053.0,0.409138176,25.0,-0.918779,-0.383579827
NGDN,1255.0,0.423783924,27.0,0.729791,0.113174748
NGRN,1679.0,0.414477409,50.0,0.102935,-0.203366463
NINJ1,5217.0,0.455972644,71.0,-0.78368,-0.165041577
NIP7,1593.0,0.443769116,318.0,-0.195668,-0.311512325
NIT2,2351.0,0.432361565,74.0,0.38661,0.231815447
NMNAT3,2689.0,0.397393877,1228.0,0.607285,0.754257056
NMT1,3377.0,0.454689408,31.0,-0.121909,-0.193053776
NONO,1092.0,0.432928506,710.0,0.565997,0.359880393
NOP14,912.0,0.38067473,187.0,0.185987,0.111203162
NOP2,785.0,0.393538298,198.0,-0.373114,-0.417596027
NOTCH2,6062.0,0.409327653,297.0,-0.730167,-0.133983052
NPTN,1068.0,0.388989686,197.0,0.68536,0.517134529
NR2C2,6271.0,0.390767743,362.0,-0.232767,0.180137493
NRBF2,883.0,0.43605128,224.0,0.36331,0.183798099
NRF1,1901.0,0.447602651,500.0,-0.180525,0.090186006
NRGN,833.0,0.413631862,152.0,-1.858849,0.005172759
NRP1,3846.0,0.416817106,523.0,-1.512644,-0.595482506
NSFL1C,1587.0,0.42738001,868.0,-0.181379,-0.374677925
NSMAF,602.0,0.358586884,214.0,-2.454072,-0.708295045
NTAN1,178.0,0.344459601,320.0,0.111201,0.053107005
NUBP1,246.0,0.455923678,142.0,-0.147711,-0.401763789
NUCKS1,5461.0,0.359398328,271.0,0.778747,0.182334255
NUDC,716.0,0.476401948,127.0,0.578133,0.249669253
NUDT16,5489.0,0.428387545,75.0,0.642772,0.086185544
NUMA1,663.0,0.474508115,436.0,-0.761923,-0.349342179
NUP93,5678.0,0.382018893,495.0,1.638989,0.170774142
NXF1,2943.0,0.375826754,136.0,-0.306712,0.236868908
OCIAD2,4872.0,0.363821488,322.0,0.297994,0.675569793
OGDH,1071.0,0.396078149,159.0,-0.156943,-0.222401073
OPA3,7233.0,0.475004358,100.0,-0.131114,0.072878112
OSBPL2,2363.0,0.383456763,571.0,0.319789,0.052696914
OSBPL5,1099.0,0.381371042,158.0,-0.259101,0.184144338
OVCA2,792.0,0.429983078,65.0,-0.325811,-0.12699055
P2RX4,573.0,0.442596273,304.0,-0.416857,0.055926267
PAAF1,509.0,0.376143366,341.0,-0.551963,-0.019180621
PACSIN2,1591.0,0.413490434,405.0,1.028804,0.412484129
PARK7,451.0,0.457171775,163.0,0.100512,-0.337881229
PARP1,769.0,0.460215809,171.0,0.645603,-0.019115805
PARP10,332.0,0.422654659,200.0,2.935217,1.166925629
PARP12,816.0,0.416480622,874.0,0.865061,-0.155482925
PARP14,2243.0,0.414355918,59.0,2.911238,0.9649357
PARP9,451.0,0.418102187,327.0,2.520428,0.783971484
PARVG,2043.0,0.383803232,484.0,-0.317072,-0.557060977
PBK,750.0,0.413339119,464.0,0.088093,-0.214413534
PCNA,338.0,0.425000199,239.0,0.72848,-0.079872214
PDAP1,2007.0,0.464659554,134.0,-0.231768,-0.307243829
PDCD2,155.0,0.440448783,111.0,0.447648,0.247595684
PDCD2L,48.0,0.433436103,33.0,0.866265,0.794416012
PDCD6IP,3211.0,0.388727459,158.0,-0.206654,-0.184692944
PDHA1,2054.0,0.402514578,145.0,0.749593,-0.0367583
PDHB,2974.0,0.442593378,43.0,-0.179305,-0.107390653
PDLIM1,357.0,0.379179626,233.0,-0.404728,-0.48802533
PDXDC1,2055.0,0.375670185,335.0,0.552298,0.336345706
PDXK,6244.0,0.398158884,198.0,-0.173338,-0.370000138
PEBP1,796.0,0.360152166,326.0,-0.455766,-0.552695071
PEF1,769.0,0.441759403,424.0,-0.230446,-0.323603028
PELO,5222.0,0.385240523,985.0,-0.011538,0.16709436
PEPD,395.0,0.450896903,133.0,0.866918,0.873581314
PEX16,585.0,0.43213601,312.0,-0.529438,0.595658916
PEX6,946.0,0.370078344,93.0,0.282275,0.146156079
PEX7,2294.0,0.407005497,102.0,0.018687,-0.090817994
PFDN5,124.0,0.497062947,117.0,-0.217282,0.15638269
PFDN6,574.0,0.470152145,222.0,-0.044826,0.328638995
PGM1,570.0,0.393980016,681.0,-1.161644,-0.594174092
PHB,988.0,0.45268542,190.0,0.262557,-0.480492478
PHF10,104.0,0.365149381,79.0,0.240102,0.214861583
PI4K2A,2692.0,0.385068362,57.0,-0.125102,0.153949707
PIAS1,3626.0,0.396022529,741.0,-0.142989,-0.031820514
PIGH,1430.0,0.434471606,98.0,0.524375,0.513810837
PIK3AP1,3866.0,0.407313024,128.0,0.175727,-0.304689236
PIR,205.0,0.385796208,485.0,0.125241,-0.594735817
PITPNC1,4686.0,0.369070722,874.0,0.095867,0.017157791
PLA2G7,1187.0,0.402486321,269.0,2.147981,-0.495411144
PLAUR,323.0,0.418467601,226.0,-1.063107,-0.453936638
PLCB2,818.0,0.468984469,301.0,-0.338368,-0.310647057
PLCG1,3987.0,0.454806205,121.0,1.204356,0.85025245
PLD4,273.0,0.377985619,192.0,-0.681098,-0.247069588
PLEKHO1,5192.0,0.424698037,839.0,0.585641,0.088498631
PLEKHO2,2119.0,0.429714475,134.0,-0.496396,-0.280482152
PLSCR1,10376.0,0.415598704,388.0,2.247865,1.464075171
PML,3324.0,0.431306474,140.0,-0.029073,-0.145531213
POLR1C,1131.0,0.439933821,86.0,-0.063133,-0.299650449
POLR1D,1469.0,0.427162265,456.0,-1.137678,-0.257649143
POLR2F,1600.0,0.47244007,250.0,-0.061186,0.077402276
POLR2H,1065.0,0.427596015,1167.0,0.494912,0.297819267
POLR3H,3481.0,0.444306047,388.0,-0.543122,-0.031076792
POLR3K,1023.0,0.473025152,46.0,0.39047,-0.133121348
PPA2,660.0,0.432735716,20.0,-0.053958,0.070935013
PPIE,4556.0,0.446406574,56.0,-0.031934,-0.287204406
PPIL1,1921.0,0.453832883,252.0,0.203812,0.026615709
PPP1R14B,282.0,0.457456004,268.0,-0.343346,-0.319759549
PRC1,1136.0,0.367783806,234.0,0.717753,0.019139616
PRCC,357.0,0.381841119,290.0,0.120186,0.019078742
PRDX1,303.0,0.414090753,341.0,0.779202,-0.188072078
PRDX6,944.0,0.433706552,51.0,0.73721,0.107959143
PREB,658.0,0.378530018,403.0,-0.234717,0.02600461
PREP,579.0,0.425974009,233.0,1.877429,0.840008106
PRG4,784.0,0.366727173,51.0,-0.643048,-0.65248697
PRIM2,1166.0,0.350864643,125.0,0.335012,0.358837869
PRKAB1,1305.0,0.365943644,289.0,-0.338661,-0.525305932
PRKAR2A,5019.0,0.427443141,254.0,0.290485,-0.178050707
PRKCB,5795.0,0.38010529,197.0,0.514311,-0.388439944
PRKCD,451.0,0.404392693,469.0,-0.280599,-0.041868769
PRKRA,683.0,0.420894136,659.0,0.148335,0.123586126
PRKRIP1,3224.0,0.453589322,55.0,-0.68042,-0.135174812
PRMT5,393.0,0.386451423,508.0,0.670066,0.21988617
PRMT7,3655.0,0.450088803,850.0,-0.13001,0.156260218
PROCR,549.0,0.357872186,218.0,-1.94809,-0.607166661
PRPS1,3908.0,0.466551451,409.0,1.210473,0.295761107
PRPSAP1,2056.0,0.390811115,688.0,-0.433148,-0.075225424
PRRC1,3173.0,0.409170839,188.0,-0.173087,-0.319719813
PSMA5,2997.0,0.446573967,225.0,0.118171,-0.370327246
PSMA6,187.0,0.423632682,445.0,0.747996,-0.305858206
PSMB10,58.0,0.455018511,128.0,-0.417412,-0.395758082
PSMB2,3775.0,0.389848815,412.0,-0.193024,-0.287327738
PSMB8,242.0,0.411206622,522.0,0.786701,-0.346610615
PSMB9,5497.0,0.431095699,69.0,1.221789,-0.368932473
PSMC3,66.0,0.485654947,194.0,-0.163014,0.058277078
PSMD11,2567.0,0.390095635,61.0,0.349575,-0.013756404
PSMD13,384.0,0.437236365,242.0,0.136695,-0.075937202
PSMD8,450.0,0.458928351,52.0,0.641624,-0.008196098
PSME2,53.0,0.443656162,65.0,0.992892,0.037400268
PSMG1,5308.0,0.427553471,578.0,0.738004,-0.434885917
PSTPIP2,1923.0,0.429639796,96.0,-0.924149,-0.783960966
PTBP1,1504.0,0.473818895,106.0,0.276249,-0.092274848
PTDSS1,3765.0,0.367954205,423.0,0.557387,0.228676785
PTGS1,3346.0,0.37260918,633.0,-1.624988,-0.712400609
PTP4A1,3419.0,0.421202001,1153.0,0.250548,0.204645734
PTPMT1,1899.0,0.450492628,193.0,-1.484062,-0.034446671
PTPN18,2185.0,0.381656528,101.0,-0.352069,-0.285928262
PTPN7,1593.0,0.440747449,781.0,0.294055,-0.172908603
PTPRE,2994.0,0.426620112,1843.0,-1.414689,-0.369308534
PTPRF,4571.0,0.452810321,356.0,0.083488,0.049933749
PTRH2,3186.0,0.370743372,1544.0,-0.460711,-0.805509169
PWWP2B,819.0,0.424412275,29.0,0.026656,0.287571796
PYCR2,578.0,0.474148407,230.0,-0.131552,0.287942301
PYGL,175.0,0.392036998,127.0,-1.250244,-1.052394958
QARS,97.0,0.458996209,396.0,0.23402,0.372627397
RAB11FIP1,4277.0,0.380614122,56.0,-1.403127,-0.483323542
RAB12,1120.0,0.38483812,283.0,-0.476564,-0.119513083
RAB21,5246.0,0.435367738,267.0,0.552755,0.527388636
RAB31,3231.0,0.437498832,175.0,-1.53506,-0.641477553
RAB35,2172.0,0.408841719,189.0,-0.176741,0.063927488
RAB7A,1376.0,0.419395127,232.0,0.317129,0.529775156
RAB8B,4163.0,0.425956778,96.0,0.181122,-0.049148941
RAB9A,1716.0,0.417525007,283.0,-0.213673,-0.307268885
RABGGTA,77.0,0.387342734,512.0,-0.050398,-0.013649917
RABGGTB,440.0,0.409412379,78.0,0.975055,0.098450484
RABIF,4760.0,0.447399225,159.0,-0.026213,-0.052311949
RACGAP1,1895.0,0.366370127,354.0,0.753188,0.450943183
RAD9A,924.0,0.444046557,185.0,0.027285,0.118651014
RAE1,1112.0,0.432613552,365.0,1.672619,0.216631674
RAI1,1472.0,0.455620822,469.0,0.112526,0.250012405
RAN,2043.0,0.442855294,361.0,0.367685,-0.182271725
RANBP10,3359.0,0.379453562,1256.0,-0.272972,0.024467462
RANGAP1,3145.0,0.481547647,765.0,0.428686,-0.000238684
RAPGEF1,2727.0,0.425793135,159.0,-0.556955,-0.368813683
RARS,114.0,0.423508657,41.0,0.352474,0.132849946
RASGRP2,183.0,0.381671176,582.0,-1.257983,-0.042604339
RBBP4,6506.0,0.404056961,164.0,0.697174,0.034166871
RBBP5,3098.0,0.421849625,474.0,0.164892,0.270812889
RBKS,251.0,0.392307233,1371.0,0.245789,0.230476768
RBM12,3599.0,0.375183789,304.0,0.398538,0.329580802
RBM14,3443.0,0.468008211,139.0,0.029197,0.329291183
RBM4B,5277.0,0.396841232,170.0,-0.687701,-0.18532121
RBMX,1201.0,0.353737079,210.0,0.337223,0.783122159
RBPJ,4223.0,0.4178224,518.0,-0.172676,0.235884648
RBX1,821.0,0.46562919,52.0,-0.033625,-0.500771998
RC3H1,7637.0,0.410085914,87.0,-0.291085,-0.047203108
RCCD1,1773.0,0.374130224,280.0,0.246359,0.030822682
RCOR1,4070.0,0.439565312,228.0,0.110504,0.009132855
REEP4,591.0,0.460338979,469.0,-1.239988,-0.212071293
REEP5,2962.0,0.457536941,144.0,-0.490208,-0.065764465
RELB,408.0,0.418226182,131.0,-0.711849,-0.496712886
REPIN1,2683.0,0.45080531,489.0,0.090359,0.316695282
RET,2082.0,0.379562012,357.0,3.637593,0.845270011
RFC4,89.0,0.411167541,282.0,0.751887,0.466938323
RFK,1882.0,0.429285662,357.0,-0.83454,-0.596076809
RFWD3,2538.0,0.42367162,98.0,0.190984,0.037496178
RFX5,1546.0,0.386685917,221.0,0.275384,0.114785281
RFXAP,1850.0,0.421314391,156.0,0.150409,-0.712723368
RHBDF2,740.0,0.423256567,294.0,-0.372518,0.052602846
RHOT2,568.0,0.454546166,881.0,0.093814,0.62925126
RINL,1279.0,0.357351373,413.0,0.371782,-0.305032187
RNASE2,179.0,0.384567964,71.0,-2.378629,-0.472059973
RNASEH1,4369.0,0.404567903,700.0,0.077721,-0.010914108
RNASEH2B,3930.0,0.37625722,399.0,-0.480537,-0.495466633
RNASET2,1070.0,0.374792559,407.0,-0.439634,0.026365602
RNF114,1751.0,0.459950313,36.0,1.12866,0.202196185
RNF167,289.0,0.375291206,776.0,0.327069,0.155435645
RNF20,5226.0,0.396317502,92.0,-0.187854,0.259885688
RNF213,5288.0,0.417718743,150.0,1.374024,0.252980413
RNF216,2819.0,0.430061571,259.0,-0.192634,-0.075813249
RNF25,102.0,0.375620157,88.0,-0.246711,-0.275516412
RNF31,88.0,0.389352607,358.0,0.716998,0.120922759
RNLS,1252.0,0.416402283,135.0,-1.482636,-0.140813637
RNMT,4581.0,0.415128602,241.0,0.120741,0.31136279
RNPEP,463.0,0.447181346,896.0,-0.16134,-0.297472456
RP9,437.0,0.42869019,18.0,-0.825771,-0.180151995
RPA1,2907.0,0.381710028,170.0,0.224557,-0.004188906
RPA2,639.0,0.400070522,793.0,-0.097093,-0.261302941
RPAIN,471.0,0.394698889,570.0,0.101692,-0.289236223
RPL11,461.0,0.442317923,45.0,-0.24873,-0.235549761
RPL14,5208.0,0.496792394,133.0,-0.213916,-0.606946056
RPL23,3146.0,0.464880603,90.0,-0.601874,0.109687169
RPL26,53.0,0.427802183,389.0,0.012839,0.026218379
RPL31,1260.0,0.451994935,87.0,-0.161691,-0.157828949
RPL34,1350.0,0.436455219,198.0,-1.245028,-0.297752503
RPL5,1058.0,0.451564158,75.0,-0.453729,0.129367526
RPL7,1077.0,0.460258279,707.0,0.173008,-0.418822221
RPS11,373.0,0.483080585,92.0,-0.115262,0.243326433
RPS24,4247.0,0.430653047,142.0,0.380886,-0.027483957
RPS25,109.0,0.467193878,63.0,-0.292644,0.160850237
RPS27A,743.0,0.450449292,321.0,-0.729606,0.224117345
RPS3A,306.0,0.426765211,80.0,-0.248316,0.173275246
RPS4X,629.0,0.442998752,96.0,-0.031388,0.121029237
RPS6,2723.0,0.413925579,42.0,-0.615,0.002956005
RPS6KA1,828.0,0.389798854,163.0,-0.859773,-0.421056531
RPS6KA4,735.0,0.38455359,226.0,-0.498507,-0.166992021
RPS7,66.0,0.428822459,109.0,-0.786718,-0.153006555
RPTOR,2341.0,0.385169267,805.0,0.410909,0.220644461
RREB1,3012.0,0.456825357,492.0,-0.050976,0.204208501
RRM1,2304.0,0.437568848,689.0,0.463607,0.578098555
RRP8,5071.0,0.446233376,148.0,-0.417487,0.024789273
RRS1,978.0,0.468289248,104.0,1.705972,0.656355663
RTN3,1690.0,0.358048129,187.0,-0.101495,-0.075946858
RTN4IP1,1108.0,0.372133716,477.0,2.641323,1.691108643
RUNX1,4334.0,0.416076551,1578.0,-0.728435,-0.558375768
RUNX3,2611.0,0.405217602,439.0,0.650953,-0.078443374
RWDD1,6365.0,0.401367905,746.0,-0.299163,-0.024133041
S100A8,71.0,0.444112716,170.0,-1.225937,-2.986267544
S100A9,189.0,0.439508357,43.0,-1.417983,-2.940853759
SAMD9,1815.0,0.395660052,270.0,1.760286,-0.444015741
SAMD9L,1162.0,0.396305952,1248.0,0.937674,-0.159332835
SAMM50,150.0,0.345249646,197.0,0.346672,0.2251968
SAMSN1,684.0,0.407246581,430.0,0.783285,-0.255008919
SAP18,1754.0,0.427429047,39.0,-1.146057,0.262068864
SAP30BP,1541.0,0.449617255,257.0,-0.104909,-0.03154859
SAR1A,5213.0,0.411769389,203.0,0.359524,-0.338660144
SAR1B,5806.0,0.392367964,253.0,0.531644,-0.237618772
SARS,1054.0,0.40098191,100.0,-0.234108,-0.201314759
SASH3,1369.0,0.387406112,182.0,0.431672,-0.296242102
SCAMP4,1741.0,0.472519575,351.0,-0.386647,-0.074942986
SCO1,8645.0,0.407339367,61.0,0.382923,0.358214994
SDCCAG8,307.0,0.360606297,1542.0,0.058046,-0.003363072
SEC11C,205.0,0.423646802,92.0,0.635682,0.162026477
SEC13,332.0,0.457264526,210.0,-0.281857,-0.364295694
SEC14L1,2986.0,0.420320088,665.0,-0.235562,-0.263644512
SEC22A,2559.0,0.422343815,79.0,-0.104613,0.54846961
SEC24B,1221.0,0.400931805,155.0,-0.297363,0.051729293
SEC24D,2115.0,0.386600041,297.0,1.059402,0.185185388
SEC61B,270.0,0.404562259,76.0,-0.688954,0.09096587
SEMA3F,960.0,0.38837398,318.0,1.114505,0.956134304
SEMA4A,755.0,0.412797256,345.0,0.006886,-0.038497
SEMA4D,2318.0,0.393173667,572.0,-0.351219,0.123743679
SERPINA1,1707.0,0.420489385,573.0,-0.00624,-0.537954207
SERPINB8,2096.0,0.38524815,520.0,-1.493141,-0.565964959
SETMAR,321.0,0.414235412,398.0,2.002096,1.22249809
SEZ6L2,540.0,0.431800162,245.0,1.318917,0.540439031
SF1,2419.0,0.374481437,721.0,-0.195793,0.21444737
SF3B2,563.0,0.453902675,40.0,0.056509,0.087278737
SFXN4,500.0,0.402513841,45.0,0.116762,0.13175029
SH3BP1,433.0,0.395530944,313.0,0.295399,-0.086992322
SH3PXD2B,4870.0,0.420952884,171.0,-1.305448,-0.326659205
SHMT1,4335.0,0.394510245,509.0,0.448094,0.161122776
SIGLEC1,1590.0,0.42099348,0.0,1.201607,0.417194243
SIPA1,2933.0,0.437718847,296.0,0.159579,0.003545548
SIRPA,3027.0,0.429235057,360.0,-0.777075,-0.414710155
SKP1,8791.0,0.433886974,179.0,0.761671,-0.054851748
SLBP,3046.0,0.391438372,553.0,0.432732,0.019398172
SLC25A10,1929.0,0.386184273,191.0,-0.143759,0.577022547
SLC25A19,477.0,0.386093473,224.0,0.251493,0.405945421
SLC25A20,787.0,0.382641976,199.0,-0.342968,-0.197632729
SLC25A3,504.0,0.383836987,354.0,-0.858714,-0.101569363
SLC25A40,2688.0,0.363984785,375.0,-0.647971,-0.480742502
SLC25A42,2156.0,0.366871382,156.0,-0.302788,-0.063474831
SLC25A6,450.0,0.487227384,137.0,0.063833,0.672207004
SLC27A3,163.0,0.439664345,91.0,-0.103858,0.514014413
SLC29A1,2913.0,0.455987116,491.0,-1.48262,0.079076132
SLC39A10,2661.0,0.346494338,214.0,-0.315268,0.239614199
SLC43A2,6357.0,0.437839378,341.0,0.015744,-1.095707433
SLC44A1,8291.0,0.4365497,264.0,0.249003,0.009975952
SLC9A3R1,709.0,0.400889529,235.0,0.461064,-0.063873259
SMAP2,1225.0,0.404145004,415.0,0.537234,0.104799447
SMC1A,5954.0,0.490702048,340.0,0.656203,0.419844705
SMG5,1363.0,0.383248033,540.0,0.378487,0.048942614
SMS,2660.0,0.417677888,252.0,1.635309,0.603032246
SMYD3,223.0,0.378821529,130.0,0.601937,0.1637704
SNRNP200,676.0,0.454045162,132.0,0.561357,0.295985409
SNRPC,474.0,0.427936125,450.0,-0.119296,-0.120050017
SNRPD1,4386.0,0.384326147,161.0,0.579943,-0.140503477
SNRPN,279.0,0.390283395,1145.0,-0.838473,0.295982887
SNX24,5071.0,0.338464018,185.0,0.011354,0.24579263
SNX30,6144.0,0.426743352,148.0,-0.364181,-0.128495399
SNX33,5086.0,0.383330712,96.0,-0.456462,-0.114398752
SOD1,353.0,0.438546885,148.0,0.621464,-0.123886597
SOD2,13436.0,0.435065133,1828.0,-0.197202,-0.641819637
SP110,3922.0,0.401738483,258.0,2.463268,0.790232512
SPC24,1691.0,0.381793277,320.0,-0.315969,-0.151942255
SPC25,540.0,0.373816265,131.0,1.093442,0.148404957
SPCS1,3333.0,0.417439524,205.0,-0.179497,-0.32442546
SPI1,383.0,0.406748349,223.0,-0.01829,-0.262769876
SPRYD4,1406.0,0.430591965,75.0,0.575022,0.106567198
SQSTM1,1485.0,0.412192979,360.0,-0.259984,-0.552780217
SRC,2671.0,0.437602812,449.0,0.308387,0.34009453
SRGAP2,3018.0,0.377689891,542.0,0.12964,0.144533349
SRI,5365.0,0.424260151,79.0,-0.569397,-0.672014194
SRP19,2645.0,0.430943803,189.0,-0.11723,-0.231465683
SRPRB,1784.0,0.427990824,285.0,0.085825,0.072784777
SRR,1392.0,0.393840903,354.0,-1.157301,-0.664825748
SRXN1,2099.0,0.37663928,185.0,-0.5362,0.093056746
SS18L2,777.0,0.45997865,208.0,0.410058,0.08556731
SSH1,5298.0,0.373517564,146.0,-0.161275,-0.050669733
SSH3,2595.0,0.376349937,178.0,-0.924554,-0.326894189
SSR2,592.0,0.425839932,80.0,-0.063267,-0.581785984
SSR3,3698.0,0.388415977,156.0,0.318237,-0.066271588
SSR4,87.0,0.444947593,150.0,-0.704357,0.118235488
SSRP1,422.0,0.394601844,267.0,-0.207716,-0.254779086
SSU72,400.0,0.445120823,325.0,-0.110933,0.270621941
ST13,3666.0,0.439823793,468.0,0.622974,0.079359669
ST14,553.0,0.454138745,193.0,-1.351343,-0.881502178
STAP1,541.0,0.398288494,113.0,1.251128,-2.350775809
STARD10,1682.0,0.427301627,944.0,-1.224234,-0.978485797
STAT1,3294.0,0.408136156,388.0,2.537025,0.320645441
STAT2,1791.0,0.409862748,203.0,1.684884,0.354547311
STAT6,1168.0,0.380869476,499.0,0.044798,-0.42789507
STMN1,1138.0,0.394107416,364.0,1.428322,0.303274913
STOM,2222.0,0.387137797,117.0,-1.706539,-1.075546685
STOML2,531.0,0.456962681,143.0,0.449558,0.244846487
STX3,5058.0,0.403902965,547.0,-0.346609,-0.220159811
STX7,14891.0,0.417568039,327.0,0.197327,-0.065777283
STX8,107.0,0.378438911,150.0,-0.043716,0.023532879
SUCLG1,223.0,0.43877655,193.0,-0.39355,-0.10094799
SUFU,3380.0,0.361614756,191.0,0.77092,0.261290072
SUMF1,999.0,0.37076871,37.0,1.703038,0.581638421
SUPT4H1,1112.0,0.438747077,103.0,0.005524,0.58717178
SURF2,1720.0,0.440503417,48.0,-0.635679,-0.02939463
SURF4,2281.0,0.385472445,476.0,-0.424008,-0.055080844
SURF6,4908.0,0.42467207,78.0,-0.345657,0.343632156
SUV39H1,1669.0,0.463566826,266.0,0.102243,0.460970758
SVIP,4195.0,0.357937352,217.0,-1.459799,-0.614837695
SYTL1,80.0,0.364244725,197.0,0.247342,0.731667251
TACC3,165.0,0.385699108,155.0,0.801505,0.433755913
TADA2B,3064.0,0.464060586,151.0,-0.393322,0.128649194
TAF12,689.0,0.435926756,522.0,0.201267,0.192119493
TAP2,5256.0,0.374969764,175.0,1.404445,-0.006598138
TBC1D20,3109.0,0.435441414,148.0,-0.64626,-0.219606623
TBC1D9B,1396.0,0.395340616,37.0,-0.113824,0.26767252
TBCC,556.0,0.434161456,73.0,-0.58936,-0.067682785
TCEAL3,260.0,0.368171822,262.0,0.675163,-0.012734215
TCEAL4,3020.0,0.432120515,489.0,0.42553,0.181677824
TCOF1,1640.0,0.41523122,108.0,0.611026,0.432692981
TDP1,1721.0,0.418036689,317.0,0.874692,0.598952792
TDRD7,242.0,0.375852104,234.0,-0.049915,-0.346305489
TDRKH,973.0,0.419795099,182.0,0.993556,0.223010934
TEP1,2777.0,0.379550228,40.0,-0.682443,-0.309155557
TFE3,1431.0,0.379068139,541.0,0.004079,0.166447058
TFEB,621.0,0.429366592,302.0,-0.093902,-0.286455127
THADA,112.0,0.415199561,352.0,-0.434995,0.006666736
THUMPD1,2715.0,0.455087735,225.0,0.160162,0.245074438
THYN1,205.0,0.377954149,484.0,-1.331933,-0.531591231
TIMM50,3932.0,0.424829064,722.0,0.530167,0.754670658
TIMM8B,2046.0,0.447942532,30.0,-1.068284,0.292102386
TK2,3965.0,0.360054507,593.0,-0.878552,-0.354911458
TLE1,571.0,0.374791795,1295.0,-0.770369,-0.294931803
TM9SF2,2020.0,0.372522209,233.0,-0.830112,-0.791489287
TMED3,1710.0,0.439016102,188.0,-0.769707,0.404881164
TMED9,708.0,0.44685712,67.0,0.382709,0.567147616
TMEM126A,52.0,0.406087664,295.0,-0.304803,0.037716162
TMEM199,2431.0,0.370998168,90.0,0.028997,-0.221430584
TMEM63A,1407.0,0.385482014,622.0,-0.362115,-0.425524031
TMOD1,2050.0,0.392927141,213.0,-1.791317,-1.336785764
TMSB10,278.0,0.470652003,95.0,0.117868,0.471066925
TNFAIP2,2079.0,0.44214387,131.0,-1.520426,-1.101557259
TNFAIP3,1995.0,0.416242917,370.0,-0.3524,-0.246334044
TNFAIP8L2,497.0,0.440670719,126.0,-0.339449,-0.475047636
TNIP1,770.0,0.448321216,241.0,-0.636916,0.050168663
TNK2,822.0,0.420245651,543.0,-0.050977,0.318511511
TNPO2,2070.0,0.408799881,358.0,-0.411357,-0.229049797
TNRC18,1316.0,0.449521205,349.0,0.226498,-0.115204925
TOMM5,518.0,0.441712708,107.0,0.261108,0.208944093
TOMM6,1957.0,0.431553434,255.0,0.042382,0.268452432
TOP2A,1003.0,0.364102812,159.0,1.32646,0.632657143
TOR1A,3160.0,0.446121485,77.0,-0.501313,-0.215580957
TPD52L2,1600.0,0.385071878,138.0,0.01715,-0.053846502
TPI1,620.0,0.479135356,527.0,-0.431001,-0.365647685
TPM1,757.0,0.403626605,257.0,-0.425117,-0.267550624
TRAF1,7433.0,0.438949906,572.0,-0.012362,-0.134333389
TRAF3,5716.0,0.386659664,353.0,-0.129148,-1.053769481
TRAF6,6100.0,0.426668941,381.0,-0.361331,0.166230726
TRAPPC3,634.0,0.441060625,519.0,0.087809,0.074150348
TRAPPC5,42.0,0.453352607,241.0,-0.844871,0.361166519
TRAPPC6B,2539.0,0.437369008,335.0,0.073568,0.026562701
TRAPPC9,3079.0,0.431357199,134.0,1.62867,0.179903565
TRIM11,3522.0,0.453298916,255.0,-0.130406,0.217015593
TRIM13,5308.0,0.419190719,763.0,-0.18165,0.168654117
TRIM14,3117.0,0.369225689,165.0,0.154078,-0.455779412
TRIM22,1215.0,0.424423711,379.0,1.154405,0.131501459
TRIM26,1431.0,0.384319522,565.0,0.072608,0.259699243
TRIM27,2956.0,0.441704825,359.0,-0.333295,-0.151702243
TRIM41,1657.0,0.454716896,737.0,0.331216,0.235053214
TRIM5,2312.0,0.426412011,303.0,-0.858589,-0.713366186
TRIP12,3739.0,0.40441217,297.0,0.269495,0.282815417
TRIP13,2852.0,0.433721983,145.0,1.188937,-0.102282361
TRMT5,3660.0,0.405137655,572.0,0.233419,0.530012493
TRUB2,4655.0,0.434714666,759.0,0.985559,0.623327734
TSFM,1390.0,0.429356434,57.0,2.020683,1.397639343
TSPAN14,15147.0,0.398868986,305.0,-0.148944,-0.127734246
TSPYL1,7303.0,0.373212405,287.0,0.692012,0.071141039
TSR2,1366.0,0.464925113,443.0,0.206623,0.068217055
TTC39C,3394.0,0.378954091,452.0,-0.659939,-0.233443278
TTC7A,2213.0,0.393400181,1272.0,-1.299207,-0.695238154
TTPAL,5319.0,0.425556123,145.0,0.458028,-0.359738284
TTYH3,3063.0,0.383645273,187.0,0.041566,0.64364452
TUBA1C,110.0,0.451729991,576.0,0.13392,0.006729602
TUBA4A,644.0,0.402818439,556.0,0.301209,0.115655731
TUBB,1030.0,0.390058461,509.0,0.129958,-0.012384014
TUBB6,2302.0,0.468445054,1139.0,-1.034131,-0.322357533
TUBGCP4,1934.0,0.368175973,296.0,0.102669,-0.181342311
TUSC1,1294.0,0.429789613,537.0,0.045692,0.330328318
TXNL4A,3129.0,0.472736328,466.0,0.31821,-0.2905823
TYMP,18.0,0.429537249,376.0,0.718583,-0.514071707
TYMS,581.0,0.364557025,159.0,0.680476,0.419516328
TYROBP,168.0,0.417048036,81.0,-0.613207,-0.138031144
UBAP2L,353.0,0.367068802,167.0,0.479705,0.151317746
UBE2B,4002.0,0.405496028,420.0,0.438144,-0.787767598
UBE2E1,1034.0,0.417917446,229.0,0.225147,-0.812760145
UBE2L3,2365.0,0.455573936,198.0,0.423234,-0.474739079
UBE2L6,703.0,0.431638779,653.0,1.543652,0.048668569
UBE4B,1283.0,0.418913915,688.0,-0.003763,0.456646933
UBIAD1,2303.0,0.446280173,334.0,0.277702,0.327586006
UBR4,797.0,0.387393976,4.0,-0.046686,0.265259919
UBTF,2209.0,0.400105612,296.0,0.438163,0.517948125
UBXN1,220.0,0.422601268,194.0,-0.424276,-0.014643436
UCK2,4043.0,0.447469338,640.0,0.692982,0.298057215
UGGT1,5935.0,0.374564832,178.0,-0.271311,-0.325435333
UHRF1BP1,5130.0,0.373569339,234.0,0.993837,0.063679091
UNC45A,377.0,0.475530537,1022.0,-0.095812,0.177641831
UNG,1024.0,0.368897526,209.0,-0.118942,0.193497426
UNK,1388.0,0.447315534,42.0,-0.253474,0.085462841
UQCR11,4379.0,0.470309826,75.0,-0.745581,0.602672724
UQCRC1,129.0,0.462829321,45.0,-0.150067,0.468082112
UQCRH,193.0,0.365128489,320.0,0.156144,0.079847829
UROD,171.0,0.391539164,133.0,0.144509,0.109155837
UROS,3849.0,0.422413435,266.0,0.249043,-0.011024294
USP18,580.0,0.434940763,338.0,3.230868,1.134400769
USP39,571.0,0.39295741,223.0,0.19512,0.245154292
UTP6,2466.0,0.429918331,83.0,0.303209,0.202369414
VAC14,489.0,0.396517204,827.0,-0.188961,0.054398874
VAMP8,451.0,0.398153421,156.0,-0.204233,0.000905133
VASP,824.0,0.388921088,342.0,-0.358261,0.046358393
VAT1,1456.0,0.406330787,120.0,-0.323593,-0.10281688
VDAC3,475.0,0.440388181,210.0,0.578569,0.555793374
VDR,3209.0,0.450036866,401.0,-0.670875,-0.056569434
VGLL4,2489.0,0.432812067,506.0,-0.950686,-0.109405778
VIM,431.0,0.411136971,462.0,-1.326575,-0.589103577
VPS28,291.0,0.476756313,109.0,0.620986,-0.00877912
VPS33B,559.0,0.447669729,583.0,-0.400838,-0.140321057
VPS39,2053.0,0.440628838,173.0,0.076213,-0.234262711
VPS52,2870.0,0.393546356,887.0,-0.254715,-0.123698521
WASF2,4090.0,0.365213822,245.0,-0.387027,-0.102810037
WBP2,1040.0,0.392225719,515.0,-0.331809,-0.699445487
WDFY2,7044.0,0.36603015,340.0,-0.518772,0.128964854
WDR1,1039.0,0.393247178,368.0,0.283077,-0.059501115
WDR36,3619.0,0.40459335,117.0,-0.101769,0.179624626
WDR37,8068.0,0.365587877,173.0,0.258012,0.151938384
WDR4,293.0,0.380589271,581.0,0.597765,-0.015048747
WDR47,1216.0,0.402106333,376.0,0.259025,0.225562976
WDR48,1924.0,0.419028298,472.0,0.507526,0.250903704
WDR5,1979.0,0.401607191,171.0,-0.329957,-0.003144987
WDR54,97.0,0.394793766,128.0,0.94393,0.221897265
WDR61,197.0,0.411764619,310.0,0.065751,-0.228608411
WDR77,4184.0,0.412330102,139.0,0.232218,-0.143685844
WDR91,4946.0,0.380864599,823.0,-0.382717,-0.025095832
WDR92,2520.0,0.427217839,117.0,-0.32783,0.0115621
YTHDF1,1279.0,0.384821843,294.0,0.685157,0.310288726
YTHDF3,3082.0,0.406652071,509.0,0.654575,0.469299715
YY1,5192.0,0.440120149,480.0,0.300836,0.144677897
ZBED1,2221.0,0.457533868,282.0,0.020359,0.425925102
ZBTB8OS,1087.0,0.406816332,276.0,0.126869,-0.351977196
ZC3H12A,768.0,0.421626239,1056.0,-1.607149,0.131189634
ZC3H4,2169.0,0.436042942,38.0,0.179443,0.287855173
ZCCHC10,81.0,0.361883573,67.0,1.065269,0.793705769
ZCCHC2,2006.0,0.404185753,0.0,1.38869,0.267159823
ZFP36L1,2846.0,0.395541595,976.0,-0.453312,0.092402017
ZMAT2,1942.0,0.460376067,101.0,0.892992,0.198867325
ZMIZ2,4165.0,0.419562196,128.0,-0.291589,0.025522187
ZMYM3,1292.0,0.378831729,749.0,0.436026,0.308972711
ZNF207,13817.0,0.386696564,148.0,-0.012986,0.006903541
ZNF414,113.0,0.422835658,118.0,-0.429455,0.038778228
ZNF511,243.0,0.452392726,55.0,0.402219,0.066529152
ZNF516,4816.0,0.393186692,318.0,-3.673257,-0.52245881
ZNF622,1298.0,0.463753859,120.0,0.979013,0.319643526
ZNHIT2,49.0,0.440612513,85.0,-0.770085,0.132151971
ZNHIT3,419.0,0.425204303,73.0,-0.225341,0.159506061
ZWINT,4585.0,0.411772707,37.0,1.122113,0.409031781
