,3prime,tAI,max_5_UTR_length,TCGA-A8-A06N,TCGA-A8-A06N.1
AAK1,17874.0,0.380718848,505.0,-0.20037,-0.143748562
AATF,207.0,0.367011205,251.0,1.371702,-0.057353554
ABCC1,1793.0,0.393368456,175.0,0.008985,0.418410764
ABCF3,5726.0,0.387768135,869.0,0.02449,-0.110542386
ABHD12,654.0,0.374654709,279.0,0.671268,0.608216469
ABHD6,1639.0,0.384216096,505.0,1.317498,0.620786105
ABR,2562.0,0.39474042,600.0,-0.901294,-0.158572325
ABT1,2092.0,0.423473096,40.0,-0.40303,-0.385326998
ACADVL,176.0,0.46877374,457.0,-1.33989,-0.574135118
ACBD6,155.0,0.433964845,621.0,-0.911582,-0.07230614
ACIN1,584.0,0.404933544,328.0,0.307755,-0.111230024
ACO1,4661.0,0.37721508,227.0,-1.762096,-0.310887556
ACOT11,1220.0,0.392289045,176.0,2.278272,0.303868973
ACOT9,4514.0,0.358892202,225.0,-3.061817,-0.748736806
ACP2,814.0,0.411581374,548.0,-0.744063,-0.136859518
ACSF2,1484.0,0.405139059,501.0,-0.824915,-0.356530138
ACSL1,1530.0,0.417966714,990.0,1.240857,0.245664294
ACSL5,1022.0,0.380976548,307.0,-3.147774,-0.151457573
ACTB,613.0,0.469768794,192.0,-1.21472,-0.345431285
ACTL6A,452.0,0.409046191,387.0,-0.528281,-0.391429497
ACTR1A,3151.0,0.432463663,108.0,-0.793575,-0.030214179
ADA,312.0,0.444091501,440.0,-2.69908,-0.519482243
ADD1,1928.0,0.439806775,863.0,0.684744,0.642985981
ADPRH,2067.0,0.380088169,541.0,-1.423748,-0.575447679
ADSSL1,320.0,0.393141878,776.0,-0.020425,0.036641446
AGAP3,508.0,0.436856677,1584.0,0.073303,0.010792362
AHNAK,842.0,0.382138706,300.0,0.734062,-0.106262789
AHSA1,225.0,0.374296292,431.0,0.206415,-0.053218807
AIF1,121.0,0.4069451,222.0,-1.298082,-0.574172041
AIFM2,1911.0,0.447982482,217.0,-0.767455,-0.210509745
AK1,1528.0,0.389481519,153.0,-0.483512,0.850304422
AK2,2893.0,0.384271636,345.0,0.162084,0.287560398
AKR1C2,3804.0,0.449591167,413.0,-6.194802,-0.42428217
AKR7A2,10996.0,0.385600504,22.0,0.712263,0.006333568
ALDH18A1,838.0,0.380333742,511.0,-1.241076,-0.761944334
ALDH3A2,2525.0,0.42484639,221.0,0.599035,-0.136967179
ALDH6A1,4647.0,0.38708374,724.0,1.0973,0.504896497
ALG1,2498.0,0.432230555,181.0,0.320181,-0.179765469
ALG5,380.0,0.362014155,67.0,-0.293732,-0.19021582
ALG9,4217.0,0.365461171,1107.0,-0.328741,0.01417527
ALOX5AP,976.0,0.392577632,248.0,-1.542411,0.028178258
AMBRA1,1041.0,0.36170155,362.0,0.778164,0.324249204
AMPD2,903.0,0.389224108,566.0,0.165403,0.108295068
AMPD3,1695.0,0.423686063,472.0,-0.380552,-0.134975974
ANAPC13,1361.0,0.393644021,731.0,0.15463,-0.244820277
ANAPC5,235.0,0.390209877,197.0,0.211404,0.324179078
ANKLE2,1737.0,0.418251419,90.0,0.551631,0.092009189
ANKRD16,135.0,0.465649334,543.0,-0.685866,-0.268994699
ANXA2,496.0,0.429738522,160.0,-2.645535,-0.888281496
ANXA5,1441.0,0.418050335,165.0,-1.080978,-0.405900422
AP1B1,1153.0,0.424070668,187.0,-0.700551,-0.022598995
AP1M1,914.0,0.463388599,173.0,-0.101898,0.058025575
APIP,427.0,0.433104693,127.0,0.522521,0.218307949
APOBEC3C,1979.0,0.381716897,103.0,-2.729989,-0.802514019
APOBEC3G,322.0,0.410940579,404.0,-0.634579,-0.793889097
APOL2,1195.0,0.42932248,477.0,-0.055074,-1.024531778
ARF6,2971.0,0.462806813,621.0,0.640343,0.321358874
ARFIP2,2430.0,0.403729309,291.0,1.570579,0.458863149
ARHGAP17,2624.0,0.371011524,117.0,-0.206107,-0.134680565
ARHGAP30,773.0,0.384451823,645.0,-0.783396,-0.604533916
ARHGEF10,1378.0,0.370244255,202.0,-1.895615,-0.613603545
ARID2,3145.0,0.362288628,128.0,0.618259,0.055395837
ARID3A,3881.0,0.411693449,290.0,0.300602,0.52521626
ARIH2,3112.0,0.397061561,878.0,-0.147253,-0.033445889
ARL8A,1065.0,0.409602486,171.0,-0.281496,-0.132357226
ARRB1,6041.0,0.39512759,224.0,1.350039,0.162160341
ASF1B,950.0,0.395794233,172.0,-0.160367,-0.892064671
ASS1,1357.0,0.394201053,356.0,-6.048871,-1.070691443
ATPAF1,3039.0,0.439253133,510.0,0.669148,0.227636535
ATRIP,162.0,0.417082642,462.0,0.290442,-0.296706687
AXL,1863.0,0.417061167,376.0,-2.086617,0.648720145
BAG1,2764.0,0.431693656,501.0,-1.201865,-0.547541433
BAG3,537.0,0.387438444,306.0,0.19119,-0.018813633
BASP1,971.0,0.520859146,259.0,-0.820771,1.115148606
BBS7,1531.0,0.408023089,184.0,0.232819,0.101110554
BCAT2,364.0,0.445598481,657.0,1.167314,0.255004573
BCKDHB,3082.0,0.419736544,88.0,0.224495,0.062210775
BCL2,5279.0,0.374049285,493.0,0.467876,0.124370257
BCL2L13,4109.0,0.411790332,769.0,1.03518,0.826941151
BID,4193.0,0.428633517,498.0,-2.954031,-0.374540816
BLVRA,3376.0,0.414260839,177.0,-0.38922,-0.219694067
BOLA2,40.0,0.43059393,513.0,-0.287196,0.182324957
BOLA3,383.0,0.406657227,38.0,-0.496711,-0.097537893
BRD2,787.0,0.377809737,2066.0,0.831762,0.303165387
BRD3,3285.0,0.401150236,188.0,-0.244564,0.134095573
BRI3BP,5801.0,0.359622664,143.0,0.730333,0.750329432
BSPRY,1091.0,0.380011644,48.0,-1.028612,-0.12396393
BST2,411.0,0.444557266,81.0,0.566737,0.448642203
BUB3,1535.0,0.421992618,242.0,-0.118979,-0.012250814
C1QB,152.0,0.436596666,340.0,-1.100536,1.016519592
C1QC,327.0,0.41150294,283.0,-1.057995,1.471163143
C2CD3,671.0,0.360398895,227.0,1.115271,0.921680779
C3,5088.0,0.430632158,93.0,-3.92835,0.407775409
CAP1,1134.0,0.406948565,416.0,-0.440281,-0.410066695
CAPN1,720.0,0.455130071,197.0,-1.114278,-0.036950818
CAPRIN1,5632.0,0.374918508,189.0,0.228491,-0.208516556
CAPZB,5180.0,0.446052528,622.0,-0.480439,-0.21986043
CARD16,437.0,0.41300235,27.0,-2.440402,-0.265020732
CARHSP1,4898.0,0.362100245,360.0,-1.64302,-0.112480764
CASC3,1778.0,0.370720542,295.0,0.905318,0.137858648
CASP1,750.0,0.424742838,44.0,-2.681923,-0.902528942
CASP8,1794.0,0.376118708,303.0,-1.808829,-0.537159775
CAT,629.0,0.397270122,89.0,-0.655602,1.808594636
CBL,8368.0,0.375957197,142.0,-0.180063,-0.038643998
CBLL1,3286.0,0.400851504,467.0,0.753286,-0.21030999
CBR3,54.0,0.445176236,228.0,-4.765765,-1.062108426
CBS,4385.0,0.477784031,626.0,0.888193,-0.92184967
CBX5,10815.0,0.390902295,318.0,0.834171,0.007697718
CBX8,2504.0,0.36735217,118.0,0.56409,0.225235109
CCDC115,2169.0,0.385110507,452.0,-0.192006,-0.075369442
CCDC125,2554.0,0.359965106,322.0,1.417713,0.581981961
CCDC58,2462.0,0.421830022,75.0,-0.301409,0.061727604
CCDC88C,1302.0,0.396031427,154.0,1.848154,0.310480147
CCL5,886.0,0.462166288,68.0,-1.973984,-0.890694228
CCNA2,1206.0,0.409154498,373.0,-0.802906,-0.431224743
CCS,4244.0,0.460896681,43.0,0.498393,0.310372655
CCT3,238.0,0.457984718,231.0,-0.023931,-0.326237332
CCT4,1361.0,0.393363555,164.0,-0.215864,-0.352293651
CD14,128.0,0.416321757,392.0,-1.374067,0.246045757
CD209,3046.0,0.440000747,67.0,-0.725337,0.355553271
CD36,2894.0,0.410517795,414.0,-2.412537,-0.321339185
CD40,982.0,0.429065654,90.0,-2.112923,-0.775970121
CD44,3115.0,0.39995987,434.0,1.477938,0.465722774
CD63,923.0,0.512738356,403.0,-0.879267,0.162660027
CD74,635.0,0.427357309,187.0,-2.132266,-0.192659262
CDC25C,437.0,0.364786128,387.0,-0.606627,-0.113861059
CDC26,271.0,0.395637029,359.0,-0.736341,-0.100500279
CDC34,560.0,0.46431386,199.0,-0.477566,0.26697701
CDCA3,816.0,0.351209268,820.0,-0.299143,0.526556114
CDCA8,1353.0,0.384295288,290.0,-0.125266,-0.457115574
CDIPT,1864.0,0.442654716,541.0,0.242316,0.918247248
CDK1,2313.0,0.398329505,154.0,-1.508538,-0.722168858
CDK2AP1,766.0,0.439144625,522.0,-0.449265,-0.086560033
CDK5RAP2,367.0,0.371069462,192.0,-0.716004,-0.216204034
CDK5RAP3,284.0,0.469750898,1791.0,1.061238,-0.137519002
CDKAL1,1365.0,0.417875209,167.0,0.35324,0.032479762
CDKN2AIPNL,3639.0,0.409801696,53.0,0.845322,0.453716941
CDKN2C,2247.0,0.381912025,1216.0,0.216965,0.484694812
CEBPD,1714.0,0.430497143,44.0,0.552955,-0.112383297
CENPH,1478.0,0.418392258,87.0,-0.603061,-0.205145988
CENPV,301.0,0.385948267,62.0,-2.291516,-0.57248017
CETN2,868.0,0.433727498,47.0,-0.28686,-0.203132803
CFL1,677.0,0.502791,234.0,-1.068472,-0.798210267
CHAC2,786.0,0.395629742,277.0,-0.584684,0.648250852
CHCHD4,3528.0,0.445497334,326.0,-0.153148,-0.113129377
CHMP4A,296.0,0.447100154,262.0,0.383285,-0.22837204
CHMP5,1241.0,0.442987983,200.0,0.88369,0.223661836
CHMP6,980.0,0.489861105,78.0,0.566863,0.646006551
CIAPIN1,1024.0,0.451663323,242.0,-0.396176,-0.318563882
CISD2,5376.0,0.433298698,107.0,0.951025,0.612449285
CKAP4,2872.0,0.386259817,84.0,-1.706961,-0.615413819
CKS2,300.0,0.317949998,98.0,-1.522865,-0.648500742
CLCC1,5185.0,0.369704467,150.0,0.204356,0.170303465
CLCN7,1698.0,0.459147749,110.0,0.967152,0.384725316
CLIC1,290.0,0.4571302,573.0,-0.580648,-0.46438362
CLK3,1233.0,0.4268607,461.0,-0.085806,0.433153726
CLPTM1,458.0,0.383990827,351.0,0.322097,0.200427106
CLTA,288.0,0.450950874,514.0,-0.080247,-0.260181758
CLTB,319.0,0.48548545,210.0,-0.48796,-0.109885363
CLTC,3104.0,0.384957863,443.0,0.882456,0.070978871
CNBP,6850.0,0.433298698,206.0,-0.021446,-0.399850227
CNPY2,123.0,0.392778455,553.0,0.166368,0.206850601
CNPY3,1042.0,0.459231502,584.0,-0.092858,-0.541562447
COG3,1967.0,0.414689223,142.0,-0.058908,-0.106488715
COMMD1,306.0,0.423842833,138.0,-0.498299,-0.033401022
COMMD3,431.0,0.360487018,35.0,-0.986919,0.219389466
COMMD5,498.0,0.445713337,399.0,0.877223,0.110388293
COMMD6,1375.0,0.396967837,328.0,-1.487483,-0.124967212
COMMD9,2340.0,0.418062772,89.0,-0.01585,-0.232108433
COPB1,446.0,0.381738818,307.0,0.615458,-0.367486107
COPE,165.0,0.478760693,55.0,-0.609058,-0.412222053
COQ6,671.0,0.374062527,159.0,1.316121,0.035257774
COQ7,5700.0,0.42379098,133.0,0.957768,0.292254922
CORO1A,112.0,0.457388252,435.0,-1.753247,-0.876729173
COX17,1735.0,0.484254073,86.0,0.08884,0.5790497
COX5A,860.0,0.429944966,140.0,-0.319686,0.052591374
COX7A2,302.0,0.441893926,98.0,0.297563,0.064738905
CPM,5262.0,0.406054343,75.0,0.897432,0.962078857
CPSF4,923.0,0.452412439,277.0,-0.13254,-0.311745736
CPT1A,2761.0,0.374132033,170.0,0.219605,0.282019229
CPT2,602.0,0.431256564,515.0,0.777869,0.174268297
CRCP,8457.0,0.390198146,145.0,0.297378,-0.414577268
CRKL,3904.0,0.422225684,509.0,1.125578,0.361508385
CRTAP,5601.0,0.446308827,120.0,-1.019996,-0.670399228
CRTC3,3205.0,0.355982524,186.0,-0.493966,-0.177069194
CRYL1,462.0,0.386242786,79.0,-0.71391,-0.069692183
CSRP1,1183.0,0.493833101,217.0,-0.924902,-0.338186496
CST3,2762.0,0.475763324,186.0,1.435888,0.853506253
CSTF2,1931.0,0.372934478,58.0,0.568639,0.015696768
CTBP1,800.0,0.464034004,393.0,0.366139,0.156874399
CTNNA1,1216.0,0.412513324,1103.0,-0.516913,0.376489746
CTNNB1,1106.0,0.432073699,448.0,-0.026703,0.723163897
CTNNBIP1,2448.0,0.394834327,307.0,-1.171283,-0.171461086
CTPS2,1870.0,0.416273085,744.0,-0.058038,-0.206026841
CTSG,119.0,0.369503415,37.0,-0.61446,0.348190669
CTSH,1072.0,0.446467856,1192.0,-0.316526,0.150888909
CUEDC1,2047.0,0.374410739,719.0,0.087076,0.072452168
CUX1,1040.0,0.395555213,127.0,1.335237,0.314771533
CXCL10,814.0,0.410287201,105.0,-0.891827,-0.829377257
CXCL9,2323.0,0.403736618,74.0,-2.40178,0.004057256
CYBB,2544.0,0.418993019,61.0,-1.286946,-0.091329234
CYP2S1,1051.0,0.420869286,58.0,1.063406,1.28069386
CYTH4,1837.0,0.406296106,377.0,-0.97018,0.058959699
DAB2,1757.0,0.368483127,531.0,-1.94429,-0.259139497
DAGLB,721.0,0.377719723,170.0,0.044227,0.028628058
DAP3,768.0,0.366492687,184.0,0.045695,0.210942756
DAPP1,2082.0,0.348655603,90.0,-3.152891,-0.783133139
DBI,233.0,0.467027529,479.0,-0.971056,-0.928469307
DCAF8,1877.0,0.380310979,212.0,0.590057,-0.086200298
DCP1A,4153.0,0.411936399,381.0,0.561013,0.127370967
DCPS,4731.0,0.375605648,329.0,-1.385327,-0.618471297
DCTN5,10597.0,0.443116252,177.0,0.317315,0.028737396
DDAH2,653.0,0.361046801,1104.0,-0.219958,-0.153091418
DDB2,1223.0,0.43604051,195.0,-0.450999,0.03276597
DDX23,713.0,0.445931172,91.0,0.675902,-0.196525298
DDX31,1870.0,0.361830896,544.0,0.442892,0.399658531
DDX47,438.0,0.379294484,22.0,0.188843,-0.017108307
DDX54,1704.0,0.467316231,28.0,-0.123782,-0.128340018
DDX56,586.0,0.438032149,643.0,0.290084,-0.071424492
DDX59,217.0,0.413095257,243.0,-0.069419,0.096184758
DHODH,3463.0,0.371608285,21.0,0.066819,0.093655934
DHPS,121.0,0.474111752,121.0,0.850554,0.450828026
DHX15,459.0,0.379133957,168.0,0.770506,0.417045501
DHX34,591.0,0.384465978,349.0,-0.135571,-0.277020695
DHX58,357.0,0.440330409,223.0,2.373552,0.52194944
DIABLO,719.0,0.425893605,1182.0,0.201471,0.65716989
DMAP1,63.0,0.471306,301.0,1.20712,0.300858832
DMXL2,1274.0,0.389901613,225.0,0.761098,0.276818862
DNAJA4,1736.0,0.398301408,169.0,1.3797,0.448713927
DNAJC14,1509.0,0.37755465,204.0,0.720993,0.283190591
DNAJC19,1326.0,0.403482491,259.0,0.191891,0.401437502
DNAJC25,1212.0,0.430964931,56.0,-0.949344,0.31988154
DNAJC8,969.0,0.416719859,33.0,0.033198,-0.306235061
DNM1,1255.0,0.393835111,116.0,-4.319261,-0.459989056
DNTTIP2,3564.0,0.408096853,58.0,0.301177,-0.177797674
DOCK11,3681.0,0.373818855,63.0,-0.053367,-0.207737566
DOCK2,524.0,0.446250827,52.0,-1.998054,-0.402688853
DOK2,438.0,0.384043737,481.0,-1.817884,-0.185971461
DPCD,197.0,0.459155016,389.0,-1.63567,-0.393001304
DPF2,2501.0,0.393394442,133.0,-0.549262,-0.412378675
DPH1,1310.0,0.448716064,341.0,0.64879,-0.169288534
DPH5,784.0,0.413363166,165.0,0.122451,-0.224240166
DPY30,562.0,0.438431353,279.0,0.21843,-0.014290604
DPYSL2,2472.0,0.430530829,431.0,-2.695947,-0.652314745
DRAP1,142.0,0.432809908,245.0,-0.74673,-0.186044352
DRG1,4594.0,0.444150091,131.0,-0.364616,-0.198188599
DSN1,5330.0,0.392894937,373.0,0.290281,-0.136704183
DSTN,2786.0,0.375776803,438.0,-0.244914,-0.495881767
DTX3L,3456.0,0.408848169,89.0,1.707868,-0.055658312
DUSP12,374.0,0.419884133,34.0,-0.503331,-0.168121669
DUT,1937.0,0.36471409,109.0,0.061588,-0.188018521
DYNLT1,514.0,0.420362019,78.0,-1.759172,-0.549607883
EBAG9,1437.0,0.39438748,402.0,1.347631,0.502343549
ECH1,191.0,0.389477111,85.0,-0.075207,0.123791868
ECHDC2,2269.0,0.400166641,752.0,1.031411,0.726468559
ECM1,322.0,0.43792189,199.0,-3.954179,-0.30160535
EEA1,5374.0,0.405861636,265.0,-0.329171,-0.258615996
EEF1A2,286.0,0.417272363,329.0,1.278975,0.544143315
EFTUD2,1331.0,0.444646836,398.0,0.879687,-0.087594454
EHD1,3363.0,0.446314898,447.0,-1.786631,-0.887918091
EIF2AK2,8063.0,0.394727306,557.0,1.282415,-0.209467679
EIF2B3,1058.0,0.383118637,239.0,0.119247,-0.176049708
EIF3F,5840.0,0.435728237,33.0,-0.291062,-0.244754757
EIF3L,1718.0,0.380710116,245.0,-0.553834,-0.264737455
EIF4A3,1120.0,0.381528282,222.0,0.508627,-0.043989863
ELAVL1,4910.0,0.437605432,167.0,0.010237,-0.138331739
EMG1,248.0,0.433768095,143.0,0.081977,0.116589908
EMILIN2,2605.0,0.379592019,159.0,-1.8322,0.190606339
ENDOD1,7728.0,0.376426787,118.0,-1.111012,-0.11238574
ENOSF1,2904.0,0.382279782,622.0,1.051532,0.847586727
ENY2,2576.0,0.41756619,146.0,0.32485,-0.298315158
EPSTI1,2106.0,0.391777705,469.0,-1.480073,-0.117949498
ERCC1,2342.0,0.45058755,188.0,-0.654681,0.405488411
ERCC6L,4809.0,0.354829683,623.0,-0.644166,0.031013819
ERH,415.0,0.383837906,71.0,0.266675,-0.151220394
ERLIN1,2041.0,0.444737514,478.0,-1.117826,0.023790252
ERP29,1277.0,0.401191178,118.0,-0.118223,-0.338257829
ETV6,4356.0,0.398240844,274.0,0.283331,-0.074259693
EXOC4,1232.0,0.388187525,35.0,0.047754,0.170624622
EXOC8,6907.0,0.436106501,127.0,0.794826,0.177998123
EXOSC1,536.0,0.430105347,451.0,-1.003242,-0.494706593
EXOSC2,3902.0,0.431273517,32.0,0.180435,-0.282231352
F8A1,571.0,0.46317284,15.0,0.189554,-0.042684674
FAAH,2043.0,0.384592892,82.0,1.120062,0.55176781
FAF1,4425.0,0.401181969,453.0,0.457146,0.038831444
FAM122A,4542.0,0.40477622,33.0,0.265934,0.237812527
FAM168A,6285.0,0.395008865,285.0,0.620771,0.165581292
FAM177A1,2165.0,0.411149627,459.0,0.52576,0.01575811
FAM192A,1824.0,0.379195199,1475.0,-0.134604,-0.307449046
FAM20B,4428.0,0.4357945,293.0,0.305869,0.561198415
FAM32A,1091.0,0.408676074,42.0,-0.262958,0.876663865
FAM50A,286.0,0.482889735,110.0,0.280742,-0.077352893
FBP1,248.0,0.397353747,331.0,1.697047,0.713928248
FBXL20,9338.0,0.383104745,254.0,1.095301,0.19855547
FBXO4,526.0,0.393825218,58.0,-0.095104,-0.05099825
FBXO6,503.0,0.42307306,166.0,-0.235991,-0.725534007
FCER1G,305.0,0.4202976,25.0,-1.284558,0.014626329
FCGRT,309.0,0.433069976,486.0,1.137081,0.20876281
FCHO1,270.0,0.372951657,283.0,-3.389212,0.870475335
FDPS,72.0,0.456397562,392.0,-0.354522,-0.421408627
FDXR,596.0,0.384661194,188.0,0.338113,0.216518523
FEN1,1340.0,0.407867196,413.0,-0.573894,-0.726978116
FERMT3,399.0,0.435119014,149.0,-1.252571,-0.263969799
FGD2,907.0,0.441856308,171.0,-1.10804,-0.049795531
FGFR1OP2,1663.0,0.396595515,353.0,0.622964,0.308613523
FGL2,3460.0,0.40966218,40.0,-1.905989,0.729195434
FKBP1A,1132.0,0.428443098,174.0,-0.888265,-0.352161588
FKBPL,24.0,0.377510344,270.0,-0.301044,-0.224615561
FLOT1,422.0,0.472159534,339.0,0.262727,0.607125648
FN3K,442.0,0.389857108,61.0,1.30565,0.746971626
FN3KRP,3667.0,0.380720834,50.0,1.113025,0.562568928
FOXJ3,3176.0,0.401878681,312.0,0.981633,0.311044928
FOXK2,3108.0,0.440496276,171.0,0.974365,0.270066827
FOXRED1,443.0,0.438630908,167.0,0.002975,0.032962592
FSCN1,1184.0,0.396100853,132.0,-2.232757,-0.337434377
FTH1,530.0,0.425357612,235.0,-0.567717,0.141012769
FTL,1031.0,0.428438948,199.0,-0.684518,0.21545605
FTSJ1,638.0,0.457521275,569.0,0.013315,-0.129024766
FTSJ3,698.0,0.388239396,646.0,0.601371,-0.159335323
FXN,6365.0,0.40465004,220.0,-0.871856,-0.75025478
GABARAPL2,564.0,0.431291441,136.0,0.577393,-0.3716164
GABPB1,1320.0,0.423118524,469.0,0.407609,0.343661081
GALK1,292.0,0.455574511,63.0,0.094765,0.125207983
GANAB,989.0,0.425909644,1027.0,-0.383993,-0.406545425
GAS6,315.0,0.393865445,183.0,-3.297486,0.607349038
GAS7,6619.0,0.423630168,311.0,-3.472908,-0.547377286
GBE1,708.0,0.404013874,283.0,-0.530165,0.019524724
GBP1,1735.0,0.42614962,220.0,-2.525571,-1.186702894
GBP2,5058.0,0.440134196,314.0,-1.992978,-0.81509763
GBP4,4106.0,0.42983554,116.0,0.475986,-0.563120008
GBP5,1753.0,0.421901204,537.0,-1.569655,-1.410303133
GCH1,2011.0,0.419329122,161.0,-1.536406,0.369113506
GGA2,5408.0,0.377812588,83.0,1.179071,0.402476646
GGCX,5211.0,0.417836117,106.0,0.187133,-0.380593511
GIGYF1,2212.0,0.443456438,1210.0,0.42839,0.220428192
GINS3,1415.0,0.387351931,208.0,1.602383,-0.293542153
GLA,1699.0,0.378726947,110.0,-0.025291,-0.70836455
GLE1,1357.0,0.383457083,114.0,0.200951,-0.026067382
GLRX,1188.0,0.430296645,211.0,-2.012087,-0.666668563
GLRX3,3557.0,0.41418463,539.0,-1.421107,-0.447781041
GLUD1,1558.0,0.392454008,1132.0,0.38826,0.405938689
GLYR1,2033.0,0.39940414,57.0,0.565022,0.222560182
GMEB1,4582.0,0.43446142,142.0,0.211759,0.440274303
GMPPA,198.0,0.434966364,375.0,-0.56909,-0.202017819
GMPR,3984.0,0.435743929,114.0,0.62033,0.647880137
GMPR2,464.0,0.453637396,704.0,0.488326,0.236166669
GNAI1,1947.0,0.435804474,356.0,1.925622,1.325156066
GNG7,3803.0,0.398730372,237.0,-0.881394,0.30355358
GNPDA1,1360.0,0.395964134,67.0,1.26971,0.426553778
GOLGA2,1243.0,0.401070546,13.0,-0.294441,-0.301840854
GON4L,926.0,0.418089888,175.0,0.360538,0.212801911
GOSR1,5968.0,0.408103421,237.0,1.402986,0.577899643
GOSR2,3258.0,0.374298057,541.0,0.646938,0.511584893
GOT2,1054.0,0.444803236,129.0,1.71687,0.824128112
GPS2,97.0,0.431122181,76.0,-0.34623,0.160692434
GPX7,626.0,0.395840774,39.0,-2.038827,-0.497102007
GRAMD1A,299.0,0.411657297,748.0,-0.193431,0.41477508
GRB2,2292.0,0.4413596,358.0,1.757885,0.495133205
GSTM4,2467.0,0.390909061,314.0,0.876305,0.076629233
GTF2A2,1070.0,0.420716795,404.0,-0.430188,0.045639956
GTF2E2,604.0,0.365750105,273.0,-1.963387,-0.4728366
GTF3C2,932.0,0.372227001,397.0,0.205557,-0.109606306
GTPBP1,2894.0,0.424954603,154.0,-0.230783,-0.262706799
GTPBP3,1032.0,0.436547413,95.0,0.257729,0.198973764
GTSE1,680.0,0.368527868,212.0,-1.402555,-0.732456858
HADH,818.0,0.383558671,219.0,-0.084913,0.199361313
HADHA,615.0,0.383558671,130.0,-0.726944,-0.272046292
HAUS5,3319.0,0.378752573,51.0,0.61327,0.013617741
HAUS8,346.0,0.37535995,111.0,-0.484066,-0.102036344
HCCS,1274.0,0.398607648,275.0,-0.242291,-0.025034424
HCK,337.0,0.440224323,364.0,-1.333531,0.300017007
HDAC1,591.0,0.390040122,63.0,1.378824,0.147340407
HDDC3,763.0,0.387287166,29.0,0.415613,0.586067779
HDGF,1342.0,0.465394593,322.0,-0.571825,-0.411359018
HDLBP,2343.0,0.397687311,375.0,-0.331301,-0.559225283
HEATR3,1385.0,0.384091545,883.0,-0.790678,-0.46193152
HEBP2,9119.0,0.359416339,297.0,-0.79593,-0.304911681
HECA,3704.0,0.443714129,285.0,-1.127762,0.002464571
HECTD3,3914.0,0.446742268,98.0,-0.35658,-0.28531562
HERC2,726.0,0.429958504,109.0,0.545791,0.042260624
HERC5,379.0,0.393838904,153.0,3.354619,1.090381419
HERC6,651.0,0.398146132,183.0,3.322724,0.332790176
HIP1,4874.0,0.430847644,52.0,0.838146,0.020327943
HLA-A,4150.0,0.424443523,84.0,-0.578871,-0.229243027
HLA-C,420.0,0.421684519,65.0,-0.87464,-1.0534884
HLA-DRA,409.0,0.420807891,109.0,-2.17093,-0.257210453
HLA-E,1459.0,0.413523771,126.0,-2.013281,-0.508198251
HLA-F,121.0,0.407256461,124.0,-1.634523,-1.765585343
HMBOX1,3560.0,0.369177113,482.0,-1.095375,4.006396415
HMBS,266.0,0.451934812,299.0,-0.506736,0.739469371
HMGB2,3775.0,0.450826504,193.0,0.391811,0.491009042
HMGCS1,3661.0,0.374424323,345.0,-0.50439,-0.993282709
HMOX1,616.0,0.436401717,107.0,0.095264,0.87868981
HNRNPA0,7504.0,0.386421138,284.0,-0.172072,-0.310425002
HNRNPD,1688.0,0.420386111,318.0,0.035247,-0.242377861
HNRNPL,1102.0,0.449817015,176.0,0.296874,-0.109226435
HNRNPU,4156.0,0.432126199,218.0,0.06298,-0.035325963
HNRNPUL1,2135.0,0.394022965,339.0,-0.350767,-0.162243397
HNRNPUL2,2674.0,0.436897081,229.0,-0.501362,-0.506406937
HSBP1,3274.0,0.4454546,174.0,-0.168105,-0.293823057
HSD11B1,4482.0,0.426649415,154.0,-5.250242,2.033627966
HSD17B7,398.0,0.431983247,99.0,0.067488,-0.306712707
HSP90AB1,313.0,0.39509298,251.0,0.596242,-0.257170685
HSPA1L,428.0,0.464100714,183.0,0.733813,0.977473392
HSPA4L,7877.0,0.413794867,342.0,1.947065,0.764938751
HSPB11,107.0,0.34538245,284.0,0.379747,0.223954294
HTRA2,571.0,0.421976635,602.0,0.000108,0.383535488
HTT,3901.0,0.373695076,145.0,0.843168,0.133252036
HUS1,2068.0,0.374612864,131.0,0.635843,0.351723144
HYI,310.0,0.378597605,196.0,-0.644329,-0.039643204
HYOU1,1409.0,0.403839016,234.0,0.159842,-0.852441299
ICAM1,1537.0,0.426062071,319.0,-3.325412,-1.031034221
IER3IP1,3342.0,0.438740024,97.0,0.537337,0.808476126
IFI16,254.0,0.415211655,290.0,-3.126586,-0.857510919
IFI30,213.0,0.431523306,62.0,-1.038144,-0.402793156
IFI35,160.0,0.418462024,223.0,1.465614,-0.422263488
IFI44,267.0,0.403888008,124.0,2.554989,-0.255675073
IFI44L,5058.0,0.403608012,200.0,2.991851,-0.156587414
IFIH1,121.0,0.412344512,377.0,1.363446,-0.235722205
IFIT1,2775.0,0.411248073,495.0,3.410544,-0.363337945
IFIT2,1901.0,0.420797646,175.0,1.404921,-0.490412759
IFIT3,843.0,0.417440574,529.0,1.592339,-0.694083065
IFIT5,2354.0,0.414819429,231.0,1.202984,-0.054584651
IFITM1,159.0,0.431550176,180.0,1.175933,0.177561276
IFT27,109.0,0.4030938,426.0,0.545173,0.207521296
IGFBP3,1605.0,0.43060006,132.0,-1.1114,0.186334292
IGFBP7,558.0,0.392734536,34.0,-1.931825,-0.234534217
IL16,3965.0,0.367979445,2395.0,-2.332481,-0.56379047
IL1RN,1145.0,0.411881061,408.0,0.739038,0.097078926
IL4I1,16.0,0.4139018,621.0,-0.469456,-0.398571999
ILF2,656.0,0.426220446,239.0,-0.22309,-0.000990451
IMPA2,2898.0,0.383680893,242.0,-1.953971,-1.054067327
INO80,5209.0,0.374025479,351.0,0.362695,0.501948677
INPP1,263.0,0.395712795,700.0,-1.401273,-0.177691041
INPP5D,1195.0,0.436077769,512.0,-1.983273,-0.344019779
INSR,4801.0,0.380857973,411.0,1.413865,0.74666557
IPO5,2508.0,0.381335948,180.0,-0.878539,-0.086347325
IRF8,1327.0,0.384714127,507.0,-1.915176,-0.413095545
IRF9,369.0,0.432057622,127.0,1.858638,0.192924429
IRGQ,7659.0,0.399674011,156.0,0.120197,-0.265739855
ISCU,607.0,0.454630229,1331.0,-0.048754,0.009820561
ISG15,62.0,0.419522688,77.0,2.633945,-0.176013428
ISG20,952.0,0.419932377,2368.0,-0.875531,-1.297554874
ISOC1,1056.0,0.418535314,18.0,1.788445,0.507706335
ITGB2,415.0,0.457304004,395.0,-1.833545,-0.120936777
ITPKB,2981.0,0.440250717,340.0,0.249755,-0.241671207
ITPRIP,5382.0,0.396785481,453.0,-3.241054,0.479762635
JUNB,496.0,0.414023332,276.0,-2.38885,-0.455113692
JUP,157.0,0.458302936,298.0,0.378183,-0.109860084
KANK2,2291.0,0.394238955,361.0,-1.384597,-0.39291121
KARS,4202.0,0.383913431,144.0,-0.765663,-0.443169825
KDM1A,327.0,0.428444011,149.0,-0.241142,-0.178382476
KDM2A,3716.0,0.372295488,864.0,0.383972,-0.021164423
KDM2B,2488.0,0.393022165,407.0,0.285294,0.336427843
KDM3B,1327.0,0.37791414,200.0,0.66113,0.190326777
KDM4A,1148.0,0.378142374,166.0,0.417017,-0.102799279
KHSRP,1024.0,0.456900489,110.0,0.158387,-0.014783677
KIAA2013,727.0,0.385456054,191.0,-0.333315,-0.358180466
KIF20A,757.0,0.371463873,496.0,-1.066978,-0.55231431
KIF22,75.0,0.392489541,388.0,0.169329,-0.190467952
KIF2C,588.0,0.387865377,395.0,-0.366633,-0.349082502
KIF3B,3792.0,0.390782105,180.0,1.299537,0.430227788
KIF5B,3198.0,0.418236129,470.0,0.601163,-0.09543677
KLHL7,3616.0,0.41595405,521.0,0.440557,-0.05629505
KTI12,594.0,0.370414154,39.0,0.459837,-0.128931729
LAMP1,1311.0,0.390985106,281.0,-0.417876,0.179069212
LANCL2,2422.0,0.433733517,578.0,-0.12407,-0.276822907
LAP3,503.0,0.426841798,162.0,0.603536,-0.19797257
LDHD,1826.0,0.398770776,52.0,0.702348,0.437930045
LENG1,560.0,0.445950324,48.0,0.193825,0.296912218
LGALS3,159.0,0.420172221,88.0,-4.400644,-0.765064542
LGALS3BP,1225.0,0.419930622,179.0,0.795678,0.213524886
LGALS9,641.0,0.410654931,118.0,-1.785148,-0.403619165
LIN54,4893.0,0.441729058,383.0,0.631994,0.291692588
LPCAT1,2228.0,0.380803123,133.0,-0.20638,0.419815299
LPXN,1776.0,0.432350833,254.0,-0.410958,-0.830042933
LRPPRC,2376.0,0.377375074,58.0,0.099867,-0.018226342
LRRC25,843.0,0.434491636,642.0,-0.974055,-0.075487156
LRRC41,465.0,0.438391248,44.0,0.011729,0.273437452
LRRC59,1755.0,0.423067849,236.0,0.092556,-0.569635826
LSM1,486.0,0.409616526,410.0,0.515681,-0.20599659
LSM6,1871.0,0.435100303,139.0,-0.505457,-0.203212904
LTA4H,391.0,0.355044638,145.0,0.134042,0.030514723
LYN,4058.0,0.418972994,282.0,-1.676388,-0.405898816
LYPLAL1,1137.0,0.3973742,157.0,0.26286,0.286609861
LYRM4,6830.0,0.366844497,217.0,-0.990212,-0.216148062
LYSMD2,596.0,0.394037378,501.0,0.12876,-0.086134839
M6PR,1457.0,0.379162834,275.0,0.774904,0.532425568
MAD2L1,4528.0,0.407191351,124.0,0.099943,-0.039375267
MAFB,2032.0,0.405989564,390.0,-0.512166,0.85878514
MAGED2,327.0,0.466698843,233.0,2.407863,1.049315782
MAGOH,153.0,0.416054235,162.0,-0.086709,-0.119344259
MAN2B1,128.0,0.381728903,76.0,-1.343439,-0.32321231
MANF,717.0,0.420319188,97.0,-0.873294,-0.928213869
MARCKSL1,768.0,0.468216312,206.0,0.22503,0.354632873
MAX,2676.0,0.337149475,479.0,0.587251,0.11920933
MBD2,3723.0,0.420256858,229.0,-0.874138,-0.449524777
MBP,4041.0,0.393290432,264.0,-1.524969,-0.357476626
MCM2,662.0,0.460999542,110.0,0.512075,-0.21819007
MCM4,2618.0,0.371821308,942.0,0.734372,-0.338538605
MCM5,3214.0,0.470488076,94.0,-0.176392,-0.354135812
MDC1,658.0,0.415783633,440.0,0.089789,-0.110474734
MDH1,210.0,0.381672323,435.0,0.008582,-0.067505804
ME1,1535.0,0.411214685,265.0,-1.448509,-0.307513466
ME3,171.0,0.395156177,377.0,0.662152,0.886887682
MECR,1365.0,0.445670958,612.0,0.308479,0.231449319
MED17,2631.0,0.366528813,275.0,-0.561199,-0.038265024
MED19,934.0,0.439623042,93.0,0.191594,-0.161823633
MED29,4550.0,0.464327351,57.0,0.862302,-0.005788786
MEN1,824.0,0.454590692,504.0,-0.38466,0.241715666
METTL13,961.0,0.396264071,347.0,0.297561,-0.274869867
MGST3,1295.0,0.374563048,428.0,-1.893784,-0.380042624
MIF4GD,787.0,0.397877071,137.0,0.441435,-0.08118285
MINK1,774.0,0.455972684,525.0,-0.478173,-0.132202424
MIS12,1334.0,0.420723459,745.0,-0.217265,-0.064434017
MLEC,5319.0,0.43043384,173.0,0.567989,-0.016721752
MLLT10,2252.0,0.36295117,1568.0,-0.123501,0.743039879
MMADHC,5382.0,0.406207656,205.0,0.014188,-0.051958431
MMGT1,4451.0,0.406300672,388.0,1.031426,0.473932457
MMP1,502.0,0.392399458,189.0,-3.869859,-0.251555549
MMP14,1722.0,0.419367787,285.0,-4.080848,-0.89998821
MMP9,193.0,0.404253633,19.0,-2.338255,-0.954937774
MORC3,2052.0,0.406702124,375.0,-0.049888,-0.287858938
MORF4L1,1066.0,0.420719378,454.0,-0.27328,0.022501385
MOV10,619.0,0.412681236,1415.0,0.344689,-0.184133521
MPDU1,797.0,0.440676037,216.0,-0.493481,-0.19511901
MPHOSPH10,87.0,0.404440607,352.0,-0.203299,-0.14266195
MRI1,2018.0,0.459301832,75.0,-0.663312,-0.15170001
MRPL13,1075.0,0.395373051,313.0,0.857203,0.214331392
MRPL15,1888.0,0.407701507,63.0,1.250767,0.152266318
MRPL16,212.0,0.368940255,214.0,0.311973,0.176904184
MRPL17,6554.0,0.424450505,105.0,0.342418,0.088128931
MRPL2,580.0,0.458698472,164.0,-0.429433,0.044736903
MRPL20,187.0,0.445765675,96.0,0.110935,0.180896452
MRPL21,55.0,0.417448467,293.0,0.394186,0.10554163
MRPL27,2133.0,0.436300758,31.0,0.348671,0.039192088
MRPL40,113.0,0.406843086,653.0,0.929988,0.280930265
MRPL46,1889.0,0.422788385,25.0,0.135869,0.254605773
MRPL48,1284.0,0.368940255,212.0,-0.028844,0.244692355
MRPL51,2069.0,0.35376587,169.0,-0.128619,-0.214507936
MRPL53,198.0,0.441261883,155.0,0.6598,0.110340234
MRPL9,407.0,0.432679379,437.0,-0.26373,0.41136188
MRPS11,2793.0,0.477818717,1491.0,-0.157818,0.171096376
MRPS15,468.0,0.440649404,164.0,0.451411,-0.04650071
MRPS17,1334.0,0.413812124,30.0,-0.019971,-0.083835663
MRPS18B,936.0,0.408462865,157.0,0.27353,-0.040410117
MRPS36,933.0,0.3748339,84.0,0.767207,0.168481347
MRPS7,453.0,0.455992019,233.0,1.207657,0.203429738
MSI2,5168.0,0.366385762,173.0,1.226683,0.213396964
MSTO1,694.0,0.421389639,1152.0,0.121952,-0.281038018
MT2A,316.0,0.576670685,123.0,-0.257843,-0.634731566
MTA2,684.0,0.459443446,761.0,-1.022524,-0.34480028
MTFMT,1550.0,0.414190941,26.0,-0.191562,-0.155507044
MTHFS,1663.0,0.434592403,179.0,0.11645,-0.155645256
MTMR1,2442.0,0.424163835,319.0,0.35589,0.190741407
MTMR14,421.0,0.371137969,151.0,-0.039626,-0.095652048
MVP,50.0,0.435053297,193.0,-0.147635,-0.438931789
MX1,456.0,0.433488503,982.0,3.806796,0.171146875
MX2,1812.0,0.430094961,104.0,0.116289,-0.872135599
MYADM,2833.0,0.384589896,681.0,-1.04655,0.369235691
MYCBP,3972.0,0.381803634,73.0,-0.278721,-0.181026117
MYL12A,812.0,0.453450746,478.0,-0.934002,-0.460928783
MYO18A,3647.0,0.395788337,484.0,0.978931,-0.004543422
MYO9B,1401.0,0.398943925,152.0,-0.378754,-0.123222641
N6AMT1,5137.0,0.427535625,28.0,0.243303,-0.180814225
NAA40,3212.0,0.389371031,261.0,-0.136795,0.13294305
NADK,1672.0,0.3959688,563.0,-0.08312,-0.816779657
NADSYN1,464.0,0.447848979,126.0,0.200251,0.444359343
NAGK,1297.0,0.42527382,474.0,-0.695749,-0.536758213
NANS,37.0,0.458552255,132.0,-0.868374,-0.537054957
NAPA,1862.0,0.477781443,318.0,0.353441,0.033639195
NAT10,4915.0,0.387474071,245.0,1.179018,0.48981931
NBAS,140.0,0.414580543,44.0,0.334752,-0.066900808
NCALD,2767.0,0.374888213,460.0,-2.240815,-0.816071031
NCAPD3,2971.0,0.431957579,606.0,-0.130746,0.137862542
NCAPG2,3501.0,0.41630572,200.0,0.024172,-0.228952725
NCF1,2381.0,0.415579251,70.0,-1.176148,-0.484744957
NCK2,1267.0,0.457831152,276.0,-1.906578,-0.680552833
NCKIPSD,4981.0,0.449411541,126.0,-0.109119,0.114836417
NCOA5,1332.0,0.416761948,402.0,0.257135,0.087885153
NCOA7,3259.0,0.404217869,470.0,-0.930392,-0.360161062
NDC80,61.0,0.356199389,182.0,-1.087246,-0.684881619
NDRG2,841.0,0.376266446,941.0,-0.548073,-0.775130345
NDUFA4,1685.0,0.439642808,129.0,-0.267766,0.278559034
NEU1,667.0,0.413226082,156.0,1.102197,-0.290999024
NFATC2IP,3242.0,0.412267479,15.0,0.254571,-0.563368921
NFKB1,708.0,0.4099683,467.0,-0.554354,-0.389032229
NFKB2,153.0,0.424806573,563.0,-1.203171,-0.708732008
NFKBIE,1053.0,0.409138176,25.0,-0.796825,-0.408911462
NGDN,1255.0,0.423783924,27.0,0.455775,0.083194907
NGRN,1679.0,0.414477409,50.0,0.470585,-0.529867433
NINJ1,5217.0,0.455972644,71.0,-0.326048,0.048477292
NIP7,1593.0,0.443769116,318.0,-0.058926,-0.359235061
NIT2,2351.0,0.432361565,74.0,-0.542258,-0.424849318
NMNAT3,2689.0,0.397393877,1228.0,-1.166771,-0.09939739
NMT1,3377.0,0.454689408,31.0,1.218301,0.476801191
NONO,1092.0,0.432928506,710.0,0.207145,-0.013571106
NOP14,912.0,0.38067473,187.0,0.471142,0.187714761
NOP2,785.0,0.393538298,198.0,0.127473,-0.595632319
NOTCH2,6062.0,0.409327653,297.0,-0.562027,-0.261995579
NPTN,1068.0,0.388989686,197.0,0.145735,0.074801163
NR2C2,6271.0,0.390767743,362.0,0.591139,0.399861429
NRBF2,883.0,0.43605128,224.0,-1.113987,-0.606550879
NRF1,1901.0,0.447602651,500.0,0.056935,0.230818606
NRGN,833.0,0.413631862,152.0,-1.678638,-0.206372441
NRP1,3846.0,0.416817106,523.0,-1.878969,0.036677001
NSFL1C,1587.0,0.42738001,868.0,0.343625,0.155636739
NSMAF,602.0,0.358586884,214.0,0.548666,0.333546188
NTAN1,178.0,0.344459601,320.0,-1.779437,-0.350126036
NUBP1,246.0,0.455923678,142.0,-0.45244,-0.06147393
NUCKS1,5461.0,0.359398328,271.0,0.004148,-0.461631406
NUDC,716.0,0.476401948,127.0,0.151401,-0.372530485
NUDT16,5489.0,0.428387545,75.0,0.539414,0.252718145
NUMA1,663.0,0.474508115,436.0,1.252044,0.529153169
NUP93,5678.0,0.382018893,495.0,-0.484117,-0.112770493
NXF1,2943.0,0.375826754,136.0,-0.611654,-0.035133969
OCIAD2,4872.0,0.363821488,322.0,-0.456618,0.124400034
OGDH,1071.0,0.396078149,159.0,-0.112602,-0.029385745
OPA3,7233.0,0.475004358,100.0,-0.027724,0.211312435
OSBPL2,2363.0,0.383456763,571.0,0.381998,-0.254505942
OSBPL5,1099.0,0.381371042,158.0,-1.094439,0.144240637
OVCA2,792.0,0.429983078,65.0,-0.17647,-0.290162861
P2RX4,573.0,0.442596273,304.0,0.725826,0.757457682
PAAF1,509.0,0.376143366,341.0,0.983387,-0.298644891
PACSIN2,1591.0,0.413490434,405.0,0.043915,-0.473949743
PARK7,451.0,0.457171775,163.0,0.033426,0.03575839
PARP1,769.0,0.460215809,171.0,0.320695,-0.099396104
PARP10,332.0,0.422654659,200.0,2.437586,0.440285522
PARP12,816.0,0.416480622,874.0,1.059845,0.113933163
PARP14,2243.0,0.414355918,59.0,2.247525,-0.134112488
PARP9,451.0,0.418102187,327.0,2.338021,0.201379478
PARVG,2043.0,0.383803232,484.0,-1.784415,-0.125384224
PBK,750.0,0.413339119,464.0,-1.299658,-0.678548417
PCNA,338.0,0.425000199,239.0,0.20821,-0.052105464
PDAP1,2007.0,0.464659554,134.0,-0.359032,-0.418997175
PDCD2,155.0,0.440448783,111.0,-0.896336,-0.238290567
PDCD2L,48.0,0.433436103,33.0,-0.329291,-0.372949827
PDCD6IP,3211.0,0.388727459,158.0,0.251455,0.059799483
PDHA1,2054.0,0.402514578,145.0,0.097986,0.09259252
PDHB,2974.0,0.442593378,43.0,-0.187616,0.078851069
PDLIM1,357.0,0.379179626,233.0,-3.909889,-0.874188875
PDXDC1,2055.0,0.375670185,335.0,0.118858,-0.393831804
PDXK,6244.0,0.398158884,198.0,-0.471879,-0.262056621
PEBP1,796.0,0.360152166,326.0,0.122607,-0.07249639
PEF1,769.0,0.441759403,424.0,0.969932,0.250130465
PELO,5222.0,0.385240523,985.0,0.444876,-0.143675658
PEPD,395.0,0.450896903,133.0,0.08157,0.386221914
PEX16,585.0,0.43213601,312.0,0.430638,0.970425259
PEX6,946.0,0.370078344,93.0,-0.234403,-0.073781677
PEX7,2294.0,0.407005497,102.0,0.560785,0.093440667
PFDN5,124.0,0.497062947,117.0,0.180082,-0.347288146
PFDN6,574.0,0.470152145,222.0,-0.002264,-0.390145845
PGM1,570.0,0.393980016,681.0,-0.448649,-0.271874366
PHB,988.0,0.45268542,190.0,0.657829,0.056859395
PHF10,104.0,0.365149381,79.0,-0.889565,-0.033184065
PI4K2A,2692.0,0.385068362,57.0,-0.646559,0.254143535
PIAS1,3626.0,0.396022529,741.0,0.774882,-0.186546255
PIGH,1430.0,0.434471606,98.0,1.091354,0.294637988
PIK3AP1,3866.0,0.407313024,128.0,-1.107043,-0.532323345
PIR,205.0,0.385796208,485.0,0.070181,-0.274248468
PITPNC1,4686.0,0.369070722,874.0,-2.328878,-0.84463702
PLAUR,323.0,0.418467601,226.0,-2.458819,-0.050489507
PLCB2,818.0,0.468984469,301.0,-1.517047,-0.277422487
PLCG1,3987.0,0.454806205,121.0,-0.061412,-0.070099268
PLD4,273.0,0.377985619,192.0,-1.699615,-0.125795835
PLEKHO1,5192.0,0.424698037,839.0,-2.385043,-0.077120967
PLEKHO2,2119.0,0.429714475,134.0,-1.070334,-0.237481895
PLSCR1,10376.0,0.415598704,388.0,0.772137,0.715910709
PML,3324.0,0.431306474,140.0,-0.936712,-0.560859096
POLR1C,1131.0,0.439933821,86.0,-0.212064,-0.36386937
POLR1D,1469.0,0.427162265,456.0,-1.065063,-0.469202325
POLR2F,1600.0,0.47244007,250.0,0.137017,-0.166896782
POLR2H,1065.0,0.427596015,1167.0,-0.627904,-0.121149293
POLR3H,3481.0,0.444306047,388.0,-0.200753,0.372589815
POLR3K,1023.0,0.473025152,46.0,1.376801,-0.21995677
PPA2,660.0,0.432735716,20.0,-0.319439,0.048967087
PPIE,4556.0,0.446406574,56.0,-1.043646,-0.201317739
PPIL1,1921.0,0.453832883,252.0,-0.271326,-0.134666793
PPP1R14B,282.0,0.457456004,268.0,-2.978723,-0.156871008
PRC1,1136.0,0.367783806,234.0,-0.523262,-0.507776488
PRCC,357.0,0.381841119,290.0,-0.40067,-0.469328015
PRDX1,303.0,0.414090753,341.0,0.099046,-0.436085839
PRDX6,944.0,0.433706552,51.0,-0.619978,0.363909948
PREB,658.0,0.378530018,403.0,0.202695,0.233807889
PREP,579.0,0.425974009,233.0,-0.220865,-0.437625473
PRG4,784.0,0.366727173,51.0,-4.175031,0.567320006
PRIM2,1166.0,0.350864643,125.0,-0.091573,-0.215363604
PRKAB1,1305.0,0.365943644,289.0,0.659081,0.150439355
PRKAR2A,5019.0,0.427443141,254.0,-0.031238,-0.090414727
PRKCB,5795.0,0.38010529,197.0,-2.986259,-0.266150928
PRKCD,451.0,0.404392693,469.0,0.511647,0.067174182
PRKRA,683.0,0.420894136,659.0,-0.94958,-0.689621667
PRKRIP1,3224.0,0.453589322,55.0,0.035903,0.063980759
PRMT5,393.0,0.386451423,508.0,0.698007,0.544738653
PRMT7,3655.0,0.450088803,850.0,-0.456623,0.135311415
PROCR,549.0,0.357872186,218.0,0.252875,0.069054554
PRPS1,3908.0,0.466551451,409.0,0.104588,0.555994781
PRPSAP1,2056.0,0.390811115,688.0,0.360285,-0.036128814
PRRC1,3173.0,0.409170839,188.0,0.246881,-0.242036014
PSMA5,2997.0,0.446573967,225.0,0.030479,-0.271529989
PSMA6,187.0,0.423632682,445.0,-0.001806,-0.395321467
PSMB10,58.0,0.455018511,128.0,-1.142461,-0.532655722
PSMB2,3775.0,0.389848815,412.0,0.039035,-0.052145189
PSMB8,242.0,0.411206622,522.0,-0.169352,-0.449573779
PSMB9,5497.0,0.431095699,69.0,-1.131984,-0.422014515
PSMC3,66.0,0.485654947,194.0,0.238336,-0.038003646
PSMD11,2567.0,0.390095635,61.0,0.652745,-0.11713397
PSMD13,384.0,0.437236365,242.0,0.358045,0.158968129
PSMD8,450.0,0.458928351,52.0,-0.245263,0.21408238
PSME2,53.0,0.443656162,65.0,0.431071,-0.056514548
PSMG1,5308.0,0.427553471,578.0,-0.511045,-0.461370416
PSTPIP2,1923.0,0.429639796,96.0,-1.348147,-0.563562732
PTBP1,1504.0,0.473818895,106.0,-0.059861,0.132781102
PTDSS1,3765.0,0.367954205,423.0,0.910432,0.504938504
PTGS1,3346.0,0.37260918,633.0,-0.739319,-0.200753185
PTP4A1,3419.0,0.421202001,1153.0,-0.432317,0.013478167
PTPMT1,1899.0,0.450492628,193.0,0.313151,0.356905275
PTPN18,2185.0,0.381656528,101.0,-0.157965,-0.495700434
PTPN7,1593.0,0.440747449,781.0,-2.359402,-0.180992464
PTPRE,2994.0,0.426620112,1843.0,-2.471592,-0.116355236
PTPRF,4571.0,0.452810321,356.0,1.001903,0.487302854
PTRH2,3186.0,0.370743372,1544.0,0.122007,-0.299001768
PWWP2B,819.0,0.424412275,29.0,-0.724553,-0.306457038
PYCR2,578.0,0.474148407,230.0,0.464717,0.114831394
PYGL,175.0,0.392036998,127.0,1.337384,0.472332297
QARS,97.0,0.458996209,396.0,-0.713888,0.145185998
RAB11FIP1,4277.0,0.380614122,56.0,1.63857,-0.30252091
RAB12,1120.0,0.38483812,283.0,-0.374674,0.277648421
RAB21,5246.0,0.435367738,267.0,0.301761,-0.062141345
RAB31,3231.0,0.437498832,175.0,-2.606897,-0.441963612
RAB35,2172.0,0.408841719,189.0,0.160816,0.432134954
RAB7A,1376.0,0.419395127,232.0,0.205048,0.25329323
RAB8B,4163.0,0.425956778,96.0,-0.524277,0.146028854
RAB9A,1716.0,0.417525007,283.0,-0.913761,-0.154245973
RABGGTA,77.0,0.387342734,512.0,0.645189,0.250930503
RABGGTB,440.0,0.409412379,78.0,1.157929,0.663449188
RABIF,4760.0,0.447399225,159.0,-0.572411,-0.219232635
RACGAP1,1895.0,0.366370127,354.0,0.340404,0.064128715
RAD9A,924.0,0.444046557,185.0,0.195166,0.028455749
RAE1,1112.0,0.432613552,365.0,0.215026,-0.169977236
RAI1,1472.0,0.455620822,469.0,-0.814648,-0.221214612
RAN,2043.0,0.442855294,361.0,0.045844,-0.004940675
RANBP10,3359.0,0.379453562,1256.0,0.360233,-0.225836607
RANGAP1,3145.0,0.481547647,765.0,-0.050022,-0.422484227
RAPGEF1,2727.0,0.425793135,159.0,-0.757198,-0.330141056
RARS,114.0,0.423508657,41.0,0.319532,0.112675461
RASGRP4,985.0,0.374724859,214.0,-1.022515,0.433436072
RBBP4,6506.0,0.404056961,164.0,0.485474,-0.468028766
RBBP5,3098.0,0.421849625,474.0,0.423228,0.036220994
RBKS,251.0,0.392307233,1371.0,0.495913,0.131141036
RBM12,3599.0,0.375183789,304.0,0.472378,-0.050445103
RBM14,3443.0,0.468008211,139.0,0.244801,0.086419662
RBM4B,5277.0,0.396841232,170.0,0.151534,-0.490996467
RBMX,1201.0,0.353737079,210.0,-0.051827,0.038911423
RBPJ,4223.0,0.4178224,518.0,0.40119,0.437328244
RBX1,821.0,0.46562919,52.0,-0.581215,0.077324016
RC3H1,7637.0,0.410085914,87.0,0.500068,0.106560218
RCCD1,1773.0,0.374130224,280.0,-0.473489,0.323536094
RCOR1,4070.0,0.439565312,228.0,0.392192,-0.169630326
REEP4,591.0,0.460338979,469.0,-1.878493,-0.698316482
REEP5,2962.0,0.457536941,144.0,0.849026,-0.463897845
RELB,408.0,0.418226182,131.0,-1.20081,-0.423187608
REPIN1,2683.0,0.45080531,489.0,0.347079,0.319610449
RFC4,89.0,0.411167541,282.0,-0.306723,0.180862017
RFK,1882.0,0.429285662,357.0,0.676794,-0.451395503
RFX5,1546.0,0.386685917,221.0,0.567346,0.034300488
RFXAP,1850.0,0.421314391,156.0,-1.504227,0.038865851
RHBDF2,740.0,0.423256567,294.0,-0.155474,0.337705183
RHOT2,568.0,0.454546166,881.0,0.397971,0.390422481
RINL,1279.0,0.357351373,413.0,-0.018748,0.60185456
RNASE2,179.0,0.384567964,71.0,-2.136979,-0.04789793
RNASEH1,4369.0,0.404567903,700.0,-0.089057,0.502533501
RNASEH2B,3930.0,0.37625722,399.0,-1.033528,-0.126352935
RNASET2,1070.0,0.374792559,407.0,-1.927745,-0.294059318
RNF114,1751.0,0.459950313,36.0,0.102886,-0.6017714
RNF167,289.0,0.375291206,776.0,0.018852,0.438032957
RNF20,5226.0,0.396317502,92.0,-0.050308,-0.103616041
RNF213,5288.0,0.417718743,150.0,1.87746,0.092199707
RNF216,2819.0,0.430061571,259.0,-0.005338,0.487515762
RNF25,102.0,0.375620157,88.0,0.20573,0.023000036
RNF31,88.0,0.389352607,358.0,0.869459,0.038674478
RNLS,1252.0,0.416402283,135.0,-1.044525,-0.294965292
RNMT,4581.0,0.415128602,241.0,0.2119,-0.261151412
RNPEP,463.0,0.447181346,896.0,-0.293036,-0.009950017
RP9,437.0,0.42869019,18.0,-0.499813,-0.66954723
RPA1,2907.0,0.381710028,170.0,-0.311712,-0.440952615
RPA2,639.0,0.400070522,793.0,0.315891,-0.293150157
RPAIN,471.0,0.394698889,570.0,0.07636,0.503392202
RPL11,461.0,0.442317923,45.0,-0.318295,-0.645105292
RPL14,5208.0,0.496792394,133.0,-0.720314,-0.055458694
RPL23,3146.0,0.464880603,90.0,0.256502,-0.339080161
RPL26,53.0,0.427802183,389.0,-0.846955,-0.173202139
RPL31,1260.0,0.451994935,87.0,-1.14192,-0.233277931
RPL34,1350.0,0.436455219,198.0,-0.586787,-0.005641713
RPL5,1058.0,0.451564158,75.0,-0.503857,-0.673823905
RPL7,1077.0,0.460258279,707.0,0.219199,-0.124476259
RPS11,373.0,0.483080585,92.0,-0.72408,-0.556966367
RPS24,4247.0,0.430653047,142.0,-1.541852,-0.090804014
RPS25,109.0,0.467193878,63.0,-1.347031,-0.734545897
RPS27A,743.0,0.450449292,321.0,-0.822334,-0.659081492
RPS3A,306.0,0.426765211,80.0,-0.255049,-0.453697745
RPS4X,629.0,0.442998752,96.0,-1.355768,-0.384390319
RPS6,2723.0,0.413925579,42.0,-0.890895,-0.204054787
RPS6KA1,828.0,0.389798854,163.0,-1.572276,-0.530347546
RPS6KA4,735.0,0.38455359,226.0,-1.113971,-0.164465767
RPS7,66.0,0.428822459,109.0,-0.751619,-0.445049272
RPTOR,2341.0,0.385169267,805.0,2.482384,0.602131121
RREB1,3012.0,0.456825357,492.0,-0.082685,-0.02910235
RRM1,2304.0,0.437568848,689.0,0.330949,-0.375838555
RRP8,5071.0,0.446233376,148.0,0.375335,0.054176797
RRS1,978.0,0.468289248,104.0,1.070942,-0.017668499
RTN3,1690.0,0.358048129,187.0,-0.707346,-0.422953232
RTN4IP1,1108.0,0.372133716,477.0,0.133533,-0.422072567
RUNX1,4334.0,0.416076551,1578.0,-4.822986,-0.369238338
RUNX3,2611.0,0.405217602,439.0,-3.605355,-0.159795036
RWDD1,6365.0,0.401367905,746.0,-0.61959,-0.301628551
S100A8,71.0,0.444112716,170.0,-3.739221,-1.819263194
S100A9,189.0,0.439508357,43.0,-3.82982,-2.14673556
SAMD9,1815.0,0.395660052,270.0,1.281712,-0.075060349
SAMD9L,1162.0,0.396305952,1248.0,-0.012112,-0.466316178
SAMM50,150.0,0.345249646,197.0,-1.160211,0.389770763
SAMSN1,684.0,0.407246581,430.0,-1.428487,-0.18932608
SAP18,1754.0,0.427429047,39.0,-0.216472,-0.103267072
SAP30BP,1541.0,0.449617255,257.0,0.579557,-0.089114874
SAR1A,5213.0,0.411769389,203.0,-0.549972,-0.496931404
SAR1B,5806.0,0.392367964,253.0,0.675744,-0.248059751
SARS,1054.0,0.40098191,100.0,0.715203,-0.024202313
SASH3,1369.0,0.387406112,182.0,-2.039247,-0.38176707
SCAMP4,1741.0,0.472519575,351.0,-0.256233,0.338174688
SCO1,8645.0,0.407339367,61.0,-0.233011,-0.016288129
SDCCAG8,307.0,0.360606297,1542.0,-0.305984,0.126402395
SEC11C,205.0,0.423646802,92.0,-0.459276,-0.520828712
SEC13,332.0,0.457264526,210.0,-0.597514,-0.358927371
SEC14L1,2986.0,0.420320088,665.0,-0.43327,-0.051314585
SEC22A,2559.0,0.422343815,79.0,-0.055075,0.037911262
SEC24B,1221.0,0.400931805,155.0,0.515725,0.301311234
SEC24D,2115.0,0.386600041,297.0,-0.73611,-0.452126172
SEC61B,270.0,0.404562259,76.0,-0.881548,-0.841702883
SEMA3F,960.0,0.38837398,318.0,0.883868,0.481135442
SEMA4D,2318.0,0.393173667,572.0,-0.456922,-0.268893615
SERPINA1,1707.0,0.420489385,573.0,-2.286532,1.010210532
SERPINB8,2096.0,0.38524815,520.0,-1.786592,-0.080778544
SETMAR,321.0,0.414235412,398.0,-0.4581,-0.188772949
SEZ6L2,540.0,0.431800162,245.0,-0.585138,-0.283943029
SF1,2419.0,0.374481437,721.0,0.001195,-0.203887273
SF3B2,563.0,0.453902675,40.0,-0.41956,-0.238861344
SFXN4,500.0,0.402513841,45.0,-0.674719,-0.032182927
SH3BP1,433.0,0.395530944,313.0,-0.735281,-0.578494203
SH3PXD2B,4870.0,0.420952884,171.0,-0.748211,-0.403435341
SHMT1,4335.0,0.394510245,509.0,-0.508443,-0.36649713
SIGLEC1,1590.0,0.42099348,0.0,0.103568,0.269820459
SIPA1,2933.0,0.437718847,296.0,-1.259751,-0.27439401
SIRPA,3027.0,0.429235057,360.0,-2.189428,-0.501294495
SKP1,8791.0,0.433886974,179.0,0.42576,-0.051963349
SLBP,3046.0,0.391438372,553.0,-0.068627,0.089199111
SLC25A10,1929.0,0.386184273,191.0,-0.213786,0.285979572
SLC25A19,477.0,0.386093473,224.0,0.486973,0.807110437
SLC25A20,787.0,0.382641976,199.0,-0.474084,0.568123309
SLC25A3,504.0,0.383836987,354.0,-0.047941,0.690347262
SLC25A40,2688.0,0.363984785,375.0,0.113642,0.081502362
SLC25A42,2156.0,0.366871382,156.0,0.03475,0.633348316
SLC25A6,450.0,0.487227384,137.0,-1.526284,-0.013255298
SLC27A3,163.0,0.439664345,91.0,0.188789,0.355575592
SLC39A10,2661.0,0.346494338,214.0,-1.139973,0.355610943
SLC43A2,6357.0,0.437839378,341.0,-1.036601,-0.096752718
SLC44A1,8291.0,0.4365497,264.0,-0.126201,0.348960441
SLC9A3R1,709.0,0.400889529,235.0,1.385548,0.028404587
SMAP2,1225.0,0.404145004,415.0,1.380339,0.319316397
SMC1A,5954.0,0.490702048,340.0,0.404674,0.056694785
SMG5,1363.0,0.383248033,540.0,0.630085,0.448133645
SMS,2660.0,0.417677888,252.0,0.468324,-0.172198727
SMYD3,223.0,0.378821529,130.0,-0.377752,-0.410783369
SNRNP200,676.0,0.454045162,132.0,-0.257579,-0.065738031
SNRPC,474.0,0.427936125,450.0,-0.402065,-0.157892862
SNRPD1,4386.0,0.384326147,161.0,-0.726939,-0.320105878
SNRPN,279.0,0.390283395,1145.0,0.298567,-0.124057928
SNX24,5071.0,0.338464018,185.0,1.480999,0.118628472
SNX30,6144.0,0.426743352,148.0,0.396541,0.183087603
SNX33,5086.0,0.383330712,96.0,-0.247944,0.093403822
SOD1,353.0,0.438546885,148.0,-0.360614,-0.337267096
SOD2,13436.0,0.435065133,1828.0,-1.313284,-0.536740645
SP110,3922.0,0.401738483,258.0,0.465341,-0.126847672
SPC24,1691.0,0.381793277,320.0,-1.19989,-0.605153142
SPC25,540.0,0.373816265,131.0,-0.486953,-0.444655021
SPI1,383.0,0.406748349,223.0,-1.540483,0.289453182
SPRYD4,1406.0,0.430591965,75.0,0.771249,0.197203649
SQSTM1,1485.0,0.412192979,360.0,0.692231,-0.333655115
SRC,2671.0,0.437602812,449.0,-0.172821,0.344980399
SRGAP2,3018.0,0.377689891,542.0,1.087035,0.393986655
SRI,5365.0,0.424260151,79.0,0.980268,0.48543665
SRP19,2645.0,0.430943803,189.0,0.01941,0.104044297
SRPRB,1784.0,0.427990824,285.0,-0.620769,-0.191529448
SRR,1392.0,0.393840903,354.0,-0.180109,-0.019201309
SRXN1,2099.0,0.37663928,185.0,0.802022,0.029189509
SSH1,5298.0,0.373517564,146.0,-0.342293,-0.351777286
SSH3,2595.0,0.376349937,178.0,-0.493485,-0.337935257
SSR2,592.0,0.425839932,80.0,-0.897807,0.687830908
SSR3,3698.0,0.388415977,156.0,-1.110517,-0.238999508
SSR4,87.0,0.444947593,150.0,-0.904796,-0.345403109
SSRP1,422.0,0.394601844,267.0,0.40244,-0.200068085
SSU72,400.0,0.445120823,325.0,-0.231684,0.064695855
ST13,3666.0,0.439823793,468.0,-0.140612,-0.391249774
ST14,553.0,0.454138745,193.0,-1.063753,-0.711885599
STARD10,1682.0,0.427301627,944.0,1.876832,0.273416323
STAT1,3294.0,0.408136156,388.0,1.57364,-0.478187142
STAT2,1791.0,0.409862748,203.0,0.363672,-0.353502484
STAT6,1168.0,0.380869476,499.0,-0.232284,-0.402752081
STMN1,1138.0,0.394107416,364.0,-0.687362,-1.057046688
STOM,2222.0,0.387137797,117.0,1.672057,1.672060515
STOML2,531.0,0.456962681,143.0,-0.028734,0.007335343
STX3,5058.0,0.403902965,547.0,0.48584,0.706397002
STX7,14891.0,0.417568039,327.0,-1.10415,-0.208899259
STX8,107.0,0.378438911,150.0,-0.878078,0.066629199
SUCLG1,223.0,0.43877655,193.0,-0.608503,0.183393491
SUFU,3380.0,0.361614756,191.0,-0.986373,-0.024837839
SUMF1,999.0,0.37076871,37.0,0.652799,-0.44402341
SUPT4H1,1112.0,0.438747077,103.0,1.106989,-0.306692621
SURF2,1720.0,0.440503417,48.0,0.196361,0.270000358
SURF4,2281.0,0.385472445,476.0,-0.450511,0.523855342
SURF6,4908.0,0.42467207,78.0,-0.053896,-0.274280938
SVIP,4195.0,0.357937352,217.0,1.01948,1.167151753
SYTL1,80.0,0.364244725,197.0,-0.291247,-0.251912118
TACC3,165.0,0.385699108,155.0,-0.925353,-0.282480742
TADA2B,3064.0,0.464060586,151.0,1.079007,0.027413598
TAF12,689.0,0.435926756,522.0,0.020579,0.075558841
TAP2,5256.0,0.374969764,175.0,-0.282555,-0.681329117
TBC1D20,3109.0,0.435441414,148.0,0.588699,0.236841263
TBC1D9B,1396.0,0.395340616,37.0,0.447014,0.085332873
TBCC,556.0,0.434161456,73.0,0.153192,-0.476340223
TCEAL3,260.0,0.368171822,262.0,2.031558,0.798163015
TCEAL4,3020.0,0.432120515,489.0,2.021567,0.875917492
TCOF1,1640.0,0.41523122,108.0,-0.053634,0.359067908
TDP1,1721.0,0.418036689,317.0,-0.430437,0.012971397
TDRD7,242.0,0.375852104,234.0,0.911648,0.120529604
TDRKH,973.0,0.419795099,182.0,0.243511,0.018216287
TEP1,2777.0,0.379550228,40.0,0.688704,-0.294676344
TFE3,1431.0,0.379068139,541.0,-0.114617,0.172328326
TFEB,621.0,0.429366592,302.0,-0.389876,-0.871787018
THADA,112.0,0.415199561,352.0,-0.140804,0.382941766
THUMPD1,2715.0,0.455087735,225.0,0.514363,-0.203179479
THYN1,205.0,0.377954149,484.0,-1.184185,-0.301921378
TIMM50,3932.0,0.424829064,722.0,-0.250968,0.232033561
TIMM8B,2046.0,0.447942532,30.0,-0.640982,0.31548784
TK2,3965.0,0.360054507,593.0,-0.629577,-0.124701999
TLE1,571.0,0.374791795,1295.0,-2.480228,-0.047347887
TM9SF2,2020.0,0.372522209,233.0,-0.125167,-0.224205319
TMED3,1710.0,0.439016102,188.0,-0.808082,-0.709965926
TMED9,708.0,0.44685712,67.0,-0.124979,-0.269769723
TMEM126A,52.0,0.406087664,295.0,-0.810127,-0.053077324
TMEM199,2431.0,0.370998168,90.0,1.549962,0.394064471
TMEM63A,1407.0,0.385482014,622.0,-0.327796,-0.25880957
TMOD1,2050.0,0.392927141,213.0,-2.915233,1.458843701
TMSB10,278.0,0.470652003,95.0,-2.984947,-0.435100865
TNFAIP2,2079.0,0.44214387,131.0,0.712915,-0.375337618
TNFAIP3,1995.0,0.416242917,370.0,-1.696587,-0.295581982
TNFAIP8L2,497.0,0.440670719,126.0,-1.20218,-0.011001812
TNIP1,770.0,0.448321216,241.0,-0.475178,-0.045827251
TNK2,822.0,0.420245651,543.0,0.331451,-0.636281784
TNPO2,2070.0,0.408799881,358.0,0.499509,0.096403157
TNRC18,1316.0,0.449521205,349.0,1.387661,0.580788942
TOMM5,518.0,0.441712708,107.0,-0.460041,0.611871763
TOP2A,1003.0,0.364102812,159.0,0.196677,-0.233331813
TOR1A,3160.0,0.446121485,77.0,0.085268,0.017115821
TPD52L2,1600.0,0.385071878,138.0,-0.044647,-0.295998352
TPI1,620.0,0.479135356,527.0,0.232085,0.223900673
TPM1,757.0,0.403626605,257.0,-2.234528,-0.138714849
TRAF3,5716.0,0.386659664,353.0,0.73684,0.616074948
TRAF6,6100.0,0.426668941,381.0,0.393687,-0.015531162
TRAPPC3,634.0,0.441060625,519.0,0.458649,-0.007967538
TRAPPC5,42.0,0.453352607,241.0,0.021415,0.297257994
TRAPPC6B,2539.0,0.437369008,335.0,0.392206,0.122801621
TRAPPC9,3079.0,0.431357199,134.0,1.343542,0.077957518
TRIM11,3522.0,0.453298916,255.0,0.156318,-0.149815156
TRIM13,5308.0,0.419190719,763.0,-0.279855,0.845174085
TRIM14,3117.0,0.369225689,165.0,0.657762,0.060788642
TRIM22,1215.0,0.424423711,379.0,-0.237327,-0.343466156
TRIM26,1431.0,0.384319522,565.0,-0.338847,-0.419468624
TRIM27,2956.0,0.441704825,359.0,-0.144689,-0.439436017
TRIM41,1657.0,0.454716896,737.0,1.209508,0.184736069
TRIM5,2312.0,0.426412011,303.0,-0.407477,-0.773041051
TRIP12,3739.0,0.40441217,297.0,0.183038,0.044421064
TRIP13,2852.0,0.433721983,145.0,-0.123441,-0.30312124
TRMT5,3660.0,0.405137655,572.0,0.564501,0.148081554
TRUB2,4655.0,0.434714666,759.0,0.334936,0.150622348
TSFM,1390.0,0.429356434,57.0,0.323176,0.056278469
TSPAN14,15147.0,0.398868986,305.0,-0.368088,0.362717524
TSPYL1,7303.0,0.373212405,287.0,1.073923,0.312164426
TSR2,1366.0,0.464925113,443.0,1.937036,0.722665752
TTC39C,3394.0,0.378954091,452.0,1.078135,0.760147876
TTC7A,2213.0,0.393400181,1272.0,-1.602664,-0.114797969
TTPAL,5319.0,0.425556123,145.0,0.815637,-0.044364533
TTYH3,3063.0,0.383645273,187.0,-1.934411,0.203612285
TUBA1C,110.0,0.451729991,576.0,-0.993583,-0.524678181
TUBA4A,644.0,0.402818439,556.0,-0.506588,-0.296262608
TUBB,1030.0,0.390058461,509.0,-1.036778,-0.580249256
TUBB6,2302.0,0.468445054,1139.0,-2.519859,-0.313807943
TUBGCP4,1934.0,0.368175973,296.0,0.10442,0.168583348
TUSC1,1294.0,0.429789613,537.0,0.242225,0.381905952
TXNL4A,3129.0,0.472736328,466.0,-0.067493,-0.191552392
TYMP,18.0,0.429537249,376.0,-1.792135,-0.835989373
TYMS,581.0,0.364557025,159.0,-0.320377,-0.010604315
TYROBP,168.0,0.417048036,81.0,-1.086331,-0.044768176
UBAP2L,353.0,0.367068802,167.0,-0.084238,-0.249389219
UBE2B,4002.0,0.405496028,420.0,0.135824,-0.094156875
UBE2E1,1034.0,0.417917446,229.0,-0.336454,0.217358163
UBE2E2,1962.0,0.352966355,180.0,-0.02482,-0.050273957
UBE2L3,2365.0,0.455573936,198.0,0.120158,-0.08664533
UBE2L6,703.0,0.431638779,653.0,1.36029,-0.130120234
UBE4B,1283.0,0.418913915,688.0,0.571115,0.020922177
UBIAD1,2303.0,0.446280173,334.0,-0.095642,-0.996782581
UBR4,797.0,0.387393976,4.0,0.370922,-0.132705489
UBTF,2209.0,0.400105612,296.0,0.737399,0.171715555
UBXN1,220.0,0.422601268,194.0,-0.568187,-0.021556897
UCK2,4043.0,0.447469338,640.0,-0.184122,-0.064765851
UGGT1,5935.0,0.374564832,178.0,-0.038443,-0.308012583
UHRF1BP1,5130.0,0.373569339,234.0,0.707509,0.014484977
UNC45A,377.0,0.475530537,1022.0,0.100135,-0.12584316
UNG,1024.0,0.368897526,209.0,0.230062,0.185087275
UNK,1388.0,0.447315534,42.0,1.026013,0.18252299
UQCR11,4379.0,0.470309826,75.0,-0.083465,-0.041195845
UQCRC1,129.0,0.462829321,45.0,-0.80589,0.367082484
UQCRH,193.0,0.365128489,320.0,-0.204324,0.519136799
UROD,171.0,0.391539164,133.0,0.495359,0.318686562
UROS,3849.0,0.422413435,266.0,-1.117993,-0.100631262
USP18,580.0,0.434940763,338.0,2.567867,0.213890102
USP39,571.0,0.39295741,223.0,-0.665466,-0.198874565
UTP6,2466.0,0.429918331,83.0,0.296302,-0.028834249
VAC14,489.0,0.396517204,827.0,-0.159148,-0.133247324
VAMP8,451.0,0.398153421,156.0,-0.032933,0.365876829
VASP,824.0,0.388921088,342.0,-1.479041,-0.243976355
VAT1,1456.0,0.406330787,120.0,0.588059,0.003337685
VDAC3,475.0,0.440388181,210.0,-0.197653,0.10711242
VDR,3209.0,0.450036866,401.0,-0.634869,-0.552490658
VGLL4,2489.0,0.432812067,506.0,-0.478631,-0.196677419
VIM,431.0,0.411136971,462.0,-3.21541,-0.409253696
VPS28,291.0,0.476756313,109.0,1.046072,-0.116498888
VPS33B,559.0,0.447669729,583.0,0.370637,-0.029575558
VPS39,2053.0,0.440628838,173.0,0.764782,0.264405597
VPS52,2870.0,0.393546356,887.0,0.656602,0.256319149
WASF2,4090.0,0.365213822,245.0,-0.280678,-0.400201952
WBP2,1040.0,0.392225719,515.0,1.401602,0.308008111
WDFY2,7044.0,0.36603015,340.0,-0.504508,-0.331603672
WDR1,1039.0,0.393247178,368.0,0.0112,-0.214332465
WDR36,3619.0,0.40459335,117.0,0.514184,0.057643933
WDR37,8068.0,0.365587877,173.0,0.073197,-0.078082904
WDR4,293.0,0.380589271,581.0,0.054381,0.04861105
WDR47,1216.0,0.402106333,376.0,0.951893,0.229521613
WDR48,1924.0,0.419028298,472.0,0.088328,0.077186877
WDR5,1979.0,0.401607191,171.0,0.153855,-0.057341168
WDR54,97.0,0.394793766,128.0,1.61141,0.672595353
WDR61,197.0,0.411764619,310.0,0.40292,-0.371448294
WDR77,4184.0,0.412330102,139.0,0.741217,0.325893846
WDR91,4946.0,0.380864599,823.0,-0.215635,0.034882728
WDR92,2520.0,0.427217839,117.0,0.207453,-0.023218443
YTHDF1,1279.0,0.384821843,294.0,0.480573,-0.053588587
YTHDF3,3082.0,0.406652071,509.0,1.037146,-0.198826102
YY1,5192.0,0.440120149,480.0,0.082185,-0.096054118
ZBED1,2221.0,0.457533868,282.0,-1.280383,-0.56039698
ZBTB8OS,1087.0,0.406816332,276.0,-0.172378,0.070663114
ZC3H12A,768.0,0.421626239,1056.0,2.17006,0.482416457
ZC3H4,2169.0,0.436042942,38.0,0.305155,-0.143114078
ZFP36L1,2846.0,0.395541595,976.0,-2.892006,-0.944603887
ZMAT2,1942.0,0.460376067,101.0,1.14429,-0.06215308
ZMIZ2,4165.0,0.419562196,128.0,0.423705,-0.732105758
ZMYM3,1292.0,0.378831729,749.0,0.557707,-0.063310698
ZNF207,13817.0,0.386696564,148.0,0.279911,-0.0500095
ZNF414,113.0,0.422835658,118.0,-0.276244,0.034153651
ZNF511,243.0,0.452392726,55.0,-1.180658,-0.204258326
ZNF516,4816.0,0.393186692,318.0,1.137641,0.058147572
ZNF622,1298.0,0.463753859,120.0,0.324098,-0.023086669
ZNHIT2,49.0,0.440612513,85.0,-0.316672,0.108053217
ZNHIT3,419.0,0.425204303,73.0,0.835602,0.269340256
ZWINT,4585.0,0.411772707,37.0,-0.490987,-0.385938636
