,3prime,tAI,max_5_UTR_length,TCGA-A2-A0YD,TCGA-A2-A0YD.1
AAK1,17874.0,0.380718848,505.0,0.303445,0.243566689
AATF,207.0,0.367011205,251.0,-0.274429,-0.027658371
ABCC1,1793.0,0.393368456,175.0,0.734525,-0.270954086
ABCF3,5726.0,0.387768135,869.0,-0.34785,-0.364138198
ABHD12,654.0,0.374654709,279.0,-0.080204,-0.480493046
ABHD6,1639.0,0.384216096,505.0,0.377112,0.13364255
ABR,2562.0,0.39474042,600.0,0.18969,0.18737379
ABT1,2092.0,0.423473096,40.0,-0.1951,-1.005467636
ACADVL,176.0,0.46877374,457.0,0.496831,0.189858023
ACBD6,155.0,0.433964845,621.0,0.747532,0.507404451
ACIN1,584.0,0.404933544,328.0,-0.002075,-0.524606411
ACO1,4661.0,0.37721508,227.0,0.517432,0.570886173
ACOT11,1220.0,0.392289045,176.0,0.284379,-0.048039839
ACOT9,4514.0,0.358892202,225.0,-0.105994,0.128961146
ACP2,814.0,0.411581374,548.0,0.091856,0.193534995
ACSF2,1484.0,0.405139059,501.0,0.301321,-0.008291064
ACSL1,1530.0,0.417966714,990.0,0.096982,0.811285926
ACSL5,1022.0,0.380976548,307.0,-0.08982,-0.057075387
ACTB,613.0,0.469768794,192.0,0.417156,0.595391977
ACTL6A,452.0,0.409046191,387.0,-0.463431,0.163053788
ACTR1A,3151.0,0.432463663,108.0,0.068062,0.59608708
ADA,312.0,0.444091501,440.0,0.513075,0.721271084
ADD1,1928.0,0.439806775,863.0,0.228458,0.46184072
ADPRH,2067.0,0.380088169,541.0,0.135196,0.290797984
ADSSL1,320.0,0.393141878,776.0,-0.276393,0.042801921
AGAP3,508.0,0.436856677,1584.0,-0.243663,-0.588335229
AHNAK,842.0,0.382138706,300.0,0.716237,0.51403125
AHSA1,225.0,0.374296292,431.0,-0.736302,-0.205864837
AIF1,121.0,0.4069451,222.0,0.388218,0.38357931
AIFM2,1911.0,0.447982482,217.0,-0.158991,1.233367875
AK1,1528.0,0.389481519,153.0,0.095126,0.306384315
AK2,2893.0,0.384271636,345.0,-0.058665,-0.122770115
AKR1C2,3804.0,0.449591167,413.0,2.067451,1.692111752
AKR7A2,10996.0,0.385600504,22.0,-0.046098,0.078092692
ALDH18A1,838.0,0.380333742,511.0,0.045016,-0.450253614
ALDH3A2,2525.0,0.42484639,221.0,0.985493,0.3095597
ALDH6A1,4647.0,0.38708374,724.0,0.348734,0.032812186
ALG1,2498.0,0.432230555,181.0,0.289172,-0.815282876
ALG5,380.0,0.362014155,67.0,-0.254746,0.047535542
ALG9,4217.0,0.365461171,1107.0,0.009613,-0.273726217
ALOX5AP,976.0,0.392577632,248.0,0.708317,0.367220745
AMBRA1,1041.0,0.36170155,362.0,0.250967,-0.054080577
AMPD2,903.0,0.389224108,566.0,0.221001,0.091008486
AMPD3,1695.0,0.423686063,472.0,0.058436,-0.296429412
ANAPC5,235.0,0.390209877,197.0,-0.414381,0.0887288
ANKLE2,1737.0,0.418251419,90.0,-0.092626,-0.368620713
ANKRD16,135.0,0.465649334,543.0,-0.271193,0.410880195
ANKRD35,249.0,0.402949835,108.0,0.365227,0.12965167
ANXA2,496.0,0.429738522,160.0,-0.461492,0.485699626
ANXA5,1441.0,0.418050335,165.0,-0.058648,0.556635234
AP1B1,1153.0,0.424070668,187.0,-0.266179,0.042149227
AP1M1,914.0,0.463388599,173.0,0.08291,0.0762294
APBA1,3797.0,0.387421148,276.0,-0.32247,0.018225693
APIP,427.0,0.433104693,127.0,-0.337121,0.089556296
APOBEC3B,339.0,0.43450554,55.0,-0.840736,-1.069965497
APOBEC3C,1979.0,0.381716897,103.0,0.827176,0.670755285
APOBEC3G,322.0,0.410940579,404.0,0.477855,-0.104786716
APOL2,1195.0,0.42932248,477.0,-0.148258,-1.018958724
ARF6,2971.0,0.462806813,621.0,-0.220578,0.060323017
ARFIP2,2430.0,0.403729309,291.0,-0.380795,-0.15969371
ARHGAP17,2624.0,0.371011524,117.0,0.306612,0.212241277
ARHGAP30,773.0,0.384451823,645.0,0.717927,-0.329056279
ARHGEF10,1378.0,0.370244255,202.0,0.725748,0.520473355
ARID2,3145.0,0.362288628,128.0,0.343932,-0.181029173
ARID3A,3881.0,0.411693449,290.0,0.431159,-0.514351247
ARIH2,3112.0,0.397061561,878.0,-0.240952,-0.007377626
ARL8A,1065.0,0.409602486,171.0,0.660842,-0.165907173
ARRB1,6041.0,0.39512759,224.0,-0.160312,0.043358486
ASF1B,950.0,0.395794233,172.0,-1.14576,0.615806402
ASS1,1357.0,0.394201053,356.0,1.326103,1.024629036
ATPAF1,3039.0,0.439253133,510.0,-0.145355,0.292256605
AXL,1863.0,0.417061167,376.0,1.019688,-0.158205174
BAG1,2764.0,0.431693656,501.0,-0.344051,0.027196579
BAG3,537.0,0.387438444,306.0,0.575645,-0.158199743
BASP1,971.0,0.520859146,259.0,0.176883,-1.421188114
BBS7,1531.0,0.408023089,184.0,0.263792,0.735479021
BCAT2,364.0,0.445598481,657.0,-0.205954,0.019872291
BCKDHB,3082.0,0.419736544,88.0,0.438922,0.395540525
BCL2,5279.0,0.374049285,493.0,0.437936,0.254947742
BCL2L13,4109.0,0.411790332,769.0,-0.615335,0.028967077
BID,4193.0,0.428633517,498.0,-0.420477,0.167543455
BLVRA,3376.0,0.414260839,177.0,-0.051993,0.349155573
BOLA2,40.0,0.43059393,513.0,-0.323746,-0.659981123
BOLA3,383.0,0.406657227,38.0,-0.561798,-0.829094419
BRD2,787.0,0.377809737,2066.0,-0.188888,-0.150061367
BRD3,3285.0,0.401150236,188.0,-0.013853,0.119009204
BSPRY,1091.0,0.380011644,48.0,0.340805,-0.326090289
BST2,411.0,0.444557266,81.0,0.686253,-0.3888305
BUB3,1535.0,0.421992618,242.0,-0.187472,-0.036844743
C1QB,152.0,0.436596666,340.0,-0.094583,0.151431268
C1QC,327.0,0.41150294,283.0,0.014094,-0.211633495
C3,5088.0,0.430632158,93.0,1.157914,1.103342329
CAP1,1134.0,0.406948565,416.0,0.415465,-0.013740321
CAPN1,720.0,0.455130071,197.0,0.313803,0.19849238
CAPRIN1,5632.0,0.374918508,189.0,0.06307,-0.184651463
CAPZB,5180.0,0.446052528,622.0,0.03778,-0.012494855
CARD16,437.0,0.41300235,27.0,-0.286398,-0.310048859
CARHSP1,4898.0,0.362100245,360.0,0.171769,0.072536919
CASC3,1778.0,0.370720542,295.0,-0.129452,-0.824606903
CASP1,750.0,0.424742838,44.0,0.955404,0.454022528
CASP8,1794.0,0.376118708,303.0,0.407255,0.530588403
CAT,629.0,0.397270122,89.0,0.79788,0.241341556
CBL,8368.0,0.375957197,142.0,0.584227,0.377617326
CBLL1,3286.0,0.400851504,467.0,-0.364575,-0.637426241
CBR3,54.0,0.445176236,228.0,0.00141,0.314605658
CBS,4385.0,0.477784031,626.0,-0.31803,-0.678440269
CBX5,10815.0,0.390902295,318.0,-0.617645,0.059105361
CBX8,2504.0,0.36735217,118.0,-0.578046,-0.515346666
CCDC115,2169.0,0.385110507,452.0,0.209491,-0.24263719
CCDC58,2462.0,0.421830022,75.0,-0.547138,-0.053801917
CCDC88C,1302.0,0.396031427,154.0,0.150798,-0.37636171
CCL5,886.0,0.462166288,68.0,0.218037,-0.332646249
CCNA2,1206.0,0.409154498,373.0,-1.250113,-0.897978874
CCNB2,168.0,0.374401461,184.0,-1.243064,0.345576558
CCNDBP1,2336.0,0.44393643,231.0,-0.054504,-0.251391797
CCS,4244.0,0.460896681,43.0,-0.128261,0.358420667
CCT3,238.0,0.457984718,231.0,0.132962,0.031437948
CCT4,1361.0,0.393363555,164.0,-0.452789,0.071739799
CD14,128.0,0.416321757,392.0,0.430747,0.419208922
CD209,3046.0,0.440000747,67.0,1.197233,0.608141605
CD36,2894.0,0.410517795,414.0,2.247103,2.17353108
CD40,982.0,0.429065654,90.0,-0.062057,-1.03951942
CD44,3115.0,0.39995987,434.0,-0.224786,-1.008582186
CD63,923.0,0.512738356,403.0,-0.131235,-1.546082536
CD74,635.0,0.427357309,187.0,0.706042,-0.309617459
CDC25C,437.0,0.364786128,387.0,-1.539946,0.294302306
CDC26,271.0,0.395637029,359.0,-0.537971,-0.553142789
CDC34,560.0,0.46431386,199.0,0.065234,0.056772966
CDC42EP3,3941.0,0.420378821,1009.0,0.292771,0.468973972
CDCA8,1353.0,0.384295288,290.0,-0.93864,-0.19367261
CDIPT,1864.0,0.442654716,541.0,-0.043614,-0.387384467
CDK1,2313.0,0.398329505,154.0,-0.876391,-0.179236784
CDK19,4557.0,0.421511824,180.0,-0.059325,0.263798109
CDK2AP1,766.0,0.439144625,522.0,-0.485895,0.47570748
CDK5RAP2,367.0,0.371069462,192.0,-0.018235,0.109696613
CDK5RAP3,284.0,0.469750898,1791.0,-0.190701,-0.00298095
CDKAL1,1365.0,0.417875209,167.0,-0.088553,0.088313201
CDKN2AIPNL,3639.0,0.409801696,53.0,-0.786216,-0.050289581
CDKN2C,2247.0,0.381912025,1216.0,-0.732631,0.877636164
CEBPD,1714.0,0.430497143,44.0,0.9593,0.676969442
CENPV,301.0,0.385948267,62.0,-3.217363,-0.325440668
CEP55,939.0,0.397841874,304.0,-0.880535,-0.504735733
CES3,2100.0,0.377378956,446.0,-2.681631,0.182160835
CETN2,868.0,0.433727498,47.0,-0.445819,-0.311709728
CFL1,677.0,0.502791,234.0,-0.213774,-0.351630761
CHAC2,786.0,0.395629742,277.0,-0.828211,0.191367493
CHCHD4,3528.0,0.445497334,326.0,-0.617736,-0.874593177
CHMP4A,296.0,0.447100154,262.0,-0.389723,-0.703381412
CHMP5,1241.0,0.442987983,200.0,-0.243402,0.007673786
CHMP6,980.0,0.489861105,78.0,0.073038,0.387251781
CHTF8,2425.0,0.424551152,142.0,-0.19379,0.258021839
CIAPIN1,1024.0,0.451663323,242.0,-0.490783,-0.445899453
CISD2,5376.0,0.433298698,107.0,-0.495906,-0.224770684
CKAP4,2872.0,0.386259817,84.0,0.023296,0.092891504
CKS2,300.0,0.317949998,98.0,-1.300405,-1.09761139
CLCC1,5185.0,0.369704467,150.0,-0.340061,-1.69660081
CLCN7,1698.0,0.459147749,110.0,0.41755,-0.622810019
CLIC1,290.0,0.4571302,573.0,-0.001362,0.171847261
CLK2,350.0,0.410673686,925.0,0.734791,-0.258708229
CLK3,1233.0,0.4268607,461.0,-0.396465,-0.331161655
CLPTM1,458.0,0.383990827,351.0,-0.386573,-1.014899675
CLTA,288.0,0.450950874,514.0,-0.27204,-0.558226491
CLTB,319.0,0.48548545,210.0,0.123534,-0.49151196
CLTC,3104.0,0.384957863,443.0,-0.036325,0.003421357
CNBP,6850.0,0.433298698,206.0,-0.627692,-0.8510248
CNPY2,123.0,0.392778455,553.0,-0.569165,-0.089935409
CNPY3,1042.0,0.459231502,584.0,-0.423836,-0.168630928
COG3,1967.0,0.414689223,142.0,-0.061007,-0.091928966
COMMD1,306.0,0.423842833,138.0,0.022094,0.222930599
COMMD3,431.0,0.360487018,35.0,-0.065623,0.631860953
COMMD5,498.0,0.445713337,399.0,-0.373298,0.495042034
COMMD6,1375.0,0.396967837,328.0,-0.145458,0.560137835
COMMD9,2340.0,0.418062772,89.0,-0.198559,0.572166145
COPB1,446.0,0.381738818,307.0,0.20562,0.104146468
COPE,165.0,0.478760693,55.0,-0.512698,0.427872552
COQ6,671.0,0.374062527,159.0,-0.30747,0.00651852
COQ7,5700.0,0.42379098,133.0,-0.081171,-0.366682627
CORO1A,112.0,0.457388252,435.0,0.65257,0.001248072
COX17,1735.0,0.484254073,86.0,-0.546069,-1.449204632
COX5A,860.0,0.429944966,140.0,-0.629168,-0.299404645
COX7A2,302.0,0.441893926,98.0,-0.731997,0.157095444
CPM,5262.0,0.406054343,75.0,0.202676,-0.170168631
CPSF4,923.0,0.452412439,277.0,-0.504704,0.026571699
CPT1A,2761.0,0.374132033,170.0,0.120255,-0.561619597
CPT2,602.0,0.431256564,515.0,0.252232,-0.343079796
CRCP,8457.0,0.390198146,145.0,-0.383747,-0.67279461
CRKL,3904.0,0.422225684,509.0,-0.489524,0.406107835
CRTAP,5601.0,0.446308827,120.0,0.102231,0.514050106
CRTC3,3205.0,0.355982524,186.0,0.383789,0.056206551
CRY2,2337.0,0.383442872,132.0,0.515671,0.430228086
CRYL1,462.0,0.386242786,79.0,-0.402153,0.497340144
CSRP1,1183.0,0.493833101,217.0,0.035879,0.009408251
CST3,2762.0,0.475763324,186.0,0.564261,0.692561987
CSTF2,1931.0,0.372934478,58.0,-0.17998,-0.853282201
CTBP1,800.0,0.464034004,393.0,-0.055963,0.443652019
CTNNA1,1216.0,0.412513324,1103.0,0.144252,-0.305108126
CTNNB1,1106.0,0.432073699,448.0,0.443704,-0.595743747
CTNNBIP1,2448.0,0.394834327,307.0,-0.628608,0.148611698
CTPS2,1870.0,0.416273085,744.0,0.249914,0.394713149
CTSG,119.0,0.369503415,37.0,1.758702,-0.564350365
CTSH,1072.0,0.446467856,1192.0,0.312662,0.350148029
CUEDC1,2047.0,0.374410739,719.0,0.339936,0.32369918
CUX1,1040.0,0.395555213,127.0,-0.221083,-0.316140851
CXCL9,2323.0,0.403736618,74.0,0.433393,-2.038570406
CYBB,2544.0,0.418993019,61.0,0.64351,-0.630581926
CYP2S1,1051.0,0.420869286,58.0,0.468145,0.280351786
CYTH4,1837.0,0.406296106,377.0,0.832196,-0.0461419
DAB2,1757.0,0.368483127,531.0,0.885733,0.316066723
DAGLB,721.0,0.377719723,170.0,-0.105309,-0.711739989
DAP3,768.0,0.366492687,184.0,0.397726,-0.092130646
DAPP1,2082.0,0.348655603,90.0,1.219402,0.35498221
DBI,233.0,0.467027529,479.0,-0.730769,0.056278407
DCAF12,1967.0,0.42050769,342.0,-0.032858,-0.683401348
DCAF8,1877.0,0.380310979,212.0,0.844739,0.015422718
DCP1A,4153.0,0.411936399,381.0,0.243314,0.525591051
DCPS,4731.0,0.375605648,329.0,0.003512,0.267505001
DCTN5,10597.0,0.443116252,177.0,0.01812,-0.035063555
DDAH2,653.0,0.361046801,1104.0,-0.054981,0.591057702
DDB2,1223.0,0.43604051,195.0,0.024893,0.163914605
DDX23,713.0,0.445931172,91.0,-0.218727,-0.199368459
DDX31,1870.0,0.361830896,544.0,0.062773,-0.414887314
DDX47,438.0,0.379294484,22.0,-0.034717,-0.041875891
DDX54,1704.0,0.467316231,28.0,-0.204962,-0.22004914
DDX56,586.0,0.438032149,643.0,-0.322916,-0.370801194
DDX59,217.0,0.413095257,243.0,0.567512,0.319996151
DHODH,3463.0,0.371608285,21.0,-0.235999,0.513115573
DHPS,121.0,0.474111752,121.0,-0.561612,0.19773589
DHX15,459.0,0.379133957,168.0,-0.028079,0.01325998
DHX34,591.0,0.384465978,349.0,-0.141459,-0.035867372
DHX58,357.0,0.440330409,223.0,0.802947,0.197685791
DIABLO,719.0,0.425893605,1182.0,-0.447472,-0.41269446
DMAP1,63.0,0.471306,301.0,0.022115,0.038123009
DMXL2,1274.0,0.389901613,225.0,0.773536,0.280152512
DNAJA4,1736.0,0.398301408,169.0,-0.524582,-0.369916135
DNAJC19,1326.0,0.403482491,259.0,-0.499812,-0.571938533
DNAJC25,1212.0,0.430964931,56.0,-0.133153,-0.222349654
DNAJC8,969.0,0.416719859,33.0,-0.171071,-0.563839144
DNM1,1255.0,0.393835111,116.0,0.932295,0.94773848
DNTTIP2,3564.0,0.408096853,58.0,0.017737,-0.18417432
DOCK11,3681.0,0.373818855,63.0,1.154151,0.472294932
DOCK2,524.0,0.446250827,52.0,1.024169,0.143387463
DOK2,438.0,0.384043737,481.0,0.345449,0.090964052
DPCD,197.0,0.459155016,389.0,-0.411152,-0.28827237
DPF2,2501.0,0.393394442,133.0,0.065869,0.28986062
DPH1,1310.0,0.448716064,341.0,0.233966,-0.033543429
DPH5,784.0,0.413363166,165.0,-0.334064,0.381618937
DPY30,562.0,0.438431353,279.0,-0.457546,0.203214714
DPYSL2,2472.0,0.430530829,431.0,0.510219,0.774313733
DRAP1,142.0,0.432809908,245.0,-0.077604,-0.00842129
DRG1,4594.0,0.444150091,131.0,-0.823389,0.040612138
DSN1,5330.0,0.392894937,373.0,-0.312723,0.026074848
DSTN,2786.0,0.375776803,438.0,-0.072273,-0.080322813
DTL,2265.0,0.372315747,921.0,-0.107917,-0.514221289
DTX3L,3456.0,0.408848169,89.0,0.492721,-0.019979013
DUSP12,374.0,0.419884133,34.0,0.599153,0.133264589
DUT,1937.0,0.36471409,109.0,-0.518866,-0.459222375
DYNLT1,514.0,0.420362019,78.0,-0.401078,0.050551951
EBAG9,1437.0,0.39438748,402.0,-0.671939,0.023748297
ECH1,191.0,0.389477111,85.0,-0.307617,-0.126146671
ECHDC2,2269.0,0.400166641,752.0,-0.210529,0.226679121
ECM1,322.0,0.43792189,199.0,0.509015,0.092439202
EDEM2,76.0,0.379021051,100.0,0.18528,-0.179816205
EEA1,5374.0,0.405861636,265.0,0.707141,0.247738729
EEF1A2,286.0,0.417272363,329.0,1.307282,0.311409683
EFTUD2,1331.0,0.444646836,398.0,-0.089258,0.128117308
EHD1,3363.0,0.446314898,447.0,0.981357,0.451048114
EIF2AK2,8063.0,0.394727306,557.0,0.766525,0.239605185
EIF2B3,1058.0,0.383118637,239.0,-0.446587,0.140175591
EIF3F,5840.0,0.435728237,33.0,-0.119006,0.317587545
EIF3L,1718.0,0.380710116,245.0,-0.585332,-0.158838042
EIF4A3,1120.0,0.381528282,222.0,-0.555288,0.052173267
ELAVL1,4910.0,0.437605432,167.0,-0.146885,0.068893836
EMG1,248.0,0.433768095,143.0,-0.669038,0.049927528
EMILIN2,2605.0,0.379592019,159.0,0.800278,-0.239286596
ENDOD1,7728.0,0.376426787,118.0,0.832018,0.570708813
ENOSF1,2904.0,0.382279782,622.0,-0.44441,-0.181488405
ENY2,2576.0,0.41756619,146.0,-0.855084,-0.488036154
EPSTI1,2106.0,0.391777705,469.0,1.455926,-0.746724795
ERCC1,2342.0,0.45058755,188.0,-0.033198,-0.241859208
ERCC6L,4809.0,0.354829683,623.0,-1.097349,0.223776775
ERH,415.0,0.383837906,71.0,-0.572958,-0.123970075
ERLIN1,2041.0,0.444737514,478.0,0.139024,-0.118650865
ERP29,1277.0,0.401191178,118.0,-0.467635,0.073332415
ETV6,4356.0,0.398240844,274.0,-0.040484,-0.436255116
EXOC4,1232.0,0.388187525,35.0,0.141978,0.012533018
EXOC8,6907.0,0.436106501,127.0,0.557354,-0.002689638
EXOSC1,536.0,0.430105347,451.0,-0.193547,0.188370096
EXOSC2,3902.0,0.431273517,32.0,-0.467471,0.426190956
F8A1,571.0,0.46317284,15.0,0.043556,0.286063981
FAAH,2043.0,0.384592892,82.0,-0.150527,-0.012067472
FAF1,4425.0,0.401181969,453.0,-0.2805,0.180404961
FAM122A,4542.0,0.40477622,33.0,0.083187,0.180138593
FAM168A,6285.0,0.395008865,285.0,0.737211,0.092448073
FAM177A1,2165.0,0.411149627,459.0,-0.064448,0.308780418
FAM192A,1824.0,0.379195199,1475.0,-0.501433,-0.838213797
FAM20B,4428.0,0.4357945,293.0,0.781595,0.380224832
FAM32A,1091.0,0.408676074,42.0,-0.424385,-0.569074572
FAM50A,286.0,0.482889735,110.0,-0.58201,0.031198487
FBP1,248.0,0.397353747,331.0,-0.319193,-0.111714113
FBXL20,9338.0,0.383104745,254.0,-0.005236,-1.186835881
FBXO4,526.0,0.393825218,58.0,-0.683918,0.159628368
FBXO6,503.0,0.42307306,166.0,-0.056767,-0.54311851
FCER1G,305.0,0.4202976,25.0,0.09167,-1.299811232
FCGRT,309.0,0.433069976,486.0,-0.068516,0.637926339
FDPS,72.0,0.456397562,392.0,0.048855,0.18183571
FDXR,596.0,0.384661194,188.0,0.220857,0.152772193
FEN1,1340.0,0.407867196,413.0,-0.89579,-0.081320877
FERMT3,399.0,0.435119014,149.0,0.501034,0.129210376
FGD2,907.0,0.441856308,171.0,0.415638,0.083900386
FGFR1OP2,1663.0,0.396595515,353.0,0.050218,0.391162309
FGL2,3460.0,0.40966218,40.0,0.701484,-0.304308111
FKBP1A,1132.0,0.428443098,174.0,0.080258,0.498406765
FKBPL,24.0,0.377510344,270.0,-0.445727,-0.534337898
FLOT1,422.0,0.472159534,339.0,0.030763,0.012514371
FN3K,442.0,0.389857108,61.0,-0.254288,-0.281751494
FN3KRP,3667.0,0.380720834,50.0,-0.789125,-0.287002167
FOXJ3,3176.0,0.401878681,312.0,-0.029015,-0.014580448
FOXK2,3108.0,0.440496276,171.0,-0.322321,0.044652409
FOXRED1,443.0,0.438630908,167.0,-0.541045,-0.058585636
FSCN1,1184.0,0.396100853,132.0,1.148556,0.167338888
FTH1,530.0,0.425357612,235.0,-0.093977,0.759743463
FTL,1031.0,0.428438948,199.0,-0.13386,0.488632764
FTSJ1,638.0,0.457521275,569.0,-0.090959,0.333715235
FTSJ3,698.0,0.388239396,646.0,0.016292,-0.665980997
FXN,6365.0,0.40465004,220.0,-0.340934,-0.045460099
GABARAPL2,564.0,0.431291441,136.0,-0.381201,0.303563448
GABPB1,1320.0,0.423118524,469.0,-0.400169,-0.891075031
GALK1,292.0,0.455574511,63.0,-0.321546,0.103400796
GANAB,989.0,0.425909644,1027.0,-0.218878,0.16005613
GAS6,315.0,0.393865445,183.0,0.23829,0.296438247
GAS7,6619.0,0.423630168,311.0,1.365061,0.318803725
GBE1,708.0,0.404013874,283.0,-0.118574,0.170077914
GBP1,1735.0,0.42614962,220.0,1.183394,-0.641567052
GBP2,5058.0,0.440134196,314.0,0.584763,-0.065897514
GBP4,4106.0,0.42983554,116.0,0.410607,-0.288799804
GBP5,1753.0,0.421901204,537.0,0.366309,-0.599661063
GFOD2,622.0,0.396604754,295.0,-0.34716,-0.320191033
GGA2,5408.0,0.377812588,83.0,-0.314226,-0.291435928
GGCX,5211.0,0.417836117,106.0,-0.232221,-0.224506813
GIGYF1,2212.0,0.443456438,1210.0,0.164039,0.106643106
GINS3,1415.0,0.387351931,208.0,-0.474619,-0.467002089
GLA,1699.0,0.378726947,110.0,0.052691,0.090792229
GLE1,1357.0,0.383457083,114.0,-0.07815,-0.09606174
GLRX,1188.0,0.430296645,211.0,-0.315128,0.084664146
GLRX3,3557.0,0.41418463,539.0,-0.45169,0.032507047
GLUD1,1558.0,0.392454008,1132.0,-0.299838,0.14462108
GLYR1,2033.0,0.39940414,57.0,0.334373,0.275808728
GMEB1,4582.0,0.43446142,142.0,0.302864,0.433202022
GMPPA,198.0,0.434966364,375.0,-0.365262,0.086829825
GMPR,3984.0,0.435743929,114.0,-0.171228,-0.387310407
GMPR2,464.0,0.453637396,704.0,0.080861,0.094518548
GNAI1,1947.0,0.435804474,356.0,0.10802,1.09003765
GNG7,3803.0,0.398730372,237.0,-1.193395,0.911775738
GNPDA1,1360.0,0.395964134,67.0,0.35984,0.347183414
GOLGA2,1243.0,0.401070546,13.0,0.084525,-0.327127315
GON4L,926.0,0.418089888,175.0,1.112104,-0.0546247
GOSR1,5968.0,0.408103421,237.0,-0.158494,-0.859502421
GOSR2,3258.0,0.374298057,541.0,-0.063313,-0.359352804
GOT2,1054.0,0.444803236,129.0,-0.772376,-0.328972839
GPS2,97.0,0.431122181,76.0,0.17831,-0.420580338
GPX7,626.0,0.395840774,39.0,0.993783,0.759669433
GRAMD1A,299.0,0.411657297,748.0,-0.074651,-0.568429513
GRB2,2292.0,0.4413596,358.0,-0.488073,-0.137326082
GSTM4,2467.0,0.390909061,314.0,0.306914,0.211772933
GTF2A2,1070.0,0.420716795,404.0,-0.352187,-0.360150117
GTF2E2,604.0,0.365750105,273.0,-0.086962,-0.281253644
GTF3C2,932.0,0.372227001,397.0,-0.197329,-0.040610384
GTPBP1,2894.0,0.424954603,154.0,-0.490845,-0.098741513
GTPBP3,1032.0,0.436547413,95.0,-0.117366,-0.047711475
GTSE1,680.0,0.368527868,212.0,-1.145134,0.027523655
HADH,818.0,0.383558671,219.0,-0.534007,-0.027415555
HADHA,615.0,0.383558671,130.0,-0.031813,0.377111001
HAUS5,3319.0,0.378752573,51.0,-0.205886,-0.077674113
HAUS8,346.0,0.37535995,111.0,-0.252744,0.264798119
HCCS,1274.0,0.398607648,275.0,-0.368923,-1.172050363
HCK,337.0,0.440224323,364.0,0.612411,0.345944264
HDAC1,591.0,0.390040122,63.0,0.012421,-0.116717374
HDDC3,763.0,0.387287166,29.0,-0.61084,-0.695609493
HDGF,1342.0,0.465394593,322.0,0.574047,0.04651105
HDLBP,2343.0,0.397687311,375.0,-0.005871,0.107224477
HEATR3,1385.0,0.384091545,883.0,-0.292065,-0.218223408
HEBP2,9119.0,0.359416339,297.0,-0.508937,0.193985585
HECA,3704.0,0.443714129,285.0,0.021677,-0.288759947
HECTD3,3914.0,0.446742268,98.0,-0.133921,0.267625306
HERC2,726.0,0.429958504,109.0,-0.033692,-0.411254624
HERC5,379.0,0.393838904,153.0,1.127704,0.198952354
HERC6,651.0,0.398146132,183.0,1.959322,0.078112274
HIP1,4874.0,0.430847644,52.0,0.422857,-0.056611642
HLA-A,4150.0,0.424443523,84.0,0.471343,0.007054121
HLA-C,420.0,0.421684519,65.0,0.170048,-0.745545307
HLA-DRA,409.0,0.420807891,109.0,0.780855,-0.266451933
HLA-E,1459.0,0.413523771,126.0,0.314041,-0.064342883
HLA-F,121.0,0.407256461,124.0,0.543487,-0.151024643
HMBOX1,3560.0,0.369177113,482.0,0.714437,0.367817624
HMBS,266.0,0.451934812,299.0,-0.411368,0.079023086
HMGB2,3775.0,0.450826504,193.0,-0.369158,-0.850447073
HMGCS1,3661.0,0.374424323,345.0,-0.432716,-0.503677257
HMOX1,616.0,0.436401717,107.0,0.667579,0.066107026
HNRNPA0,7504.0,0.386421138,284.0,-0.001229,-0.155525493
HNRNPD,1688.0,0.420386111,318.0,-0.089845,-0.41685704
HNRNPL,1102.0,0.449817015,176.0,-0.340729,-0.183295126
HNRNPU,4156.0,0.432126199,218.0,0.179007,-0.128856239
HNRNPUL1,2135.0,0.394022965,339.0,-0.064483,0.003111827
HNRNPUL2,2674.0,0.436897081,229.0,-0.22486,-0.006239319
HSBP1,3274.0,0.4454546,174.0,-0.787604,0.41126014
HSD11B1,4482.0,0.426649415,154.0,1.681815,-0.806758007
HSD17B7,398.0,0.431983247,99.0,0.589358,-0.412819701
HSP90AB1,313.0,0.39509298,251.0,-0.759243,-0.182051744
HSPA1L,428.0,0.464100714,183.0,0.32292,0.51961858
HSPA4L,7877.0,0.413794867,342.0,-0.395622,0.272139457
HSPB11,107.0,0.34538245,284.0,-0.506648,0.460352561
HTRA2,571.0,0.421976635,602.0,-0.315402,0.407670385
HTT,3901.0,0.373695076,145.0,-0.381013,-0.060272633
HUS1,2068.0,0.374612864,131.0,-0.171928,0.183447923
HYI,310.0,0.378597605,196.0,-0.038771,0.5580942
HYOU1,1409.0,0.403839016,234.0,0.022124,-0.143741005
ICAM1,1537.0,0.426062071,319.0,1.572577,0.093324379
IER3IP1,3342.0,0.438740024,97.0,-0.413756,-0.366917117
IFI16,254.0,0.415211655,290.0,0.738733,0.301208479
IFI30,213.0,0.431523306,62.0,0.078466,-0.197714685
IFI35,160.0,0.418462024,223.0,0.863163,0.537104823
IFI44,267.0,0.403888008,124.0,1.266152,-0.221982072
IFI44L,5058.0,0.403608012,200.0,1.046307,-0.603282751
IFIH1,121.0,0.412344512,377.0,0.652007,0.047224622
IFIT1,2775.0,0.411248073,495.0,1.670015,0.230528348
IFIT2,1901.0,0.420797646,175.0,0.763231,0.101916753
IFIT3,843.0,0.417440574,529.0,1.320146,0.418111196
IFIT5,2354.0,0.414819429,231.0,0.64242,-0.051603186
IFT27,109.0,0.4030938,426.0,-0.684456,0.237518799
IGFBP3,1605.0,0.43060006,132.0,0.275985,-0.033523495
IGFBP7,558.0,0.392734536,34.0,0.816106,0.144479779
IKBKE,745.0,0.435100597,714.0,1.107974,0.765356617
IL16,3965.0,0.367979445,2395.0,0.964063,0.070973919
IL17RA,5874.0,0.376798811,133.0,-0.033146,-0.324204697
IL1RN,1145.0,0.411881061,408.0,0.411091,0.569978647
IL4I1,16.0,0.4139018,621.0,0.264338,-0.268321489
ILF2,656.0,0.426220446,239.0,0.145866,0.016340353
IMPA2,2898.0,0.383680893,242.0,-1.182561,-1.272565566
INO80,5209.0,0.374025479,351.0,0.033754,-0.598649635
INPP1,263.0,0.395712795,700.0,0.440798,0.520311131
INPP5D,1195.0,0.436077769,512.0,0.630573,-0.064862597
INSR,4801.0,0.380857973,411.0,0.7456,-0.253982676
IPO5,2508.0,0.381335948,180.0,-0.172698,0.077331948
IRF7,92.0,0.423538356,367.0,1.022553,-0.004086864
IRF8,1327.0,0.384714127,507.0,1.053257,0.28989869
IRF9,369.0,0.432057622,127.0,0.962784,-0.107038224
IRGQ,7659.0,0.399674011,156.0,-0.840861,0.126481796
ISCU,607.0,0.454630229,1331.0,0.031519,-0.307116162
ISG15,62.0,0.419522688,77.0,0.985681,-0.394847125
ISG20,952.0,0.419932377,2368.0,-0.167593,0.21030955
ISOC1,1056.0,0.418535314,18.0,-1.098777,0.284134185
ITGB2,415.0,0.457304004,395.0,0.675825,-0.403280689
ITPKB,2981.0,0.440250717,340.0,0.370121,0.249464143
ITPRIP,5382.0,0.396785481,453.0,0.985885,0.699248814
JUNB,496.0,0.414023332,276.0,2.441667,0.274270701
JUP,157.0,0.458302936,298.0,0.176927,-0.170285303
KANK2,2291.0,0.394238955,361.0,0.851256,0.672347447
KARS,4202.0,0.383913431,144.0,-0.6593,-0.095083885
KCNN4,560.0,0.425737469,396.0,-0.188865,0.231450868
KDM1A,327.0,0.428444011,149.0,0.126839,-0.057440538
KDM2A,3716.0,0.372295488,864.0,0.004168,-0.470706063
KDM2B,2488.0,0.393022165,407.0,-0.127987,-0.385381474
KDM3B,1327.0,0.37791414,200.0,0.12132,0.06182965
KDM4A,1148.0,0.378142374,166.0,-0.108912,-0.30397848
KHSRP,1024.0,0.456900489,110.0,0.101429,-0.303607661
KIAA2013,727.0,0.385456054,191.0,-0.207079,-0.233589178
KIF20A,757.0,0.371463873,496.0,-0.997014,-0.63196293
KIF22,75.0,0.392489541,388.0,-0.45781,0.040790781
KIF2C,588.0,0.387865377,395.0,-1.113288,-0.667236306
KIF3B,3792.0,0.390782105,180.0,0.087276,-0.354674594
KIF3C,2392.0,0.403852971,657.0,1.012643,0.461610514
KIF5B,3198.0,0.418236129,470.0,-0.132446,-0.194055483
KLHL7,3616.0,0.41595405,521.0,-0.447919,0.210673808
KTI12,594.0,0.370414154,39.0,-0.138437,0.150404409
LAMP1,1311.0,0.390985106,281.0,0.034044,0.004975618
LANCL2,2422.0,0.433733517,578.0,-0.410021,-0.232757063
LAP3,503.0,0.426841798,162.0,0.189924,0.221843063
LDHD,1826.0,0.398770776,52.0,-0.199157,-0.380462694
LENG1,560.0,0.445950324,48.0,-0.35327,-0.745373652
LGALS3,159.0,0.420172221,88.0,0.095618,0.05945387
LGALS3BP,1225.0,0.419930622,179.0,0.022836,0.102943216
LGALS9,641.0,0.410654931,118.0,0.935272,0.058572611
LIN54,4893.0,0.441729058,383.0,-0.114502,-0.294100818
LPCAT1,2228.0,0.380803123,133.0,0.628849,0.224331558
LPXN,1776.0,0.432350833,254.0,0.435286,-0.028500646
LRPPRC,2376.0,0.377375074,58.0,-0.44941,-0.483302298
LRRC25,843.0,0.434491636,642.0,0.786939,0.652004766
LRRC41,465.0,0.438391248,44.0,-0.130918,-0.533622999
LRRC59,1755.0,0.423067849,236.0,-0.324963,-0.476947265
LSM1,486.0,0.409616526,410.0,-0.422212,0.633199798
LSM6,1871.0,0.435100303,139.0,-0.152303,-0.058568679
LTA4H,391.0,0.355044638,145.0,-0.1355,0.087034805
LYN,4058.0,0.418972994,282.0,0.556675,0.208224567
LYPLAL1,1137.0,0.3973742,157.0,0.619575,0.560969131
LYRM4,6830.0,0.366844497,217.0,-0.458869,-0.424507212
LYSMD2,596.0,0.394037378,501.0,0.497024,0.420308326
M6PR,1457.0,0.379162834,275.0,-0.0799,-0.982598343
MAD2L1,4528.0,0.407191351,124.0,-1.315872,-0.145659593
MAFB,2032.0,0.405989564,390.0,0.65779,0.942276666
MAGED2,327.0,0.466698843,233.0,-0.174025,-0.895812548
MAGOH,153.0,0.416054235,162.0,-0.18947,0.199977215
MAN2B1,128.0,0.381728903,76.0,-0.123792,0.261665273
MANF,717.0,0.420319188,97.0,-0.493854,-0.222732007
MAP4K1,170.0,0.374128007,140.0,0.797357,0.293232662
MARCKSL1,768.0,0.468216312,206.0,-0.345037,-1.626991243
MAX,2676.0,0.337149475,479.0,-0.13144,-0.725375299
MBD2,3723.0,0.420256858,229.0,-0.339953,0.359910987
MBP,4041.0,0.393290432,264.0,0.252186,-0.826096089
MCM2,662.0,0.460999542,110.0,-0.87253,-0.290587612
MCM4,2618.0,0.371821308,942.0,-0.665708,-0.240069237
MCM5,3214.0,0.470488076,94.0,-0.647066,-0.550307908
MDC1,658.0,0.415783633,440.0,-0.012113,-0.238731805
MDH1,210.0,0.381672323,435.0,-0.509206,-0.101332572
ME1,1535.0,0.411214685,265.0,-0.543441,0.499737361
ME3,171.0,0.395156177,377.0,0.348867,0.847828675
MECR,1365.0,0.445670958,612.0,-0.108571,-0.45903068
MED17,2631.0,0.366528813,275.0,0.144402,0.041083387
MED19,934.0,0.439623042,93.0,-0.186636,0.053819645
MED28,10307.0,0.440157501,27.0,0.02651,0.236143167
MED29,4550.0,0.464327351,57.0,-0.031099,-0.00260975
MEN1,824.0,0.454590692,504.0,-0.077229,-0.547400201
METTL13,961.0,0.396264071,347.0,0.621299,0.241765552
MGST3,1295.0,0.374563048,428.0,0.596489,-0.625143742
MIF4GD,787.0,0.397877071,137.0,-0.363757,0.352330768
MINK1,774.0,0.455972684,525.0,0.493275,-0.732763744
MIS12,1334.0,0.420723459,745.0,0.036718,-0.545245504
MLEC,5319.0,0.43043384,173.0,-1.027085,-0.574415081
MLX,1636.0,0.386664187,65.0,-0.16413,0.372196828
MMACHC,1852.0,0.382684622,371.0,-0.381577,0.583241907
MMADHC,5382.0,0.406207656,205.0,-0.24796,0.433282338
MMGT1,4451.0,0.406300672,388.0,-0.181733,-0.770057375
MMP1,502.0,0.392399458,189.0,-1.565099,-0.540796041
MMP14,1722.0,0.419367787,285.0,1.168236,0.324334819
MMP9,193.0,0.404253633,19.0,0.561731,-0.495812563
MORC3,2052.0,0.406702124,375.0,0.246186,0.219267411
MORF4L1,1066.0,0.420719378,454.0,-0.024614,0.206877037
MOV10,619.0,0.412681236,1415.0,0.133558,-0.464152479
MPDU1,797.0,0.440676037,216.0,0.13126,0.267766593
MPHOSPH10,87.0,0.404440607,352.0,-0.138808,-0.124461992
MRI1,2018.0,0.459301832,75.0,0.084456,0.051192484
MRPL13,1075.0,0.395373051,313.0,-0.726799,0.113910317
MRPL15,1888.0,0.407701507,63.0,-0.632729,-0.208359568
MRPL16,212.0,0.368940255,214.0,-0.37605,-0.160032404
MRPL17,6554.0,0.424450505,105.0,-0.325539,-0.497136316
MRPL2,580.0,0.458698472,164.0,-0.437804,-0.470674956
MRPL20,187.0,0.445765675,96.0,-0.276686,-0.049747438
MRPL21,55.0,0.417448467,293.0,-0.974606,-0.202573734
MRPL27,2133.0,0.436300758,31.0,-0.522684,-0.680261837
MRPL40,113.0,0.406843086,653.0,-0.99586,0.053321916
MRPL46,1889.0,0.422788385,25.0,-0.18764,0.109421137
MRPL48,1284.0,0.368940255,212.0,-0.872534,-0.25378398
MRPL51,2069.0,0.35376587,169.0,-0.509134,-0.705409871
MRPL53,198.0,0.441261883,155.0,-0.067696,-0.357154682
MRPL9,407.0,0.432679379,437.0,0.2757,-0.046230773
MRPS11,2793.0,0.477818717,1491.0,-0.328822,0.115287768
MRPS15,468.0,0.440649404,164.0,-0.481683,-0.734748148
MRPS17,1334.0,0.413812124,30.0,-0.610585,-0.192934006
MRPS18B,936.0,0.408462865,157.0,-0.574042,-0.49113325
MRPS36,933.0,0.3748339,84.0,-0.521694,-0.128689923
MRPS7,453.0,0.455992019,233.0,-0.629355,-0.502482884
MSI2,5168.0,0.366385762,173.0,0.654502,0.035502382
MSTO1,694.0,0.421389639,1152.0,0.979112,0.506935079
MT2A,316.0,0.576670685,123.0,-1.303115,-1.397028666
MTA2,684.0,0.459443446,761.0,-0.211407,-0.173663834
MTFMT,1550.0,0.414190941,26.0,-0.176418,0.123367997
MTHFS,1663.0,0.434592403,179.0,-0.301367,-0.286624074
MTMR1,2442.0,0.424163835,319.0,-0.241382,0.315352415
MTMR14,421.0,0.371137969,151.0,-0.046239,0.459040429
MVP,50.0,0.435053297,193.0,0.767998,0.404705841
MX1,456.0,0.433488503,982.0,2.066635,0.143875764
MX2,1812.0,0.430094961,104.0,0.616454,-0.128834813
MYADM,2833.0,0.384589896,681.0,0.691867,-0.033139284
MYCBP,3972.0,0.381803634,73.0,-0.314879,-0.543945448
MYL12A,812.0,0.453450746,478.0,0.179317,0.696308713
MYO18A,3647.0,0.395788337,484.0,0.310121,-0.167938583
MYO9B,1401.0,0.398943925,152.0,0.435011,-0.242594882
N6AMT1,5137.0,0.427535625,28.0,-0.468766,0.055060224
NAA40,3212.0,0.389371031,261.0,-0.130591,-0.607853017
NAB1,2433.0,0.361024962,572.0,0.451595,0.362005111
NADK,1672.0,0.3959688,563.0,0.077815,0.114392017
NADSYN1,464.0,0.447848979,126.0,-0.38715,0.066839847
NAGK,1297.0,0.42527382,474.0,0.147822,0.335361243
NANS,37.0,0.458552255,132.0,-0.645178,-0.172035626
NAPA,1862.0,0.477781443,318.0,-0.157689,0.222876557
NAT10,4915.0,0.387474071,245.0,-0.196828,-0.404113239
NBAS,140.0,0.414580543,44.0,0.112312,0.156621787
NCALD,2767.0,0.374888213,460.0,-0.220223,0.578152233
NCAPD3,2971.0,0.431957579,606.0,0.022587,-0.065545009
NCAPG2,3501.0,0.41630572,200.0,-0.551785,-0.276817038
NCF1,2381.0,0.415579251,70.0,-0.069429,-0.405286844
NCK2,1267.0,0.457831152,276.0,-0.157444,0.385138648
NCKIPSD,4981.0,0.449411541,126.0,-0.239172,0.109498408
NCOA5,1332.0,0.416761948,402.0,0.078973,-0.293983148
NCOA7,3259.0,0.404217869,470.0,0.487006,-0.016234681
NDC80,61.0,0.356199389,182.0,-0.755474,-0.141205971
NDRG2,841.0,0.376266446,941.0,-0.10074,0.013381761
NDUFA4,1685.0,0.439642808,129.0,-0.538663,-0.14739213
NEU1,667.0,0.413226082,156.0,-0.347864,-0.103274632
NFATC2IP,3242.0,0.412267479,15.0,0.258892,0.65501169
NFKB1,708.0,0.4099683,467.0,0.460057,0.339178125
NFKB2,153.0,0.424806573,563.0,0.796434,0.02006453
NFKBIE,1053.0,0.409138176,25.0,0.317389,-0.303392941
NGDN,1255.0,0.423783924,27.0,-0.452256,-0.350565761
NGRN,1679.0,0.414477409,50.0,-0.148602,-0.518922217
NINJ1,5217.0,0.455972644,71.0,0.317871,-1.243394747
NIP7,1593.0,0.443769116,318.0,-0.332276,-0.344690201
NIT2,2351.0,0.432361565,74.0,-0.473974,0.322494752
NMNAT3,2689.0,0.397393877,1228.0,0.020668,-0.100325047
NMT1,3377.0,0.454689408,31.0,0.004071,-0.068912
NONO,1092.0,0.432928506,710.0,-0.373053,-0.253260923
NOP14,912.0,0.38067473,187.0,-0.243098,-0.870600831
NOP2,785.0,0.393538298,198.0,-0.326971,-0.758982421
NOTCH2,6062.0,0.409327653,297.0,0.70946,-0.096209116
NPTN,1068.0,0.388989686,197.0,-0.109173,-0.940270501
NR2C2,6271.0,0.390767743,362.0,-0.187335,-0.578109325
NRBF2,883.0,0.43605128,224.0,0.242688,-0.170108224
NRF1,1901.0,0.447602651,500.0,-0.078531,0.500016069
NRP1,3846.0,0.416817106,523.0,0.950434,0.321403457
NSFL1C,1587.0,0.42738001,868.0,0.011116,-0.034839699
NSMAF,602.0,0.358586884,214.0,-0.206731,0.083327813
NTAN1,178.0,0.344459601,320.0,0.225206,0.610968341
NUBP1,246.0,0.455923678,142.0,0.253179,0.614180425
NUCKS1,5461.0,0.359398328,271.0,0.858188,-0.46445473
NUDC,716.0,0.476401948,127.0,-0.34907,-0.449704024
NUDT16,5489.0,0.428387545,75.0,-0.001905,0.63639284
NUMA1,663.0,0.474508115,436.0,0.090477,-0.228994023
NUP93,5678.0,0.382018893,495.0,-0.283098,-0.25636218
NXF1,2943.0,0.375826754,136.0,-0.226817,0.100557973
OCIAD2,4872.0,0.363821488,322.0,-0.369932,-0.785648284
OGDH,1071.0,0.396078149,159.0,-0.148939,0.06043353
OPA3,7233.0,0.475004358,100.0,-0.394599,-1.95796927
OSBPL2,2363.0,0.383456763,571.0,0.053918,-0.085795179
OSBPL5,1099.0,0.381371042,158.0,0.491636,-0.349471621
OVCA2,792.0,0.429983078,65.0,0.109991,0.485001968
P2RX4,573.0,0.442596273,304.0,-0.490303,-0.499371878
PAAF1,509.0,0.376143366,341.0,-0.155748,-0.011058321
PACSIN2,1591.0,0.413490434,405.0,-0.379938,-0.369823701
PARK7,451.0,0.457171775,163.0,-0.392204,-0.097404543
PARP1,769.0,0.460215809,171.0,1.513588,0.306325596
PARP10,332.0,0.422654659,200.0,0.252172,0.275060045
PARP12,816.0,0.416480622,874.0,0.271251,-0.164679745
PARP14,2243.0,0.414355918,59.0,0.704851,0.178343035
PARP9,451.0,0.418102187,327.0,0.646228,0.206192771
PARVG,2043.0,0.383803232,484.0,0.687718,0.487517211
PBK,750.0,0.413339119,464.0,-0.7634,-0.315860548
PCNA,338.0,0.425000199,239.0,-0.440397,-0.084775988
PDAP1,2007.0,0.464659554,134.0,-0.418441,-0.41715411
PDCD2,155.0,0.440448783,111.0,-0.46256,-0.268910646
PDCD2L,48.0,0.433436103,33.0,-0.526406,-0.167622286
PDCD6IP,3211.0,0.388727459,158.0,0.147603,-0.046903615
PDHA1,2054.0,0.402514578,145.0,-0.639289,0.093990506
PDHB,2974.0,0.442593378,43.0,0.190542,0.239844265
PDLIM1,357.0,0.379179626,233.0,-0.027277,0.106399808
PDXDC1,2055.0,0.375670185,335.0,-0.042276,-0.203304023
PDXK,6244.0,0.398158884,198.0,-0.839818,0.197882697
PEBP1,796.0,0.360152166,326.0,-0.500737,0.14122104
PEF1,769.0,0.441759403,424.0,-0.102453,0.588340919
PELO,5222.0,0.385240523,985.0,0.107621,0.011742282
PEPD,395.0,0.450896903,133.0,0.277938,0.635990905
PEX16,585.0,0.43213601,312.0,-0.251961,-1.648782845
PEX6,946.0,0.370078344,93.0,-0.123317,0.248666249
PEX7,2294.0,0.407005497,102.0,0.282575,0.069862066
PFDN5,124.0,0.497062947,117.0,-0.318307,0.150563552
PFDN6,574.0,0.470152145,222.0,-0.366967,0.426341646
PGM1,570.0,0.393980016,681.0,-0.117617,0.261512912
PHB,988.0,0.45268542,190.0,-0.689321,0.0
PHF10,104.0,0.365149381,79.0,-0.363609,0.245688774
PI4K2A,2692.0,0.385068362,57.0,0.463812,-0.103639492
PIAS1,3626.0,0.396022529,741.0,0.315042,0.095107142
PIK3AP1,3866.0,0.407313024,128.0,0.657962,0.135780862
PIR,205.0,0.385796208,485.0,-0.799316,-0.165557804
PITPNC1,4686.0,0.369070722,874.0,0.312959,0.169157021
PLA2G4C,585.0,0.406173977,398.0,1.133904,0.685603568
PLA2G7,1187.0,0.402486321,269.0,-0.588829,-0.412421768
PLAUR,323.0,0.418467601,226.0,1.439319,0.246734275
PLCB2,818.0,0.468984469,301.0,0.590367,0.594888621
PLCG1,3987.0,0.454806205,121.0,0.088982,0.043909271
PLD4,273.0,0.377985619,192.0,1.938666,1.121785996
PLEKHO1,5192.0,0.424698037,839.0,0.328754,0.158894661
PLEKHO2,2119.0,0.429714475,134.0,0.861002,0.00980151
PLSCR1,10376.0,0.415598704,388.0,0.803654,-0.411012724
PML,3324.0,0.431306474,140.0,0.374068,0.099766723
POLR1C,1131.0,0.439933821,86.0,-0.613294,0.298028426
POLR1D,1469.0,0.427162265,456.0,-0.370388,0.183784112
POLR2F,1600.0,0.47244007,250.0,-1.042538,-0.035803899
POLR2H,1065.0,0.427596015,1167.0,-0.706786,-0.115569247
POLR3H,3481.0,0.444306047,388.0,-0.772127,0.680929136
POLR3K,1023.0,0.473025152,46.0,-0.398814,0.317033997
PPA2,660.0,0.432735716,20.0,-0.22674,-0.174234616
PPIE,4556.0,0.446406574,56.0,-0.259528,0.464710998
PPIL1,1921.0,0.453832883,252.0,-0.739629,-0.775406125
PPP1R14B,282.0,0.457456004,268.0,-0.091788,0.273981298
PPP1R3G,2923.0,0.390061911,0.0,-0.493132,0.7209296
PRC1,1136.0,0.367783806,234.0,-0.758483,-0.640573679
PRCC,357.0,0.381841119,290.0,0.621301,0.421618745
PRDX1,303.0,0.414090753,341.0,-0.961458,-0.22443242
PRDX6,944.0,0.433706552,51.0,0.31976,0.636614984
PREB,658.0,0.378530018,403.0,-0.174923,-0.042006097
PREP,579.0,0.425974009,233.0,0.059183,-0.097533689
PRG4,784.0,0.366727173,51.0,2.444996,1.023808033
PRIM2,1166.0,0.350864643,125.0,-0.33261,-0.130914992
PRKAB1,1305.0,0.365943644,289.0,0.309397,0.295201884
PRKAR2A,5019.0,0.427443141,254.0,0.562776,0.089109302
PRKCB,5795.0,0.38010529,197.0,0.773328,0.284860612
PRKCD,451.0,0.404392693,469.0,0.131998,-0.356219591
PRKRA,683.0,0.420894136,659.0,-0.124544,-0.088289189
PRKRIP1,3224.0,0.453589322,55.0,-0.323233,-0.606657254
PRMT5,393.0,0.386451423,508.0,0.000758,0.082238879
PRMT7,3655.0,0.450088803,850.0,-0.144312,-0.048696572
PROCR,549.0,0.357872186,218.0,0.740814,1.016941605
PRPS1,3908.0,0.466551451,409.0,0.221651,-0.069561723
PRPSAP1,2056.0,0.390811115,688.0,-0.201472,0.264991926
PRRC1,3173.0,0.409170839,188.0,0.276638,-0.048327011
PSMA5,2997.0,0.446573967,225.0,-0.458179,0.301598935
PSMA6,187.0,0.423632682,445.0,-0.516665,0.184306616
PSMB10,58.0,0.455018511,128.0,0.197627,0.137230193
PSMB2,3775.0,0.389848815,412.0,-0.395002,0.117168629
PSMB8,242.0,0.411206622,522.0,0.245241,0.199322158
PSMB9,5497.0,0.431095699,69.0,0.471073,0.430931955
PSMC3,66.0,0.485654947,194.0,-0.412186,0.205743768
PSMD11,2567.0,0.390095635,61.0,-0.194564,0.076316674
PSMD13,384.0,0.437236365,242.0,-0.369713,0.037245265
PSMD8,450.0,0.458928351,52.0,-0.48359,-0.046532657
PSME2,53.0,0.443656162,65.0,-0.186345,-0.195687293
PSMG1,5308.0,0.427553471,578.0,-0.955177,-0.136984279
PSTPIP2,1923.0,0.429639796,96.0,-0.066332,-0.133409638
PTBP1,1504.0,0.473818895,106.0,-0.027055,0.330524863
PTDSS1,3765.0,0.367954205,423.0,-0.768162,-0.472812362
PTGS1,3346.0,0.37260918,633.0,0.976668,0.410753815
PTP4A1,3419.0,0.421202001,1153.0,0.170629,-0.449605866
PTPMT1,1899.0,0.450492628,193.0,-0.628125,-0.121055768
PTPN18,2185.0,0.381656528,101.0,-0.419889,-0.481011508
PTPN7,1593.0,0.440747449,781.0,0.746298,-0.611425739
PTPRE,2994.0,0.426620112,1843.0,0.850916,0.252595076
PTPRF,4571.0,0.452810321,356.0,-0.607049,-0.361855378
PTRH2,3186.0,0.370743372,1544.0,-0.745699,-0.771936207
PWWP2B,819.0,0.424412275,29.0,0.185994,-0.312518314
PYCR2,578.0,0.474148407,230.0,0.653978,-0.510372161
PYGL,175.0,0.392036998,127.0,0.457195,0.330585352
QARS,97.0,0.458996209,396.0,-0.294211,0.01889026
RAB11FIP1,4277.0,0.380614122,56.0,0.934373,0.240681072
RAB12,1120.0,0.38483812,283.0,-0.075128,-0.035733057
RAB21,5246.0,0.435367738,267.0,-0.003775,0.049084362
RAB31,3231.0,0.437498832,175.0,1.677402,0.203529833
RAB35,2172.0,0.408841719,189.0,0.136933,-0.150734498
RAB7A,1376.0,0.419395127,232.0,-0.328632,-0.05405347
RAB8B,4163.0,0.425956778,96.0,0.729003,-0.49597167
RAB9A,1716.0,0.417525007,283.0,-0.396609,0.047474106
RABGGTA,77.0,0.387342734,512.0,-0.439848,0.145620148
RABGGTB,440.0,0.409412379,78.0,-0.378345,-0.014067668
RABIF,4760.0,0.447399225,159.0,0.102067,0.67473331
RACGAP1,1895.0,0.366370127,354.0,-0.608373,-0.266027785
RAD9A,924.0,0.444046557,185.0,-0.668815,-0.054343188
RAE1,1112.0,0.432613552,365.0,0.079981,0.164888124
RAI1,1472.0,0.455620822,469.0,0.442096,-0.445099397
RAN,2043.0,0.442855294,361.0,-0.517533,-0.100945082
RANBP10,3359.0,0.379453562,1256.0,-0.513503,-0.564614427
RANGAP1,3145.0,0.481547647,765.0,-1.036269,0.069265434
RAPGEF1,2727.0,0.425793135,159.0,0.092504,0.451251878
RARS,114.0,0.423508657,41.0,-0.224061,-0.02645985
RASGRP2,183.0,0.381671176,582.0,0.476719,0.908475504
RASGRP4,985.0,0.374724859,214.0,0.948538,1.158792231
RBBP4,6506.0,0.404056961,164.0,-0.273297,0.066943006
RBBP5,3098.0,0.421849625,474.0,0.820241,-0.107199731
RBKS,251.0,0.392307233,1371.0,0.555337,0.306647907
RBM12,3599.0,0.375183789,304.0,0.396994,-0.086018307
RBM14,3443.0,0.468008211,139.0,-0.328809,-0.526350428
RBM4B,5277.0,0.396841232,170.0,-0.332921,0.269677214
RBMX,1201.0,0.353737079,210.0,-0.200119,-0.79447625
RBPJ,4223.0,0.4178224,518.0,0.002532,-0.225226591
RBX1,821.0,0.46562919,52.0,-0.93912,0.538480812
RC3H1,7637.0,0.410085914,87.0,0.115567,-0.147504902
RCCD1,1773.0,0.374130224,280.0,-1.016126,0.07389759
RCOR1,4070.0,0.439565312,228.0,-0.131268,0.215965342
REEP4,591.0,0.460338979,469.0,-0.325774,-0.928315312
REEP5,2962.0,0.457536941,144.0,-0.628578,-1.027288927
RELB,408.0,0.418226182,131.0,0.874051,0.430200796
REPIN1,2683.0,0.45080531,489.0,-0.24381,-1.029979487
RFC4,89.0,0.411167541,282.0,-0.635888,-0.055695721
RFK,1882.0,0.429285662,357.0,-0.070424,0.074155408
RFWD3,2538.0,0.42367162,98.0,-0.3699,-0.314263147
RFX5,1546.0,0.386685917,221.0,0.746376,-0.149761068
RFXAP,1850.0,0.421314391,156.0,-0.402063,0.467359343
RHBDF2,740.0,0.423256567,294.0,0.446061,-0.485873225
RHOT2,568.0,0.454546166,881.0,0.318314,0.278323282
RINL,1279.0,0.357351373,413.0,-0.073284,0.277613433
RNASE2,179.0,0.384567964,71.0,1.33201,0.369959023
RNASEH1,4369.0,0.404567903,700.0,-0.077866,0.481181471
RNASEH2B,3930.0,0.37625722,399.0,-0.201096,-0.656696099
RNASET2,1070.0,0.374792559,407.0,0.044601,0.05384812
RNF114,1751.0,0.459950313,36.0,-0.054389,-0.1193986
RNF167,289.0,0.375291206,776.0,0.080876,-0.859768329
RNF20,5226.0,0.396317502,92.0,0.109788,-0.210379687
RNF213,5288.0,0.417718743,150.0,0.314773,-0.459672326
RNF216,2819.0,0.430061571,259.0,-0.398404,0.514847024
RNF25,102.0,0.375620157,88.0,0.171872,0.06163333
RNF31,88.0,0.389352607,358.0,0.085661,0.283445836
RNLS,1252.0,0.416402283,135.0,-0.241521,-0.023891746
RNMT,4581.0,0.415128602,241.0,-0.047903,0.268037431
RNPEP,463.0,0.447181346,896.0,0.703877,0.440036866
RP9,437.0,0.42869019,18.0,-0.671901,-0.28239936
RPA1,2907.0,0.381710028,170.0,0.000794,-0.099490573
RPA2,639.0,0.400070522,793.0,-0.076485,0.366441278
RPAIN,471.0,0.394698889,570.0,-0.576873,0.309982512
RPL11,461.0,0.442317923,45.0,-0.221965,-0.039864593
RPL14,5208.0,0.496792394,133.0,-0.525972,-0.342753703
RPL23,3146.0,0.464880603,90.0,-0.083042,-0.113238497
RPL26,53.0,0.427802183,389.0,-0.40875,-1.474214586
RPL31,1260.0,0.451994935,87.0,-0.058963,-0.534065741
RPL34,1350.0,0.436455219,198.0,-0.336617,-1.475670244
RPL5,1058.0,0.451564158,75.0,-0.50879,-0.241691686
RPL7,1077.0,0.460258279,707.0,-0.853042,-0.170057343
RPS11,373.0,0.483080585,92.0,-0.325,-0.336404876
RPS24,4247.0,0.430653047,142.0,-0.754676,-0.024529198
RPS25,109.0,0.467193878,63.0,-0.220838,-0.551996146
RPS27A,743.0,0.450449292,321.0,-0.358433,-0.230588391
RPS3A,306.0,0.426765211,80.0,-0.561267,-0.514522747
RPS4X,629.0,0.442998752,96.0,-0.37923,0.001711969
RPS6,2723.0,0.413925579,42.0,-0.387158,-0.82246368
RPS6KA1,828.0,0.389798854,163.0,-0.027108,-0.181988502
RPS6KA4,735.0,0.38455359,226.0,0.574283,-0.287552084
RPS7,66.0,0.428822459,109.0,-0.723219,-0.371728828
RPTOR,2341.0,0.385169267,805.0,-0.041629,-0.089754053
RREB1,3012.0,0.456825357,492.0,0.359609,-0.237031866
RRM1,2304.0,0.437568848,689.0,-0.156567,0.116230791
RRP8,5071.0,0.446233376,148.0,-0.332168,-0.326361609
RRS1,978.0,0.468289248,104.0,-0.431783,-0.619820278
RTN3,1690.0,0.358048129,187.0,-0.25752,-0.811104177
RTN4IP1,1108.0,0.372133716,477.0,-0.170827,-0.044258713
RUNX1,4334.0,0.416076551,1578.0,1.079105,0.587571924
RUNX3,2611.0,0.405217602,439.0,0.559531,-0.508689734
RWDD1,6365.0,0.401367905,746.0,-0.405545,0.72137061
S100A8,71.0,0.444112716,170.0,4.135834,0.436746604
S100A9,189.0,0.439508357,43.0,6.287241,0.288547737
SAMD9,1815.0,0.395660052,270.0,1.278222,0.161207174
SAMD9L,1162.0,0.396305952,1248.0,1.1566,0.304156634
SAMM50,150.0,0.345249646,197.0,-0.690339,0.017230106
SAMSN1,684.0,0.407246581,430.0,0.705569,-0.310767446
SAP18,1754.0,0.427429047,39.0,-0.372391,-0.581284082
SAP30BP,1541.0,0.449617255,257.0,-0.23947,-0.106358656
SAR1A,5213.0,0.411769389,203.0,-0.105325,0.307923829
SAR1B,5806.0,0.392367964,253.0,-0.157649,-0.04395074
SARS,1054.0,0.40098191,100.0,-0.203314,0.191343281
SASH3,1369.0,0.387406112,182.0,0.731227,0.402338042
SCAMP4,1741.0,0.472519575,351.0,0.252864,-0.002673526
SCO1,8645.0,0.407339367,61.0,0.244274,-0.488591347
SDCCAG8,307.0,0.360606297,1542.0,0.539814,0.195016016
SEC11C,205.0,0.423646802,92.0,-1.002204,-1.031640319
SEC13,332.0,0.457264526,210.0,-0.335521,0.065680598
SEC14L1,2986.0,0.420320088,665.0,0.02381,0.163295702
SEC22A,2559.0,0.422343815,79.0,-0.280708,-1.208062409
SEC24B,1221.0,0.400931805,155.0,0.141839,0.191292488
SEC24D,2115.0,0.386600041,297.0,0.343276,0.295446582
SEC61B,270.0,0.404562259,76.0,-0.52949,-1.219217707
SEMA3F,960.0,0.38837398,318.0,0.606043,0.708277714
SEMA4A,755.0,0.412797256,345.0,-0.467908,0.449648511
SEMA4D,2318.0,0.393173667,572.0,-0.198931,-1.373838548
SERPINA1,1707.0,0.420489385,573.0,1.006365,0.612569863
SERPINB8,2096.0,0.38524815,520.0,0.743839,1.035986411
SETMAR,321.0,0.414235412,398.0,-0.240151,0.574957803
SEZ6L2,540.0,0.431800162,245.0,0.33025,-0.88106054
SF1,2419.0,0.374481437,721.0,-0.005338,-0.027672295
SF3B2,563.0,0.453902675,40.0,-0.266841,-0.0748353
SFXN4,500.0,0.402513841,45.0,-0.579847,0.215899538
SH3BP1,433.0,0.395530944,313.0,0.160729,0.030937897
SH3PXD2B,4870.0,0.420952884,171.0,0.78547,-0.031393954
SHMT1,4335.0,0.394510245,509.0,0.144877,0.392570324
SIGLEC1,1590.0,0.42099348,0.0,-0.130725,-0.712492262
SIPA1,2933.0,0.437718847,296.0,0.640048,0.222016813
SIRPA,3027.0,0.429235057,360.0,0.511171,-0.454567534
SKP1,8791.0,0.433886974,179.0,-0.328062,-0.239036984
SLBP,3046.0,0.391438372,553.0,-0.58403,-0.517849097
SLC25A10,1929.0,0.386184273,191.0,-0.909699,-0.157437073
SLC25A19,477.0,0.386093473,224.0,-0.94387,-1.050252265
SLC25A20,787.0,0.382641976,199.0,0.076188,-0.718042652
SLC25A3,504.0,0.383836987,354.0,-0.370291,-0.737941695
SLC25A6,450.0,0.487227384,137.0,-0.325745,-0.906197118
SLC27A3,163.0,0.439664345,91.0,0.186546,-0.266540716
SLC39A10,2661.0,0.346494338,214.0,1.033755,-0.376188432
SLC43A2,6357.0,0.437839378,341.0,0.322127,-2.175785512
SLC43A3,838.0,0.382351997,447.0,0.156917,-0.081602612
SLC44A1,8291.0,0.4365497,264.0,0.720645,-0.03233705
SLC9A3R1,709.0,0.400889529,235.0,0.097908,-0.73197686
SMAP2,1225.0,0.404145004,415.0,-0.21271,0.297486845
SMC1A,5954.0,0.490702048,340.0,-0.137852,-0.283028167
SMG5,1363.0,0.383248033,540.0,0.100182,0.39987247
SMS,2660.0,0.417677888,252.0,-1.217229,-0.472633654
SMYD3,223.0,0.378821529,130.0,0.452115,0.044108453
SNRNP200,676.0,0.454045162,132.0,-0.010157,-0.09849906
SNRPC,474.0,0.427936125,450.0,-0.527132,0.315262794
SNRPD1,4386.0,0.384326147,161.0,-0.420816,0.296910663
SNRPN,279.0,0.390283395,1145.0,-0.241401,0.007262621
SNX24,5071.0,0.338464018,185.0,0.649333,0.508925716
SNX30,6144.0,0.426743352,148.0,0.382399,0.699109064
SNX33,5086.0,0.383330712,96.0,0.217708,0.143773558
SOD1,353.0,0.438546885,148.0,-0.923746,0.389731366
SOD2,13436.0,0.435065133,1828.0,0.199229,0.5575472
SP110,3922.0,0.401738483,258.0,0.621404,-0.151447697
SPC24,1691.0,0.381793277,320.0,-0.397544,-0.021518866
SPC25,540.0,0.373816265,131.0,-0.602302,0.375276115
SPCS1,3333.0,0.417439524,205.0,-0.24165,-0.927165742
SPI1,383.0,0.406748349,223.0,0.533669,-0.113118307
SPRYD4,1406.0,0.430591965,75.0,-0.306768,-0.093299394
SQSTM1,1485.0,0.412192979,360.0,0.068111,-0.286779808
SRC,2671.0,0.437602812,449.0,0.096936,-0.019589218
SRGAP2,3018.0,0.377689891,542.0,0.968743,0.380233236
SRI,5365.0,0.424260151,79.0,-0.264979,0.42843794
SRP19,2645.0,0.430943803,189.0,-0.341641,0.263478453
SRPRB,1784.0,0.427990824,285.0,-0.823868,-0.560026183
SRR,1392.0,0.393840903,354.0,0.501022,0.900876292
SRXN1,2099.0,0.37663928,185.0,0.217154,0.163937002
SS18L2,777.0,0.45997865,208.0,-0.410989,-1.124160084
SSH1,5298.0,0.373517564,146.0,0.437823,0.121153003
SSH3,2595.0,0.376349937,178.0,0.627,0.365273331
SSR2,592.0,0.425839932,80.0,0.08037,-0.233031112
SSR3,3698.0,0.388415977,156.0,-0.16557,0.391620382
SSR4,87.0,0.444947593,150.0,-0.997318,-0.308340404
SSRP1,422.0,0.394601844,267.0,-0.393647,-0.057184846
SSU72,400.0,0.445120823,325.0,-0.206442,-0.184325182
ST13,3666.0,0.439823793,468.0,-0.814904,-0.39634178
ST14,553.0,0.454138745,193.0,0.015622,-0.485526213
ST3GAL4,594.0,0.39537481,557.0,0.055605,-0.646026621
STARD10,1682.0,0.427301627,944.0,0.25929,0.267691245
STAT1,3294.0,0.408136156,388.0,0.967531,-0.176323226
STAT2,1791.0,0.409862748,203.0,0.377292,0.362675796
STAT6,1168.0,0.380869476,499.0,0.639392,0.269586695
STMN1,1138.0,0.394107416,364.0,-0.291948,-0.603169474
STOM,2222.0,0.387137797,117.0,-0.014202,0.106326581
STOML2,531.0,0.456962681,143.0,-0.305401,-0.552503205
STX11,4481.0,0.457080677,192.0,1.274499,0.711514867
STX3,5058.0,0.403902965,547.0,0.15649,-1.061055087
STX7,14891.0,0.417568039,327.0,0.2028,-0.45592096
STX8,107.0,0.378438911,150.0,0.087747,0.582551714
SUCLG1,223.0,0.43877655,193.0,-0.513695,-0.555855803
SUFU,3380.0,0.361614756,191.0,0.143384,0.398331159
SUMF1,999.0,0.37076871,37.0,0.210439,0.484232036
SUPT4H1,1112.0,0.438747077,103.0,-0.347292,0.451508316
SURF2,1720.0,0.440503417,48.0,-0.000461,-0.265096671
SURF4,2281.0,0.385472445,476.0,-0.152099,-0.046154643
SURF6,4908.0,0.42467207,78.0,-0.276075,-0.72532939
SUV39H1,1669.0,0.463566826,266.0,-0.65064,-0.196772714
SVIP,4195.0,0.357937352,217.0,-0.225625,-0.392435057
SYTL1,80.0,0.364244725,197.0,0.441166,0.093282781
TACC3,165.0,0.385699108,155.0,-0.619801,0.161548848
TADA2B,3064.0,0.464060586,151.0,0.170749,-0.83379449
TAF12,689.0,0.435926756,522.0,-0.140403,-0.550701971
TAP2,5256.0,0.374969764,175.0,0.559958,-0.569105574
TBC1D20,3109.0,0.435441414,148.0,0.336908,-0.599836417
TBC1D9B,1396.0,0.395340616,37.0,0.013148,-0.151069207
TBCC,556.0,0.434161456,73.0,-0.306263,0.388568095
TCEAL3,260.0,0.368171822,262.0,0.812748,-1.068449857
TCEAL4,3020.0,0.432120515,489.0,1.612575,-0.278077468
TCOF1,1640.0,0.41523122,108.0,-0.396671,-1.167962237
TDP1,1721.0,0.418036689,317.0,-0.205243,0.022564403
TDRD7,242.0,0.375852104,234.0,0.856049,0.149062425
TDRKH,973.0,0.419795099,182.0,0.794327,0.654382143
TEP1,2777.0,0.379550228,40.0,0.494546,0.366186957
TFE3,1431.0,0.379068139,541.0,0.256438,-0.527333278
TFEB,621.0,0.429366592,302.0,0.109972,-1.086741917
THADA,112.0,0.415199561,352.0,0.166094,0.104277048
THUMPD1,2715.0,0.455087735,225.0,-0.033739,-0.228589889
THYN1,205.0,0.377954149,484.0,0.057576,0.070089862
TIMM50,3932.0,0.424829064,722.0,-0.450838,-0.536985502
TIMM8B,2046.0,0.447942532,30.0,-0.596875,-1.067347819
TK2,3965.0,0.360054507,593.0,0.223853,0.471015766
TLE1,571.0,0.374791795,1295.0,-0.415226,-0.370038075
TM9SF2,2020.0,0.372522209,233.0,-0.003615,-0.704495295
TMED3,1710.0,0.439016102,188.0,0.107399,-0.178457518
TMED9,708.0,0.44685712,67.0,-0.472409,0.292305134
TMEM126A,52.0,0.406087664,295.0,-0.013365,0.076718271
TMEM199,2431.0,0.370998168,90.0,-0.184472,-0.591302566
TMEM63A,1407.0,0.385482014,622.0,0.772467,0.181149609
TMOD1,2050.0,0.392927141,213.0,-0.117586,1.160146718
TMSB10,278.0,0.470652003,95.0,-0.48146,0.092555639
TNFAIP1,2409.0,0.451408648,449.0,0.224205,0.275638415
TNFAIP2,2079.0,0.44214387,131.0,0.644646,0.050227951
TNFAIP3,1995.0,0.416242917,370.0,1.224576,0.348589656
TNFAIP8L2,497.0,0.440670719,126.0,0.092838,0.664334942
TNIP1,770.0,0.448321216,241.0,0.21734,-0.009877264
TNK2,822.0,0.420245651,543.0,0.013731,-0.534058606
TNPO2,2070.0,0.408799881,358.0,-0.040888,0.039956397
TNRC18,1316.0,0.449521205,349.0,0.569681,-0.29377392
TOMM5,518.0,0.441712708,107.0,-0.494057,-0.614669352
TOMM6,1957.0,0.431553434,255.0,-0.621072,-0.997097388
TOP2A,1003.0,0.364102812,159.0,-0.424825,-0.728183154
TOR1A,3160.0,0.446121485,77.0,0.058158,0.42020214
TPD52L2,1600.0,0.385071878,138.0,0.09935,0.04531422
TPI1,620.0,0.479135356,527.0,-0.706166,0.125450563
TPM1,757.0,0.403626605,257.0,0.125067,0.664590694
TRAF1,7433.0,0.438949906,572.0,0.304134,-0.240424695
TRAF6,6100.0,0.426668941,381.0,0.171131,0.407871932
TRAPPC3,634.0,0.441060625,519.0,-0.208232,0.000159413
TRAPPC5,42.0,0.453352607,241.0,-0.218848,-0.096909872
TRAPPC6B,2539.0,0.437369008,335.0,0.034641,0.239386424
TRAPPC9,3079.0,0.431357199,134.0,-0.301327,-0.061668485
TRIM11,3522.0,0.453298916,255.0,0.837999,-1.380006394
TRIM14,3117.0,0.369225689,165.0,0.259691,0.660466562
TRIM22,1215.0,0.424423711,379.0,0.714984,0.151793392
TRIM26,1431.0,0.384319522,565.0,-0.262193,-0.14918465
TRIM27,2956.0,0.441704825,359.0,-0.097313,0.196765198
TRIM41,1657.0,0.454716896,737.0,0.159076,-0.501215064
TRIM5,2312.0,0.426412011,303.0,0.18312,-0.149922192
TRIP12,3739.0,0.40441217,297.0,0.340229,-0.089953817
TRIP13,2852.0,0.433721983,145.0,-1.113498,-0.121581148
TRMT5,3660.0,0.405137655,572.0,-0.112941,-0.028931586
TRUB2,4655.0,0.434714666,759.0,-0.208141,-0.278595945
TSFM,1390.0,0.429356434,57.0,-0.273026,-0.394177099
TSPAN14,15147.0,0.398868986,305.0,-0.044466,-0.903091331
TSPYL1,7303.0,0.373212405,287.0,0.057364,-0.383287546
TSR2,1366.0,0.464925113,443.0,-0.566474,0.043254288
TTC39C,3394.0,0.378954091,452.0,-0.118063,-0.051102909
TTC7A,2213.0,0.393400181,1272.0,0.084358,0.115624673
TTPAL,5319.0,0.425556123,145.0,0.269454,-0.263638949
TTYH3,3063.0,0.383645273,187.0,0.283633,-0.905471125
TUBA1C,110.0,0.451729991,576.0,-0.350137,0.238854044
TUBA4A,644.0,0.402818439,556.0,0.277725,0.314131427
TUBB,1030.0,0.390058461,509.0,-0.265464,0.219343116
TUBB6,2302.0,0.468445054,1139.0,0.578614,0.85582656
TUBGCP4,1934.0,0.368175973,296.0,0.176074,0.302868255
TUSC1,1294.0,0.429789613,537.0,-0.45505,-0.079237649
TXNL4A,3129.0,0.472736328,466.0,-0.708866,-0.077603119
TYMP,18.0,0.429537249,376.0,0.891991,0.40632604
TYMS,581.0,0.364557025,159.0,-0.840351,-0.468021594
TYROBP,168.0,0.417048036,81.0,0.207501,0.289748275
UBAP2L,353.0,0.367068802,167.0,0.856772,-0.066765604
UBE2B,4002.0,0.405496028,420.0,-0.227936,0.760440729
UBE2E1,1034.0,0.417917446,229.0,-0.189927,-0.336515152
UBE2L3,2365.0,0.455573936,198.0,-0.873547,-0.02106857
UBE2L6,703.0,0.431638779,653.0,0.57062,0.470775094
UBE4B,1283.0,0.418913915,688.0,0.004369,0.235658345
UBIAD1,2303.0,0.446280173,334.0,-0.246893,-0.695216311
UBR4,797.0,0.387393976,4.0,0.144156,-0.096135273
UBTF,2209.0,0.400105612,296.0,0.053794,-0.385773904
UBXN1,220.0,0.422601268,194.0,-0.308031,-0.104109258
UCK2,4043.0,0.447469338,640.0,-0.208391,0.336493152
UGGT1,5935.0,0.374564832,178.0,0.143522,0.133753284
UHRF1BP1,5130.0,0.373569339,234.0,0.318768,-0.472047784
UNC45A,377.0,0.475530537,1022.0,-0.080678,0.049334875
UNG,1024.0,0.368897526,209.0,-0.144386,-0.61693744
UNK,1388.0,0.447315534,42.0,-0.156628,-0.205118971
UQCR11,4379.0,0.470309826,75.0,-0.221956,0.321630842
UQCRC1,129.0,0.462829321,45.0,-0.450508,-0.013181422
UQCRH,193.0,0.365128489,320.0,-0.518738,-0.573559154
UROD,171.0,0.391539164,133.0,-0.098954,0.473244725
UROS,3849.0,0.422413435,266.0,0.021722,0.269322437
USP18,580.0,0.434940763,338.0,-0.137178,0.322163655
USP39,571.0,0.39295741,223.0,-0.402514,-0.341332173
UTP6,2466.0,0.429918331,83.0,-0.510291,-0.44484027
VAC14,489.0,0.396517204,827.0,-0.602428,0.155096596
VAMP8,451.0,0.398153421,156.0,-0.443825,-1.287040725
VASP,824.0,0.388921088,342.0,0.374106,-0.102029138
VAT1,1456.0,0.406330787,120.0,0.268354,0.438991883
VDAC3,475.0,0.440388181,210.0,-0.658754,0.018122908
VDR,3209.0,0.450036866,401.0,0.546728,0.214027813
VGLL4,2489.0,0.432812067,506.0,0.342701,-0.343467065
VIM,431.0,0.411136971,462.0,0.562983,0.437232107
VPS28,291.0,0.476756313,109.0,-0.350608,0.233893538
VPS33B,559.0,0.447669729,583.0,-0.037824,0.230688299
VPS39,2053.0,0.440628838,173.0,0.157734,0.441867892
VPS52,2870.0,0.393546356,887.0,0.02902,0.343593746
WASF2,4090.0,0.365213822,245.0,-0.397295,-0.093290302
WBP2,1040.0,0.392225719,515.0,-0.358076,0.150367787
WDFY2,7044.0,0.36603015,340.0,-0.111759,0.031138368
WDR1,1039.0,0.393247178,368.0,0.575801,0.147297315
WDR36,3619.0,0.40459335,117.0,-0.031791,-0.220970676
WDR37,8068.0,0.365587877,173.0,-0.555437,0.009090367
WDR4,293.0,0.380589271,581.0,-0.546566,-0.108977
WDR47,1216.0,0.402106333,376.0,0.288642,0.229001054
WDR48,1924.0,0.419028298,472.0,0.183207,0.182667291
WDR5,1979.0,0.401607191,171.0,-0.508682,0.426976299
WDR54,97.0,0.394793766,128.0,0.107968,0.402081475
WDR61,197.0,0.411764619,310.0,-0.238907,0.423858126
WDR77,4184.0,0.412330102,139.0,-0.174761,0.070427339
WDR91,4946.0,0.380864599,823.0,0.007942,0.018483025
WDR92,2520.0,0.427217839,117.0,-0.466634,-0.073127168
YTHDF1,1279.0,0.384821843,294.0,0.148351,0.051595134
YTHDF3,3082.0,0.406652071,509.0,0.01354,-0.246678101
YY1,5192.0,0.440120149,480.0,-0.123512,-0.591184606
ZBED1,2221.0,0.457533868,282.0,0.391607,0.247319208
ZBTB8OS,1087.0,0.406816332,276.0,-0.216501,0.154719766
ZC3H12A,768.0,0.421626239,1056.0,1.039452,-0.229850612
ZC3H4,2169.0,0.436042942,38.0,-0.214811,-0.495747665
ZCCHC2,2006.0,0.404185753,0.0,0.348016,-0.897488064
ZFP36L1,2846.0,0.395541595,976.0,1.368262,-0.037729569
ZMAT2,1942.0,0.460376067,101.0,-0.228026,-0.615736791
ZMIZ2,4165.0,0.419562196,128.0,-0.273994,-0.162420592
ZMYM3,1292.0,0.378831729,749.0,-0.007653,-0.199908788
ZNF207,13817.0,0.386696564,148.0,0.003212,0.176494796
ZNF414,113.0,0.422835658,118.0,0.008931,-0.832052115
ZNF511,243.0,0.452392726,55.0,-0.25139,0.394831101
ZNF516,4816.0,0.393186692,318.0,1.057537,-0.357058644
ZNF622,1298.0,0.463753859,120.0,-0.356324,-0.418874779
ZNHIT2,49.0,0.440612513,85.0,-1.43064,0.443341097
ZNHIT3,419.0,0.425204303,73.0,-0.566321,-0.964674273
ZWINT,4585.0,0.411772707,37.0,-0.819811,-0.311434531
