,3prime,tAI,max_5_UTR_length,TCGA-A8-A079,TCGA-A8-A079.1
AAK1,17874.0,0.380718848,505.0,0.061624,0.019733888
AATF,207.0,0.367011205,251.0,-0.098646,-0.009512565
ABCC1,1793.0,0.393368456,175.0,-0.062766,-0.831689515
ABCF3,5726.0,0.387768135,869.0,0.112355,-0.034107125
ABHD12,654.0,0.374654709,279.0,1.415944,0.016977835
ABHD6,1639.0,0.384216096,505.0,0.208736,-0.220516486
ABR,2562.0,0.39474042,600.0,0.172936,-0.089901814
ABT1,2092.0,0.423473096,40.0,-0.432961,-0.400315688
ACADVL,176.0,0.46877374,457.0,0.880769,0.413420505
ACBD6,155.0,0.433964845,621.0,-0.241254,-0.07559187
ACIN1,584.0,0.404933544,328.0,0.321727,0.161324082
ACO1,4661.0,0.37721508,227.0,0.548763,0.300091321
ACOT11,1220.0,0.392289045,176.0,1.300946,0.015968598
ACOT9,4514.0,0.358892202,225.0,-0.798018,-0.250354878
ACP2,814.0,0.411581374,548.0,0.43604,0.218875502
ACSF2,1484.0,0.405139059,501.0,1.073057,0.396786894
ACSL1,1530.0,0.417966714,990.0,-0.811813,-0.541860297
ACSL5,1022.0,0.380976548,307.0,-2.200036,-0.855886054
ACTB,613.0,0.469768794,192.0,-0.504789,0.261153719
ACTL6A,452.0,0.409046191,387.0,0.301186,0.285356904
ACTR1A,3151.0,0.432463663,108.0,-0.221163,-0.216774455
ADA,312.0,0.444091501,440.0,-0.456617,-0.211185527
ADD1,1928.0,0.439806775,863.0,0.376603,-0.010037692
ADPRH,2067.0,0.380088169,541.0,-0.954075,-0.137279935
ADSSL1,320.0,0.393141878,776.0,0.393651,0.636603176
AGAP3,508.0,0.436856677,1584.0,-0.291671,-0.03140333
AHNAK,842.0,0.382138706,300.0,1.295575,0.964451803
AHSA1,225.0,0.374296292,431.0,0.166393,0.042627599
AIF1,121.0,0.4069451,222.0,-0.356342,0.131386304
AIFM2,1911.0,0.447982482,217.0,0.645044,-0.029279034
AK1,1528.0,0.389481519,153.0,0.144069,0.041923792
AK2,2893.0,0.384271636,345.0,-0.489218,-0.087504482
AKR1C2,3804.0,0.449591167,413.0,1.46022,-0.055491798
AKR7A2,10996.0,0.385600504,22.0,0.725288,0.016565454
ALDH18A1,838.0,0.380333742,511.0,-0.279869,-0.225348308
ALDH3A2,2525.0,0.42484639,221.0,1.11826,0.007622015
ALDH6A1,4647.0,0.38708374,724.0,-0.451604,-0.38848348
ALG1,2498.0,0.432230555,181.0,0.204015,-0.763819836
ALG5,380.0,0.362014155,67.0,-0.522453,-0.478856364
ALG9,4217.0,0.365461171,1107.0,-0.600707,-1.616659761
ALOX5AP,976.0,0.392577632,248.0,1.007336,-0.140698233
AMBRA1,1041.0,0.36170155,362.0,0.168271,0.050265168
AMPD2,903.0,0.389224108,566.0,0.106623,0.081793604
AMPD3,1695.0,0.423686063,472.0,-0.700643,0.018781326
ANAPC5,235.0,0.390209877,197.0,0.514015,0.036470053
ANKLE2,1737.0,0.418251419,90.0,0.44568,-0.050931493
ANKRD16,135.0,0.465649334,543.0,0.369854,0.123494161
ANKRD35,249.0,0.402949835,108.0,-1.561617,0.578011608
ANXA2,496.0,0.429738522,160.0,0.589869,0.107167057
ANXA5,1441.0,0.418050335,165.0,0.036067,0.176185672
AP1B1,1153.0,0.424070668,187.0,1.048652,-0.058164207
AP1M1,914.0,0.463388599,173.0,-0.001324,-0.154517192
APIP,427.0,0.433104693,127.0,0.113224,-0.005172547
APOBEC3B,339.0,0.43450554,55.0,2.368428,0.310717863
APOBEC3C,1979.0,0.381716897,103.0,-1.272619,-0.451909244
APOBEC3G,322.0,0.410940579,404.0,-1.404082,-0.811696867
APOL2,1195.0,0.42932248,477.0,-0.380151,-0.659326463
ARF6,2971.0,0.462806813,621.0,-0.273802,0.02899438
ARFIP2,2430.0,0.403729309,291.0,0.53759,0.332136536
ARHGAP17,2624.0,0.371011524,117.0,-0.772351,-0.225444186
ARHGAP30,773.0,0.384451823,645.0,0.095012,-0.113621255
ARHGEF10,1378.0,0.370244255,202.0,-0.415473,-0.059754578
ARID2,3145.0,0.362288628,128.0,0.378079,0.202525247
ARID3A,3881.0,0.411693449,290.0,-0.913681,-0.526581586
ARIH2,3112.0,0.397061561,878.0,0.293473,0.402221856
ARL8A,1065.0,0.409602486,171.0,0.318955,-0.31171626
ARRB1,6041.0,0.39512759,224.0,3.49665,1.172312202
ASF1B,950.0,0.395794233,172.0,1.42523,0.609866001
ASS1,1357.0,0.394201053,356.0,-4.111322,-1.470085224
ATPAF1,3039.0,0.439253133,510.0,-0.392834,-0.124358539
ATRIP,162.0,0.417082642,462.0,0.627789,-0.086150539
AXL,1863.0,0.417061167,376.0,-0.679898,0.30951255
BAG1,2764.0,0.431693656,501.0,-0.000486,0.023999078
BAG3,537.0,0.387438444,306.0,0.642808,0.33018505
BASP1,971.0,0.520859146,259.0,-1.752826,-0.45945836
BBS7,1531.0,0.408023089,184.0,0.508351,0.093685269
BCAT2,364.0,0.445598481,657.0,-0.116843,-0.48027879
BCKDHB,3082.0,0.419736544,88.0,-0.880463,-0.211112851
BCL2,5279.0,0.374049285,493.0,0.30091,-0.39618295
BCL2L13,4109.0,0.411790332,769.0,0.921694,-0.025865914
BID,4193.0,0.428633517,498.0,0.472767,0.143104358
BLVRA,3376.0,0.414260839,177.0,-1.485823,-0.291613469
BOLA2,40.0,0.43059393,513.0,0.462343,0.387557792
BOLA3,383.0,0.406657227,38.0,0.171686,0.251122857
BRD2,787.0,0.377809737,2066.0,0.123695,0.42942559
BRD3,3285.0,0.401150236,188.0,-0.148027,0.277023824
BSPRY,1091.0,0.380011644,48.0,0.364771,0.447367023
BST2,411.0,0.444557266,81.0,0.924208,-1.00668136
BUB3,1535.0,0.421992618,242.0,0.892014,0.232867277
C1QB,152.0,0.436596666,340.0,0.249191,0.030475246
C1QC,327.0,0.41150294,283.0,0.323391,0.300871485
C2CD3,671.0,0.360398895,227.0,2.352677,1.038753846
C3,5088.0,0.430632158,93.0,-1.418007,-0.485622755
CAP1,1134.0,0.406948565,416.0,-0.48664,-0.060731764
CAPN1,720.0,0.455130071,197.0,0.150426,-0.031950344
CAPRIN1,5632.0,0.374918508,189.0,0.271571,0.345180471
CAPZB,5180.0,0.446052528,622.0,-0.36482,-0.014970473
CARD16,437.0,0.41300235,27.0,-0.46083,-0.083935068
CARHSP1,4898.0,0.362100245,360.0,0.687743,0.431835728
CASC3,1778.0,0.370720542,295.0,-0.066454,0.171587344
CASP1,750.0,0.424742838,44.0,-1.205999,-0.291646211
CASP8,1794.0,0.376118708,303.0,0.238938,0.013417063
CAT,629.0,0.397270122,89.0,0.032588,-0.479826871
CBL,8368.0,0.375957197,142.0,0.224456,0.157355905
CBLL1,3286.0,0.400851504,467.0,-0.287677,0.058485383
CBR3,54.0,0.445176236,228.0,0.904384,-0.058548814
CBS,4385.0,0.477784031,626.0,3.198648,-0.415096228
CBX5,10815.0,0.390902295,318.0,0.058114,0.224336544
CBX8,2504.0,0.36735217,118.0,2.291978,0.755749947
CCDC115,2169.0,0.385110507,452.0,0.211258,0.183328048
CCDC125,2554.0,0.359965106,322.0,0.329184,-0.074928033
CCDC58,2462.0,0.421830022,75.0,0.749866,0.629642452
CCDC88C,1302.0,0.396031427,154.0,0.899293,-0.009858826
CCL5,886.0,0.462166288,68.0,-1.378301,-0.884358423
CCNA2,1206.0,0.409154498,373.0,1.994433,0.953358469
CCNB2,168.0,0.374401461,184.0,1.915285,0.593184951
CCNDBP1,2336.0,0.44393643,231.0,-0.384123,-0.223061115
CCS,4244.0,0.460896681,43.0,0.601712,0.21840554
CCT3,238.0,0.457984718,231.0,0.131911,-0.014821259
CCT4,1361.0,0.393363555,164.0,-0.377115,-0.123878243
CD14,128.0,0.416321757,392.0,0.191093,0.230349081
CD209,3046.0,0.440000747,67.0,-0.692248,0.002162985
CD36,2894.0,0.410517795,414.0,-0.112521,-0.910158709
CD44,3115.0,0.39995987,434.0,-0.281792,-0.919748807
CD63,923.0,0.512738356,403.0,0.635453,-0.577760093
CD74,635.0,0.427357309,187.0,0.265359,-0.2162743
CDC25C,437.0,0.364786128,387.0,2.06002,0.716977854
CDC26,271.0,0.395637029,359.0,0.597923,0.218362211
CDC34,560.0,0.46431386,199.0,-0.413969,-0.161519252
CDC42EP3,3941.0,0.420378821,1009.0,-3.011313,-0.191826582
CDCA3,816.0,0.351209268,820.0,1.986195,0.413776491
CDCA8,1353.0,0.384295288,290.0,1.714427,0.278157749
CDIPT,1864.0,0.442654716,541.0,-0.02172,-1.119516264
CDK1,2313.0,0.398329505,154.0,1.255607,0.750255219
CDK19,4557.0,0.421511824,180.0,-1.13752,-0.136553272
CDK2AP1,766.0,0.439144625,522.0,-0.17142,0.362654547
CDK5RAP2,367.0,0.371069462,192.0,-0.014425,-0.304803478
CDK5RAP3,284.0,0.469750898,1791.0,0.746675,-0.276168561
CDKAL1,1365.0,0.417875209,167.0,-0.643434,-0.442373971
CDKN2AIPNL,3639.0,0.409801696,53.0,0.721498,-0.51747561
CDKN2C,2247.0,0.381912025,1216.0,0.34052,0.02342572
CEBPD,1714.0,0.430497143,44.0,-1.896135,0.063265609
CENPH,1478.0,0.418392258,87.0,0.14104,0.418727604
CENPV,301.0,0.385948267,62.0,-2.243747,-0.814621552
CEP55,939.0,0.397841874,304.0,1.045018,0.098797666
CES3,2100.0,0.377378956,446.0,1.457625,-0.061472846
CETN2,868.0,0.433727498,47.0,-0.372236,0.118788111
CFL1,677.0,0.502791,234.0,0.221963,-0.058592185
CHAC2,786.0,0.395629742,277.0,-0.484972,-0.074297168
CHCHD4,3528.0,0.445497334,326.0,-0.020684,0.366023421
CHMP4A,296.0,0.447100154,262.0,0.713091,0.278151098
CHMP5,1241.0,0.442987983,200.0,-0.346675,0.004301482
CHMP6,980.0,0.489861105,78.0,1.524619,0.135008551
CHST11,4211.0,0.430763246,498.0,-0.845259,0.41368852
CHTF8,2425.0,0.424551152,142.0,-0.203667,0.266561376
CIAPIN1,1024.0,0.451663323,242.0,-0.425522,-0.152425483
CISD2,5376.0,0.433298698,107.0,1.037431,-0.396646846
CKAP4,2872.0,0.386259817,84.0,0.265053,-0.733214287
CKS2,300.0,0.317949998,98.0,1.450818,0.982959217
CLCC1,5185.0,0.369704467,150.0,0.102679,-0.697355974
CLCN7,1698.0,0.459147749,110.0,0.040126,-0.907266633
CLIC1,290.0,0.4571302,573.0,0.043843,-0.009607693
CLK2,350.0,0.410673686,925.0,-0.02474,-0.215601114
CLK3,1233.0,0.4268607,461.0,-0.171741,-0.062172298
CLPTM1,458.0,0.383990827,351.0,0.522852,-0.649868739
CLTA,288.0,0.450950874,514.0,-0.178674,0.274551016
CLTB,319.0,0.48548545,210.0,-0.211853,-0.091299925
CLTC,3104.0,0.384957863,443.0,0.571915,-0.164374691
CNBP,6850.0,0.433298698,206.0,0.172509,0.517469494
CNPY2,123.0,0.392778455,553.0,0.200818,0.016267629
CNPY3,1042.0,0.459231502,584.0,0.356451,0.117357256
COG3,1967.0,0.414689223,142.0,-0.716796,-0.157856862
COMMD1,306.0,0.423842833,138.0,0.210722,0.102287707
COMMD3,431.0,0.360487018,35.0,-0.140108,-0.062507491
COMMD5,498.0,0.445713337,399.0,0.9556,0.103119259
COMMD6,1375.0,0.396967837,328.0,-0.959286,0.189541591
COMMD9,2340.0,0.418062772,89.0,0.231342,0.393526893
COPB1,446.0,0.381738818,307.0,-0.021536,-0.262557747
COPE,165.0,0.478760693,55.0,0.37987,-0.046426622
COQ6,671.0,0.374062527,159.0,-0.097979,-0.127425134
COQ7,5700.0,0.42379098,133.0,-0.367775,-0.04085179
CORO1A,112.0,0.457388252,435.0,-0.078188,-0.480786821
COX17,1735.0,0.484254073,86.0,0.716997,0.733099127
COX5A,860.0,0.429944966,140.0,0.468491,-0.633276731
COX7A2,302.0,0.441893926,98.0,-0.454566,-0.832060264
CPM,5262.0,0.406054343,75.0,-0.378455,-0.713425069
CPSF4,923.0,0.452412439,277.0,0.336092,0.305534279
CPT1A,2761.0,0.374132033,170.0,0.559759,-0.363615749
CPT2,602.0,0.431256564,515.0,0.291318,0.127217355
CRCP,8457.0,0.390198146,145.0,0.326293,0.216100345
CRKL,3904.0,0.422225684,509.0,0.687768,0.276400037
CRTAP,5601.0,0.446308827,120.0,-0.112795,-0.201721147
CRTC3,3205.0,0.355982524,186.0,-0.009734,0.257323295
CRY2,2337.0,0.383442872,132.0,-0.182333,-0.178454329
CRYL1,462.0,0.386242786,79.0,-0.439803,-0.069564033
CSRP1,1183.0,0.493833101,217.0,-0.378196,0.084779027
CST3,2762.0,0.475763324,186.0,-0.08541,0.255621564
CSTF2,1931.0,0.372934478,58.0,0.571772,0.364034677
CTBP1,800.0,0.464034004,393.0,0.450247,0.378094243
CTNNA1,1216.0,0.412513324,1103.0,0.065023,-0.028309052
CTNNB1,1106.0,0.432073699,448.0,0.222119,-0.219335434
CTNNBIP1,2448.0,0.394834327,307.0,-0.570887,0.287476013
CTPS2,1870.0,0.416273085,744.0,0.159965,0.089421983
CTSG,119.0,0.369503415,37.0,-1.24853,-0.783515067
CTSH,1072.0,0.446467856,1192.0,-0.70778,-0.817005856
CUEDC1,2047.0,0.374410739,719.0,2.115727,0.761685841
CUX1,1040.0,0.395555213,127.0,0.526376,0.035758144
CXCL10,814.0,0.410287201,105.0,-0.895285,-0.580832766
CYBB,2544.0,0.418993019,61.0,-0.483259,-1.170628858
CYTH4,1837.0,0.406296106,377.0,0.170652,0.069968389
DAB2,1757.0,0.368483127,531.0,-1.112216,-0.030321595
DAGLB,721.0,0.377719723,170.0,-0.036432,-0.24199752
DAP3,768.0,0.366492687,184.0,0.470754,0.040678364
DAPP1,2082.0,0.348655603,90.0,-2.411583,-0.403362859
DBI,233.0,0.467027529,479.0,0.686656,0.045481401
DCAF8,1877.0,0.380310979,212.0,-0.593609,-0.331662991
DCP1A,4153.0,0.411936399,381.0,0.082063,0.281410231
DCPS,4731.0,0.375605648,329.0,-0.039451,-0.170282301
DCTN5,10597.0,0.443116252,177.0,-0.430783,-0.07341197
DDAH2,653.0,0.361046801,1104.0,0.366232,0.152277495
DDB2,1223.0,0.43604051,195.0,-0.279132,0.084288034
DDX23,713.0,0.445931172,91.0,0.252346,0.083264449
DDX31,1870.0,0.361830896,544.0,-0.071518,-0.233424628
DDX47,438.0,0.379294484,22.0,-0.144824,-0.076753934
DDX54,1704.0,0.467316231,28.0,0.663192,-0.451386968
DDX56,586.0,0.438032149,643.0,0.054083,-0.106043876
DDX59,217.0,0.413095257,243.0,-0.323883,0.061787157
DHODH,3463.0,0.371608285,21.0,-0.136376,-0.803497158
DHPS,121.0,0.474111752,121.0,0.674679,0.449082334
DHX15,459.0,0.379133957,168.0,0.583075,0.230689855
DHX34,591.0,0.384465978,349.0,0.544781,0.300737017
DHX58,357.0,0.440330409,223.0,-0.351377,-0.513393638
DIABLO,719.0,0.425893605,1182.0,0.444442,0.195641874
DMAP1,63.0,0.471306,301.0,0.625508,0.12754536
DMXL2,1274.0,0.389901613,225.0,-0.21204,-0.160914811
DNAJA4,1736.0,0.398301408,169.0,1.172689,0.3714568
DNAJC19,1326.0,0.403482491,259.0,-0.318452,-0.09164408
DNAJC25,1212.0,0.430964931,56.0,-0.110387,0.271604077
DNAJC8,969.0,0.416719859,33.0,-0.608618,-0.280888287
DNM1,1255.0,0.393835111,116.0,0.735494,0.344260364
DNTTIP2,3564.0,0.408096853,58.0,0.592554,0.114235673
DOCK11,3681.0,0.373818855,63.0,-1.127779,-0.333717818
DOCK2,524.0,0.446250827,52.0,0.101092,-0.479152433
DOK2,438.0,0.384043737,481.0,-0.040342,-0.088851975
DPCD,197.0,0.459155016,389.0,-0.3233,-0.185300679
DPF2,2501.0,0.393394442,133.0,0.407822,0.279667576
DPH1,1310.0,0.448716064,341.0,0.33805,0.081860297
DPH5,784.0,0.413363166,165.0,0.095623,0.060529933
DPY30,562.0,0.438431353,279.0,0.366395,0.598577718
DPYSL2,2472.0,0.430530829,431.0,-0.068405,0.108416808
DRAP1,142.0,0.432809908,245.0,1.21893,0.759542693
DRG1,4594.0,0.444150091,131.0,0.708798,-0.037293043
DSN1,5330.0,0.392894937,373.0,2.247771,0.675842555
DSTN,2786.0,0.375776803,438.0,-0.770815,-0.176085766
DTL,2265.0,0.372315747,921.0,0.921657,0.347724533
DTX3L,3456.0,0.408848169,89.0,-0.100879,-0.165857197
DUSP12,374.0,0.419884133,34.0,0.034034,0.177299113
DUT,1937.0,0.36471409,109.0,0.182858,0.353781935
DYNLT1,514.0,0.420362019,78.0,-0.178542,-0.177290575
EBAG9,1437.0,0.39438748,402.0,0.496476,0.223420314
ECH1,191.0,0.389477111,85.0,0.335024,0.173030295
ECHDC2,2269.0,0.400166641,752.0,-0.097608,-0.369689076
ECM1,322.0,0.43792189,199.0,0.517164,0.234926415
EEA1,5374.0,0.405861636,265.0,-1.088226,-0.050355941
EEF1A2,286.0,0.417272363,329.0,3.706708,0.94350685
EFTUD2,1331.0,0.444646836,398.0,-0.017599,0.011037747
EHD1,3363.0,0.446314898,447.0,-1.060162,-0.655083565
EIF2AK2,8063.0,0.394727306,557.0,-0.4112,-0.310740314
EIF2B3,1058.0,0.383118637,239.0,0.418323,0.189213451
EIF3F,5840.0,0.435728237,33.0,0.798567,0.078447431
EIF3L,1718.0,0.380710116,245.0,0.51596,-0.004542469
EIF4A3,1120.0,0.381528282,222.0,1.467193,0.34459391
ELAVL1,4910.0,0.437605432,167.0,0.319048,0.391961216
EMG1,248.0,0.433768095,143.0,0.590245,0.270374832
EMILIN2,2605.0,0.379592019,159.0,0.189571,0.448327569
ENDOD1,7728.0,0.376426787,118.0,0.388605,-0.504145602
ENOSF1,2904.0,0.382279782,622.0,0.983598,0.446917222
ENY2,2576.0,0.41756619,146.0,0.474289,0.668956059
EPSTI1,2106.0,0.391777705,469.0,-0.43416,-0.180899096
ERCC1,2342.0,0.45058755,188.0,0.152675,-0.058523825
ERCC6L,4809.0,0.354829683,623.0,1.628668,0.264417698
ERH,415.0,0.383837906,71.0,0.290729,0.250456649
ERLIN1,2041.0,0.444737514,478.0,-0.178152,-0.58766345
ERP29,1277.0,0.401191178,118.0,0.543736,-0.063253971
ETV6,4356.0,0.398240844,274.0,-0.371354,0.022136403
EXOC4,1232.0,0.388187525,35.0,-0.23165,-0.352524166
EXOC8,6907.0,0.436106501,127.0,-0.136627,-0.13095862
EXOSC1,536.0,0.430105347,451.0,-0.329805,0.135833276
EXOSC2,3902.0,0.431273517,32.0,0.584552,0.215449463
F8A1,571.0,0.46317284,15.0,0.168053,0.498966265
FAAH,2043.0,0.384592892,82.0,0.531133,-0.601804171
FAF1,4425.0,0.401181969,453.0,-0.331996,-0.218608129
FAM122A,4542.0,0.40477622,33.0,-1.413337,0.088644251
FAM168A,6285.0,0.395008865,285.0,1.101246,0.538645264
FAM177A1,2165.0,0.411149627,459.0,0.147074,0.162302957
FAM192A,1824.0,0.379195199,1475.0,-0.65826,-0.149859322
FAM20B,4428.0,0.4357945,293.0,-0.181487,-0.2968888
FAM32A,1091.0,0.408676074,42.0,0.09831,0.318184722
FAM50A,286.0,0.482889735,110.0,0.478085,0.229551291
FBP1,248.0,0.397353747,331.0,0.970108,0.154099786
FBXL20,9338.0,0.383104745,254.0,-0.023668,-0.72945583
FBXO4,526.0,0.393825218,58.0,-0.719581,-0.159214704
FBXO6,503.0,0.42307306,166.0,-0.833357,-0.308955183
FCER1G,305.0,0.4202976,25.0,0.334648,-0.390292722
FCGRT,309.0,0.433069976,486.0,1.346811,-0.135025148
FDPS,72.0,0.456397562,392.0,0.38685,-0.132513516
FDXR,596.0,0.384661194,188.0,0.656226,0.093381375
FEN1,1340.0,0.407867196,413.0,0.96592,0.354764823
FERMT3,399.0,0.435119014,149.0,0.216817,-0.075946383
FGD2,907.0,0.441856308,171.0,-0.226876,-0.150629442
FGFR1OP2,1663.0,0.396595515,353.0,-0.049295,-0.029050663
FGL2,3460.0,0.40966218,40.0,-1.600609,0.106531411
FKBP1A,1132.0,0.428443098,174.0,-0.627695,-0.040423224
FKBPL,24.0,0.377510344,270.0,0.030866,-0.340570373
FLOT1,422.0,0.472159534,339.0,0.287138,0.065762028
FN3K,442.0,0.389857108,61.0,1.871835,0.845860491
FN3KRP,3667.0,0.380720834,50.0,2.076888,0.937317206
FOXJ3,3176.0,0.401878681,312.0,-0.186949,0.222342102
FOXK2,3108.0,0.440496276,171.0,1.695476,0.666095036
FOXRED1,443.0,0.438630908,167.0,-0.665614,-0.106417341
FSCN1,1184.0,0.396100853,132.0,-1.43507,-0.198083171
FTH1,530.0,0.425357612,235.0,0.055776,0.421017269
FTL,1031.0,0.428438948,199.0,0.416759,0.602806458
FTSJ1,638.0,0.457521275,569.0,-0.199533,-0.031441499
FTSJ3,698.0,0.388239396,646.0,0.232873,-0.597127256
FXN,6365.0,0.40465004,220.0,-0.383995,-0.07656643
GABARAPL2,564.0,0.431291441,136.0,-0.625864,-0.240508534
GABPB1,1320.0,0.423118524,469.0,0.137575,0.350570382
GALK1,292.0,0.455574511,63.0,0.885314,0.413450802
GANAB,989.0,0.425909644,1027.0,1.115806,0.136139611
GAS6,315.0,0.393865445,183.0,-0.830114,0.033590319
GAS7,6619.0,0.423630168,311.0,-1.08624,-0.058063844
GBE1,708.0,0.404013874,283.0,0.624703,0.542352677
GBP1,1735.0,0.42614962,220.0,-1.740563,-0.719701052
GBP2,5058.0,0.440134196,314.0,-1.700688,-0.658610358
GBP4,4106.0,0.42983554,116.0,-1.521263,-0.604459736
GBP5,1753.0,0.421901204,537.0,-0.707112,-0.843578705
GCH1,2011.0,0.419329122,161.0,-1.285564,-0.667264193
GFOD2,622.0,0.396604754,295.0,-0.682383,-0.628989067
GGA2,5408.0,0.377812588,83.0,-0.092222,-0.143261655
GGCX,5211.0,0.417836117,106.0,-0.090697,-0.385742118
GIGYF1,2212.0,0.443456438,1210.0,-0.000756,0.084557633
GINS3,1415.0,0.387351931,208.0,0.582457,0.270430934
GLA,1699.0,0.378726947,110.0,1.016908,0.423101041
GLE1,1357.0,0.383457083,114.0,0.509272,0.078095542
GLRX,1188.0,0.430296645,211.0,-0.575278,-0.237254684
GLRX3,3557.0,0.41418463,539.0,0.005034,0.043840248
GLUD1,1558.0,0.392454008,1132.0,-0.188947,0.272639582
GLYR1,2033.0,0.39940414,57.0,-0.205567,0.169410083
GMEB1,4582.0,0.43446142,142.0,-0.114365,0.057921533
GMPPA,198.0,0.434966364,375.0,0.469094,0.13287455
GMPR,3984.0,0.435743929,114.0,0.107648,-0.198004831
GMPR2,464.0,0.453637396,704.0,0.206004,0.036325034
GNAI1,1947.0,0.435804474,356.0,-1.288471,-0.57414743
GNG7,3803.0,0.398730372,237.0,-0.658855,-0.081958777
GNPDA1,1360.0,0.395964134,67.0,0.038218,0.069166284
GOLGA2,1243.0,0.401070546,13.0,0.235781,0.24170501
GON4L,926.0,0.418089888,175.0,-0.002911,-0.139407769
GOSR1,5968.0,0.408103421,237.0,0.183146,-0.578195879
GOSR2,3258.0,0.374298057,541.0,-0.854057,-0.789478806
GOT2,1054.0,0.444803236,129.0,0.383608,-0.34431195
GPS2,97.0,0.431122181,76.0,0.37165,0.723695193
GPSM2,4697.0,0.401967226,496.0,1.848618,0.539471663
GPX7,626.0,0.395840774,39.0,-1.91481,-0.387428327
GRAMD1A,299.0,0.411657297,748.0,-0.27707,-0.529617686
GRB2,2292.0,0.4413596,358.0,0.106937,0.39531062
GSTM4,2467.0,0.390909061,314.0,-0.672851,-0.066771503
GTF2A2,1070.0,0.420716795,404.0,-0.480625,0.326998493
GTF2E2,604.0,0.365750105,273.0,-0.668931,-0.339619019
GTF3C2,932.0,0.372227001,397.0,-0.066627,0.048369645
GTPBP1,2894.0,0.424954603,154.0,-0.097455,-0.123760714
GTPBP3,1032.0,0.436547413,95.0,0.497158,0.324272021
GTSE1,680.0,0.368527868,212.0,2.038882,0.019628114
HADH,818.0,0.383558671,219.0,0.850312,0.572336299
HADHA,615.0,0.383558671,130.0,0.173563,0.022160055
HAUS5,3319.0,0.378752573,51.0,0.586981,-0.003326293
HAUS8,346.0,0.37535995,111.0,0.9498,0.023056086
HCCS,1274.0,0.398607648,275.0,0.034789,-0.715524557
HCK,337.0,0.440224323,364.0,-0.376912,-0.44674615
HDAC1,591.0,0.390040122,63.0,0.647809,0.367002226
HDDC3,763.0,0.387287166,29.0,0.057921,0.031886226
HDGF,1342.0,0.465394593,322.0,0.64574,0.325952575
HDLBP,2343.0,0.397687311,375.0,-0.012565,-0.019074136
HEATR3,1385.0,0.384091545,883.0,0.05721,-0.057789565
HEBP2,9119.0,0.359416339,297.0,-0.372955,-0.031050739
HECA,3704.0,0.443714129,285.0,-0.691446,0.191394844
HECTD3,3914.0,0.446742268,98.0,0.131929,-0.005303883
HERC2,726.0,0.429958504,109.0,0.612147,0.035794043
HERC5,379.0,0.393838904,153.0,-0.937024,-0.322981798
HERC6,651.0,0.398146132,183.0,0.529146,-0.553519838
HIP1,4874.0,0.430847644,52.0,-0.019517,0.014698628
HLA-A,4150.0,0.424443523,84.0,-1.396101,-0.477555212
HLA-C,420.0,0.421684519,65.0,-0.855646,-0.820721648
HLA-DRA,409.0,0.420807891,109.0,-0.164062,0.333970831
HLA-E,1459.0,0.413523771,126.0,-0.950731,-0.390686074
HLA-F,121.0,0.407256461,124.0,-1.027552,-1.388034919
HMBOX1,3560.0,0.369177113,482.0,-0.627449,-0.762044702
HMBS,266.0,0.451934812,299.0,0.553382,-0.020816028
HMGB2,3775.0,0.450826504,193.0,2.367999,1.007655459
HMGCS1,3661.0,0.374424323,345.0,-0.170531,0.124103841
HMOX1,616.0,0.436401717,107.0,1.613763,0.066875301
HNRNPA0,7504.0,0.386421138,284.0,-0.061845,0.081161125
HNRNPD,1688.0,0.420386111,318.0,0.34843,0.28809803
HNRNPL,1102.0,0.449817015,176.0,0.275548,0.11704639
HNRNPU,4156.0,0.432126199,218.0,-0.017361,-0.003424464
HNRNPUL1,2135.0,0.394022965,339.0,0.465454,-0.109371498
HNRNPUL2,2674.0,0.436897081,229.0,0.885006,0.356738488
HSBP1,3274.0,0.4454546,174.0,-0.428473,0.298965411
HSD17B7,398.0,0.431983247,99.0,-0.194641,-0.132060217
HSP90AB1,313.0,0.39509298,251.0,0.316495,0.121784491
HSPA1L,428.0,0.464100714,183.0,-0.475719,0.073600436
HSPA4L,7877.0,0.413794867,342.0,1.312332,0.572952792
HSPB11,107.0,0.34538245,284.0,0.664469,0.464511396
HTRA2,571.0,0.421976635,602.0,0.200213,0.291345177
HTT,3901.0,0.373695076,145.0,0.878039,0.188573732
HUS1,2068.0,0.374612864,131.0,-0.49121,-0.208537014
HYI,310.0,0.378597605,196.0,1.24405,0.393032513
HYOU1,1409.0,0.403839016,234.0,0.07215,-0.511942305
ICAM1,1537.0,0.426062071,319.0,-1.266488,-0.707496884
IER3IP1,3342.0,0.438740024,97.0,0.085555,-0.746090707
IFI16,254.0,0.415211655,290.0,-1.489253,-0.679674687
IFI30,213.0,0.431523306,62.0,0.600446,-0.143371664
IFI35,160.0,0.418462024,223.0,0.072367,0.218254548
IFI44,267.0,0.403888008,124.0,-1.088733,-1.064400166
IFI44L,5058.0,0.403608012,200.0,-0.870145,-0.744809418
IFIH1,121.0,0.412344512,377.0,-0.459717,-0.485427788
IFIT1,2775.0,0.411248073,495.0,-0.991692,-0.690084885
IFIT2,1901.0,0.420797646,175.0,-0.778734,-0.797625651
IFIT3,843.0,0.417440574,529.0,-1.036055,-0.510080535
IFIT5,2354.0,0.414819429,231.0,-1.194811,-0.610078266
IFT27,109.0,0.4030938,426.0,-0.113806,0.079717085
IGFBP3,1605.0,0.43060006,132.0,-1.706733,-0.198068881
IGFBP7,558.0,0.392734536,34.0,-1.746179,-0.033611404
IKBKE,745.0,0.435100597,714.0,-0.176561,-0.700953595
IL16,3965.0,0.367979445,2395.0,-0.871638,-0.27770418
IL17RA,5874.0,0.376798811,133.0,1.271746,0.257014675
IL1RN,1145.0,0.411881061,408.0,0.208132,0.279519357
IL4I1,16.0,0.4139018,621.0,0.592252,0.505275257
ILF2,656.0,0.426220446,239.0,-0.12187,0.102715277
IMPA2,2898.0,0.383680893,242.0,2.399937,0.705858553
INO80,5209.0,0.374025479,351.0,0.390904,0.067815674
INPP1,263.0,0.395712795,700.0,-1.621515,-0.591806664
INPP5D,1195.0,0.436077769,512.0,-0.549188,-0.441387184
INSR,4801.0,0.380857973,411.0,0.225112,-0.350339004
IPO5,2508.0,0.381335948,180.0,-0.155684,-0.186995041
IRF7,92.0,0.423538356,367.0,0.405865,0.419627999
IRF8,1327.0,0.384714127,507.0,-0.58538,-0.197035715
IRF9,369.0,0.432057622,127.0,0.07532,0.03107262
IRGQ,7659.0,0.399674011,156.0,0.509399,0.426726621
ISCU,607.0,0.454630229,1331.0,-0.481355,0.230562488
ISG15,62.0,0.419522688,77.0,-0.207699,-1.044777311
ISG20,952.0,0.419932377,2368.0,-0.324816,-0.65011569
ISOC1,1056.0,0.418535314,18.0,0.692424,0.246609036
ITGB2,415.0,0.457304004,395.0,0.833585,-0.289479598
ITPKB,2981.0,0.440250717,340.0,-0.263536,0.075275104
JUNB,496.0,0.414023332,276.0,-1.563476,0.054119665
JUP,157.0,0.458302936,298.0,-0.305253,-0.086836558
KANK2,2291.0,0.394238955,361.0,-0.048659,0.074816632
KARS,4202.0,0.383913431,144.0,-0.489533,-0.26879532
KDM1A,327.0,0.428444011,149.0,-0.133121,0.309414869
KDM2A,3716.0,0.372295488,864.0,-0.949812,-0.134728357
KDM2B,2488.0,0.393022165,407.0,0.24207,0.235378315
KDM3B,1327.0,0.37791414,200.0,0.034803,0.383501867
KDM4A,1148.0,0.378142374,166.0,0.535706,0.55787438
KHSRP,1024.0,0.456900489,110.0,0.395351,0.45626376
KIF20A,757.0,0.371463873,496.0,1.425071,0.437774086
KIF22,75.0,0.392489541,388.0,1.013176,0.527845057
KIF2C,588.0,0.387865377,395.0,2.71329,0.906738858
KIF3B,3792.0,0.390782105,180.0,-0.755072,-0.227906911
KIF3C,2392.0,0.403852971,657.0,0.165044,0.322265391
KIF5B,3198.0,0.418236129,470.0,0.0371,0.239762913
KLHL7,3616.0,0.41595405,521.0,-0.670774,-0.125781928
KTI12,594.0,0.370414154,39.0,-0.484405,-0.113183678
LAMP1,1311.0,0.390985106,281.0,-0.931957,-0.729922905
LANCL2,2422.0,0.433733517,578.0,-0.385466,-0.463209328
LAP3,503.0,0.426841798,162.0,-0.01931,0.106701655
LDHD,1826.0,0.398770776,52.0,-0.359803,-0.016941292
LENG1,560.0,0.445950324,48.0,0.70237,0.168125734
LGALS3,159.0,0.420172221,88.0,-2.478352,-1.014622115
LGALS3BP,1225.0,0.419930622,179.0,0.573056,-0.052859071
LGALS9,641.0,0.410654931,118.0,-0.42541,-0.322462708
LIN54,4893.0,0.441729058,383.0,0.456381,0.389003544
LPCAT1,2228.0,0.380803123,133.0,-0.716557,-0.811550286
LPXN,1776.0,0.432350833,254.0,-0.427037,-0.05049643
LRPPRC,2376.0,0.377375074,58.0,-0.1893,-0.153384231
LRRC25,843.0,0.434491636,642.0,0.413955,-0.074441462
LRRC41,465.0,0.438391248,44.0,-0.580494,0.02391369
LRRC59,1755.0,0.423067849,236.0,0.702474,-0.796839303
LSM1,486.0,0.409616526,410.0,-0.802732,-0.097128472
LSM6,1871.0,0.435100303,139.0,0.401654,0.514856771
LTA4H,391.0,0.355044638,145.0,0.470036,-0.042026659
LYN,4058.0,0.418972994,282.0,-1.191089,-0.848007823
LYPLAL1,1137.0,0.3973742,157.0,-0.939957,-0.22631713
LYRM4,6830.0,0.366844497,217.0,-1.255788,-0.043734185
LYSMD2,596.0,0.394037378,501.0,0.489103,0.400292864
M6PR,1457.0,0.379162834,275.0,-0.009373,-0.612950767
MAD2L1,4528.0,0.407191351,124.0,1.394331,0.389627716
MAGED2,327.0,0.466698843,233.0,1.923237,0.699650111
MAGOH,153.0,0.416054235,162.0,0.385963,0.036058273
MAN2B1,128.0,0.381728903,76.0,0.015036,-0.021972203
MANF,717.0,0.420319188,97.0,0.921394,0.027236599
MAP4K1,170.0,0.374128007,140.0,0.192436,-0.529669632
MARCKSL1,768.0,0.468216312,206.0,-0.395335,-0.470366628
MAX,2676.0,0.337149475,479.0,0.174404,0.19288435
MBD2,3723.0,0.420256858,229.0,-0.191114,0.248324115
MBP,4041.0,0.393290432,264.0,-0.30608,0.287547154
MCM2,662.0,0.460999542,110.0,1.656975,0.638414615
MCM4,2618.0,0.371821308,942.0,1.066398,0.676042317
MCM5,3214.0,0.470488076,94.0,0.996375,0.33348372
MDC1,658.0,0.415783633,440.0,0.170123,0.299926484
MDH1,210.0,0.381672323,435.0,0.043557,-0.087688561
ME1,1535.0,0.411214685,265.0,0.352504,-0.067878955
ME3,171.0,0.395156177,377.0,-0.873072,-0.453630729
MECR,1365.0,0.445670958,612.0,0.174751,0.338863352
MED17,2631.0,0.366528813,275.0,-1.041257,0.254018369
MED19,934.0,0.439623042,93.0,0.866064,0.348023323
MED28,10307.0,0.440157501,27.0,0.030438,0.217068127
MED29,4550.0,0.464327351,57.0,0.256186,0.343054466
MEF2C,6848.0,0.41426337,654.0,-1.394544,-0.142207535
MEN1,824.0,0.454590692,504.0,-0.315953,0.031195198
METTL13,961.0,0.396264071,347.0,-0.276361,-0.094675691
MGST3,1295.0,0.374563048,428.0,-0.197295,-0.777078456
MIF4GD,787.0,0.397877071,137.0,-0.141737,0.128481589
MINK1,774.0,0.455972684,525.0,0.413602,0.101295921
MIS12,1334.0,0.420723459,745.0,-0.003994,0.16128925
MLEC,5319.0,0.43043384,173.0,0.885601,-0.777428746
MLLT10,2252.0,0.36295117,1568.0,-0.079431,0.501886501
MLX,1636.0,0.386664187,65.0,-0.075206,-0.320060148
MMACHC,1852.0,0.382684622,371.0,1.177798,1.086097516
MMADHC,5382.0,0.406207656,205.0,0.116316,-0.035114752
MMGT1,4451.0,0.406300672,388.0,-0.039244,-0.624203242
MMP1,502.0,0.392399458,189.0,1.973431,-0.398296086
MMP14,1722.0,0.419367787,285.0,-0.631387,-0.351440567
MMP9,193.0,0.404253633,19.0,0.082743,-1.385240174
MORC3,2052.0,0.406702124,375.0,-0.936951,-0.138841915
MORF4L1,1066.0,0.420719378,454.0,-0.468605,0.102241812
MOV10,619.0,0.412681236,1415.0,0.260141,0.128367822
MPDU1,797.0,0.440676037,216.0,0.660368,-1.174114284
MPHOSPH10,87.0,0.404440607,352.0,-0.270742,0.08032203
MRI1,2018.0,0.459301832,75.0,-0.087111,0.27669803
MRPL13,1075.0,0.395373051,313.0,1.095146,0.29470004
MRPL15,1888.0,0.407701507,63.0,0.210017,0.23035855
MRPL16,212.0,0.368940255,214.0,-0.417571,0.150746459
MRPL17,6554.0,0.424450505,105.0,0.86889,0.188184598
MRPL2,580.0,0.458698472,164.0,-0.082384,0.005754742
MRPL20,187.0,0.445765675,96.0,-0.074736,0.014440351
MRPL21,55.0,0.417448467,293.0,-0.968038,0.160561246
MRPL27,2133.0,0.436300758,31.0,1.173298,0.358740202
MRPL40,113.0,0.406843086,653.0,1.34724,0.38459666
MRPL46,1889.0,0.422788385,25.0,0.383596,0.478531767
MRPL48,1284.0,0.368940255,212.0,1.884759,0.416591125
MRPL51,2069.0,0.35376587,169.0,0.644967,0.284799728
MRPL53,198.0,0.441261883,155.0,0.341063,0.798885139
MRPL9,407.0,0.432679379,437.0,-0.128656,0.110425962
MRPS11,2793.0,0.477818717,1491.0,0.565844,0.032960096
MRPS15,468.0,0.440649404,164.0,0.431278,-0.412894613
MRPS17,1334.0,0.413812124,30.0,0.597645,0.093168812
MRPS18B,936.0,0.408462865,157.0,-0.020484,0.201246366
MRPS36,933.0,0.3748339,84.0,0.54274,-0.066398891
MRPS7,453.0,0.455992019,233.0,0.870996,0.037159649
MSI2,5168.0,0.366385762,173.0,1.64075,0.685221163
MSTO1,694.0,0.421389639,1152.0,-0.080216,-0.096241421
MT2A,316.0,0.576670685,123.0,0.131409,-1.183851072
MTA2,684.0,0.459443446,761.0,0.797686,0.133867916
MTFMT,1550.0,0.414190941,26.0,0.138831,-0.159742098
MTHFS,1663.0,0.434592403,179.0,0.373392,0.071622099
MTMR1,2442.0,0.424163835,319.0,-0.331048,-0.059641179
MTMR14,421.0,0.371137969,151.0,-0.035784,0.010789535
MVP,50.0,0.435053297,193.0,-0.124849,-0.096796471
MX1,456.0,0.433488503,982.0,-1.348614,-1.411614875
MX2,1812.0,0.430094961,104.0,-0.862253,-0.430099309
MYADM,2833.0,0.384589896,681.0,0.436293,-0.063633684
MYCBP,3972.0,0.381803634,73.0,-0.286534,0.047275064
MYL12A,812.0,0.453450746,478.0,-0.417157,-0.010640035
MYO18A,3647.0,0.395788337,484.0,-0.26739,-0.401731962
MYO9B,1401.0,0.398943925,152.0,0.237423,-0.262177943
N6AMT1,5137.0,0.427535625,28.0,-0.97842,-0.219799555
NAA40,3212.0,0.389371031,261.0,0.96746,0.312400617
NAB1,2433.0,0.361024962,572.0,-0.115771,0.146141927
NADK,1672.0,0.3959688,563.0,0.002121,-0.255513011
NADSYN1,464.0,0.447848979,126.0,-0.824436,-0.219769541
NAGK,1297.0,0.42527382,474.0,0.74409,0.206340561
NANS,37.0,0.458552255,132.0,0.73808,0.085708727
NAPA,1862.0,0.477781443,318.0,-0.040628,-0.197502115
NAT10,4915.0,0.387474071,245.0,0.635397,-0.021434373
NBAS,140.0,0.414580543,44.0,0.0922,-0.398381048
NCALD,2767.0,0.374888213,460.0,-1.115479,-0.367363709
NCAPD3,2971.0,0.431957579,606.0,1.157965,0.305628615
NCAPG2,3501.0,0.41630572,200.0,0.738572,0.163155699
NCF1,2381.0,0.415579251,70.0,0.28383,-0.181237763
NCK2,1267.0,0.457831152,276.0,-0.351376,0.026942096
NCKIPSD,4981.0,0.449411541,126.0,0.259437,0.135658625
NCOA5,1332.0,0.416761948,402.0,0.452179,0.29870008
NCOA7,3259.0,0.404217869,470.0,-1.560815,-0.168730392
NDC80,61.0,0.356199389,182.0,1.425625,0.590253496
NDRG2,841.0,0.376266446,941.0,0.490186,0.044206517
NDUFA4,1685.0,0.439642808,129.0,-0.534301,-0.798719854
NEU1,667.0,0.413226082,156.0,-0.251048,-0.021920725
NFATC2IP,3242.0,0.412267479,15.0,0.275356,0.338557121
NFKB1,708.0,0.4099683,467.0,-0.323875,-0.057854715
NFKB2,153.0,0.424806573,563.0,-0.316138,-0.074557253
NFKBIE,1053.0,0.409138176,25.0,-0.819447,0.060754073
NGDN,1255.0,0.423783924,27.0,0.62895,-0.034722786
NGRN,1679.0,0.414477409,50.0,0.419821,0.161935482
NINJ1,5217.0,0.455972644,71.0,0.422593,-0.483964904
NIP7,1593.0,0.443769116,318.0,-0.55554,-0.027086757
NIT2,2351.0,0.432361565,74.0,0.457184,0.239067166
NMNAT3,2689.0,0.397393877,1228.0,1.898308,1.215825544
NMT1,3377.0,0.454689408,31.0,0.06949,0.098219774
NONO,1092.0,0.432928506,710.0,0.399957,0.326087167
NOP14,912.0,0.38067473,187.0,0.700436,0.00174415
NOP2,785.0,0.393538298,198.0,0.009729,-0.693630023
NOTCH2,6062.0,0.409327653,297.0,0.598527,0.216089677
NPTN,1068.0,0.388989686,197.0,-0.098853,-0.389534223
NR2C2,6271.0,0.390767743,362.0,0.082568,0.182377515
NRBF2,883.0,0.43605128,224.0,-0.621619,-0.034683449
NRF1,1901.0,0.447602651,500.0,-0.174696,0.35320383
NRGN,833.0,0.413631862,152.0,0.013579,0.085720393
NRP1,3846.0,0.416817106,523.0,-1.163844,-0.006372334
NSFL1C,1587.0,0.42738001,868.0,0.302853,0.126701728
NSMAF,602.0,0.358586884,214.0,0.329697,0.136354318
NTAN1,178.0,0.344459601,320.0,0.063126,0.039558413
NUBP1,246.0,0.455923678,142.0,-0.299945,0.026618992
NUCKS1,5461.0,0.359398328,271.0,0.090003,-0.244361156
NUDC,716.0,0.476401948,127.0,0.165877,0.150757017
NUDT16,5489.0,0.428387545,75.0,0.302421,0.137092788
NUMA1,663.0,0.474508115,436.0,-0.573776,-0.1159396
NUP93,5678.0,0.382018893,495.0,-0.057356,-0.092286512
NXF1,2943.0,0.375826754,136.0,0.159986,0.265821897
OCIAD2,4872.0,0.363821488,322.0,0.482005,-0.20891243
OGDH,1071.0,0.396078149,159.0,0.110511,-0.245651793
OPA3,7233.0,0.475004358,100.0,0.498021,-0.318406406
OSBPL2,2363.0,0.383456763,571.0,0.217774,-0.218707156
OSBPL5,1099.0,0.381371042,158.0,0.536444,-0.131539166
OVCA2,792.0,0.429983078,65.0,0.346428,0.062382728
P2RX4,573.0,0.442596273,304.0,0.24839,-0.721658038
PAAF1,509.0,0.376143366,341.0,1.664796,0.545787696
PACSIN2,1591.0,0.413490434,405.0,0.477005,0.097651264
PARK7,451.0,0.457171775,163.0,0.174972,-0.034734742
PARP1,769.0,0.460215809,171.0,0.650069,0.472083722
PARP10,332.0,0.422654659,200.0,0.981403,0.290750491
PARP12,816.0,0.416480622,874.0,-0.220474,-0.166244278
PARP14,2243.0,0.414355918,59.0,0.153534,-0.339487803
PARP9,451.0,0.418102187,327.0,-0.298479,-0.29563523
PARVG,2043.0,0.383803232,484.0,-0.106599,-0.051984649
PBK,750.0,0.413339119,464.0,1.34146,0.66356121
PCNA,338.0,0.425000199,239.0,0.133445,0.326054911
PDAP1,2007.0,0.464659554,134.0,0.060872,-0.321176398
PDCD2,155.0,0.440448783,111.0,-0.362715,0.073008444
PDCD2L,48.0,0.433436103,33.0,0.245622,0.010626791
PDCD6IP,3211.0,0.388727459,158.0,-0.370591,0.12825211
PDHA1,2054.0,0.402514578,145.0,0.197843,0.251961173
PDHB,2974.0,0.442593378,43.0,0.78367,0.17241057
PDLIM1,357.0,0.379179626,233.0,0.772106,0.153786789
PDXDC1,2055.0,0.375670185,335.0,-0.145064,-0.084674444
PDXK,6244.0,0.398158884,198.0,0.348176,0.144883544
PEBP1,796.0,0.360152166,326.0,0.289782,0.142431342
PEF1,769.0,0.441759403,424.0,0.315807,0.312201723
PELO,5222.0,0.385240523,985.0,-0.016206,0.135956689
PEPD,395.0,0.450896903,133.0,0.071749,-0.176053177
PEX16,585.0,0.43213601,312.0,0.183916,-0.746486658
PEX6,946.0,0.370078344,93.0,-1.109723,-0.0794496
PEX7,2294.0,0.407005497,102.0,-0.451629,-0.276856597
PFDN5,124.0,0.497062947,117.0,0.355732,0.349087752
PFDN6,574.0,0.470152145,222.0,0.195403,0.343790483
PGM1,570.0,0.393980016,681.0,0.368948,0.134215839
PHB,988.0,0.45268542,190.0,1.111794,0.36823993
PHF10,104.0,0.365149381,79.0,0.032915,0.482352942
PI4K2A,2692.0,0.385068362,57.0,-0.277556,-0.476188864
PIAS1,3626.0,0.396022529,741.0,0.241286,0.109250856
PIK3AP1,3866.0,0.407313024,128.0,-0.164431,-0.047692002
PIR,205.0,0.385796208,485.0,1.589233,0.628839285
PITPNC1,4686.0,0.369070722,874.0,-0.491743,-0.617995206
PLA2G4C,585.0,0.406173977,398.0,-1.095333,-0.548271087
PLAUR,323.0,0.418467601,226.0,0.025388,-0.0341856
PLCB2,818.0,0.468984469,301.0,-0.371147,-0.043534815
PLCG1,3987.0,0.454806205,121.0,0.608875,0.046723094
PLD4,273.0,0.377985619,192.0,-1.982947,-0.695188348
PLEKHO1,5192.0,0.424698037,839.0,-0.832289,-0.080143067
PLEKHO2,2119.0,0.429714475,134.0,-0.049135,-0.015119651
PLSCR1,10376.0,0.415598704,388.0,-0.818131,-0.739186606
PML,3324.0,0.431306474,140.0,-0.412585,-0.134176136
POLR1C,1131.0,0.439933821,86.0,-0.148375,0.157764723
POLR1D,1469.0,0.427162265,456.0,-0.317215,0.038316207
POLR2F,1600.0,0.47244007,250.0,0.228343,0.277585365
POLR2H,1065.0,0.427596015,1167.0,0.280991,0.318876064
POLR3H,3481.0,0.444306047,388.0,0.335498,0.076715485
POLR3K,1023.0,0.473025152,46.0,0.802262,0.263626529
PPA2,660.0,0.432735716,20.0,0.244424,0.464226272
PPIE,4556.0,0.446406574,56.0,0.298276,0.135669294
PPIL1,1921.0,0.453832883,252.0,0.072212,0.242669645
PPP1R14B,282.0,0.457456004,268.0,-0.222572,-0.045674308
PPP1R3G,2923.0,0.390061911,0.0,-0.660989,0.190437648
PRC1,1136.0,0.367783806,234.0,2.052562,0.685687821
PRCC,357.0,0.381841119,290.0,-0.1501,0.114233061
PRDX1,303.0,0.414090753,341.0,1.30552,0.378181675
PRDX6,944.0,0.433706552,51.0,0.383636,0.413060229
PREB,658.0,0.378530018,403.0,0.293266,-0.518978071
PREP,579.0,0.425974009,233.0,-0.788063,-0.646528723
PRG4,784.0,0.366727173,51.0,-0.238448,-0.142248525
PRIM2,1166.0,0.350864643,125.0,-0.185,0.466027473
PRKAB1,1305.0,0.365943644,289.0,0.06624,-0.292136795
PRKAR2A,5019.0,0.427443141,254.0,0.405155,0.065520464
PRKCB,5795.0,0.38010529,197.0,-0.971406,-0.79312678
PRKCD,451.0,0.404392693,469.0,0.805013,-0.091824109
PRKRA,683.0,0.420894136,659.0,0.272965,0.185424109
PRKRIP1,3224.0,0.453589322,55.0,0.100715,0.392212646
PRMT5,393.0,0.386451423,508.0,0.761783,0.174410525
PRMT7,3655.0,0.450088803,850.0,-0.419464,-0.152714372
PROCR,549.0,0.357872186,218.0,2.371159,0.505730969
PRPS1,3908.0,0.466551451,409.0,-0.635889,-0.049431828
PRPSAP1,2056.0,0.390811115,688.0,0.955033,0.341844643
PRRC1,3173.0,0.409170839,188.0,-0.40691,-0.039292906
PSMA5,2997.0,0.446573967,225.0,0.242865,-0.128044459
PSMA6,187.0,0.423632682,445.0,0.620824,-0.157164299
PSMB10,58.0,0.455018511,128.0,-0.650456,-0.480241168
PSMB2,3775.0,0.389848815,412.0,0.40984,-0.135555277
PSMB8,242.0,0.411206622,522.0,-0.684446,-0.406908269
PSMB9,5497.0,0.431095699,69.0,-0.42866,-0.271670806
PSMC3,66.0,0.485654947,194.0,0.963323,0.169040529
PSMD11,2567.0,0.390095635,61.0,0.590661,0.083876718
PSMD13,384.0,0.437236365,242.0,0.410378,0.03326621
PSMD8,450.0,0.458928351,52.0,0.59168,0.040354933
PSME2,53.0,0.443656162,65.0,0.532483,-0.47118008
PSMG1,5308.0,0.427553471,578.0,-0.345894,-0.480575979
PSTPIP2,1923.0,0.429639796,96.0,-2.796761,-0.638662099
PTBP1,1504.0,0.473818895,106.0,-0.208441,0.016405086
PTDSS1,3765.0,0.367954205,423.0,1.058257,-0.776460171
PTGS1,3346.0,0.37260918,633.0,0.244661,0.145445089
PTP4A1,3419.0,0.421202001,1153.0,-1.340879,-0.220573526
PTPMT1,1899.0,0.450492628,193.0,0.467738,0.383461556
PTPN18,2185.0,0.381656528,101.0,0.567318,-0.099918149
PTPN7,1593.0,0.440747449,781.0,-0.178153,-0.523573996
PTPRE,2994.0,0.426620112,1843.0,-1.34619,-0.467124966
PTPRF,4571.0,0.452810321,356.0,0.602778,0.279341763
PTRH2,3186.0,0.370743372,1544.0,0.49181,-0.831494688
PWWP2B,819.0,0.424412275,29.0,0.259145,-0.017444833
PYCR2,578.0,0.474148407,230.0,0.281342,0.153258582
PYGL,175.0,0.392036998,127.0,0.71105,0.039516238
QARS,97.0,0.458996209,396.0,0.379301,-0.037209676
RAB11FIP1,4277.0,0.380614122,56.0,-0.941464,-0.610056939
RAB12,1120.0,0.38483812,283.0,0.124869,-0.192231295
RAB21,5246.0,0.435367738,267.0,-0.304556,-0.338172428
RAB31,3231.0,0.437498832,175.0,1.926091,0.250895929
RAB35,2172.0,0.408841719,189.0,0.29315,-0.585391819
RAB7A,1376.0,0.419395127,232.0,-0.029527,-0.49286075
RAB8B,4163.0,0.425956778,96.0,-0.969077,-0.427509905
RAB9A,1716.0,0.417525007,283.0,-0.690935,-0.569431628
RABGGTA,77.0,0.387342734,512.0,0.585788,0.032553642
RABGGTB,440.0,0.409412379,78.0,0.673065,0.298306331
RABIF,4760.0,0.447399225,159.0,0.132012,0.437983745
RACGAP1,1895.0,0.366370127,354.0,1.643357,0.688661448
RAD9A,924.0,0.444046557,185.0,-0.874443,-0.347777291
RAE1,1112.0,0.432613552,365.0,0.607269,0.225563479
RAI1,1472.0,0.455620822,469.0,0.579055,0.124021428
RAN,2043.0,0.442855294,361.0,0.826933,0.269624144
RANBP10,3359.0,0.379453562,1256.0,-0.67488,-0.093277963
RANGAP1,3145.0,0.481547647,765.0,0.603529,0.014638534
RAPGEF1,2727.0,0.425793135,159.0,0.261207,0.082972498
RARS,114.0,0.423508657,41.0,0.029747,-0.19643557
RASGRP2,183.0,0.381671176,582.0,-0.791685,-0.413361396
RBBP4,6506.0,0.404056961,164.0,-0.440509,0.118104976
RBBP5,3098.0,0.421849625,474.0,0.214947,0.129950969
RBKS,251.0,0.392307233,1371.0,-0.426374,-0.107208589
RBM12,3599.0,0.375183789,304.0,0.708168,0.593319666
RBM14,3443.0,0.468008211,139.0,0.803308,0.337882833
RBM4B,5277.0,0.396841232,170.0,0.274481,0.107473757
RBMX,1201.0,0.353737079,210.0,0.185575,0.28237698
RBPJ,4223.0,0.4178224,518.0,0.156743,0.289021723
RBX1,821.0,0.46562919,52.0,0.316892,0.1269441
RC3H1,7637.0,0.410085914,87.0,-0.059777,0.099367273
RCCD1,1773.0,0.374130224,280.0,0.083595,0.076597176
RCOR1,4070.0,0.439565312,228.0,0.532169,0.37226234
REEP4,591.0,0.460338979,469.0,0.734092,-0.392959543
REEP5,2962.0,0.457536941,144.0,0.309359,-0.393542191
RELB,408.0,0.418226182,131.0,-0.447422,-0.122552942
REPIN1,2683.0,0.45080531,489.0,0.413576,-0.037055864
RFC4,89.0,0.411167541,282.0,0.460687,0.432662923
RFK,1882.0,0.429285662,357.0,-1.426918,-0.056336599
RFX5,1546.0,0.386685917,221.0,0.328025,0.189347613
RHBDF2,740.0,0.423256567,294.0,0.672856,-0.182922161
RHOT2,568.0,0.454546166,881.0,-0.145906,-0.47202265
RNASE2,179.0,0.384567964,71.0,0.747269,-0.764367145
RNASEH1,4369.0,0.404567903,700.0,0.182397,0.464121554
RNASEH2B,3930.0,0.37625722,399.0,-0.801528,-0.186777347
RNASET2,1070.0,0.374792559,407.0,-0.36938,-0.065056639
RNF114,1751.0,0.459950313,36.0,0.341248,0.170306178
RNF167,289.0,0.375291206,776.0,0.454635,-0.863367783
RNF20,5226.0,0.396317502,92.0,0.161168,0.221707329
RNF213,5288.0,0.417718743,150.0,1.553646,-0.127954436
RNF25,102.0,0.375620157,88.0,0.546801,0.152331819
RNF31,88.0,0.389352607,358.0,0.516613,0.087758821
RNLS,1252.0,0.416402283,135.0,-1.136189,-0.202919167
RNMT,4581.0,0.415128602,241.0,0.012652,0.025943756
RNPEP,463.0,0.447181346,896.0,0.761619,0.012340198
RP9,437.0,0.42869019,18.0,0.516728,-0.242951601
RPA1,2907.0,0.381710028,170.0,0.463503,0.053176832
RPA2,639.0,0.400070522,793.0,-0.246166,0.138164329
RPAIN,471.0,0.394698889,570.0,-0.233723,-0.231284728
RPL11,461.0,0.442317923,45.0,0.014034,0.028425866
RPL14,5208.0,0.496792394,133.0,0.595759,-0.267735882
RPL23,3146.0,0.464880603,90.0,-0.456385,-0.2621836
RPL26,53.0,0.427802183,389.0,0.379094,-0.451918444
RPL31,1260.0,0.451994935,87.0,-0.232084,-0.444907389
RPL34,1350.0,0.436455219,198.0,-0.180755,-0.448247777
RPL5,1058.0,0.451564158,75.0,0.773455,-0.382699151
RPL7,1077.0,0.460258279,707.0,0.361543,-0.64635046
RPS11,373.0,0.483080585,92.0,0.286537,-0.232987624
RPS24,4247.0,0.430653047,142.0,0.395875,-0.478264234
RPS25,109.0,0.467193878,63.0,0.067931,-0.640853386
RPS27A,743.0,0.450449292,321.0,-0.047452,-0.146577002
RPS3A,306.0,0.426765211,80.0,0.624112,-0.347901614
RPS4X,629.0,0.442998752,96.0,-0.368416,-0.25546243
RPS6,2723.0,0.413925579,42.0,-0.17589,-0.680932897
RPS6KA1,828.0,0.389798854,163.0,-0.698291,-0.380210076
RPS6KA4,735.0,0.38455359,226.0,-0.343842,-0.272133916
RPS7,66.0,0.428822459,109.0,0.001868,-0.123062454
RPTOR,2341.0,0.385169267,805.0,1.711569,0.213971391
RREB1,3012.0,0.456825357,492.0,-0.294272,-0.11508086
RRM1,2304.0,0.437568848,689.0,1.125073,0.49119201
RRP8,5071.0,0.446233376,148.0,0.184113,0.169398338
RRS1,978.0,0.468289248,104.0,0.604938,-0.508431425
RTN3,1690.0,0.358048129,187.0,1.144834,-0.174308927
RTN4IP1,1108.0,0.372133716,477.0,-1.212559,-0.303013087
RUNX1,4334.0,0.416076551,1578.0,0.310634,0.526800498
RWDD1,6365.0,0.401367905,746.0,-1.08492,-0.448957969
S100A8,71.0,0.444112716,170.0,-1.784556,-0.379314089
S100A9,189.0,0.439508357,43.0,-1.287657,-0.363852118
SAMD9,1815.0,0.395660052,270.0,-1.55369,-0.737190192
SAMD9L,1162.0,0.396305952,1248.0,-1.529645,-0.506094948
SAMM50,150.0,0.345249646,197.0,1.521808,-0.315816933
SAMSN1,684.0,0.407246581,430.0,-0.60628,-0.068266949
SAP18,1754.0,0.427429047,39.0,-0.803482,0.192727691
SAP30BP,1541.0,0.449617255,257.0,0.51094,0.156288434
SAR1A,5213.0,0.411769389,203.0,0.073124,0.055328141
SAR1B,5806.0,0.392367964,253.0,0.33666,0.02039482
SARS,1054.0,0.40098191,100.0,0.621295,0.219391356
SASH3,1369.0,0.387406112,182.0,-0.001175,-0.047112731
SCAMP4,1741.0,0.472519575,351.0,-0.423978,-0.576368639
SCO1,8645.0,0.407339367,61.0,-0.023244,-0.175394857
SDCCAG8,307.0,0.360606297,1542.0,-0.326749,-0.130033596
SEC11C,205.0,0.423646802,92.0,0.626747,-0.266206841
SEC13,332.0,0.457264526,210.0,0.202191,0.173694859
SEC14L1,2986.0,0.420320088,665.0,0.110972,0.122792414
SEC24B,1221.0,0.400931805,155.0,0.216392,0.221829488
SEC24D,2115.0,0.386600041,297.0,0.147149,-0.141555202
SEC61B,270.0,0.404562259,76.0,0.423611,-0.526020803
SEMA3F,960.0,0.38837398,318.0,1.160879,0.463074511
SEMA4A,755.0,0.412797256,345.0,0.224504,-0.067553025
SERPINA1,1707.0,0.420489385,573.0,0.863279,-0.004160971
SERPINB8,2096.0,0.38524815,520.0,-0.823715,0.151976791
SETMAR,321.0,0.414235412,398.0,0.18296,-0.059611301
SEZ6L2,540.0,0.431800162,245.0,0.455128,0.077899524
SF1,2419.0,0.374481437,721.0,-0.358836,0.110402078
SF3B2,563.0,0.453902675,40.0,0.508921,0.229209381
SFXN4,500.0,0.402513841,45.0,0.263158,0.321334447
SH3BP1,433.0,0.395530944,313.0,0.5125,0.050388151
SH3PXD2B,4870.0,0.420952884,171.0,0.27397,-0.040750676
SHMT1,4335.0,0.394510245,509.0,0.537096,0.438488825
SIGLEC1,1590.0,0.42099348,0.0,0.250255,-0.476893447
SIPA1,2933.0,0.437718847,296.0,-0.486251,-0.068752932
SIRPA,3027.0,0.429235057,360.0,-0.507545,-0.826054003
SKP1,8791.0,0.433886974,179.0,-0.205839,0.161345328
SLBP,3046.0,0.391438372,553.0,0.67196,0.567086456
SLC25A10,1929.0,0.386184273,191.0,1.663516,0.445386243
SLC25A19,477.0,0.386093473,224.0,0.776205,-0.306194954
SLC25A20,787.0,0.382641976,199.0,-0.049247,-0.304093083
SLC25A3,504.0,0.383836987,354.0,0.22368,-0.494623784
SLC25A42,2156.0,0.366871382,156.0,0.457392,-0.733538411
SLC25A6,450.0,0.487227384,137.0,0.566023,-0.28744884
SLC27A3,163.0,0.439664345,91.0,0.466033,-0.443196868
SLC29A1,2913.0,0.455987116,491.0,0.248007,-0.421812974
SLC39A10,2661.0,0.346494338,214.0,-0.300497,-0.121900822
SLC43A3,838.0,0.382351997,447.0,0.490982,0.157543675
SLC44A1,8291.0,0.4365497,264.0,0.537635,-0.723610914
SLC9A3R1,709.0,0.400889529,235.0,2.143634,0.584617046
SMAP2,1225.0,0.404145004,415.0,-0.196514,0.01048687
SMC1A,5954.0,0.490702048,340.0,0.192604,0.478808142
SMG5,1363.0,0.383248033,540.0,0.578464,-0.135766753
SMS,2660.0,0.417677888,252.0,0.367208,0.032380602
SMYD3,223.0,0.378821529,130.0,0.658928,0.217085677
SNRNP200,676.0,0.454045162,132.0,0.180584,-0.113309049
SNRPC,474.0,0.427936125,450.0,0.077836,0.089303559
SNRPD1,4386.0,0.384326147,161.0,0.565282,0.066287418
SNRPN,279.0,0.390283395,1145.0,0.250591,0.185524889
SNX24,5071.0,0.338464018,185.0,-0.282888,0.260917021
SNX30,6144.0,0.426743352,148.0,-0.236931,0.27217477
SNX33,5086.0,0.383330712,96.0,-0.055612,0.027332977
SOD1,353.0,0.438546885,148.0,0.494945,0.660260253
SOD2,13436.0,0.435065133,1828.0,-1.245708,-0.255130886
SP110,3922.0,0.401738483,258.0,-0.681461,-0.700501987
SPC24,1691.0,0.381793277,320.0,2.714657,0.88561067
SPC25,540.0,0.373816265,131.0,1.517391,0.733829844
SPCS1,3333.0,0.417439524,205.0,0.456371,-0.866437172
SPI1,383.0,0.406748349,223.0,0.360847,0.069784124
SPRYD4,1406.0,0.430591965,75.0,0.143585,0.129492425
SQSTM1,1485.0,0.412192979,360.0,1.392912,1.06310814
SRC,2671.0,0.437602812,449.0,1.18402,0.086876432
SRGAP2,3018.0,0.377689891,542.0,0.729451,0.180350418
SRI,5365.0,0.424260151,79.0,-0.196296,0.073385198
SRP19,2645.0,0.430943803,189.0,0.043633,0.024633491
SRPRB,1784.0,0.427990824,285.0,0.046125,-0.714385802
SRR,1392.0,0.393840903,354.0,0.494204,-0.504515947
SRXN1,2099.0,0.37663928,185.0,0.531863,0.527746343
SS18L2,777.0,0.45997865,208.0,0.42746,0.497446284
SSH1,5298.0,0.373517564,146.0,-0.216994,0.109484232
SSH3,2595.0,0.376349937,178.0,-1.078937,-0.305953105
SSR2,592.0,0.425839932,80.0,-0.083169,-0.481473673
SSR3,3698.0,0.388415977,156.0,0.557518,-1.190511764
SSR4,87.0,0.444947593,150.0,-0.032907,-0.541462766
SSRP1,422.0,0.394601844,267.0,0.986091,0.309288303
SSU72,400.0,0.445120823,325.0,-0.171334,0.280009976
ST13,3666.0,0.439823793,468.0,-0.198352,0.117799362
ST14,553.0,0.454138745,193.0,0.670255,0.222328314
ST3GAL4,594.0,0.39537481,557.0,0.188075,-0.169512766
STARD10,1682.0,0.427301627,944.0,0.617372,-0.038976314
STAT1,3294.0,0.408136156,388.0,-0.334264,-0.715366308
STAT2,1791.0,0.409862748,203.0,-0.44457,-0.239082708
STAT6,1168.0,0.380869476,499.0,-0.208921,0.026692624
STMN1,1138.0,0.394107416,364.0,0.539208,0.10914751
STOM,2222.0,0.387137797,117.0,-1.408226,-1.103197342
STOML2,531.0,0.456962681,143.0,0.001025,0.384821219
STX3,5058.0,0.403902965,547.0,-0.470681,-0.876126392
STX7,14891.0,0.417568039,327.0,-1.192843,-0.760079655
STX8,107.0,0.378438911,150.0,0.192475,-0.258953406
SUCLG1,223.0,0.43877655,193.0,-0.078079,0.203980194
SUFU,3380.0,0.361614756,191.0,-0.052909,0.178821681
SUMF1,999.0,0.37076871,37.0,0.597706,0.177650762
SUPT4H1,1112.0,0.438747077,103.0,0.357367,0.230410232
SURF2,1720.0,0.440503417,48.0,0.425468,0.131099788
SURF4,2281.0,0.385472445,476.0,0.106401,-0.372060015
SURF6,4908.0,0.42467207,78.0,-0.084556,-0.56747719
SVIP,4195.0,0.357937352,217.0,-0.100057,0.058325892
SYTL1,80.0,0.364244725,197.0,0.370328,0.104151406
TACC3,165.0,0.385699108,155.0,1.745649,0.693498902
TADA2B,3064.0,0.464060586,151.0,0.247094,0.040633381
TAF12,689.0,0.435926756,522.0,-0.454633,0.260905034
TAP2,5256.0,0.374969764,175.0,-0.520393,-1.057989245
TATDN2,2040.0,0.415810908,581.0,0.138637,0.438452185
TBC1D20,3109.0,0.435441414,148.0,-0.18444,-0.591481988
TBC1D9B,1396.0,0.395340616,37.0,-0.259253,-0.105915195
TBCC,556.0,0.434161456,73.0,-0.154793,0.184635141
TCEAL3,260.0,0.368171822,262.0,1.612903,0.599044407
TCEAL4,3020.0,0.432120515,489.0,2.062968,1.279409827
TCOF1,1640.0,0.41523122,108.0,0.539893,-0.326192538
TDP1,1721.0,0.418036689,317.0,0.400374,0.161797404
TDRD7,242.0,0.375852104,234.0,0.298621,-0.025951747
TDRKH,973.0,0.419795099,182.0,-0.400088,-0.196991596
TEP1,2777.0,0.379550228,40.0,0.055549,-0.120337735
TFE3,1431.0,0.379068139,541.0,-0.057114,0.124931434
TFEB,621.0,0.429366592,302.0,-0.803288,-0.474359338
THADA,112.0,0.415199561,352.0,-0.538764,-0.178056476
THUMPD1,2715.0,0.455087735,225.0,-0.87422,-0.212694418
THYN1,205.0,0.377954149,484.0,-0.028673,-0.128505714
TIMM50,3932.0,0.424829064,722.0,0.661349,0.147036483
TIMM8B,2046.0,0.447942532,30.0,-0.069159,0.577326839
TK2,3965.0,0.360054507,593.0,-0.812201,-0.200723815
TLE1,571.0,0.374791795,1295.0,0.644933,0.543167255
TM9SF2,2020.0,0.372522209,233.0,-0.698213,-0.859773245
TMED3,1710.0,0.439016102,188.0,0.275341,-0.132623708
TMED9,708.0,0.44685712,67.0,0.414627,-0.258468974
TMEM126A,52.0,0.406087664,295.0,-0.773284,-0.341186266
TMEM199,2431.0,0.370998168,90.0,0.181772,-1.331052099
TMEM63A,1407.0,0.385482014,622.0,-0.209011,-0.606562456
TMOD1,2050.0,0.392927141,213.0,-2.057282,-0.636021841
TMSB10,278.0,0.470652003,95.0,-0.005594,0.58354896
TNFAIP1,2409.0,0.451408648,449.0,0.065783,0.082749487
TNFAIP2,2079.0,0.44214387,131.0,0.652076,-0.201896122
TNFAIP3,1995.0,0.416242917,370.0,-1.854139,-0.18733891
TNFAIP8L2,497.0,0.440670719,126.0,-0.139227,-0.100535947
TNIP1,770.0,0.448321216,241.0,-0.733329,0.029963592
TNK2,822.0,0.420245651,543.0,0.842627,0.37160711
TNPO2,2070.0,0.408799881,358.0,0.641388,0.221575889
TNRC18,1316.0,0.449521205,349.0,0.326507,0.285705058
TOMM5,518.0,0.441712708,107.0,-0.070943,-0.251819351
TOP2A,1003.0,0.364102812,159.0,1.725339,0.480822526
TOR1A,3160.0,0.446121485,77.0,0.007093,-0.081458865
TPD52L2,1600.0,0.385071878,138.0,0.044439,0.171463163
TPI1,620.0,0.479135356,527.0,0.496642,0.169848593
TPM1,757.0,0.403626605,257.0,-1.413475,0.090191994
TRAF1,7433.0,0.438949906,572.0,-1.214435,-0.486762202
TRAF3,5716.0,0.386659664,353.0,0.127725,0.148958695
TRAF6,6100.0,0.426668941,381.0,-0.045225,0.225345775
TRAPPC3,634.0,0.441060625,519.0,0.206492,0.246210712
TRAPPC5,42.0,0.453352607,241.0,0.933883,0.096353445
TRAPPC6B,2539.0,0.437369008,335.0,-0.103344,0.209974909
TRAPPC9,3079.0,0.431357199,134.0,1.365989,-0.075898618
TRIM11,3522.0,0.453298916,255.0,0.339204,0.032562722
TRIM13,5308.0,0.419190719,763.0,-0.739138,-0.598786687
TRIM14,3117.0,0.369225689,165.0,-0.249278,-0.387566248
TRIM22,1215.0,0.424423711,379.0,-1.866195,-0.678827995
TRIM26,1431.0,0.384319522,565.0,-0.43518,-0.337737809
TRIM27,2956.0,0.441704825,359.0,-0.309185,-0.309886685
TRIM41,1657.0,0.454716896,737.0,0.171977,0.159719344
TRIM5,2312.0,0.426412011,303.0,-0.124487,0.138961321
TRIP12,3739.0,0.40441217,297.0,-0.5938,-0.532269785
TRIP13,2852.0,0.433721983,145.0,1.33248,0.31595702
TRMT5,3660.0,0.405137655,572.0,-0.21547,0.062143
TRUB2,4655.0,0.434714666,759.0,0.55025,0.132762367
TSFM,1390.0,0.429356434,57.0,0.091469,0.158392558
TSPAN14,15147.0,0.398868986,305.0,-0.239223,-1.168018807
TSPYL1,7303.0,0.373212405,287.0,-0.201243,0.184647896
TSR2,1366.0,0.464925113,443.0,0.789182,0.674812982
TTC39C,3394.0,0.378954091,452.0,0.458406,0.297825733
TTC7A,2213.0,0.393400181,1272.0,0.358922,-0.099918749
TTPAL,5319.0,0.425556123,145.0,0.292864,0.195719793
TUBA1C,110.0,0.451729991,576.0,1.277396,-0.037960865
TUBA4A,644.0,0.402818439,556.0,1.171114,-0.09309477
TUBB,1030.0,0.390058461,509.0,0.494433,0.030779321
TUBB6,2302.0,0.468445054,1139.0,-0.217871,-0.055592495
TUBGCP4,1934.0,0.368175973,296.0,0.458909,-0.074391685
TUSC1,1294.0,0.429789613,537.0,-0.829049,0.0
TXNL4A,3129.0,0.472736328,466.0,0.743141,0.213762074
TYMP,18.0,0.429537249,376.0,0.902655,0.145596433
TYMS,581.0,0.364557025,159.0,2.328796,0.692737661
TYROBP,168.0,0.417048036,81.0,0.388547,0.220280187
UBAP2L,353.0,0.367068802,167.0,-0.245259,0.066384524
UBE2B,4002.0,0.405496028,420.0,-0.592876,0.413227769
UBE2E1,1034.0,0.417917446,229.0,-0.37895,0.439216821
UBE2E2,1962.0,0.352966355,180.0,-0.760117,-0.008575611
UBE2L3,2365.0,0.455573936,198.0,0.78623,0.454774164
UBE2L6,703.0,0.431638779,653.0,0.938527,0.05687275
UBE4B,1283.0,0.418913915,688.0,0.403498,-0.053871054
UBR4,797.0,0.387393976,4.0,0.098726,-0.265374653
UBTF,2209.0,0.400105612,296.0,0.327808,-0.058539056
UBXN1,220.0,0.422601268,194.0,1.111659,0.509259659
UCK2,4043.0,0.447469338,640.0,0.125729,0.183348506
UGGT1,5935.0,0.374564832,178.0,0.48953,-0.080777393
UHRF1BP1,5130.0,0.373569339,234.0,0.272808,-0.125199184
UNC45A,377.0,0.475530537,1022.0,0.117982,0.077625653
UNG,1024.0,0.368897526,209.0,1.043071,0.638267594
UNK,1388.0,0.447315534,42.0,0.764779,0.656618441
UQCR11,4379.0,0.470309826,75.0,-0.659271,0.168817459
UQCRC1,129.0,0.462829321,45.0,0.682078,-0.14421599
UQCRH,193.0,0.365128489,320.0,-0.372588,-0.015378436
UROD,171.0,0.391539164,133.0,0.65814,0.240618033
UROS,3849.0,0.422413435,266.0,0.111435,0.040844677
USP18,580.0,0.434940763,338.0,0.152692,-0.673593989
USP39,571.0,0.39295741,223.0,0.166871,0.066856046
UTP6,2466.0,0.429918331,83.0,-0.419621,-0.076029535
VAC14,489.0,0.396517204,827.0,-0.143751,-0.216622197
VAMP8,451.0,0.398153421,156.0,0.49691,-0.407151014
VASP,824.0,0.388921088,342.0,-0.377389,0.110095091
VAT1,1456.0,0.406330787,120.0,0.390833,0.087149242
VDAC3,475.0,0.440388181,210.0,-0.871043,-0.795122643
VDR,3209.0,0.450036866,401.0,-1.763835,-0.226532143
VGLL4,2489.0,0.432812067,506.0,-0.883467,0.259515258
VIM,431.0,0.411136971,462.0,-1.112517,0.113843501
VPS28,291.0,0.476756313,109.0,1.132895,0.329967459
VPS33B,559.0,0.447669729,583.0,0.071813,-0.10881307
VPS39,2053.0,0.440628838,173.0,0.056516,-0.081138667
VPS52,2870.0,0.393546356,887.0,-0.112615,-0.097265134
WASF2,4090.0,0.365213822,245.0,0.153132,0.132116953
WBP2,1040.0,0.392225719,515.0,0.344603,0.050080642
WDR1,1039.0,0.393247178,368.0,0.147096,-0.054731315
WDR36,3619.0,0.40459335,117.0,-0.420889,-0.162970108
WDR37,8068.0,0.365587877,173.0,-0.49562,-0.213983386
WDR4,293.0,0.380589271,581.0,0.33689,0.101552495
WDR47,1216.0,0.402106333,376.0,-0.117878,0.207271423
WDR48,1924.0,0.419028298,472.0,-0.055498,0.176017523
WDR5,1979.0,0.401607191,171.0,0.399945,0.083723012
WDR54,97.0,0.394793766,128.0,1.138666,-0.063285955
WDR61,197.0,0.411764619,310.0,0.684962,0.12832121
WDR77,4184.0,0.412330102,139.0,0.375846,0.251041683
WDR91,4946.0,0.380864599,823.0,-0.341708,-0.101839197
WDR92,2520.0,0.427217839,117.0,-0.37372,0.054676721
YTHDF1,1279.0,0.384821843,294.0,0.035164,0.067793481
YTHDF3,3082.0,0.406652071,509.0,-0.48529,0.093579224
YY1,5192.0,0.440120149,480.0,-0.062545,0.176066059
ZBED1,2221.0,0.457533868,282.0,-0.578626,-0.050169369
ZBTB8OS,1087.0,0.406816332,276.0,-0.10418,0.003338536
ZC3H12A,768.0,0.421626239,1056.0,-0.084011,-0.091602459
ZC3H4,2169.0,0.436042942,38.0,-0.140667,0.121151823
ZCCHC2,2006.0,0.404185753,0.0,0.309158,-0.042991367
ZFP36L1,2846.0,0.395541595,976.0,-1.174889,0.188369155
ZMAT2,1942.0,0.460376067,101.0,0.73612,0.023774937
ZMIZ2,4165.0,0.419562196,128.0,-0.038016,-0.09887777
ZMYM3,1292.0,0.378831729,749.0,0.606038,0.426102621
ZNF207,13817.0,0.386696564,148.0,-0.33457,0.161202169
ZNF414,113.0,0.422835658,118.0,0.109219,0.339402714
ZNF511,243.0,0.452392726,55.0,0.557155,0.327581127
ZNF516,4816.0,0.393186692,318.0,0.723643,0.524953061
ZNF622,1298.0,0.463753859,120.0,0.316516,0.230467364
ZNHIT2,49.0,0.440612513,85.0,0.275475,0.076057584
ZNHIT3,419.0,0.425204303,73.0,-0.204191,-0.084385235
ZWINT,4585.0,0.411772707,37.0,1.286649,0.374216526
