,3prime,tAI,max_5_UTR_length,TCGA-AN-A0AJ,TCGA-AN-A0AJ.1
AAK1,17874.0,0.380718848,505.0,-0.229267,0.258624615
AATF,207.0,0.367011205,251.0,0.684581,0.487399411
ABCC1,1793.0,0.393368456,175.0,0.493567,-0.153406949
ABCF3,5726.0,0.387768135,869.0,0.385526,-0.012945178
ABHD12,654.0,0.374654709,279.0,0.603254,-0.428498879
ABR,2562.0,0.39474042,600.0,-1.109712,-0.105181703
ABT1,2092.0,0.423473096,40.0,1.461304,0.516128534
ACADVL,176.0,0.46877374,457.0,-0.157309,0.032937122
ACBD6,155.0,0.433964845,621.0,0.319,0.124468945
ACIN1,584.0,0.404933544,328.0,-0.19481,0.000820244
ACO1,4661.0,0.37721508,227.0,-0.380501,0.327485413
ACOT11,1220.0,0.392289045,176.0,-1.523049,0.430777637
ACOT9,4514.0,0.358892202,225.0,0.044052,0.096631311
ACP2,814.0,0.411581374,548.0,-0.17165,-0.299973355
ACSF2,1484.0,0.405139059,501.0,-0.47599,-0.31905668
ACSL1,1530.0,0.417966714,990.0,-0.066778,-0.075503131
ACSL5,1022.0,0.380976548,307.0,-0.489941,0.045605404
ACTB,613.0,0.469768794,192.0,0.640953,1.077057381
ACTL6A,452.0,0.409046191,387.0,1.00459,0.533522416
ACTR1A,3151.0,0.432463663,108.0,0.365975,0.261386343
ADA,312.0,0.444091501,440.0,0.133585,0.535048387
ADAMDEC1,715.0,0.41564171,547.0,2.463297,-1.098752098
ADD1,1928.0,0.439806775,863.0,0.088166,0.519500901
ADPRH,2067.0,0.380088169,541.0,-0.552803,0.237148381
ADSSL1,320.0,0.393141878,776.0,-1.269883,-1.424066953
AGAP3,508.0,0.436856677,1584.0,-0.486787,0.010229926
AHNAK,842.0,0.382138706,300.0,0.184094,0.499784856
AHSA1,225.0,0.374296292,431.0,0.595516,0.439024574
AIF1,121.0,0.4069451,222.0,0.573661,0.286465313
AIFM2,1911.0,0.447982482,217.0,-1.715447,-0.196287619
AK1,1528.0,0.389481519,153.0,0.135952,-0.256813769
AK2,2893.0,0.384271636,345.0,-0.053564,0.375176846
AKR1C2,3804.0,0.449591167,413.0,-2.420366,0.223794575
AKR7A2,10996.0,0.385600504,22.0,-0.055343,-0.067529882
ALDH18A1,838.0,0.380333742,511.0,-0.513976,-0.023157077
ALDH3A2,2525.0,0.42484639,221.0,-0.266573,-0.442781223
ALDH6A1,4647.0,0.38708374,724.0,-0.650012,-0.267527555
ALG1,2498.0,0.432230555,181.0,-0.317292,-0.852789806
ALG5,380.0,0.362014155,67.0,-0.308981,0.115416785
ALG9,4217.0,0.365461171,1107.0,-0.129165,-1.622014903
ALOX5AP,976.0,0.392577632,248.0,-0.317469,-1.34387653
AMBRA1,1041.0,0.36170155,362.0,-0.180634,-0.290451068
AMPD2,903.0,0.389224108,566.0,-1.089683,-0.274580594
AMPD3,1695.0,0.423686063,472.0,-0.086029,-0.393053061
ANAPC5,235.0,0.390209877,197.0,-0.479095,0.014279571
ANKLE2,1737.0,0.418251419,90.0,-0.239388,-0.269399507
ANKRD16,135.0,0.465649334,543.0,-0.225019,-0.082052757
ANKRD35,249.0,0.402949835,108.0,-0.984336,-0.298581819
ANXA2,496.0,0.429738522,160.0,0.108478,0.407645911
ANXA5,1441.0,0.418050335,165.0,-0.563468,-0.095774279
AP1B1,1153.0,0.424070668,187.0,0.553162,0.343978395
AP1M1,914.0,0.463388599,173.0,-0.150063,0.14374517
APBA1,3797.0,0.387421148,276.0,-1.697712,-0.001480675
APIP,427.0,0.433104693,127.0,0.940484,0.46707117
APOBEC3B,339.0,0.43450554,55.0,1.682324,0.967480058
APOBEC3C,1979.0,0.381716897,103.0,0.165833,0.702946734
APOBEC3G,322.0,0.410940579,404.0,0.355097,-0.256686675
APOL2,1195.0,0.42932248,477.0,0.677207,0.053083464
ARF6,2971.0,0.462806813,621.0,0.214647,0.739289726
ARFIP2,2430.0,0.403729309,291.0,0.620385,0.746341162
ARHGAP17,2624.0,0.371011524,117.0,-0.150333,0.347861421
ARHGAP30,773.0,0.384451823,645.0,0.650857,0.628334529
ARHGEF10,1378.0,0.370244255,202.0,-1.552194,-0.266646913
ARID2,3145.0,0.362288628,128.0,0.622915,0.264081906
ARID3A,3881.0,0.411693449,290.0,0.410069,0.296009598
ARIH2,3112.0,0.397061561,878.0,-0.086026,0.223953203
ARL8A,1065.0,0.409602486,171.0,-0.098657,0.533084237
ARRB1,6041.0,0.39512759,224.0,-0.694056,0.126306406
ASF1B,950.0,0.395794233,172.0,0.976441,0.639250543
ASS1,1357.0,0.394201053,356.0,-2.673833,-0.801641043
ATPAF1,3039.0,0.439253133,510.0,0.166633,0.920815526
ATRIP,162.0,0.417082642,462.0,0.173624,0.896851501
AXL,1863.0,0.417061167,376.0,-0.328595,0.033080971
B4GALT7,4483.0,0.433879574,93.0,-0.177082,-1.307830784
BAG1,2764.0,0.431693656,501.0,-1.030601,-0.151074118
BAG3,537.0,0.387438444,306.0,-0.154804,-0.144975216
BASP1,971.0,0.520859146,259.0,0.240135,-0.561457622
BBS7,1531.0,0.408023089,184.0,-0.140705,-0.144293407
BCAT2,364.0,0.445598481,657.0,0.741385,0.923817599
BCKDHB,3082.0,0.419736544,88.0,-1.182392,-0.16260553
BCL2,5279.0,0.374049285,493.0,-1.938327,-2.518024682
BCL2L13,4109.0,0.411790332,769.0,-0.661429,-0.215758229
BID,4193.0,0.428633517,498.0,-0.152969,0.303542698
BLVRA,3376.0,0.414260839,177.0,-0.242714,0.145289484
BOLA2,40.0,0.43059393,513.0,0.431147,0.347721797
BOLA3,383.0,0.406657227,38.0,0.28645,-0.251093787
BRD2,787.0,0.377809737,2066.0,0.58188,0.134119831
BRD3,3285.0,0.401150236,188.0,-0.215404,0.187771324
BSPRY,1091.0,0.380011644,48.0,0.563208,-0.129974101
BST2,411.0,0.444557266,81.0,-0.545069,-0.667867199
BUB3,1535.0,0.421992618,242.0,0.4954,0.498068486
C1QB,152.0,0.436596666,340.0,1.487383,0.204318611
C1QC,327.0,0.41150294,283.0,1.237149,-0.197579425
C2CD3,671.0,0.360398895,227.0,0.46202,0.4367549
C3,5088.0,0.430632158,93.0,-0.704581,-0.243896546
CAP1,1134.0,0.406948565,416.0,-0.342775,0.092286205
CAPN1,720.0,0.455130071,197.0,-0.928404,-0.111105031
CAPRIN1,5632.0,0.374918508,189.0,0.499659,0.592329226
CAPZB,5180.0,0.446052528,622.0,-0.195774,0.206941916
CARD16,437.0,0.41300235,27.0,0.620417,0.662359051
CARHSP1,4898.0,0.362100245,360.0,0.541797,-0.094205125
CASC3,1778.0,0.370720542,295.0,0.103775,-0.648554476
CASP1,750.0,0.424742838,44.0,0.0329,0.641361515
CASP8,1794.0,0.376118708,303.0,-0.735548,0.175163179
CAT,629.0,0.397270122,89.0,0.102406,0.042589162
CBL,8368.0,0.375957197,142.0,-0.784746,0.681828393
CBLL1,3286.0,0.400851504,467.0,-0.430152,0.047809072
CBR3,54.0,0.445176236,228.0,-0.326015,-0.277509455
CBS,4385.0,0.477784031,626.0,0.456025,-1.411242536
CBX5,10815.0,0.390902295,318.0,-0.023967,0.187239655
CBX8,2504.0,0.36735217,118.0,0.880298,-0.308870554
CCDC115,2169.0,0.385110507,452.0,-0.638797,-0.212634171
CCDC125,2554.0,0.359965106,322.0,0.546606,-1.048427193
CCDC58,2462.0,0.421830022,75.0,0.987681,0.542213444
CCDC88C,1302.0,0.396031427,154.0,0.548573,-0.06419836
CCL5,886.0,0.462166288,68.0,1.469804,0.291439266
CCNA2,1206.0,0.409154498,373.0,1.71419,-2.009386957
CCNB2,168.0,0.374401461,184.0,1.747931,0.456053767
CCNDBP1,2336.0,0.44393643,231.0,-0.575945,-0.542962371
CCS,4244.0,0.460896681,43.0,-0.154374,0.114539787
CCT3,238.0,0.457984718,231.0,0.559582,0.404926416
CCT4,1361.0,0.393363555,164.0,0.552352,0.297836557
CD14,128.0,0.416321757,392.0,0.009744,-0.161787152
CD209,3046.0,0.440000747,67.0,1.069058,0.213032043
CD33,331.0,0.428315036,40.0,0.058654,-0.766490071
CD36,2894.0,0.410517795,414.0,-0.134068,0.043519023
CD40,982.0,0.429065654,90.0,0.725843,0.093872927
CD44,3115.0,0.39995987,434.0,-0.52456,-0.551842757
CD63,923.0,0.512738356,403.0,-0.412704,-1.553398947
CD74,635.0,0.427357309,187.0,0.679644,0.293362525
CDC25C,437.0,0.364786128,387.0,2.118388,0.963646676
CDC26,271.0,0.395637029,359.0,0.06364,-0.156125496
CDC34,560.0,0.46431386,199.0,0.258681,0.389965925
CDC42EP3,3941.0,0.420378821,1009.0,-0.339777,0.51784098
CDCA3,816.0,0.351209268,820.0,1.829012,-0.155433408
CDCA8,1353.0,0.384295288,290.0,1.423015,0.160033586
CDIPT,1864.0,0.442654716,541.0,-0.194215,-0.797174937
CDK1,2313.0,0.398329505,154.0,1.720787,0.896654314
CDK19,4557.0,0.421511824,180.0,-0.27426,-0.541149302
CDK2AP1,766.0,0.439144625,522.0,-0.69041,1.031044824
CDK5RAP2,367.0,0.371069462,192.0,0.393506,0.157337358
CDK5RAP3,284.0,0.469750898,1791.0,-0.460826,0.214936166
CDKAL1,1365.0,0.417875209,167.0,0.555333,0.424674354
CDKN2AIPNL,3639.0,0.409801696,53.0,-0.040657,0.284576042
CDKN2C,2247.0,0.381912025,1216.0,0.621353,-0.278982018
CENPH,1478.0,0.418392258,87.0,1.173793,-0.176736004
CENPV,301.0,0.385948267,62.0,2.005968,0.338013979
CEP55,939.0,0.397841874,304.0,0.831505,0.025817304
CES3,2100.0,0.377378956,446.0,2.014451,0.196671156
CETN2,868.0,0.433727498,47.0,0.367114,0.375377297
CFL1,677.0,0.502791,234.0,0.693593,0.465625095
CHAC2,786.0,0.395629742,277.0,0.469191,0.322529761
CHCHD4,3528.0,0.445497334,326.0,0.734469,0.443192616
CHMP4A,296.0,0.447100154,262.0,-0.043722,-0.21323213
CHMP5,1241.0,0.442987983,200.0,-0.044569,-0.139567364
CHMP6,980.0,0.489861105,78.0,0.104798,0.17996456
CHST11,4211.0,0.430763246,498.0,0.675512,-0.56975224
CHTF8,2425.0,0.424551152,142.0,0.335429,0.493394787
CIAPIN1,1024.0,0.451663323,242.0,0.127605,0.087439093
CISD2,5376.0,0.433298698,107.0,0.284167,-0.254226499
CKAP4,2872.0,0.386259817,84.0,0.201539,-0.305645381
CKS2,300.0,0.317949998,98.0,1.543217,0.168878533
CLCC1,5185.0,0.369704467,150.0,-1.041067,-0.963290746
CLCN7,1698.0,0.459147749,110.0,-0.140287,-0.163260595
CLIC1,290.0,0.4571302,573.0,0.572374,0.704091822
CLK2,350.0,0.410673686,925.0,1.109675,0.344146606
CLK3,1233.0,0.4268607,461.0,-0.678652,0.11269732
CLPTM1,458.0,0.383990827,351.0,-0.153559,-1.047601369
CLTA,288.0,0.450950874,514.0,-0.273186,-0.641525526
CLTB,319.0,0.48548545,210.0,-0.415772,-0.187472171
CLTC,3104.0,0.384957863,443.0,-0.132363,-0.004755214
CNBP,6850.0,0.433298698,206.0,0.44367,0.013962132
CNPY2,123.0,0.392778455,553.0,0.139971,0.129741216
CNPY3,1042.0,0.459231502,584.0,0.585993,0.304510121
COG3,1967.0,0.414689223,142.0,-0.173226,0.139976558
COMMD1,306.0,0.423842833,138.0,0.11221,0.504577433
COMMD3,431.0,0.360487018,35.0,-0.472381,0.538100789
COMMD5,498.0,0.445713337,399.0,1.233091,0.10377888
COMMD6,1375.0,0.396967837,328.0,-0.441582,0.379486237
COMMD9,2340.0,0.418062772,89.0,0.238003,0.670772862
COPB1,446.0,0.381738818,307.0,0.627866,0.08733192
COPE,165.0,0.478760693,55.0,-0.520426,0.433607744
COQ6,671.0,0.374062527,159.0,0.121455,0.566222568
COQ7,5700.0,0.42379098,133.0,0.372172,0.267332514
CORO1A,112.0,0.457388252,435.0,0.714306,0.623308929
COX17,1735.0,0.484254073,86.0,0.976605,-0.235896188
COX5A,860.0,0.429944966,140.0,-0.011471,0.544978261
COX7A2,302.0,0.441893926,98.0,0.698027,0.752077568
CPM,5262.0,0.406054343,75.0,0.814201,0.101946084
CPSF4,923.0,0.452412439,277.0,-0.110731,0.497801091
CPT1A,2761.0,0.374132033,170.0,0.491971,-0.546453232
CPT2,602.0,0.431256564,515.0,-0.560242,-0.083967599
CRCP,8457.0,0.390198146,145.0,-0.347097,-0.051373098
CRKL,3904.0,0.422225684,509.0,-0.244762,0.526994407
CRTAP,5601.0,0.446308827,120.0,-0.446099,-0.476628344
CRTC3,3205.0,0.355982524,186.0,-0.553018,-0.354188813
CRYL1,462.0,0.386242786,79.0,-0.581551,-0.523600361
CSRP1,1183.0,0.493833101,217.0,-0.540388,-0.874836617
CST3,2762.0,0.475763324,186.0,-0.647935,-0.282508519
CSTF2,1931.0,0.372934478,58.0,0.489464,0.298066222
CTBP1,800.0,0.464034004,393.0,0.602324,0.687748249
CTNNA1,1216.0,0.412513324,1103.0,0.393744,0.189118044
CTNNB1,1106.0,0.432073699,448.0,-0.424833,-0.181012438
CTNNBIP1,2448.0,0.394834327,307.0,-0.484189,0.594760588
CTPS2,1870.0,0.416273085,744.0,0.332117,0.227089661
CTSG,119.0,0.369503415,37.0,-0.587361,-1.392304957
CTSH,1072.0,0.446467856,1192.0,-0.160517,0.005224283
CUEDC1,2047.0,0.374410739,719.0,-0.896771,-0.617254887
CUX1,1040.0,0.395555213,127.0,-0.056386,-0.070135254
CXCL10,814.0,0.410287201,105.0,2.475195,0.053564247
CXCL9,2323.0,0.403736618,74.0,3.841314,0.376832681
CYBB,2544.0,0.418993019,61.0,1.505947,-0.127605438
CYP2S1,1051.0,0.420869286,58.0,0.613921,-0.238024722
CYTH4,1837.0,0.406296106,377.0,0.436024,0.626631228
DAB2,1757.0,0.368483127,531.0,-0.223966,0.323485782
DAGLB,721.0,0.377719723,170.0,0.47163,-0.714763768
DAP3,768.0,0.366492687,184.0,0.973423,1.194340871
DAPP1,2082.0,0.348655603,90.0,-0.201697,-0.000908584
DBI,233.0,0.467027529,479.0,0.342738,0.362829785
DCAF12,1967.0,0.42050769,342.0,-0.373662,0.002582295
DCAF8,1877.0,0.380310979,212.0,0.484562,0.398247872
DCP1A,4153.0,0.411936399,381.0,-0.193918,0.496422833
DCPS,4731.0,0.375605648,329.0,-0.282217,0.367443944
DCTN5,10597.0,0.443116252,177.0,0.402882,0.189882322
DDAH2,653.0,0.361046801,1104.0,1.354775,0.750930468
DDB2,1223.0,0.43604051,195.0,-0.213243,-0.034463342
DDX23,713.0,0.445931172,91.0,0.574649,-0.027604032
DDX31,1870.0,0.361830896,544.0,0.249616,-0.673534094
DDX47,438.0,0.379294484,22.0,-0.949185,-0.078934894
DDX54,1704.0,0.467316231,28.0,0.099444,-0.493881069
DDX56,586.0,0.438032149,643.0,-0.15735,-0.087663744
DDX59,217.0,0.413095257,243.0,0.529381,0.651233472
DHODH,3463.0,0.371608285,21.0,0.078713,0.805055354
DHPS,121.0,0.474111752,121.0,-0.58301,0.188590493
DHX15,459.0,0.379133957,168.0,0.819227,0.546087898
DHX34,591.0,0.384465978,349.0,0.470198,0.210026044
DHX58,357.0,0.440330409,223.0,-0.122692,0.175268085
DIABLO,719.0,0.425893605,1182.0,-0.314987,-0.177788792
DMAP1,63.0,0.471306,301.0,-0.450609,0.021510618
DMXL2,1274.0,0.389901613,225.0,-0.066089,0.259226095
DNAJA4,1736.0,0.398301408,169.0,0.100538,0.017645423
DNAJC14,1509.0,0.37755465,204.0,0.506269,-0.076238483
DNAJC19,1326.0,0.403482491,259.0,0.065671,-0.402910776
DNAJC25,1212.0,0.430964931,56.0,0.203861,0.394327911
DNAJC8,969.0,0.416719859,33.0,-0.112838,-0.374049617
DNM1,1255.0,0.393835111,116.0,-0.703863,0.390202613
DNTTIP2,3564.0,0.408096853,58.0,-0.012274,-0.028033477
DOCK11,3681.0,0.373818855,63.0,0.161829,-0.073341669
DOCK2,524.0,0.446250827,52.0,0.865271,0.42789024
DOK2,438.0,0.384043737,481.0,1.427906,1.044611271
DPCD,197.0,0.459155016,389.0,1.027847,0.24766486
DPF2,2501.0,0.393394442,133.0,0.266262,0.476969782
DPH1,1310.0,0.448716064,341.0,-0.466497,-0.034855572
DPH5,784.0,0.413363166,165.0,-0.178005,0.439752356
DPY30,562.0,0.438431353,279.0,0.606114,1.045161953
DPYSL2,2472.0,0.430530829,431.0,-1.167763,0.195295986
DRAP1,142.0,0.432809908,245.0,0.434376,-0.513619258
DRG1,4594.0,0.444150091,131.0,1.658203,0.850738094
DSN1,5330.0,0.392894937,373.0,1.917271,0.393685788
DSTN,2786.0,0.375776803,438.0,0.230276,-0.339261831
DTL,2265.0,0.372315747,921.0,1.420465,-0.166140668
DTX3L,3456.0,0.408848169,89.0,0.44944,0.42670893
DUSP12,374.0,0.419884133,34.0,0.371822,0.040663882
DUT,1937.0,0.36471409,109.0,0.503173,0.306037777
DYNLT1,514.0,0.420362019,78.0,-0.077461,0.635995289
EBAG9,1437.0,0.39438748,402.0,0.650308,0.883494313
ECH1,191.0,0.389477111,85.0,0.104647,0.333359166
ECHDC2,2269.0,0.400166641,752.0,-0.952164,0.095712515
ECM1,322.0,0.43792189,199.0,-0.399122,-0.441866623
EDEM2,76.0,0.379021051,100.0,0.340796,0.112057775
EEA1,5374.0,0.405861636,265.0,0.694834,0.324043859
EEF1A2,286.0,0.417272363,329.0,-1.250892,-0.443553678
EFTUD2,1331.0,0.444646836,398.0,0.609509,0.408722816
EHD1,3363.0,0.446314898,447.0,-0.345202,0.453009904
EIF2AK2,8063.0,0.394727306,557.0,0.689217,0.666925014
EIF2B3,1058.0,0.383118637,239.0,0.14199,0.163067895
EIF3F,5840.0,0.435728237,33.0,0.406682,0.501606278
EIF3L,1718.0,0.380710116,245.0,-0.362991,0.176551342
EIF4A3,1120.0,0.381528282,222.0,0.995565,0.566645613
ELAVL1,4910.0,0.437605432,167.0,0.444555,0.235524284
EMG1,248.0,0.433768095,143.0,0.306813,0.432180318
EMILIN2,2605.0,0.379592019,159.0,0.854225,0.041064539
ENDOD1,7728.0,0.376426787,118.0,-0.942295,-0.452503967
ENOSF1,2904.0,0.382279782,622.0,-0.522848,-0.282611916
ENY2,2576.0,0.41756619,146.0,1.895556,0.378474752
EPSTI1,2106.0,0.391777705,469.0,1.618426,-0.187970578
ERCC1,2342.0,0.45058755,188.0,0.214705,0.686374041
ERCC6L,4809.0,0.354829683,623.0,1.986675,0.751874425
ERH,415.0,0.383837906,71.0,0.686144,0.544506159
ERLIN1,2041.0,0.444737514,478.0,0.494694,-0.615121161
ERP29,1277.0,0.401191178,118.0,0.055745,0.117540304
ETV6,4356.0,0.398240844,274.0,-0.847551,-0.429410607
EXOC4,1232.0,0.388187525,35.0,-0.478592,-0.042030144
EXOC8,6907.0,0.436106501,127.0,0.058903,-0.031764001
EXOSC1,536.0,0.430105347,451.0,0.607682,0.487651601
EXOSC2,3902.0,0.431273517,32.0,0.915026,0.483245544
F8A1,571.0,0.46317284,15.0,-0.602104,1.044986974
FAAH,2043.0,0.384592892,82.0,0.036054,0.067005299
FAF1,4425.0,0.401181969,453.0,-0.934978,-0.058203883
FAM122A,4542.0,0.40477622,33.0,-0.263589,0.475357543
FAM168A,6285.0,0.395008865,285.0,-0.835539,-0.083362465
FAM177A1,2165.0,0.411149627,459.0,-0.154052,0.065798189
FAM192A,1824.0,0.379195199,1475.0,0.040045,-0.244322715
FAM20B,4428.0,0.4357945,293.0,0.429096,-0.351133708
FAM32A,1091.0,0.408676074,42.0,-0.207682,-0.096334892
FAM50A,286.0,0.482889735,110.0,0.390468,0.341756231
FBP1,248.0,0.397353747,331.0,0.503615,0.985878284
FBXL20,9338.0,0.383104745,254.0,0.967132,-0.511958731
FBXO4,526.0,0.393825218,58.0,-0.739432,-0.208118851
FBXO6,503.0,0.42307306,166.0,0.476783,-0.263973035
FCER1G,305.0,0.4202976,25.0,1.040142,-0.277381624
FCGRT,309.0,0.433069976,486.0,-0.916345,-0.133707378
FCHO1,270.0,0.372951657,283.0,0.482382,-0.597046402
FDPS,72.0,0.456397562,392.0,0.61245,0.307277222
FDXR,596.0,0.384661194,188.0,0.452485,0.303013597
FEN1,1340.0,0.407867196,413.0,1.940102,1.083872548
FERMT3,399.0,0.435119014,149.0,1.013756,0.595976821
FGD2,907.0,0.441856308,171.0,0.592983,0.384623522
FGFR1OP2,1663.0,0.396595515,353.0,0.795553,0.80702631
FGL2,3460.0,0.40966218,40.0,0.938774,-0.160636546
FKBP1A,1132.0,0.428443098,174.0,0.077021,0.742301221
FKBPL,24.0,0.377510344,270.0,0.945597,0.505184286
FLOT1,422.0,0.472159534,339.0,0.463767,0.305063594
FN3K,442.0,0.389857108,61.0,0.612411,-0.098587018
FN3KRP,3667.0,0.380720834,50.0,0.310366,-0.335477337
FOXJ3,3176.0,0.401878681,312.0,-0.142172,0.051655095
FOXK2,3108.0,0.440496276,171.0,0.381241,-0.205100469
FOXRED1,443.0,0.438630908,167.0,-0.12992,0.232310451
FSCN1,1184.0,0.396100853,132.0,-0.271484,0.068239198
FTH1,530.0,0.425357612,235.0,0.898333,0.283950564
FTL,1031.0,0.428438948,199.0,0.575007,0.127075787
FTSJ1,638.0,0.457521275,569.0,0.170906,0.58191083
FTSJ3,698.0,0.388239396,646.0,0.333734,-0.823331029
FXN,6365.0,0.40465004,220.0,0.263549,0.550231897
GABARAPL2,564.0,0.431291441,136.0,-0.870087,0.117932607
GABPB1,1320.0,0.423118524,469.0,0.751156,-0.608359555
GALK1,292.0,0.455574511,63.0,0.232355,0.157380672
GANAB,989.0,0.425909644,1027.0,0.703779,0.28374971
GAS6,315.0,0.393865445,183.0,-1.411149,-0.288506311
GAS7,6619.0,0.423630168,311.0,-1.041408,-0.150495262
GBE1,708.0,0.404013874,283.0,0.447577,-0.313008257
GBP1,1735.0,0.42614962,220.0,1.562244,0.067981319
GBP2,5058.0,0.440134196,314.0,0.45147,0.040074064
GBP4,4106.0,0.42983554,116.0,1.094697,0.81704192
GBP5,1753.0,0.421901204,537.0,2.742524,0.834445433
GCH1,2011.0,0.419329122,161.0,1.141727,0.536574112
GFOD2,622.0,0.396604754,295.0,-0.405875,-0.775151075
GGA2,5408.0,0.377812588,83.0,0.171634,-0.051909685
GGCX,5211.0,0.417836117,106.0,0.038515,-0.327422836
GIGYF1,2212.0,0.443456438,1210.0,-0.528292,0.123876374
GINS3,1415.0,0.387351931,208.0,1.068468,0.418543793
GLA,1699.0,0.378726947,110.0,0.964163,0.012124286
GLE1,1357.0,0.383457083,114.0,0.762727,-0.092011167
GLRX,1188.0,0.430296645,211.0,0.522327,0.439973863
GLRX3,3557.0,0.41418463,539.0,0.079273,0.235968191
GLUD1,1558.0,0.392454008,1132.0,-0.34922,0.416699765
GLYR1,2033.0,0.39940414,57.0,0.151277,0.640537628
GMEB1,4582.0,0.43446142,142.0,0.765777,0.581705926
GMPPA,198.0,0.434966364,375.0,-0.230813,0.155504301
GMPR,3984.0,0.435743929,114.0,-1.422989,-0.658716138
GMPR2,464.0,0.453637396,704.0,-0.514496,-0.425134339
GNAI1,1947.0,0.435804474,356.0,-1.128762,-0.437382853
GNG7,3803.0,0.398730372,237.0,-2.176647,0.178105069
GNPDA1,1360.0,0.395964134,67.0,0.59068,0.360146995
GOLGA2,1243.0,0.401070546,13.0,0.055456,-0.076783007
GON4L,926.0,0.418089888,175.0,0.494764,-0.40215622
GOSR1,5968.0,0.408103421,237.0,0.625045,-0.143017096
GOSR2,3258.0,0.374298057,541.0,-0.67769,-0.866342511
GOT2,1054.0,0.444803236,129.0,0.08579,-0.446442955
GPS2,97.0,0.431122181,76.0,0.060771,-0.584223063
GPSM2,4697.0,0.401967226,496.0,0.532018,0.55411012
GPX7,626.0,0.395840774,39.0,-1.594965,-0.0702334
GRAMD1A,299.0,0.411657297,748.0,-0.014121,-0.579316958
GRB2,2292.0,0.4413596,358.0,0.14527,0.375685868
GSTM4,2467.0,0.390909061,314.0,-1.479145,-0.374048315
GTF2A2,1070.0,0.420716795,404.0,0.057565,-1.179687379
GTF2E2,604.0,0.365750105,273.0,-0.47056,-0.571399627
GTF3C2,932.0,0.372227001,397.0,0.062889,0.066147916
GTPBP1,2894.0,0.424954603,154.0,-0.323508,0.123693949
GTPBP3,1032.0,0.436547413,95.0,-0.05062,0.406757309
GTSE1,680.0,0.368527868,212.0,1.09473,-0.226174967
HADH,818.0,0.383558671,219.0,3.872855,2.26421265
HADHA,615.0,0.383558671,130.0,-0.364541,0.384151967
HAUS5,3319.0,0.378752573,51.0,0.494244,-0.056853816
HAUS8,346.0,0.37535995,111.0,0.416906,-0.38326368
HCCS,1274.0,0.398607648,275.0,0.413837,-0.192166411
HCK,337.0,0.440224323,364.0,0.844198,0.192179826
HDAC1,591.0,0.390040122,63.0,0.081844,-0.165272854
HDDC3,763.0,0.387287166,29.0,0.195458,-0.232014075
HDGF,1342.0,0.465394593,322.0,0.507871,0.333351806
HDLBP,2343.0,0.397687311,375.0,-0.074553,0.155119104
HEATR3,1385.0,0.384091545,883.0,0.512836,0.111537027
HEBP2,9119.0,0.359416339,297.0,-0.231454,-0.069332158
HECA,3704.0,0.443714129,285.0,-0.210726,-0.435803891
HECTD3,3914.0,0.446742268,98.0,-0.681606,0.542210237
HERC2,726.0,0.429958504,109.0,-1.006746,-0.173867809
HERC5,379.0,0.393838904,153.0,0.875582,0.371005609
HERC6,651.0,0.398146132,183.0,0.389762,-0.807700641
HIP1,4874.0,0.430847644,52.0,-0.589299,-0.259564694
HLA-A,4150.0,0.424443523,84.0,0.554425,-1.514964474
HLA-C,420.0,0.421684519,65.0,-0.044087,-0.386574254
HLA-DRA,409.0,0.420807891,109.0,1.01818,0.735412397
HLA-E,1459.0,0.413523771,126.0,0.494233,0.167119216
HLA-F,121.0,0.407256461,124.0,-0.003109,-0.990450377
HMBOX1,3560.0,0.369177113,482.0,-0.821597,-0.71921905
HMBS,266.0,0.451934812,299.0,-0.309569,0.010153517
HMGB2,3775.0,0.450826504,193.0,0.834311,-0.243181343
HMGCS1,3661.0,0.374424323,345.0,0.573203,0.332293562
HMOX1,616.0,0.436401717,107.0,0.09093,0.305186207
HNRNPA0,7504.0,0.386421138,284.0,0.777591,0.608810268
HNRNPD,1688.0,0.420386111,318.0,0.70042,0.334284626
HNRNPL,1102.0,0.449817015,176.0,0.667794,0.437042515
HNRNPU,4156.0,0.432126199,218.0,0.512573,0.040179738
HNRNPUL1,2135.0,0.394022965,339.0,0.044116,0.118404733
HNRNPUL2,2674.0,0.436897081,229.0,0.97309,0.488366896
HSBP1,3274.0,0.4454546,174.0,0.204096,0.33159962
HSD11B1,4482.0,0.426649415,154.0,2.444765,0.947387923
HSD17B7,398.0,0.431983247,99.0,-0.617983,-0.370563088
HSP90AB1,313.0,0.39509298,251.0,1.128964,0.70192214
HSPA1L,428.0,0.464100714,183.0,-0.533603,0.217967606
HSPA4L,7877.0,0.413794867,342.0,0.520804,-0.031723884
HSPB11,107.0,0.34538245,284.0,0.13163,0.541762406
HTRA2,571.0,0.421976635,602.0,0.530046,0.675481414
HTT,3901.0,0.373695076,145.0,0.817687,0.538434021
HUS1,2068.0,0.374612864,131.0,-0.523962,0.185044007
HYI,310.0,0.378597605,196.0,-1.653435,-0.577024593
HYOU1,1409.0,0.403839016,234.0,-0.47907,-0.268583741
ICAM1,1537.0,0.426062071,319.0,0.277722,0.307116873
IER3IP1,3342.0,0.438740024,97.0,0.684919,0.197276692
IFI16,254.0,0.415211655,290.0,0.083902,0.030063119
IFI30,213.0,0.431523306,62.0,1.114573,0.426829038
IFI35,160.0,0.418462024,223.0,-0.045589,0.358345882
IFI44,267.0,0.403888008,124.0,0.139389,-0.56461469
IFI44L,5058.0,0.403608012,200.0,-0.142168,-0.376521154
IFIH1,121.0,0.412344512,377.0,0.592163,0.272957052
IFIT1,2775.0,0.411248073,495.0,0.413909,0.058367077
IFIT2,1901.0,0.420797646,175.0,0.290101,0.01550942
IFIT3,843.0,0.417440574,529.0,0.568955,0.62291051
IFIT5,2354.0,0.414819429,231.0,-0.026473,-0.012994066
IFT27,109.0,0.4030938,426.0,-0.780877,-0.279672599
IGFBP3,1605.0,0.43060006,132.0,1.344625,-0.230684222
IGFBP7,558.0,0.392734536,34.0,-0.018295,-0.412574258
IKBKE,745.0,0.435100597,714.0,-0.351227,-0.130314009
IL16,3965.0,0.367979445,2395.0,-0.002168,0.508928334
IL17RA,5874.0,0.376798811,133.0,-0.239557,-0.267408728
IL1RN,1145.0,0.411881061,408.0,0.204953,-0.146686137
IL4I1,16.0,0.4139018,621.0,2.411073,0.592712586
ILF2,656.0,0.426220446,239.0,1.633319,0.219638618
IMPA2,2898.0,0.383680893,242.0,0.038281,-0.567682201
INO80,5209.0,0.374025479,351.0,-0.201829,-1.878886098
INPP1,263.0,0.395712795,700.0,-1.032169,-0.076169081
INPP5D,1195.0,0.436077769,512.0,0.036783,0.213661152
INSR,4801.0,0.380857973,411.0,-1.271441,-0.898813432
IPO5,2508.0,0.381335948,180.0,-0.264484,-0.144930016
IRF7,92.0,0.423538356,367.0,0.477109,-0.641266951
IRF8,1327.0,0.384714127,507.0,0.767313,0.317141691
IRF9,369.0,0.432057622,127.0,-0.102549,0.318765779
IRGQ,7659.0,0.399674011,156.0,-0.213604,0.55095472
ISCU,607.0,0.454630229,1331.0,-0.628389,0.256080939
ISG15,62.0,0.419522688,77.0,0.298509,-0.464097736
ISG20,952.0,0.419932377,2368.0,0.396007,1.057310873
ISOC1,1056.0,0.418535314,18.0,1.485692,1.048403456
ITGB2,415.0,0.457304004,395.0,1.420453,0.038306125
ITPKB,2981.0,0.440250717,340.0,-0.41166,-0.062630044
ITPRIP,5382.0,0.396785481,453.0,-0.392785,0.271163568
JUNB,496.0,0.414023332,276.0,-1.727631,-0.240230317
JUP,157.0,0.458302936,298.0,-0.359821,-0.193626848
KANK2,2291.0,0.394238955,361.0,-0.487643,-0.281242228
KARS,4202.0,0.383913431,144.0,-0.578346,0.015583358
KDM1A,327.0,0.428444011,149.0,0.273504,0.339188258
KDM2A,3716.0,0.372295488,864.0,0.074715,0.095278803
KDM2B,2488.0,0.393022165,407.0,-0.039223,-0.680391193
KDM3B,1327.0,0.37791414,200.0,0.431375,0.676487072
KDM4A,1148.0,0.378142374,166.0,-0.341372,0.020004837
KHSRP,1024.0,0.456900489,110.0,0.488064,0.431897373
KIAA2013,727.0,0.385456054,191.0,-0.489281,-0.478913877
KIF20A,757.0,0.371463873,496.0,2.02408,0.830758809
KIF22,75.0,0.392489541,388.0,1.088533,0.85703581
KIF2C,588.0,0.387865377,395.0,1.414616,0.033100944
KIF3B,3792.0,0.390782105,180.0,1.130107,0.230071611
KIF3C,2392.0,0.403852971,657.0,-0.763167,-0.343674807
KIF5B,3198.0,0.418236129,470.0,0.274763,-0.04683137
KLHL7,3616.0,0.41595405,521.0,0.651506,0.476541039
KTI12,594.0,0.370414154,39.0,0.046856,0.295553068
LAMP1,1311.0,0.390985106,281.0,-0.511077,-0.516135595
LANCL2,2422.0,0.433733517,578.0,-0.8697,-0.168256501
LAP3,503.0,0.426841798,162.0,0.498104,0.569438521
LDHD,1826.0,0.398770776,52.0,-1.124907,0.121066573
LENG1,560.0,0.445950324,48.0,0.533927,-0.363759229
LGALS3,159.0,0.420172221,88.0,0.092374,-0.088264475
LGALS3BP,1225.0,0.419930622,179.0,0.498858,-0.102553971
LGALS9,641.0,0.410654931,118.0,0.356613,0.14003494
LIN54,4893.0,0.441729058,383.0,0.818413,0.426052584
LPCAT1,2228.0,0.380803123,133.0,-0.273995,-0.597617342
LPXN,1776.0,0.432350833,254.0,0.793096,0.688724352
LRPPRC,2376.0,0.377375074,58.0,0.276031,0.475106975
LRRC25,843.0,0.434491636,642.0,-0.066764,0.80030609
LRRC41,465.0,0.438391248,44.0,-0.501625,-0.463397428
LRRC59,1755.0,0.423067849,236.0,0.004389,-0.764369056
LSM1,486.0,0.409616526,410.0,-0.815292,0.557323243
LSM6,1871.0,0.435100303,139.0,1.927284,0.340169347
LTA4H,391.0,0.355044638,145.0,0.427975,0.451278142
LYN,4058.0,0.418972994,282.0,-0.234833,-0.001875363
LYPLAL1,1137.0,0.3973742,157.0,-0.313354,-0.264021258
LYRM4,6830.0,0.366844497,217.0,0.556284,0.030944692
LYSMD2,596.0,0.394037378,501.0,0.026619,0.093421104
M6PR,1457.0,0.379162834,275.0,0.095319,-0.411566305
MAD2L1,4528.0,0.407191351,124.0,1.926387,0.746120013
MAFB,2032.0,0.405989564,390.0,0.616602,-0.52432928
MAGED2,327.0,0.466698843,233.0,-0.541755,-0.744545644
MAGOH,153.0,0.416054235,162.0,0.047307,0.410075684
MAN2B1,128.0,0.381728903,76.0,-0.270219,-0.05412561
MANF,717.0,0.420319188,97.0,0.116128,0.139761185
MAP4K1,170.0,0.374128007,140.0,1.27533,0.186075794
MARCKSL1,768.0,0.468216312,206.0,0.054262,-0.298823819
MAX,2676.0,0.337149475,479.0,0.141114,-0.010116891
MBD2,3723.0,0.420256858,229.0,-0.091208,0.480843149
MBP,4041.0,0.393290432,264.0,0.415255,-0.525431532
MCM2,662.0,0.460999542,110.0,1.56812,0.6874309
MCM4,2618.0,0.371821308,942.0,1.858257,0.754832384
MCM5,3214.0,0.470488076,94.0,-0.101367,0.264787436
MDC1,658.0,0.415783633,440.0,0.268028,0.021950585
MDH1,210.0,0.381672323,435.0,0.089057,0.053697819
ME1,1535.0,0.411214685,265.0,0.034574,0.324719049
ME3,171.0,0.395156177,377.0,-2.214546,-0.050987192
MECR,1365.0,0.445670958,612.0,-0.396878,-0.252026564
MED17,2631.0,0.366528813,275.0,0.000271,0.130308468
MED19,934.0,0.439623042,93.0,1.249478,-0.449020076
MED28,10307.0,0.440157501,27.0,0.862067,0.765549797
MED29,4550.0,0.464327351,57.0,-0.129032,0.595558908
MEF2C,6848.0,0.41426337,654.0,-1.365166,-0.881983367
MEN1,824.0,0.454590692,504.0,0.637477,-0.048968275
METTL13,961.0,0.396264071,347.0,-0.036874,-0.092097806
MGST3,1295.0,0.374563048,428.0,0.750275,0.197447219
MIF4GD,787.0,0.397877071,137.0,-0.054107,0.050379044
MINK1,774.0,0.455972684,525.0,0.767153,-0.315476454
MIS12,1334.0,0.420723459,745.0,1.581908,0.238902774
MLEC,5319.0,0.43043384,173.0,-1.925196,-0.955630726
MLLT10,2252.0,0.36295117,1568.0,-0.498825,-0.397634441
MLX,1636.0,0.386664187,65.0,0.435179,-0.175347303
MMGT1,4451.0,0.406300672,388.0,-0.004807,-0.131836643
MMP1,502.0,0.392399458,189.0,2.685462,-0.065780078
MMP14,1722.0,0.419367787,285.0,-0.14802,-0.395472742
MMP9,193.0,0.404253633,19.0,1.566498,-0.978849326
MORC3,2052.0,0.406702124,375.0,-0.015837,0.514652987
MORF4L1,1066.0,0.420719378,454.0,-0.011688,-0.269942077
MOV10,619.0,0.412681236,1415.0,-0.436245,-0.017850925
MPDU1,797.0,0.440676037,216.0,0.022642,0.148884162
MPHOSPH10,87.0,0.404440607,352.0,0.606023,0.593117107
MRI1,2018.0,0.459301832,75.0,-0.483907,0.124936275
MRPL13,1075.0,0.395373051,313.0,1.729771,1.023080676
MRPL15,1888.0,0.407701507,63.0,1.405617,0.697541694
MRPL16,212.0,0.368940255,214.0,0.576627,0.562897941
MRPL17,6554.0,0.424450505,105.0,0.994268,0.047055367
MRPL2,580.0,0.458698472,164.0,1.556016,0.110035706
MRPL20,187.0,0.445765675,96.0,-0.289559,-0.44558184
MRPL21,55.0,0.417448467,293.0,0.599262,0.362793562
MRPL27,2133.0,0.436300758,31.0,0.647441,0.313311138
MRPL40,113.0,0.406843086,653.0,-0.316349,-0.054021733
MRPL46,1889.0,0.422788385,25.0,0.076416,0.616101497
MRPL48,1284.0,0.368940255,212.0,0.957881,0.124915767
MRPL51,2069.0,0.35376587,169.0,0.295907,-0.0215315
MRPL53,198.0,0.441261883,155.0,0.635419,0.88574319
MRPL9,407.0,0.432679379,437.0,0.569641,0.480423622
MRPS11,2793.0,0.477818717,1491.0,0.127727,0.78733942
MRPS15,468.0,0.440649404,164.0,-0.282324,-0.27675941
MRPS17,1334.0,0.413812124,30.0,0.259673,0.637003549
MRPS18B,936.0,0.408462865,157.0,0.70894,0.714455614
MRPS36,933.0,0.3748339,84.0,0.873475,0.352368469
MRPS7,453.0,0.455992019,233.0,0.455911,0.869687126
MSI2,5168.0,0.366385762,173.0,-0.550531,-0.522991125
MSTO1,694.0,0.421389639,1152.0,0.759898,0.285313997
MT2A,316.0,0.576670685,123.0,-0.818799,-1.58588474
MTA2,684.0,0.459443446,761.0,0.739149,0.057892182
MTFMT,1550.0,0.414190941,26.0,-0.053342,-0.960661989
MTHFS,1663.0,0.434592403,179.0,-0.008554,0.313201611
MTMR1,2442.0,0.424163835,319.0,0.250933,0.18623019
MTMR14,421.0,0.371137969,151.0,0.344726,0.62682506
MVP,50.0,0.435053297,193.0,-0.131676,0.370614574
MX1,456.0,0.433488503,982.0,0.011657,0.147051545
MX2,1812.0,0.430094961,104.0,0.25773,0.118371498
MYADM,2833.0,0.384589896,681.0,-0.595044,-0.18619615
MYCBP,3972.0,0.381803634,73.0,-0.057408,0.361882229
MYL12A,812.0,0.453450746,478.0,-0.294791,0.685742971
MYO18A,3647.0,0.395788337,484.0,-0.587199,-0.188402486
MYO9B,1401.0,0.398943925,152.0,-0.387086,-0.212747887
N6AMT1,5137.0,0.427535625,28.0,-0.514446,0.214558142
NAA40,3212.0,0.389371031,261.0,0.342013,0.535231706
NAB1,2433.0,0.361024962,572.0,-0.561582,0.49531719
NADK,1672.0,0.3959688,563.0,-0.679395,0.656219857
NADSYN1,464.0,0.447848979,126.0,1.61205,1.146284162
NAGK,1297.0,0.42527382,474.0,0.562967,0.624832112
NANS,37.0,0.458552255,132.0,-0.000685,0.037708212
NAPA,1862.0,0.477781443,318.0,-0.120926,0.447130343
NAT10,4915.0,0.387474071,245.0,1.057284,-0.150555231
NBAS,140.0,0.414580543,44.0,-0.0532,-0.060891554
NCALD,2767.0,0.374888213,460.0,-0.144919,0.446083289
NCAPD3,2971.0,0.431957579,606.0,0.685163,0.30319595
NCAPG2,3501.0,0.41630572,200.0,0.948232,-0.129029889
NCF1,2381.0,0.415579251,70.0,2.051026,0.416929068
NCK2,1267.0,0.457831152,276.0,0.137761,0.297104102
NCKIPSD,4981.0,0.449411541,126.0,0.40016,0.202609388
NCOA5,1332.0,0.416761948,402.0,0.570844,0.096800995
NCOA7,3259.0,0.404217869,470.0,-0.171775,0.163732967
NDC80,61.0,0.356199389,182.0,1.069044,0.106028258
NDRG2,841.0,0.376266446,941.0,-0.732151,-0.188762533
NDUFA4,1685.0,0.439642808,129.0,0.161565,0.059706971
NEU1,667.0,0.413226082,156.0,1.160434,0.541986952
NFATC2IP,3242.0,0.412267479,15.0,0.29563,0.71276941
NFKB1,708.0,0.4099683,467.0,-0.225336,0.14367973
NFKB2,153.0,0.424806573,563.0,1.090065,0.315664532
NFKBIE,1053.0,0.409138176,25.0,0.792154,0.215528932
NGDN,1255.0,0.423783924,27.0,0.673758,0.145322446
NGRN,1679.0,0.414477409,50.0,-0.050148,0.961171289
NINJ1,5217.0,0.455972644,71.0,-0.429079,-1.288109542
NIP7,1593.0,0.443769116,318.0,0.140311,0.250670304
NIT2,2351.0,0.432361565,74.0,0.050048,0.276202939
NMNAT3,2689.0,0.397393877,1228.0,-0.474887,0.000490119
NMT1,3377.0,0.454689408,31.0,-0.147224,0.212189821
NONO,1092.0,0.432928506,710.0,0.597503,0.311874075
NOP14,912.0,0.38067473,187.0,1.218598,-0.222732927
NOP2,785.0,0.393538298,198.0,0.594366,-0.478901777
NOTCH2,6062.0,0.409327653,297.0,-0.93365,-0.521305402
NPTN,1068.0,0.388989686,197.0,0.318432,-0.768939613
NR2C2,6271.0,0.390767743,362.0,-0.78141,0.045282691
NRBF2,883.0,0.43605128,224.0,-0.113885,0.032085803
NRF1,1901.0,0.447602651,500.0,0.14152,0.191466976
NRGN,833.0,0.413631862,152.0,-0.416284,-0.430569757
NRP1,3846.0,0.416817106,523.0,-0.768974,-0.114424003
NSFL1C,1587.0,0.42738001,868.0,0.384908,0.28619513
NSMAF,602.0,0.358586884,214.0,-0.525773,-0.166598382
NTAN1,178.0,0.344459601,320.0,-0.035538,0.180636134
NUBP1,246.0,0.455923678,142.0,0.190008,0.38138395
NUCKS1,5461.0,0.359398328,271.0,0.860034,-0.437922094
NUDC,716.0,0.476401948,127.0,0.326568,0.18126812
NUDT16,5489.0,0.428387545,75.0,-0.286804,0.57524465
NUMA1,663.0,0.474508115,436.0,0.213167,0.024465286
NUP93,5678.0,0.382018893,495.0,0.250384,-0.00185399
NXF1,2943.0,0.375826754,136.0,0.237564,0.380804311
OCIAD2,4872.0,0.363821488,322.0,0.004577,-0.52157842
OGDH,1071.0,0.396078149,159.0,-0.744049,0.02404225
OPA3,7233.0,0.475004358,100.0,-0.634657,-1.483499884
OSBPL2,2363.0,0.383456763,571.0,-0.062617,-0.282901981
OSBPL5,1099.0,0.381371042,158.0,-0.363833,-0.491563005
OVCA2,792.0,0.429983078,65.0,-1.008709,0.2928517
P2RX4,573.0,0.442596273,304.0,-0.877854,-1.597377586
PAAF1,509.0,0.376143366,341.0,0.92343,0.196193558
PACSIN2,1591.0,0.413490434,405.0,0.064672,0.0901482
PARK7,451.0,0.457171775,163.0,-0.108692,-0.063809534
PARP1,769.0,0.460215809,171.0,0.690256,0.397112743
PARP10,332.0,0.422654659,200.0,0.066659,0.677755294
PARP12,816.0,0.416480622,874.0,-0.207249,-0.276687898
PARP14,2243.0,0.414355918,59.0,0.380276,0.274410814
PARP9,451.0,0.418102187,327.0,0.078365,0.463907819
PARVG,2043.0,0.383803232,484.0,0.27045,0.661037354
PBK,750.0,0.413339119,464.0,1.232703,0.06243833
PCNA,338.0,0.425000199,239.0,1.326364,1.021800805
PDAP1,2007.0,0.464659554,134.0,-0.207171,-0.655270608
PDCD2,155.0,0.440448783,111.0,0.269244,0.152894854
PDCD2L,48.0,0.433436103,33.0,0.28832,0.169599007
PDCD6IP,3211.0,0.388727459,158.0,0.116586,0.0752329
PDHA1,2054.0,0.402514578,145.0,0.719751,0.741148589
PDHB,2974.0,0.442593378,43.0,0.365109,1.026363282
PDLIM1,357.0,0.379179626,233.0,-0.115693,-0.01791491
PDXDC1,2055.0,0.375670185,335.0,0.133174,0.261995277
PDXK,6244.0,0.398158884,198.0,-0.69156,0.201149972
PEBP1,796.0,0.360152166,326.0,-0.822039,-0.107834054
PEF1,769.0,0.441759403,424.0,-0.572823,0.195730152
PELO,5222.0,0.385240523,985.0,0.698446,-0.137209731
PEPD,395.0,0.450896903,133.0,-0.784786,0.261352346
PEX16,585.0,0.43213601,312.0,-0.117512,-0.823971054
PEX6,946.0,0.370078344,93.0,0.434192,0.495750057
PEX7,2294.0,0.407005497,102.0,-0.359516,-0.365569376
PFDN5,124.0,0.497062947,117.0,0.155369,0.686840318
PFDN6,574.0,0.470152145,222.0,1.427284,0.434604966
PGM1,570.0,0.393980016,681.0,-0.26409,-0.24326854
PHB,988.0,0.45268542,190.0,2.973381,0.867671307
PHF10,104.0,0.365149381,79.0,0.122908,0.351032061
PI4K2A,2692.0,0.385068362,57.0,0.156108,0.04383376
PIAS1,3626.0,0.396022529,741.0,-0.268946,-0.363336099
PIGH,1430.0,0.434471606,98.0,0.1167,-1.422220197
PIK3AP1,3866.0,0.407313024,128.0,0.720324,0.590529244
PIR,205.0,0.385796208,485.0,-0.239916,-0.06676417
PITPNC1,4686.0,0.369070722,874.0,0.31071,0.05428046
PLA2G4C,585.0,0.406173977,398.0,-0.837968,-0.509384295
PLA2G7,1187.0,0.402486321,269.0,2.352,0.002633004
PLAUR,323.0,0.418467601,226.0,0.079299,-0.852347813
PLCB2,818.0,0.468984469,301.0,0.066969,0.233089505
PLCG1,3987.0,0.454806205,121.0,0.883084,0.359434395
PLD4,273.0,0.377985619,192.0,-2.004827,0.114017629
PLEKHO1,5192.0,0.424698037,839.0,0.815727,0.042088035
PLEKHO2,2119.0,0.429714475,134.0,0.107926,0.449869087
PLSCR1,10376.0,0.415598704,388.0,0.18949,-0.905982972
PML,3324.0,0.431306474,140.0,-0.312087,0.165748434
POLR1C,1131.0,0.439933821,86.0,1.138663,0.64933963
POLR1D,1469.0,0.427162265,456.0,0.20201,-0.112862284
POLR2F,1600.0,0.47244007,250.0,-0.108348,-0.176412033
POLR2H,1065.0,0.427596015,1167.0,0.927032,0.528265224
POLR3H,3481.0,0.444306047,388.0,-0.88745,0.116886106
POLR3K,1023.0,0.473025152,46.0,0.469609,0.325947032
PPA2,660.0,0.432735716,20.0,0.705839,0.234662897
PPIE,4556.0,0.446406574,56.0,-0.799709,0.783254703
PPIL1,1921.0,0.453832883,252.0,0.957036,-0.181371822
PPP1R14B,282.0,0.457456004,268.0,0.38412,0.525427216
PRC1,1136.0,0.367783806,234.0,1.078771,0.155453873
PRCC,357.0,0.381841119,290.0,0.471745,0.03334375
PRDX1,303.0,0.414090753,341.0,-0.296784,0.185790678
PRDX6,944.0,0.433706552,51.0,0.300965,0.518298216
PREB,658.0,0.378530018,403.0,-0.119813,-0.048423038
PREP,579.0,0.425974009,233.0,0.27139,-0.26013766
PRG4,784.0,0.366727173,51.0,0.241609,-0.540286923
PRIM2,1166.0,0.350864643,125.0,1.133085,0.732518702
PRKAB1,1305.0,0.365943644,289.0,-0.761781,0.200268963
PRKAR2A,5019.0,0.427443141,254.0,0.113105,0.251353152
PRKCB,5795.0,0.38010529,197.0,1.166676,0.402816558
PRKCD,451.0,0.404392693,469.0,0.075505,-0.010415148
PRKRA,683.0,0.420894136,659.0,2.059834,1.346886075
PRKRIP1,3224.0,0.453589322,55.0,-0.137585,-0.039822677
PRMT5,393.0,0.386451423,508.0,0.538704,-0.052524934
PRMT7,3655.0,0.450088803,850.0,-0.122377,-0.06280058
PROCR,549.0,0.357872186,218.0,-1.285937,-2.373090408
PRPS1,3908.0,0.466551451,409.0,0.759188,0.55134343
PRPSAP1,2056.0,0.390811115,688.0,0.11166,0.226363899
PRRC1,3173.0,0.409170839,188.0,0.189228,0.320497837
PSMA5,2997.0,0.446573967,225.0,0.02109,0.713932138
PSMA6,187.0,0.423632682,445.0,0.542823,0.45179768
PSMB10,58.0,0.455018511,128.0,0.43558,0.813031923
PSMB2,3775.0,0.389848815,412.0,0.110323,0.360064192
PSMB8,242.0,0.411206622,522.0,0.061682,0.089317153
PSMB9,5497.0,0.431095699,69.0,0.998635,0.412114185
PSMC3,66.0,0.485654947,194.0,0.20761,0.533252186
PSMD11,2567.0,0.390095635,61.0,0.864549,0.347516309
PSMD13,384.0,0.437236365,242.0,0.565712,0.24983305
PSMD8,450.0,0.458928351,52.0,0.005647,0.423276717
PSME2,53.0,0.443656162,65.0,0.593751,0.273251807
PSMG1,5308.0,0.427553471,578.0,0.713152,0.243734816
PSTPIP2,1923.0,0.429639796,96.0,1.34062,0.37185921
PTBP1,1504.0,0.473818895,106.0,0.27831,0.550571537
PTDSS1,3765.0,0.367954205,423.0,0.658972,-0.805179645
PTGS1,3346.0,0.37260918,633.0,-1.24538,-0.914443915
PTP4A1,3419.0,0.421202001,1153.0,0.747529,-0.89786307
PTPMT1,1899.0,0.450492628,193.0,0.294445,0.933877058
PTPN18,2185.0,0.381656528,101.0,-0.361284,-0.784080404
PTPN7,1593.0,0.440747449,781.0,1.463369,0.300151968
PTPRE,2994.0,0.426620112,1843.0,-0.886342,0.465323055
PTPRF,4571.0,0.452810321,356.0,-0.887073,-0.26797238
PTRH2,3186.0,0.370743372,1544.0,0.252095,-0.480148476
PWWP2B,819.0,0.424412275,29.0,-0.709311,-1.254420985
PYCR2,578.0,0.474148407,230.0,-0.21747,0.139565285
PYGL,175.0,0.392036998,127.0,-1.427857,-0.606799892
QARS,97.0,0.458996209,396.0,-0.102965,0.004297883
RAB11FIP1,4277.0,0.380614122,56.0,-1.111007,-0.073258941
RAB12,1120.0,0.38483812,283.0,-0.220506,-0.152753886
RAB21,5246.0,0.435367738,267.0,0.253349,-0.029261149
RAB31,3231.0,0.437498832,175.0,-0.343592,-0.289244856
RAB35,2172.0,0.408841719,189.0,-0.180437,-0.419686523
RAB7A,1376.0,0.419395127,232.0,0.583974,0.094669931
RAB8B,4163.0,0.425956778,96.0,-0.044178,-0.839408838
RAB9A,1716.0,0.417525007,283.0,0.113531,0.171476475
RABGGTA,77.0,0.387342734,512.0,-0.035338,-0.131030078
RABGGTB,440.0,0.409412379,78.0,0.317512,0.229422786
RABIF,4760.0,0.447399225,159.0,0.216305,0.413021927
RACGAP1,1895.0,0.366370127,354.0,2.059385,0.284437296
RAD9A,924.0,0.444046557,185.0,0.534383,-0.451479009
RAE1,1112.0,0.432613552,365.0,0.904266,0.589866211
RAI1,1472.0,0.455620822,469.0,-0.524032,-0.727550668
RAN,2043.0,0.442855294,361.0,0.764617,0.434821405
RANBP10,3359.0,0.379453562,1256.0,-0.545693,0.021755251
RANGAP1,3145.0,0.481547647,765.0,0.029971,0.300302268
RAPGEF1,2727.0,0.425793135,159.0,-0.191923,0.136035069
RARS,114.0,0.423508657,41.0,0.239059,-0.070284747
RASGRP2,183.0,0.381671176,582.0,0.415777,0.144401003
RASGRP4,985.0,0.374724859,214.0,-0.913343,-0.198211718
RBBP4,6506.0,0.404056961,164.0,-0.171198,0.728739682
RBBP5,3098.0,0.421849625,474.0,0.308257,0.514971174
RBKS,251.0,0.392307233,1371.0,-0.442817,-0.923651774
RBM12,3599.0,0.375183789,304.0,0.560131,0.725334365
RBM14,3443.0,0.468008211,139.0,0.606469,-0.003091962
RBM4B,5277.0,0.396841232,170.0,-0.102576,0.054547886
RBMX,1201.0,0.353737079,210.0,0.658392,-0.48185669
RBPJ,4223.0,0.4178224,518.0,0.574752,0.283950733
RBX1,821.0,0.46562919,52.0,-0.001591,0.492122511
RC3H1,7637.0,0.410085914,87.0,-0.357741,-0.005729337
RCCD1,1773.0,0.374130224,280.0,0.6462,0.204550261
RCOR1,4070.0,0.439565312,228.0,0.014071,0.747381588
REEP4,591.0,0.460338979,469.0,-0.145905,-1.155546178
REEP5,2962.0,0.457536941,144.0,0.448309,-0.29586432
RELB,408.0,0.418226182,131.0,0.189875,0.191577451
REPIN1,2683.0,0.45080531,489.0,-0.290793,-0.756782157
RET,2082.0,0.379562012,357.0,-1.871802,-0.591765252
RFC4,89.0,0.411167541,282.0,1.618021,0.551404167
RFK,1882.0,0.429285662,357.0,0.313555,0.439226041
RFWD3,2538.0,0.42367162,98.0,0.521919,-0.900941586
RFX5,1546.0,0.386685917,221.0,0.429217,0.03910402
RFXAP,1850.0,0.421314391,156.0,-0.654903,0.253987031
RHBDF2,740.0,0.423256567,294.0,-0.305598,-0.466223348
RHOT2,568.0,0.454546166,881.0,0.213772,0.258392975
RINL,1279.0,0.357351373,413.0,-1.555222,-2.077310543
RNASE2,179.0,0.384567964,71.0,-1.017831,-0.128849424
RNASEH1,4369.0,0.404567903,700.0,0.262475,0.353473859
RNASEH2B,3930.0,0.37625722,399.0,-0.283177,-0.289740501
RNASET2,1070.0,0.374792559,407.0,0.312123,0.300141166
RNF114,1751.0,0.459950313,36.0,0.060695,-0.073240159
RNF167,289.0,0.375291206,776.0,1.51553,-0.464872172
RNF20,5226.0,0.396317502,92.0,0.302541,0.158099162
RNF213,5288.0,0.417718743,150.0,0.240141,-0.046727922
RNF216,2819.0,0.430061571,259.0,0.339721,-0.381449696
RNF25,102.0,0.375620157,88.0,-0.044601,0.294787409
RNF31,88.0,0.389352607,358.0,-0.056107,0.183255759
RNLS,1252.0,0.416402283,135.0,-1.30576,0.442304098
RNMT,4581.0,0.415128602,241.0,-0.552999,0.37377715
RNPEP,463.0,0.447181346,896.0,-0.309744,-0.055707606
RP9,437.0,0.42869019,18.0,1.622052,0.762320861
RPA1,2907.0,0.381710028,170.0,-0.757707,-0.072691356
RPA2,639.0,0.400070522,793.0,-0.13113,0.429390681
RPL11,461.0,0.442317923,45.0,-0.155832,0.480332197
RPL14,5208.0,0.496792394,133.0,0.326196,-0.325628295
RPL23,3146.0,0.464880603,90.0,0.433009,0.095336208
RPL26,53.0,0.427802183,389.0,-0.32079,-1.605000547
RPL31,1260.0,0.451994935,87.0,0.275257,-0.313070182
RPL34,1350.0,0.436455219,198.0,-0.256196,-1.663934831
RPL5,1058.0,0.451564158,75.0,-0.231944,-0.105819325
RPL7,1077.0,0.460258279,707.0,1.305872,-0.101284628
RPS11,373.0,0.483080585,92.0,-0.110635,-0.160228215
RPS24,4247.0,0.430653047,142.0,3.53411,-0.029704893
RPS25,109.0,0.467193878,63.0,-0.404564,-0.114534613
RPS27A,743.0,0.450449292,321.0,-0.044395,-0.488710996
RPS3A,306.0,0.426765211,80.0,1.464638,-0.279405134
RPS4X,629.0,0.442998752,96.0,-0.074344,0.215130576
RPS6,2723.0,0.413925579,42.0,-0.13945,-0.736939099
RPS6KA1,828.0,0.389798854,163.0,-0.203169,-0.299987335
RPS6KA4,735.0,0.38455359,226.0,0.040174,-0.424808713
RPS7,66.0,0.428822459,109.0,0.399252,-0.296705246
RPTOR,2341.0,0.385169267,805.0,-0.099631,-0.00666884
RREB1,3012.0,0.456825357,492.0,-0.210889,-0.472039384
RRM1,2304.0,0.437568848,689.0,1.331426,0.741460756
RRP8,5071.0,0.446233376,148.0,1.039306,0.400879296
RRS1,978.0,0.468289248,104.0,1.61772,-0.354157942
RTN3,1690.0,0.358048129,187.0,0.029058,-1.240420858
RTN4IP1,1108.0,0.372133716,477.0,4.181129,2.174618931
RUNX1,4334.0,0.416076551,1578.0,-0.220813,0.464317058
RUNX3,2611.0,0.405217602,439.0,0.134766,-0.060160971
RWDD1,6365.0,0.401367905,746.0,0.062889,0.530202457
S100A8,71.0,0.444112716,170.0,1.043861,-0.492388865
S100A9,189.0,0.439508357,43.0,0.758942,-1.145284888
SAMD9,1815.0,0.395660052,270.0,-0.073993,0.041242639
SAMD9L,1162.0,0.396305952,1248.0,0.202063,0.220291746
SAMM50,150.0,0.345249646,197.0,-0.242235,-0.002113029
SAMSN1,684.0,0.407246581,430.0,0.540781,0.452765488
SAP18,1754.0,0.427429047,39.0,-0.131805,-0.516303062
SAP30BP,1541.0,0.449617255,257.0,0.362618,0.361177872
SAR1A,5213.0,0.411769389,203.0,-0.322877,0.293844105
SAR1B,5806.0,0.392367964,253.0,0.550639,0.40595665
SARS,1054.0,0.40098191,100.0,-0.439176,-0.259341233
SASH3,1369.0,0.387406112,182.0,0.923733,1.088310146
SCAMP4,1741.0,0.472519575,351.0,-0.677837,-0.381510464
SCO1,8645.0,0.407339367,61.0,0.170012,0.014964829
SDCCAG8,307.0,0.360606297,1542.0,-0.074136,-0.606116649
SEC11C,205.0,0.423646802,92.0,-0.190049,-0.554461547
SEC13,332.0,0.457264526,210.0,-0.054196,0.293772632
SEC14L1,2986.0,0.420320088,665.0,-0.024068,0.135134517
SEC22A,2559.0,0.422343815,79.0,0.849631,0.053510059
SEC24B,1221.0,0.400931805,155.0,-0.155293,0.129213601
SEC24D,2115.0,0.386600041,297.0,0.583307,0.11541579
SEC61B,270.0,0.404562259,76.0,-0.035227,-0.616353649
SEMA3F,960.0,0.38837398,318.0,0.118371,-0.552070372
SEMA4A,755.0,0.412797256,345.0,0.324246,0.185032821
SEMA4D,2318.0,0.393173667,572.0,0.391344,-0.647646505
SERPINA1,1707.0,0.420489385,573.0,0.518289,-0.432559533
SERPINB8,2096.0,0.38524815,520.0,-0.3014,0.69607303
SETMAR,321.0,0.414235412,398.0,-0.215133,0.000735864
SEZ6L2,540.0,0.431800162,245.0,-0.924886,-0.648843585
SF1,2419.0,0.374481437,721.0,0.261113,0.529534274
SF3B2,563.0,0.453902675,40.0,0.489301,0.38083241
SFXN4,500.0,0.402513841,45.0,-0.524714,0.58313362
SH3BP1,433.0,0.395530944,313.0,0.139338,0.444351455
SH3PXD2B,4870.0,0.420952884,171.0,-0.991414,-0.064382184
SHMT1,4335.0,0.394510245,509.0,0.127843,0.383075623
SIGLEC1,1590.0,0.42099348,0.0,0.483919,-0.106441598
SIPA1,2933.0,0.437718847,296.0,-0.2519,0.069003049
SIRPA,3027.0,0.429235057,360.0,-0.007053,-0.18486702
SKP1,8791.0,0.433886974,179.0,0.479547,0.040908115
SLBP,3046.0,0.391438372,553.0,1.959641,0.678805819
SLC25A10,1929.0,0.386184273,191.0,0.854271,0.06489564
SLC25A19,477.0,0.386093473,224.0,0.795789,-0.954969728
SLC25A20,787.0,0.382641976,199.0,-0.867129,-0.392601881
SLC25A3,504.0,0.383836987,354.0,0.100303,-0.874236049
SLC25A40,2688.0,0.363984785,375.0,-0.621887,0.482614762
SLC25A6,450.0,0.487227384,137.0,0.499729,-0.356680479
SLC27A3,163.0,0.439664345,91.0,1.138518,0.729753586
SLC39A10,2661.0,0.346494338,214.0,-0.922919,-0.747026417
SLC43A2,6357.0,0.437839378,341.0,-0.502398,-0.439914292
SLC43A3,838.0,0.382351997,447.0,0.240459,-0.257590177
SLC44A1,8291.0,0.4365497,264.0,0.486292,-0.781324423
SLC9A3R1,709.0,0.400889529,235.0,0.618909,-0.044078379
SMAP2,1225.0,0.404145004,415.0,0.289712,0.597809057
SMC1A,5954.0,0.490702048,340.0,0.414175,0.193679218
SMG5,1363.0,0.383248033,540.0,-0.103078,0.263503479
SMS,2660.0,0.417677888,252.0,0.898057,0.155053218
SMYD3,223.0,0.378821529,130.0,1.818122,0.2450281
SNRNP200,676.0,0.454045162,132.0,0.243348,0.134734715
SNRPC,474.0,0.427936125,450.0,0.967295,1.179214154
SNRPD1,4386.0,0.384326147,161.0,0.535586,0.536535858
SNRPN,279.0,0.390283395,1145.0,-1.268748,0.154396716
SNX24,5071.0,0.338464018,185.0,0.031214,-0.524501893
SNX30,6144.0,0.426743352,148.0,-0.142946,0.51778694
SNX33,5086.0,0.383330712,96.0,-1.026882,-0.00873606
SOD1,353.0,0.438546885,148.0,0.327241,0.937033098
SOD2,13436.0,0.435065133,1828.0,0.714009,0.319792855
SP110,3922.0,0.401738483,258.0,0.690571,-0.230266097
SPC24,1691.0,0.381793277,320.0,1.824413,0.244137493
SPC25,540.0,0.373816265,131.0,1.431433,0.21450664
SPCS1,3333.0,0.417439524,205.0,0.373874,-0.416820443
SPI1,383.0,0.406748349,223.0,0.618877,0.39604632
SPRYD4,1406.0,0.430591965,75.0,0.155361,0.362753281
SQSTM1,1485.0,0.412192979,360.0,0.440363,0.7783281
SRC,2671.0,0.437602812,449.0,0.85029,0.553329518
SRGAP2,3018.0,0.377689891,542.0,0.121119,0.046040881
SRI,5365.0,0.424260151,79.0,-0.198455,-0.021189144
SRP19,2645.0,0.430943803,189.0,0.783265,0.320432277
SRPRB,1784.0,0.427990824,285.0,0.107708,-0.182868677
SRR,1392.0,0.393840903,354.0,-0.343504,0.271924134
SRXN1,2099.0,0.37663928,185.0,0.312697,-0.14907513
SS18L2,777.0,0.45997865,208.0,0.319006,0.121485195
SSH1,5298.0,0.373517564,146.0,-0.34809,-0.286845365
SSH3,2595.0,0.376349937,178.0,-2.562913,-1.020732829
SSR2,592.0,0.425839932,80.0,0.172661,0.306160561
SSR3,3698.0,0.388415977,156.0,-0.093801,-1.901214491
SSR4,87.0,0.444947593,150.0,-0.588306,-0.506293099
SSRP1,422.0,0.394601844,267.0,2.017345,0.307314279
SSU72,400.0,0.445120823,325.0,-0.263842,0.147898768
ST13,3666.0,0.439823793,468.0,-0.107717,-0.005156064
ST14,553.0,0.454138745,193.0,-0.416538,-0.859486579
STARD10,1682.0,0.427301627,944.0,0.346569,0.137215547
STAT1,3294.0,0.408136156,388.0,1.304453,0.820773086
STAT2,1791.0,0.409862748,203.0,0.104243,0.558594616
STAT6,1168.0,0.380869476,499.0,-1.723573,-0.278133814
STMN1,1138.0,0.394107416,364.0,1.713622,0.386556999
STOM,2222.0,0.387137797,117.0,1.478499,0.007003075
STOML2,531.0,0.456962681,143.0,-0.077259,0.074562176
STX3,5058.0,0.403902965,547.0,-0.043734,-1.90016641
STX7,14891.0,0.417568039,327.0,1.098228,-0.118866485
STX8,107.0,0.378438911,150.0,0.090493,-0.067985972
SUCLG1,223.0,0.43877655,193.0,0.410101,0.380910179
SUFU,3380.0,0.361614756,191.0,0.498161,0.544081833
SUMF1,999.0,0.37076871,37.0,-0.527466,-0.076767789
SUPT4H1,1112.0,0.438747077,103.0,-0.024347,-0.01618414
SURF2,1720.0,0.440503417,48.0,0.792543,-0.228118671
SURF4,2281.0,0.385472445,476.0,-0.009835,0.163007922
SURF6,4908.0,0.42467207,78.0,0.398183,-0.794854352
SUV39H1,1669.0,0.463566826,266.0,1.097443,0.207981176
SYTL1,80.0,0.364244725,197.0,-1.090281,-0.339489418
TACC3,165.0,0.385699108,155.0,2.038193,0.664544231
TADA2B,3064.0,0.464060586,151.0,-0.425349,0.018674848
TAF12,689.0,0.435926756,522.0,0.079181,0.212013494
TAP2,5256.0,0.374969764,175.0,0.665571,0.020885778
TATDN2,2040.0,0.415810908,581.0,-0.03536,-0.915933662
TBC1D20,3109.0,0.435441414,148.0,-0.097997,-0.050034586
TBC1D9B,1396.0,0.395340616,37.0,0.271109,0.11706426
TBCC,556.0,0.434161456,73.0,0.615293,0.641374523
TCEAL3,260.0,0.368171822,262.0,0.607246,-0.68475177
TCEAL4,3020.0,0.432120515,489.0,0.96078,-0.19445741
TCOF1,1640.0,0.41523122,108.0,1.159362,-0.506607791
TDP1,1721.0,0.418036689,317.0,0.711803,0.081776667
TDRD7,242.0,0.375852104,234.0,-0.498737,-0.32246246
TDRKH,973.0,0.419795099,182.0,0.421167,0.433960681
TEP1,2777.0,0.379550228,40.0,-0.659434,-0.156220791
TFE3,1431.0,0.379068139,541.0,-0.135694,-1.038034899
TFEB,621.0,0.429366592,302.0,-0.070141,-0.147623594
THADA,112.0,0.415199561,352.0,-0.127088,0.334260285
THBD,2144.0,0.448063145,160.0,-1.197608,-2.222382303
THUMPD1,2715.0,0.455087735,225.0,0.30398,-0.009609206
THYN1,205.0,0.377954149,484.0,-0.901211,-0.760570117
TIMM50,3932.0,0.424829064,722.0,0.245102,0.187530272
TIMM8B,2046.0,0.447942532,30.0,0.155957,0.134804399
TK2,3965.0,0.360054507,593.0,-0.585636,-0.227920929
TLE1,571.0,0.374791795,1295.0,-0.248651,0.576143486
TM9SF2,2020.0,0.372522209,233.0,-0.20707,-0.483689465
TMED3,1710.0,0.439016102,188.0,-0.03482,-0.324341815
TMED9,708.0,0.44685712,67.0,0.375472,-0.460691135
TMEM126A,52.0,0.406087664,295.0,0.058519,-0.239948261
TMEM199,2431.0,0.370998168,90.0,0.178141,-0.457362754
TMEM63A,1407.0,0.385482014,622.0,-1.019286,-1.475198938
TMOD1,2050.0,0.392927141,213.0,0.258653,-0.058517931
TMSB10,278.0,0.470652003,95.0,0.649207,0.328192166
TNFAIP2,2079.0,0.44214387,131.0,0.038337,0.054028473
TNFAIP3,1995.0,0.416242917,370.0,0.433836,-0.213293039
TNFAIP8L2,497.0,0.440670719,126.0,0.499808,0.355013245
TNIP1,770.0,0.448321216,241.0,-0.061373,0.003583229
TNK2,822.0,0.420245651,543.0,0.118744,-0.14381121
TNPO2,2070.0,0.408799881,358.0,-0.66451,-0.32410382
TNRC18,1316.0,0.449521205,349.0,0.291363,-0.66212205
TOMM5,518.0,0.441712708,107.0,0.534974,-0.545642757
TOMM6,1957.0,0.431553434,255.0,1.265106,-0.287472708
TOP2A,1003.0,0.364102812,159.0,2.281569,-0.066631166
TOR1A,3160.0,0.446121485,77.0,-0.02247,0.294418026
TPD52L2,1600.0,0.385071878,138.0,-0.056343,0.210414999
TPI1,620.0,0.479135356,527.0,1.142531,0.12103238
TPM1,757.0,0.403626605,257.0,-0.095766,-0.217149959
TRAF1,7433.0,0.438949906,572.0,0.302734,0.667957564
TRAF3,5716.0,0.386659664,353.0,-0.137543,-1.357739507
TRAF6,6100.0,0.426668941,381.0,0.141928,0.299228322
TRAPPC3,634.0,0.441060625,519.0,-0.5302,0.155421943
TRAPPC5,42.0,0.453352607,241.0,-0.379277,-0.085207037
TRAPPC6B,2539.0,0.437369008,335.0,0.17499,0.168982843
TRAPPC9,3079.0,0.431357199,134.0,1.384546,0.304943061
TRIM11,3522.0,0.453298916,255.0,0.299517,-0.045318575
TRIM14,3117.0,0.369225689,165.0,-0.876226,0.741402625
TRIM22,1215.0,0.424423711,379.0,0.063759,0.132464182
TRIM26,1431.0,0.384319522,565.0,0.726704,0.37615418
TRIM27,2956.0,0.441704825,359.0,0.031021,0.694499213
TRIM41,1657.0,0.454716896,737.0,-0.196006,0.21139167
TRIM5,2312.0,0.426412011,303.0,-1.461237,-0.306809209
TRIP12,3739.0,0.40441217,297.0,-0.119503,-0.235404889
TRIP13,2852.0,0.433721983,145.0,1.600168,0.531542317
TRMT5,3660.0,0.405137655,572.0,0.0332,-0.01382832
TRUB2,4655.0,0.434714666,759.0,0.539927,0.509539295
TSFM,1390.0,0.429356434,57.0,0.811254,0.913797823
TSPAN14,15147.0,0.398868986,305.0,1.156885,-0.112095992
TSPYL1,7303.0,0.373212405,287.0,-0.015618,-0.083918211
TSR2,1366.0,0.464925113,443.0,0.702918,0.17668219
TTC39C,3394.0,0.378954091,452.0,-1.402384,-0.173360761
TTC7A,2213.0,0.393400181,1272.0,-0.016519,-0.513405874
TTPAL,5319.0,0.425556123,145.0,0.11486,0.137370933
TTYH3,3063.0,0.383645273,187.0,0.227611,-1.446748511
TUBA1C,110.0,0.451729991,576.0,0.869768,0.810046311
TUBA4A,644.0,0.402818439,556.0,-0.282705,0.7537418
TUBB,1030.0,0.390058461,509.0,0.781219,0.951229658
TUBB6,2302.0,0.468445054,1139.0,-0.991964,0.426085766
TUBGCP4,1934.0,0.368175973,296.0,0.053285,-0.396621421
TUSC1,1294.0,0.429789613,537.0,-0.621076,-1.269835053
TXNL4A,3129.0,0.472736328,466.0,0.48149,0.647492894
TYMP,18.0,0.429537249,376.0,0.305529,0.665558469
TYMS,581.0,0.364557025,159.0,0.670449,-0.169701276
TYROBP,168.0,0.417048036,81.0,0.535417,0.259849949
UBAP2L,353.0,0.367068802,167.0,0.784442,0.679209777
UBE2B,4002.0,0.405496028,420.0,0.955649,1.211041754
UBE2E1,1034.0,0.417917446,229.0,0.279547,0.624224964
UBE2E2,1962.0,0.352966355,180.0,1.03519,0.01293949
UBE2L3,2365.0,0.455573936,198.0,-0.200359,0.516895338
UBE2L6,703.0,0.431638779,653.0,1.953419,1.689727238
UBE4B,1283.0,0.418913915,688.0,-0.529293,0.299552723
UBIAD1,2303.0,0.446280173,334.0,-0.462422,-0.108752551
UBR4,797.0,0.387393976,4.0,-0.684334,-0.088132073
UBTF,2209.0,0.400105612,296.0,-0.085802,-0.398876025
UBXN1,220.0,0.422601268,194.0,0.732605,-0.10554702
UCK2,4043.0,0.447469338,640.0,0.785062,0.59294056
UGGT1,5935.0,0.374564832,178.0,-0.244591,-0.138308496
UHRF1BP1,5130.0,0.373569339,234.0,0.552815,0.452582299
UNC45A,377.0,0.475530537,1022.0,-0.413098,0.114862527
UNG,1024.0,0.368897526,209.0,0.772021,0.115660884
UNK,1388.0,0.447315534,42.0,0.20604,-0.416214832
UQCR11,4379.0,0.470309826,75.0,-0.661338,0.878900607
UQCRC1,129.0,0.462829321,45.0,0.720746,0.593265419
UQCRH,193.0,0.365128489,320.0,-0.291358,0.458576083
UROD,171.0,0.391539164,133.0,-0.584311,0.30733256
UROS,3849.0,0.422413435,266.0,-0.752948,-0.156237173
USP18,580.0,0.434940763,338.0,-0.159505,-0.871562827
USP39,571.0,0.39295741,223.0,0.362782,-0.159123936
UTP6,2466.0,0.429918331,83.0,0.786032,-0.073176537
VAC14,489.0,0.396517204,827.0,0.023249,0.260505125
VAMP8,451.0,0.398153421,156.0,-0.111445,-0.978572521
VASP,824.0,0.388921088,342.0,-0.269803,-0.106620792
VAT1,1456.0,0.406330787,120.0,-0.604604,0.383153756
VDAC3,475.0,0.440388181,210.0,-0.30709,0.132168274
VDR,3209.0,0.450036866,401.0,-0.638958,-0.028732073
VGLL4,2489.0,0.432812067,506.0,-0.424873,-0.196835659
VIM,431.0,0.411136971,462.0,-0.434145,0.238189208
VPS28,291.0,0.476756313,109.0,1.261565,0.545376169
VPS33B,559.0,0.447669729,583.0,-0.136803,0.062272796
VPS39,2053.0,0.440628838,173.0,-0.289628,0.395715798
VPS52,2870.0,0.393546356,887.0,0.304148,0.115845832
WASF2,4090.0,0.365213822,245.0,-1.185023,-0.11374453
WBP2,1040.0,0.392225719,515.0,-0.316723,0.001901938
WDFY2,7044.0,0.36603015,340.0,-0.179847,-0.49518398
WDR1,1039.0,0.393247178,368.0,0.117944,0.447068606
WDR36,3619.0,0.40459335,117.0,0.356003,-0.13173116
WDR37,8068.0,0.365587877,173.0,-0.50658,-0.360729514
WDR4,293.0,0.380589271,581.0,0.096578,0.184317196
WDR47,1216.0,0.402106333,376.0,-0.087512,0.14810631
WDR48,1924.0,0.419028298,472.0,0.111832,0.522116925
WDR5,1979.0,0.401607191,171.0,0.486908,0.340103312
WDR54,97.0,0.394793766,128.0,1.909375,0.575395166
WDR61,197.0,0.411764619,310.0,0.000567,0.543013514
WDR77,4184.0,0.412330102,139.0,-0.049513,0.107852243
WDR91,4946.0,0.380864599,823.0,-1.181359,-0.099224004
WDR92,2520.0,0.427217839,117.0,0.141285,0.193085178
YTHDF1,1279.0,0.384821843,294.0,0.590372,-0.283712555
YTHDF3,3082.0,0.406652071,509.0,0.605018,0.259328668
YY1,5192.0,0.440120149,480.0,0.611723,-0.664251537
ZBED1,2221.0,0.457533868,282.0,-0.308666,0.376647334
ZBTB8OS,1087.0,0.406816332,276.0,-0.102991,-0.441714328
ZC3H12A,768.0,0.421626239,1056.0,-1.691161,0.019727029
ZC3H4,2169.0,0.436042942,38.0,-0.375409,-0.031598435
ZCCHC10,81.0,0.361883573,67.0,0.708571,0.372854991
ZCCHC2,2006.0,0.404185753,0.0,0.080364,-0.085625708
ZFP36L1,2846.0,0.395541595,976.0,-1.050066,-0.512181437
ZMAT2,1942.0,0.460376067,101.0,0.732935,-0.176769405
ZMIZ2,4165.0,0.419562196,128.0,-0.695163,-0.581467421
ZMYM3,1292.0,0.378831729,749.0,0.15135,0.224778253
ZNF207,13817.0,0.386696564,148.0,0.310311,0.284738927
ZNF414,113.0,0.422835658,118.0,-0.486956,-0.873416209
ZNF511,243.0,0.452392726,55.0,-0.293133,-0.134352726
ZNF516,4816.0,0.393186692,318.0,-0.502387,-0.778012584
ZNF622,1298.0,0.463753859,120.0,0.382267,0.141013775
ZNHIT2,49.0,0.440612513,85.0,0.211775,0.37862813
ZNHIT3,419.0,0.425204303,73.0,1.131171,-0.057326641
ZWINT,4585.0,0.411772707,37.0,2.494813,0.55476044
