,3prime,tAI,max_5_UTR_length,TCGA-BH-A0C7,TCGA-BH-A0C7.1
AAK1,17874.0,0.380718848,505.0,0.206509,0.035032011
AATF,207.0,0.367011205,251.0,1.148787,0.272389765
ABCC1,1793.0,0.393368456,175.0,0.550326,-2.256302573
ABCF3,5726.0,0.387768135,869.0,0.10897,-0.088690113
ABHD12,654.0,0.374654709,279.0,-0.021492,-1.054954775
ABHD6,1639.0,0.384216096,505.0,-1.211602,-0.930016373
ABR,2562.0,0.39474042,600.0,0.516271,0.911315607
ABT1,2092.0,0.423473096,40.0,-0.119953,0.312778417
ACADVL,176.0,0.46877374,457.0,-0.486233,0.039997771
ACBD6,155.0,0.433964845,621.0,0.412834,0.280395822
ACIN1,584.0,0.404933544,328.0,0.143845,-0.101396034
ACO1,4661.0,0.37721508,227.0,-0.625104,0.039915543
ACOT11,1220.0,0.392289045,176.0,1.963668,0.623631548
ACOT9,4514.0,0.358892202,225.0,-0.093341,-0.044434747
ACP2,814.0,0.411581374,548.0,0.276605,0.363244153
ACSF2,1484.0,0.405139059,501.0,0.669987,-0.04961167
ACSL1,1530.0,0.417966714,990.0,-0.764516,-0.601373756
ACSL5,1022.0,0.380976548,307.0,-1.284087,-0.098176862
ACTB,613.0,0.469768794,192.0,-0.928829,0.687404188
ACTL6A,452.0,0.409046191,387.0,0.52117,0.298538756
ACTR1A,3151.0,0.432463663,108.0,-0.184945,0.5725169
ADA,312.0,0.444091501,440.0,-0.184316,0.135036539
ADAMDEC1,715.0,0.41564171,547.0,2.204627,0.334975559
ADD1,1928.0,0.439806775,863.0,-0.362445,0.143116028
ADPRH,2067.0,0.380088169,541.0,-0.629405,0.491982386
ADSSL1,320.0,0.393141878,776.0,-0.229139,0.022600343
AHNAK,842.0,0.382138706,300.0,0.301418,0.213012688
AHSA1,225.0,0.374296292,431.0,-0.489092,0.037504395
AIF1,121.0,0.4069451,222.0,-0.951553,0.221771741
AIFM2,1911.0,0.447982482,217.0,0.091022,0.108505656
AK1,1528.0,0.389481519,153.0,0.170513,0.200398782
AK2,2893.0,0.384271636,345.0,0.315493,0.491570189
AKR1C2,3804.0,0.449591167,413.0,-0.663121,-0.472551109
AKR7A2,10996.0,0.385600504,22.0,-0.000217,0.017651962
ALDH18A1,838.0,0.380333742,511.0,0.145318,-0.185603612
ALDH3A2,2525.0,0.42484639,221.0,-0.775035,-0.868423041
ALDH6A1,4647.0,0.38708374,724.0,-0.473858,-0.437433477
ALG1,2498.0,0.432230555,181.0,0.180682,-0.338369106
ALG5,380.0,0.362014155,67.0,0.084562,-0.396292256
ALOX5AP,976.0,0.392577632,248.0,-0.66919,-1.21856823
AMBRA1,1041.0,0.36170155,362.0,0.772721,-0.20967045
AMPD2,903.0,0.389224108,566.0,-0.2259,-0.578047809
AMPD3,1695.0,0.423686063,472.0,-0.437603,-0.548278308
ANAPC13,1361.0,0.393644021,731.0,-0.293498,0.867394018
ANAPC5,235.0,0.390209877,197.0,-0.137934,-0.672568322
ANKLE2,1737.0,0.418251419,90.0,0.133008,0.191555214
ANKRD16,135.0,0.465649334,543.0,-0.60261,-0.452818473
ANXA2,496.0,0.429738522,160.0,-0.277366,0.382974525
ANXA5,1441.0,0.418050335,165.0,0.189089,0.128944056
AP1B1,1153.0,0.424070668,187.0,-0.514981,-0.421708779
AP1M1,914.0,0.463388599,173.0,0.394914,-0.812850434
APIP,427.0,0.433104693,127.0,0.347051,0.795438624
APOBEC3B,339.0,0.43450554,55.0,1.018123,-0.558969381
APOBEC3C,1979.0,0.381716897,103.0,-0.868098,-0.001450311
APOBEC3G,322.0,0.410940579,404.0,-0.880561,-0.35860603
APOL2,1195.0,0.42932248,477.0,0.003955,-0.307617103
ARF6,2971.0,0.462806813,621.0,-0.149765,0.534284781
ARFIP2,2430.0,0.403729309,291.0,-0.113275,-0.19188397
ARHGAP17,2624.0,0.371011524,117.0,-0.168805,0.041737725
ARHGAP30,773.0,0.384451823,645.0,-0.442405,-0.08362805
ARHGEF10,1378.0,0.370244255,202.0,-0.196775,-0.110306593
ARID2,3145.0,0.362288628,128.0,0.269033,0.226384405
ARID3A,3881.0,0.411693449,290.0,1.233652,0.480258984
ARIH2,3112.0,0.397061561,878.0,-0.620962,-0.733327642
ARL8A,1065.0,0.409602486,171.0,-0.117068,-0.114298129
ARRB1,6041.0,0.39512759,224.0,0.523823,0.765137939
ASF1B,950.0,0.395794233,172.0,2.297615,1.115715639
ASS1,1357.0,0.394201053,356.0,-2.422079,-1.055287321
ATPAF1,3039.0,0.439253133,510.0,0.05023,0.443781981
AXL,1863.0,0.417061167,376.0,-0.130352,-1.229248208
BAG1,2764.0,0.431693656,501.0,-0.090103,0.287649758
BAG3,537.0,0.387438444,306.0,0.132345,0.611413051
BASP1,971.0,0.520859146,259.0,0.465177,-1.749910462
BBS7,1531.0,0.408023089,184.0,0.936607,0.291716674
BCAT2,364.0,0.445598481,657.0,0.164052,-0.206807449
BCKDHB,3082.0,0.419736544,88.0,0.312924,0.419193949
BCL2,5279.0,0.374049285,493.0,0.406158,0.39862327
BCL2L13,4109.0,0.411790332,769.0,-0.366753,0.355080377
BID,4193.0,0.428633517,498.0,-0.480592,0.039776799
BLVRA,3376.0,0.414260839,177.0,-0.67683,-0.535495478
BOLA2,40.0,0.43059393,513.0,-0.237502,-0.12587288
BOLA3,383.0,0.406657227,38.0,0.500802,0.559823304
BRD2,787.0,0.377809737,2066.0,0.062809,-0.597707459
BRD3,3285.0,0.401150236,188.0,0.426599,0.213541981
BSPRY,1091.0,0.380011644,48.0,-0.182291,0.115175418
BST2,411.0,0.444557266,81.0,1.4165,-0.257675344
BUB3,1535.0,0.421992618,242.0,0.879535,0.360310939
C1QB,152.0,0.436596666,340.0,-0.830777,-0.584676057
C1QC,327.0,0.41150294,283.0,-0.666013,-1.084679417
C2CD3,671.0,0.360398895,227.0,0.81503,-0.225361426
C3,5088.0,0.430632158,93.0,-1.179319,0.057045183
CAP1,1134.0,0.406948565,416.0,-0.082259,-0.083539743
CAPN1,720.0,0.455130071,197.0,0.048143,-0.323871411
CAPRIN1,5632.0,0.374918508,189.0,0.766118,0.390533501
CAPZB,5180.0,0.446052528,622.0,-0.507897,0.001986299
CARD16,437.0,0.41300235,27.0,-0.297513,0.215513764
CARHSP1,4898.0,0.362100245,360.0,0.665235,0.82131691
CASC3,1778.0,0.370720542,295.0,0.782633,0.104114641
CASP1,750.0,0.424742838,44.0,-0.068423,0.328805819
CASP8,1794.0,0.376118708,303.0,-0.22099,0.015110969
CAT,629.0,0.397270122,89.0,0.010116,-0.359604698
CBL,8368.0,0.375957197,142.0,-0.228161,0.11000175
CBLL1,3286.0,0.400851504,467.0,0.197378,0.217050531
CBR3,54.0,0.445176236,228.0,1.345765,0.332966321
CBS,4385.0,0.477784031,626.0,1.803929,-1.081477191
CBX5,10815.0,0.390902295,318.0,-0.037205,-0.128612339
CBX8,2504.0,0.36735217,118.0,1.063688,0.727957609
CCDC115,2169.0,0.385110507,452.0,-0.84667,0.353339608
CCDC58,2462.0,0.421830022,75.0,-0.040593,0.332155587
CCDC88C,1302.0,0.396031427,154.0,0.527699,-0.538076971
CCL5,886.0,0.462166288,68.0,-0.407065,-0.161149402
CCNA2,1206.0,0.409154498,373.0,1.642097,-0.622570495
CCNDBP1,2336.0,0.44393643,231.0,-0.00935,-2.064766691
CCS,4244.0,0.460896681,43.0,-0.227732,0.434179232
CCT3,238.0,0.457984718,231.0,0.156232,0.405606979
CCT4,1361.0,0.393363555,164.0,-0.096196,0.215424636
CD14,128.0,0.416321757,392.0,-1.00729,0.44059268
CD209,3046.0,0.440000747,67.0,-0.600253,0.392667761
CD36,2894.0,0.410517795,414.0,0.479472,-0.156472538
CD40,982.0,0.429065654,90.0,-1.118044,-1.422783885
CD44,3115.0,0.39995987,434.0,0.964357,-0.015348056
CD63,923.0,0.512738356,403.0,-1.005492,-1.486359416
CD74,635.0,0.427357309,187.0,-0.206138,-0.132206605
CDC25C,437.0,0.364786128,387.0,2.220203,1.506431759
CDC26,271.0,0.395637029,359.0,-0.02596,0.704924794
CDC42EP3,3941.0,0.420378821,1009.0,-1.026213,0.737929179
CDCA8,1353.0,0.384295288,290.0,0.930915,0.159877841
CDIPT,1864.0,0.442654716,541.0,0.11885,-0.035789449
CDK1,2313.0,0.398329505,154.0,2.479231,0.080233004
CDK19,4557.0,0.421511824,180.0,-0.004741,0.05148364
CDK2AP1,766.0,0.439144625,522.0,-0.613348,0.847896903
CDK5RAP2,367.0,0.371069462,192.0,0.548947,-0.133908784
CDK5RAP3,284.0,0.469750898,1791.0,0.607186,-0.110425816
CDKAL1,1365.0,0.417875209,167.0,0.415255,0.027271237
CDKN2AIPNL,3639.0,0.409801696,53.0,-0.422589,-0.153492097
CDKN2C,2247.0,0.381912025,1216.0,0.799068,0.170136559
CENPV,301.0,0.385948267,62.0,0.922736,0.263205272
CEP55,939.0,0.397841874,304.0,1.900923,0.164000299
CETN2,868.0,0.433727498,47.0,-0.232494,0.887269469
CFL1,677.0,0.502791,234.0,-0.29556,-0.113721952
CHAC2,786.0,0.395629742,277.0,0.464668,-0.221060676
CHCHD4,3528.0,0.445497334,326.0,0.529616,-0.072451725
CHMP4A,296.0,0.447100154,262.0,-0.289472,-0.618907816
CHMP5,1241.0,0.442987983,200.0,0.108632,0.660526718
CHMP6,980.0,0.489861105,78.0,0.076299,-0.123944235
CIAPIN1,1024.0,0.451663323,242.0,0.2529,0.543399808
CISD2,5376.0,0.433298698,107.0,0.245623,-0.430223457
CKAP4,2872.0,0.386259817,84.0,-0.402299,0.133331416
CKS2,300.0,0.317949998,98.0,0.301214,0.256251162
CLCC1,5185.0,0.369704467,150.0,-0.018682,-0.554935244
CLCN7,1698.0,0.459147749,110.0,0.025681,-0.142657771
CLIC1,290.0,0.4571302,573.0,-0.277808,-0.022144624
CLK2,350.0,0.410673686,925.0,0.138542,-0.716708144
CLK3,1233.0,0.4268607,461.0,-0.310757,-0.980259782
CLTA,288.0,0.450950874,514.0,-0.613448,0.424875477
CLTB,319.0,0.48548545,210.0,-0.371216,-2.125168604
CLTC,3104.0,0.384957863,443.0,0.72016,-0.725653403
CNBP,6850.0,0.433298698,206.0,-0.266911,-0.991493329
CNPY2,123.0,0.392778455,553.0,-0.732138,-0.33159981
CNPY3,1042.0,0.459231502,584.0,-0.389231,-0.265600273
COG3,1967.0,0.414689223,142.0,-0.451126,-0.38610447
COMMD1,306.0,0.423842833,138.0,-0.510526,0.621825338
COMMD3,431.0,0.360487018,35.0,-1.108613,0.596583847
COMMD5,498.0,0.445713337,399.0,-0.56545,0.435324488
COMMD6,1375.0,0.396967837,328.0,-1.148587,0.034563892
COMMD9,2340.0,0.418062772,89.0,-0.476618,0.448629582
COPB1,446.0,0.381738818,307.0,0.472615,-0.262421565
COPE,165.0,0.478760693,55.0,-0.293344,0.555789544
COQ6,671.0,0.374062527,159.0,-0.987706,-0.002206859
COQ7,5700.0,0.42379098,133.0,0.521062,0.598941054
CORO1A,112.0,0.457388252,435.0,-0.775479,-0.405611465
COX17,1735.0,0.484254073,86.0,0.176574,-1.95063868
COX5A,860.0,0.429944966,140.0,-0.067446,0.562686126
COX7A2,302.0,0.441893926,98.0,0.456425,1.01159628
CPM,5262.0,0.406054343,75.0,-0.509411,-0.860870856
CPSF4,923.0,0.452412439,277.0,0.064792,0.029561358
CPT1A,2761.0,0.374132033,170.0,1.206924,-0.385978934
CPT2,602.0,0.431256564,515.0,-0.11135,-0.222240326
CRKL,3904.0,0.422225684,509.0,-0.456912,0.129508068
CRTAP,5601.0,0.446308827,120.0,0.042352,0.051185685
CRTC3,3205.0,0.355982524,186.0,-0.376657,0.388529496
CRY2,2337.0,0.383442872,132.0,-0.5985,-1.288363082
CRYL1,462.0,0.386242786,79.0,-0.110437,0.14282996
CSRP1,1183.0,0.493833101,217.0,-0.531757,-0.430981019
CST3,2762.0,0.475763324,186.0,-0.786427,0.280520242
CSTF2,1931.0,0.372934478,58.0,-0.074628,0.108307044
CTBP1,800.0,0.464034004,393.0,-0.952721,-0.282344554
CTNNA1,1216.0,0.412513324,1103.0,-0.020202,0.257304855
CTNNB1,1106.0,0.432073699,448.0,-0.551172,-0.620594512
CTNNBIP1,2448.0,0.394834327,307.0,-0.790378,0.487752295
CTPS2,1870.0,0.416273085,744.0,0.836283,-0.162214352
CTSG,119.0,0.369503415,37.0,1.109133,-0.226903252
CTSH,1072.0,0.446467856,1192.0,0.216695,0.602745393
CUEDC1,2047.0,0.374410739,719.0,0.057012,0.470640497
CUX1,1040.0,0.395555213,127.0,-0.289414,-0.559321143
CXCL9,2323.0,0.403736618,74.0,1.255691,-1.572513486
CYBB,2544.0,0.418993019,61.0,-0.771832,-0.671294804
CYTH4,1837.0,0.406296106,377.0,-1.23483,0.093259715
DAB2,1757.0,0.368483127,531.0,-0.276262,0.609149164
DAGLB,721.0,0.377719723,170.0,-0.273189,-0.710451822
DAP3,768.0,0.366492687,184.0,0.43496,0.387336633
DAPP1,2082.0,0.348655603,90.0,1.838465,-0.010005845
DBI,233.0,0.467027529,479.0,-0.462361,-0.30231313
DCAF8,1877.0,0.380310979,212.0,0.435264,-0.279646556
DCP1A,4153.0,0.411936399,381.0,-0.153131,0.314042399
DCPS,4731.0,0.375605648,329.0,-0.276898,0.149517328
DCTN5,10597.0,0.443116252,177.0,0.777468,0.670966077
DDAH2,653.0,0.361046801,1104.0,-0.424688,0.354391607
DDB2,1223.0,0.43604051,195.0,0.544177,0.304136404
DDX23,713.0,0.445931172,91.0,-0.164173,-0.205669872
DDX31,1870.0,0.361830896,544.0,0.087787,-0.369462479
DDX47,438.0,0.379294484,22.0,-0.469732,-0.27396547
DDX54,1704.0,0.467316231,28.0,-0.512479,-0.135467362
DDX56,586.0,0.438032149,643.0,-0.030223,-0.428483629
DDX59,217.0,0.413095257,243.0,0.544088,0.598651903
DHODH,3463.0,0.371608285,21.0,0.123617,0.714833836
DHPS,121.0,0.474111752,121.0,0.298972,0.27652111
DHX15,459.0,0.379133957,168.0,0.013303,-0.24291264
DHX34,591.0,0.384465978,349.0,-0.354812,-2.500343985
DHX58,357.0,0.440330409,223.0,1.5965,0.507770436
DIABLO,719.0,0.425893605,1182.0,-0.11077,-0.591926921
DMAP1,63.0,0.471306,301.0,-0.077416,0.155451677
DMXL2,1274.0,0.389901613,225.0,0.745511,-1.02325742
DNAJA4,1736.0,0.398301408,169.0,0.931659,0.456053684
DNAJC19,1326.0,0.403482491,259.0,-0.10795,-0.684347147
DNAJC25,1212.0,0.430964931,56.0,-0.082255,0.486675365
DNAJC8,969.0,0.416719859,33.0,-0.005885,-0.058720798
DNM1,1255.0,0.393835111,116.0,1.063613,1.194176194
DNTTIP2,3564.0,0.408096853,58.0,-0.003266,0.064440905
DOCK11,3681.0,0.373818855,63.0,-0.211985,-0.324942973
DOCK2,524.0,0.446250827,52.0,-0.280732,-0.521769289
DOK2,438.0,0.384043737,481.0,-0.786861,-0.078684211
DPCD,197.0,0.459155016,389.0,-0.023519,-0.960509519
DPF2,2501.0,0.393394442,133.0,0.106152,0.063261623
DPH1,1310.0,0.448716064,341.0,-0.139877,-0.680993761
DPH5,784.0,0.413363166,165.0,-0.420509,0.331953568
DPY30,562.0,0.438431353,279.0,0.209811,0.179405236
DPYSL2,2472.0,0.430530829,431.0,0.099597,0.390048544
DRAP1,142.0,0.432809908,245.0,0.069582,0.170587166
DRG1,4594.0,0.444150091,131.0,0.808609,-0.494341735
DSN1,5330.0,0.392894937,373.0,1.347155,-0.237839948
DSTN,2786.0,0.375776803,438.0,-0.515974,-1.149147929
DTX3L,3456.0,0.408848169,89.0,1.259654,0.668053803
DUSP12,374.0,0.419884133,34.0,0.186659,0.689696712
DUT,1937.0,0.36471409,109.0,0.090528,0.235031416
DYNLT1,514.0,0.420362019,78.0,-0.133757,0.016415849
EBAG9,1437.0,0.39438748,402.0,-0.606358,-0.119498444
ECH1,191.0,0.389477111,85.0,-0.315389,-0.243741127
ECHDC2,2269.0,0.400166641,752.0,-0.196554,-0.440490547
ECM1,322.0,0.43792189,199.0,4.05505,2.192132828
EDEM2,76.0,0.379021051,100.0,-0.604532,-1.610396497
EEA1,5374.0,0.405861636,265.0,0.332562,0.024362183
EEF1A2,286.0,0.417272363,329.0,2.468316,1.621481428
EFTUD2,1331.0,0.444646836,398.0,0.640179,-0.34839868
EHD1,3363.0,0.446314898,447.0,-0.281673,-0.154912439
EIF2AK2,8063.0,0.394727306,557.0,1.67793,1.025421332
EIF2B3,1058.0,0.383118637,239.0,0.019582,0.059481987
EIF3F,5840.0,0.435728237,33.0,-0.13988,0.205648767
EIF3L,1718.0,0.380710116,245.0,-1.110892,-0.886102207
EIF4A3,1120.0,0.381528282,222.0,0.744762,0.030977081
ELAVL1,4910.0,0.437605432,167.0,0.400684,0.638625315
EMG1,248.0,0.433768095,143.0,-0.69049,0.228830386
EMILIN2,2605.0,0.379592019,159.0,-0.039497,-0.03940806
ENDOD1,7728.0,0.376426787,118.0,1.195448,-0.377139061
ENOSF1,2904.0,0.382279782,622.0,-0.424316,-0.492014019
ENY2,2576.0,0.41756619,146.0,-0.452592,-0.167730818
EPSTI1,2106.0,0.391777705,469.0,0.556462,0.179539843
ERCC1,2342.0,0.45058755,188.0,-0.677515,0.930836027
ERCC6L,4809.0,0.354829683,623.0,-0.235518,-0.310957401
ERH,415.0,0.383837906,71.0,-0.646486,0.257698312
ERLIN1,2041.0,0.444737514,478.0,0.407302,0.693310113
ERP29,1277.0,0.401191178,118.0,-0.785017,-0.372900783
ETV6,4356.0,0.398240844,274.0,-0.326492,-0.205618601
EXOC4,1232.0,0.388187525,35.0,0.363469,-0.462846962
EXOC8,6907.0,0.436106501,127.0,0.4119,-0.032531342
EXOSC1,536.0,0.430105347,451.0,0.036053,0.576519624
EXOSC2,3902.0,0.431273517,32.0,1.027504,0.452065934
F8A1,571.0,0.46317284,15.0,-0.315846,0.238516153
FAAH,2043.0,0.384592892,82.0,-0.019437,-1.305214064
FAF1,4425.0,0.401181969,453.0,0.252513,0.429472614
FAM122A,4542.0,0.40477622,33.0,0.02202,0.403885995
FAM168A,6285.0,0.395008865,285.0,0.427005,1.129251443
FAM177A1,2165.0,0.411149627,459.0,0.545933,0.171369287
FAM192A,1824.0,0.379195199,1475.0,0.145695,-0.388300189
FAM20B,4428.0,0.4357945,293.0,0.467545,-0.125288031
FAM32A,1091.0,0.408676074,42.0,0.299252,0.290630995
FAM50A,286.0,0.482889735,110.0,-0.086218,0.228045417
FBP1,248.0,0.397353747,331.0,1.554505,1.573675791
FBXL20,9338.0,0.383104745,254.0,0.64354,-0.103623716
FBXO4,526.0,0.393825218,58.0,-0.087303,-0.43506524
FBXO6,503.0,0.42307306,166.0,-0.702027,-0.835165835
FCER1G,305.0,0.4202976,25.0,-1.072415,-2.117127283
FCGRT,309.0,0.433069976,486.0,0.582099,0.291240936
FCHO1,270.0,0.372951657,283.0,1.314975,-0.760987245
FDPS,72.0,0.456397562,392.0,0.12885,-0.899329122
FDXR,596.0,0.384661194,188.0,0.965269,0.76124943
FEN1,1340.0,0.407867196,413.0,1.603197,0.789451479
FERMT3,399.0,0.435119014,149.0,-0.850199,-0.307325899
FGD2,907.0,0.441856308,171.0,0.047584,0.143535049
FGFR1OP2,1663.0,0.396595515,353.0,-0.188093,0.016934998
FGL2,3460.0,0.40966218,40.0,-0.786214,-0.575338807
FKBP1A,1132.0,0.428443098,174.0,-0.593347,0.076343419
FKBPL,24.0,0.377510344,270.0,-0.202903,-0.348288184
FLOT1,422.0,0.472159534,339.0,-0.193452,0.006815222
FN3K,442.0,0.389857108,61.0,1.16035,0.671227802
FN3KRP,3667.0,0.380720834,50.0,1.284258,0.216108344
FOXJ3,3176.0,0.401878681,312.0,-0.046675,0.154036714
FOXK2,3108.0,0.440496276,171.0,0.7014,0.639706052
FOXRED1,443.0,0.438630908,167.0,-0.693336,-0.82750473
FSCN1,1184.0,0.396100853,132.0,-0.505994,0.611906947
FTH1,530.0,0.425357612,235.0,-0.191637,1.724738763
FTL,1031.0,0.428438948,199.0,-0.922334,1.446877922
FTSJ1,638.0,0.457521275,569.0,-0.152287,0.610385777
FTSJ3,698.0,0.388239396,646.0,0.61265,-0.331047122
FXN,6365.0,0.40465004,220.0,-0.016817,-0.289053838
GABARAPL2,564.0,0.431291441,136.0,0.390775,-0.113960297
GABPB1,1320.0,0.423118524,469.0,-0.114301,0.460665363
GALK1,292.0,0.455574511,63.0,0.544533,0.615501638
GANAB,989.0,0.425909644,1027.0,0.24371,-0.04815188
GAS6,315.0,0.393865445,183.0,-0.166924,0.312228487
GAS7,6619.0,0.423630168,311.0,0.235167,0.376047754
GBE1,708.0,0.404013874,283.0,0.12063,-0.628661287
GBP1,1735.0,0.42614962,220.0,0.728627,-0.9506902
GBP2,5058.0,0.440134196,314.0,0.183425,-0.464184208
GBP4,4106.0,0.42983554,116.0,0.607243,-0.037477213
GBP5,1753.0,0.421901204,537.0,-0.31648,-0.858981421
GFOD2,622.0,0.396604754,295.0,0.09681,0.00304229
GGA2,5408.0,0.377812588,83.0,0.280199,-0.298040306
GGCX,5211.0,0.417836117,106.0,-1.061943,0.825604962
GIGYF1,2212.0,0.443456438,1210.0,-0.760232,-0.12927241
GLA,1699.0,0.378726947,110.0,-0.726995,0.298554856
GLE1,1357.0,0.383457083,114.0,0.749159,0.224658986
GLRX,1188.0,0.430296645,211.0,-0.569564,0.228397231
GLRX3,3557.0,0.41418463,539.0,0.163131,0.176288355
GLUD1,1558.0,0.392454008,1132.0,-0.097868,0.433809158
GLYR1,2033.0,0.39940414,57.0,0.336558,0.052565835
GMEB1,4582.0,0.43446142,142.0,0.545256,0.766862016
GMPPA,198.0,0.434966364,375.0,-1.076375,-0.261258537
GMPR,3984.0,0.435743929,114.0,0.812283,0.57715086
GMPR2,464.0,0.453637396,704.0,0.090057,0.711945909
GNAI1,1947.0,0.435804474,356.0,-0.321268,-0.352553591
GNG7,3803.0,0.398730372,237.0,-0.649763,-0.282723375
GNPDA1,1360.0,0.395964134,67.0,0.432802,0.28081662
GOLGA2,1243.0,0.401070546,13.0,0.469576,0.077318972
GOSR1,5968.0,0.408103421,237.0,0.96026,0.276173633
GOSR2,3258.0,0.374298057,541.0,0.273563,-0.456978319
GOT2,1054.0,0.444803236,129.0,0.695162,1.316176477
GPS2,97.0,0.431122181,76.0,-0.437482,-1.246492169
GPX7,626.0,0.395840774,39.0,-0.339649,1.142676636
GRAMD1A,299.0,0.411657297,748.0,0.46461,-1.264149132
GRB2,2292.0,0.4413596,358.0,0.106006,-0.054759826
GSTM4,2467.0,0.390909061,314.0,-0.604998,-1.1507575
GTF2E2,604.0,0.365750105,273.0,-0.623401,0.300382137
GTF3C2,932.0,0.372227001,397.0,0.059376,-0.157326283
GTPBP1,2894.0,0.424954603,154.0,-0.408711,-0.483122847
GTPBP3,1032.0,0.436547413,95.0,0.979655,0.355930687
GTSE1,680.0,0.368527868,212.0,1.313537,-0.74697647
GTSF1,222.0,0.36097632,86.0,-0.356964,0.151010966
HADH,818.0,0.383558671,219.0,0.447563,0.412742063
HADHA,615.0,0.383558671,130.0,0.028503,0.473650194
HAUS5,3319.0,0.378752573,51.0,0.772131,-0.629152763
HAUS8,346.0,0.37535995,111.0,0.711845,0.105706316
HCCS,1274.0,0.398607648,275.0,-0.091517,-0.673670499
HCK,337.0,0.440224323,364.0,-1.325588,-0.452744072
HDAC1,591.0,0.390040122,63.0,0.289306,-0.1217561
HDDC3,763.0,0.387287166,29.0,-0.680932,-0.629339497
HDGF,1342.0,0.465394593,322.0,0.615138,-0.081662864
HDLBP,2343.0,0.397687311,375.0,-0.25406,0.108965004
HEATR3,1385.0,0.384091545,883.0,0.644949,-0.272587695
HEBP2,9119.0,0.359416339,297.0,-0.025919,-0.070067571
HECA,3704.0,0.443714129,285.0,-0.07929,0.09134239
HECTD3,3914.0,0.446742268,98.0,-0.635299,0.198043721
HERC2,726.0,0.429958504,109.0,0.356595,-0.129688098
HERC5,379.0,0.393838904,153.0,0.661797,0.210141642
HERC6,651.0,0.398146132,183.0,1.708657,0.198334637
HIP1,4874.0,0.430847644,52.0,1.340992,-0.024326632
HLA-A,4150.0,0.424443523,84.0,0.123211,-0.594593609
HLA-C,420.0,0.421684519,65.0,-0.520943,0.368448829
HLA-DRA,409.0,0.420807891,109.0,-0.102755,0.922545551
HLA-E,1459.0,0.413523771,126.0,-0.10575,0.271630963
HLA-F,121.0,0.407256461,124.0,0.452101,1.160451604
HMBOX1,3560.0,0.369177113,482.0,-0.342695,-0.37471839
HMBS,266.0,0.451934812,299.0,-0.771165,-0.48279466
HMGB2,3775.0,0.450826504,193.0,1.672894,-1.378037074
HMGCS1,3661.0,0.374424323,345.0,0.417359,0.328404409
HMOX1,616.0,0.436401717,107.0,-0.975616,0.05444062
HNRNPA0,7504.0,0.386421138,284.0,-0.220038,0.454414439
HNRNPD,1688.0,0.420386111,318.0,0.000313,0.291666761
HNRNPL,1102.0,0.449817015,176.0,0.249509,0.324332457
HNRNPU,4156.0,0.432126199,218.0,0.394147,-0.505568753
HNRNPUL1,2135.0,0.394022965,339.0,-0.175915,0.054760409
HNRNPUL2,2674.0,0.436897081,229.0,0.147207,-0.415944285
HSBP1,3274.0,0.4454546,174.0,0.045948,0.729528644
HSD11B1,4482.0,0.426649415,154.0,0.281439,-0.638625301
HSD17B7,398.0,0.431983247,99.0,-0.090001,-0.921533818
HSP90AB1,313.0,0.39509298,251.0,-0.088079,-0.235714604
HSPA4L,7877.0,0.413794867,342.0,2.381044,1.223312764
HSPB11,107.0,0.34538245,284.0,0.184474,0.874554741
HTRA2,571.0,0.421976635,602.0,0.392141,1.102905081
HTT,3901.0,0.373695076,145.0,-0.694579,-0.438710841
HUS1,2068.0,0.374612864,131.0,-0.041507,-0.224018457
HYI,310.0,0.378597605,196.0,-0.618323,0.126532382
HYOU1,1409.0,0.403839016,234.0,-0.700667,-0.323803941
ICAM1,1537.0,0.426062071,319.0,-0.191022,-0.15508293
IER3IP1,3342.0,0.438740024,97.0,-0.450206,-0.571509751
IFI16,254.0,0.415211655,290.0,-0.210166,-0.114274892
IFI30,213.0,0.431523306,62.0,-0.136046,0.404065737
IFI35,160.0,0.418462024,223.0,1.810162,0.226668626
IFI44,267.0,0.403888008,124.0,1.904121,-0.275570678
IFI44L,5058.0,0.403608012,200.0,0.588273,0.340815483
IFIH1,121.0,0.412344512,377.0,0.285525,-0.170118918
IFIT1,2775.0,0.411248073,495.0,2.606667,0.355680467
IFIT2,1901.0,0.420797646,175.0,1.094773,-0.458208281
IFIT3,843.0,0.417440574,529.0,2.127361,0.635855489
IFIT5,2354.0,0.414819429,231.0,1.436037,0.179191839
IFITM1,159.0,0.431550176,180.0,2.437478,1.066230491
IFT27,109.0,0.4030938,426.0,-0.043738,0.739622681
IGFBP3,1605.0,0.43060006,132.0,-1.189302,-0.386287892
IGFBP7,558.0,0.392734536,34.0,-0.121775,0.537815626
IKBKE,745.0,0.435100597,714.0,0.331011,0.063611592
IL16,3965.0,0.367979445,2395.0,-0.262562,-0.013907991
IL1RN,1145.0,0.411881061,408.0,-0.546629,0.464697747
IL4I1,16.0,0.4139018,621.0,-0.728026,0.186828795
ILF2,656.0,0.426220446,239.0,0.24922,-0.045950105
IMPA2,2898.0,0.383680893,242.0,-1.137515,-0.813175324
INPP1,263.0,0.395712795,700.0,-0.80538,-0.124286347
INPP5D,1195.0,0.436077769,512.0,-0.636317,-0.214887106
INSR,4801.0,0.380857973,411.0,2.113363,-0.422034246
IPO5,2508.0,0.381335948,180.0,0.928269,-0.4970121
IRF7,92.0,0.423538356,367.0,0.592876,-0.530884302
IRF8,1327.0,0.384714127,507.0,-0.474179,-0.222679611
IRF9,369.0,0.432057622,127.0,0.671654,0.110936276
IRGQ,7659.0,0.399674011,156.0,-0.31419,0.153266557
ISCU,607.0,0.454630229,1331.0,-0.479784,-0.545756949
ISG15,62.0,0.419522688,77.0,2.02824,0.11928163
ISG20,952.0,0.419932377,2368.0,0.097213,-0.233140314
ISOC1,1056.0,0.418535314,18.0,0.98865,0.528775179
ITGB2,415.0,0.457304004,395.0,-1.090624,-0.706568867
ITPKB,2981.0,0.440250717,340.0,-0.192086,0.055659992
ITPRIP,5382.0,0.396785481,453.0,-0.087063,0.044621741
JUNB,496.0,0.414023332,276.0,0.48923,0.181885799
JUP,157.0,0.458302936,298.0,0.74992,0.076109721
KANK2,2291.0,0.394238955,361.0,1.120968,-0.015484486
KARS,4202.0,0.383913431,144.0,-0.213905,0.136057866
KDM1A,327.0,0.428444011,149.0,-0.062486,-0.182360782
KDM2A,3716.0,0.372295488,864.0,-0.181002,-0.260008325
KDM2B,2488.0,0.393022165,407.0,0.100384,-0.2440533
KDM3B,1327.0,0.37791414,200.0,0.34049,0.235741635
KDM4A,1148.0,0.378142374,166.0,-0.267706,-0.330013067
KHSRP,1024.0,0.456900489,110.0,0.8594,0.229673396
KIAA2013,727.0,0.385456054,191.0,-0.912141,0.873847125
KIF20A,757.0,0.371463873,496.0,1.350046,-0.027817132
KIF22,75.0,0.392489541,388.0,1.16123,0.272473463
KIF2C,588.0,0.387865377,395.0,1.037354,-0.008355577
KIF3B,3792.0,0.390782105,180.0,0.83418,-0.175469507
KIF3C,2392.0,0.403852971,657.0,2.350711,0.63505731
KIF5B,3198.0,0.418236129,470.0,-0.489593,-0.892803963
KLHL7,3616.0,0.41595405,521.0,-0.490126,-0.148906612
KTI12,594.0,0.370414154,39.0,-0.105652,-0.132217356
LAMP1,1311.0,0.390985106,281.0,0.951378,0.719979666
LANCL2,2422.0,0.433733517,578.0,0.146657,-0.419483863
LAP3,503.0,0.426841798,162.0,-0.394132,-0.073639435
LDHD,1826.0,0.398770776,52.0,-0.505315,0.1957085
LGALS3,159.0,0.420172221,88.0,-0.772262,0.213175129
LGALS3BP,1225.0,0.419930622,179.0,1.276502,1.132148702
LGALS9,641.0,0.410654931,118.0,1.101209,0.266006377
LIN54,4893.0,0.441729058,383.0,0.491614,0.485764253
LPCAT1,2228.0,0.380803123,133.0,1.533921,-0.044608876
LPXN,1776.0,0.432350833,254.0,-0.392943,0.170362318
LRPPRC,2376.0,0.377375074,58.0,-0.090077,-0.760610156
LRRC25,843.0,0.434491636,642.0,-1.358502,-0.017087938
LRRC41,465.0,0.438391248,44.0,-0.359724,-0.369425829
LRRC59,1755.0,0.423067849,236.0,0.549608,-0.391686749
LSM1,486.0,0.409616526,410.0,0.055545,0.591221381
LSM6,1871.0,0.435100303,139.0,-0.104591,-0.633185382
LTA4H,391.0,0.355044638,145.0,-1.10577,-0.627167146
LYN,4058.0,0.418972994,282.0,-0.787896,-0.494271061
LYPLAL1,1137.0,0.3973742,157.0,0.080979,-0.116018808
LYRM4,6830.0,0.366844497,217.0,-0.629931,-0.430052701
LYSMD2,596.0,0.394037378,501.0,0.435053,0.256915522
M6PR,1457.0,0.379162834,275.0,-0.160417,-0.788004678
MAD2L1,4528.0,0.407191351,124.0,1.681033,0.323240824
MAFB,2032.0,0.405989564,390.0,0.027597,0.748304779
MAGED2,327.0,0.466698843,233.0,0.175695,-0.453709457
MAGOH,153.0,0.416054235,162.0,-0.207473,0.19846504
MAN2B1,128.0,0.381728903,76.0,-0.378537,0.052550374
MANF,717.0,0.420319188,97.0,-0.812549,-0.522802163
MAP4K1,170.0,0.374128007,140.0,-0.366783,0.271975209
MARCKSL1,768.0,0.468216312,206.0,-0.337714,-1.38906108
MAX,2676.0,0.337149475,479.0,-0.782745,-0.35948033
MBD2,3723.0,0.420256858,229.0,-0.35242,0.138518268
MBP,4041.0,0.393290432,264.0,-0.694208,-0.828150825
MCM2,662.0,0.460999542,110.0,1.499563,-0.287511694
MCM4,2618.0,0.371821308,942.0,1.287236,0.323897164
MCM5,3214.0,0.470488076,94.0,0.329258,-0.165561324
MDC1,658.0,0.415783633,440.0,0.732861,-0.368018144
MDH1,210.0,0.381672323,435.0,0.3104,-0.227701725
ME1,1535.0,0.411214685,265.0,-0.166169,0.257149295
ME3,171.0,0.395156177,377.0,-1.085196,-0.062755069
MECR,1365.0,0.445670958,612.0,-0.172326,0.771612335
MED17,2631.0,0.366528813,275.0,0.462619,-0.222438439
MED19,934.0,0.439623042,93.0,-0.176293,0.437958041
MED28,10307.0,0.440157501,27.0,-0.778333,0.409303586
MED29,4550.0,0.464327351,57.0,-0.102709,0.574766966
MEF2C,6848.0,0.41426337,654.0,-0.508801,0.177427566
MEN1,824.0,0.454590692,504.0,0.175444,-0.633656926
METTL13,961.0,0.396264071,347.0,0.295709,-0.060038744
MGST3,1295.0,0.374563048,428.0,0.395632,-0.655978591
MIF4GD,787.0,0.397877071,137.0,0.699502,0.281463856
MINK1,774.0,0.455972684,525.0,0.355677,0.36500352
MIS12,1334.0,0.420723459,745.0,-0.109818,0.08325004
MLEC,5319.0,0.43043384,173.0,-1.319975,-0.75462125
MMADHC,5382.0,0.406207656,205.0,0.443333,0.319646336
MMGT1,4451.0,0.406300672,388.0,0.206807,-1.151191552
MMP1,502.0,0.392399458,189.0,-2.658264,-0.171736557
MMP14,1722.0,0.419367787,285.0,0.695943,0.4351669
MMP9,193.0,0.404253633,19.0,-0.415409,-0.469834705
MORC3,2052.0,0.406702124,375.0,0.45145,0.155423249
MORF4L1,1066.0,0.420719378,454.0,-0.20106,-0.0858875
MOV10,619.0,0.412681236,1415.0,0.389202,-0.52263842
MPHOSPH10,87.0,0.404440607,352.0,0.139815,-0.190733872
MRI1,2018.0,0.459301832,75.0,-0.214928,0.08099328
MRPL13,1075.0,0.395373051,313.0,-0.281007,0.4863077
MRPL15,1888.0,0.407701507,63.0,-0.07182,0.567385663
MRPL16,212.0,0.368940255,214.0,-0.173353,0.18696034
MRPL17,6554.0,0.424450505,105.0,0.231484,0.7334999
MRPL2,580.0,0.458698472,164.0,-0.054539,-0.210566316
MRPL20,187.0,0.445765675,96.0,-0.579145,0.508203742
MRPL21,55.0,0.417448467,293.0,-0.440848,0.19965703
MRPL27,2133.0,0.436300758,31.0,0.361822,-0.342963916
MRPL40,113.0,0.406843086,653.0,-0.509801,0.349077539
MRPL46,1889.0,0.422788385,25.0,-0.11673,0.437058389
MRPL48,1284.0,0.368940255,212.0,0.146894,0.362545275
MRPL51,2069.0,0.35376587,169.0,-0.495859,0.239942445
MRPL53,198.0,0.441261883,155.0,0.088187,0.387158938
MRPL9,407.0,0.432679379,437.0,0.008422,0.409085296
MRPS11,2793.0,0.477818717,1491.0,-0.218825,0.185241578
MRPS15,468.0,0.440649404,164.0,-0.305759,-1.169356615
MRPS17,1334.0,0.413812124,30.0,-0.025154,0.39038472
MRPS18B,936.0,0.408462865,157.0,-0.241519,-0.097082917
MRPS36,933.0,0.3748339,84.0,0.380399,0.617100588
MRPS7,453.0,0.455992019,233.0,0.391902,0.374821774
MSI2,5168.0,0.366385762,173.0,2.428191,1.466718666
MSTO1,694.0,0.421389639,1152.0,-0.04254,-0.715255556
MTA2,684.0,0.459443446,761.0,0.060712,0.207569906
MTFMT,1550.0,0.414190941,26.0,-0.179479,-0.278209966
MTHFS,1663.0,0.434592403,179.0,-0.27078,0.481535709
MTMR1,2442.0,0.424163835,319.0,0.272302,-0.321480083
MTMR14,421.0,0.371137969,151.0,0.175778,-0.286219055
MVP,50.0,0.435053297,193.0,-0.620136,0.138592569
MX1,456.0,0.433488503,982.0,3.647865,1.15261043
MX2,1812.0,0.430094961,104.0,2.210747,0.372063932
MYADM,2833.0,0.384589896,681.0,-0.380649,-0.477339794
MYCBP,3972.0,0.381803634,73.0,-0.257341,-0.049665027
MYL12A,812.0,0.453450746,478.0,-0.795817,0.657193203
MYO18A,3647.0,0.395788337,484.0,0.444001,-0.297943863
MYO9B,1401.0,0.398943925,152.0,0.298013,-0.066853661
NAA40,3212.0,0.389371031,261.0,0.254074,-0.459272642
NAB1,2433.0,0.361024962,572.0,-1.169271,0.28295465
NADK,1672.0,0.3959688,563.0,-0.568163,0.058746033
NADSYN1,464.0,0.447848979,126.0,-0.42545,-0.276820577
NAGK,1297.0,0.42527382,474.0,-0.544628,0.046657288
NANS,37.0,0.458552255,132.0,0.687044,0.594962617
NAPA,1862.0,0.477781443,318.0,-0.636972,-0.150436338
NAT10,4915.0,0.387474071,245.0,0.242991,-0.787687965
NBAS,140.0,0.414580543,44.0,0.046096,-0.53000368
NCALD,2767.0,0.374888213,460.0,-1.436104,-0.274206659
NCAPD3,2971.0,0.431957579,606.0,0.833663,-0.294330801
NCAPG2,3501.0,0.41630572,200.0,1.610387,-0.026152599
NCF1,2381.0,0.415579251,70.0,-0.870061,-0.157750333
NCK2,1267.0,0.457831152,276.0,-0.921697,0.160551887
NCKIPSD,4981.0,0.449411541,126.0,0.336724,0.038492581
NCOA5,1332.0,0.416761948,402.0,-0.151043,-0.280287599
NCOA7,3259.0,0.404217869,470.0,0.795521,0.287111034
NDC80,61.0,0.356199389,182.0,0.895243,-0.079239054
NDRG2,841.0,0.376266446,941.0,-0.566091,-0.853614462
NDUFA4,1685.0,0.439642808,129.0,-0.579863,-0.468684594
NEU1,667.0,0.413226082,156.0,0.430611,0.033720918
NFATC2IP,3242.0,0.412267479,15.0,0.774778,0.924897563
NFKB1,708.0,0.4099683,467.0,-0.213795,-0.186742233
NFKB2,153.0,0.424806573,563.0,-0.181497,0.320479611
NFKBIE,1053.0,0.409138176,25.0,-0.900742,-0.264916554
NGDN,1255.0,0.423783924,27.0,0.22785,0.509123063
NGRN,1679.0,0.414477409,50.0,0.053187,0.351334581
NIP7,1593.0,0.443769116,318.0,0.189156,0.310357807
NIT2,2351.0,0.432361565,74.0,0.099605,0.261696872
NMNAT3,2689.0,0.397393877,1228.0,0.222303,0.822029597
NMT1,3377.0,0.454689408,31.0,0.812374,0.636783992
NONO,1092.0,0.432928506,710.0,-0.337366,-0.143192885
NOP14,912.0,0.38067473,187.0,-0.16859,-0.885138227
NOP2,785.0,0.393538298,198.0,-0.396232,-0.33775669
NOTCH2,6062.0,0.409327653,297.0,0.138436,0.272720563
NPTN,1068.0,0.388989686,197.0,-0.241939,-0.501479436
NR2C2,6271.0,0.390767743,362.0,-0.077895,-0.072472404
NRBF2,883.0,0.43605128,224.0,-0.072631,0.126058627
NRF1,1901.0,0.447602651,500.0,-0.145842,-0.333998527
NRP1,3846.0,0.416817106,523.0,-0.094038,0.215458634
NSFL1C,1587.0,0.42738001,868.0,-0.771316,-0.562496131
NSMAF,602.0,0.358586884,214.0,-0.603877,-0.161276921
NTAN1,178.0,0.344459601,320.0,-0.231664,0.46181041
NUBP1,246.0,0.455923678,142.0,-0.175261,0.751436217
NUCKS1,5461.0,0.359398328,271.0,0.37028,-0.216924297
NUDC,716.0,0.476401948,127.0,-0.04334,0.219262496
NUDT16,5489.0,0.428387545,75.0,0.109174,0.287401251
NUMA1,663.0,0.474508115,436.0,0.470726,-0.001734522
NUP93,5678.0,0.382018893,495.0,0.190859,-0.471665414
NXF1,2943.0,0.375826754,136.0,0.092665,0.021881823
OCIAD2,4872.0,0.363821488,322.0,-0.05606,0.449315266
OGDH,1071.0,0.396078149,159.0,0.515275,0.205082242
OSBPL2,2363.0,0.383456763,571.0,0.000545,-0.40994073
OVCA2,792.0,0.429983078,65.0,0.225838,0.179760801
P2RX4,573.0,0.442596273,304.0,-0.820248,-0.400243409
PAAF1,509.0,0.376143366,341.0,0.306117,0.17689598
PACSIN2,1591.0,0.413490434,405.0,-0.618513,-0.249564813
PARK7,451.0,0.457171775,163.0,-0.701005,-0.67682234
PARP1,769.0,0.460215809,171.0,0.289769,-0.116671229
PARP10,332.0,0.422654659,200.0,0.617347,0.393221581
PARP12,816.0,0.416480622,874.0,0.696979,-0.24539905
PARP14,2243.0,0.414355918,59.0,0.980874,-0.338634914
PARP9,451.0,0.418102187,327.0,1.382096,0.491377951
PARVG,2043.0,0.383803232,484.0,-1.233347,-0.261937192
PBK,750.0,0.413339119,464.0,1.107866,0.376685138
PCNA,338.0,0.425000199,239.0,0.381095,0.000991302
PDAP1,2007.0,0.464659554,134.0,0.1718,0.342870192
PDCD2,155.0,0.440448783,111.0,-0.092822,-0.566048532
PDCD2L,48.0,0.433436103,33.0,-0.048621,0.080240751
PDCD6IP,3211.0,0.388727459,158.0,0.112979,-0.017935952
PDHA1,2054.0,0.402514578,145.0,-0.069947,0.266649366
PDHB,2974.0,0.442593378,43.0,-0.665351,0.173272362
PDLIM1,357.0,0.379179626,233.0,0.246223,0.184961545
PDXDC1,2055.0,0.375670185,335.0,-0.051206,0.033625523
PDXK,6244.0,0.398158884,198.0,-0.851039,0.198115158
PEBP1,796.0,0.360152166,326.0,-0.25228,0.319038866
PEF1,769.0,0.441759403,424.0,-0.405781,0.194713227
PELO,5222.0,0.385240523,985.0,0.291894,0.087869081
PEPD,395.0,0.450896903,133.0,-0.379257,0.572511516
PEX16,585.0,0.43213601,312.0,-0.236192,-0.211903763
PEX6,946.0,0.370078344,93.0,-0.139729,0.731153487
PEX7,2294.0,0.407005497,102.0,0.662393,0.627752905
PFDN5,124.0,0.497062947,117.0,-0.630341,0.482673777
PFDN6,574.0,0.470152145,222.0,-0.07853,0.080567039
PGM1,570.0,0.393980016,681.0,-1.243968,-0.57815147
PHB,988.0,0.45268542,190.0,0.349991,0.110614613
PHF10,104.0,0.365149381,79.0,0.441674,0.065624355
PI4K2A,2692.0,0.385068362,57.0,0.249126,0.377902529
PIAS1,3626.0,0.396022529,741.0,-0.182451,-0.264968059
PIK3AP1,3866.0,0.407313024,128.0,-0.725913,-0.456662165
PIR,205.0,0.385796208,485.0,0.904958,0.345605486
PITPNC1,4686.0,0.369070722,874.0,-0.504054,-0.289403428
PLA2G7,1187.0,0.402486321,269.0,0.460492,-1.848971942
PLAUR,323.0,0.418467601,226.0,-1.139712,0.370419266
PLCB2,818.0,0.468984469,301.0,-0.885717,0.165882409
PLCG1,3987.0,0.454806205,121.0,0.253763,0.025322791
PLD4,273.0,0.377985619,192.0,-0.378024,-0.280617486
PLEKHO1,5192.0,0.424698037,839.0,-0.466004,0.534130822
PLEKHO2,2119.0,0.429714475,134.0,-0.79651,-0.180743292
PLSCR1,10376.0,0.415598704,388.0,1.148028,-2.973288038
PML,3324.0,0.431306474,140.0,-0.330705,-0.127336166
POLR1C,1131.0,0.439933821,86.0,-0.139924,0.310305824
POLR1D,1469.0,0.427162265,456.0,0.009651,-0.089624667
POLR2F,1600.0,0.47244007,250.0,-0.403077,0.071139512
POLR2H,1065.0,0.427596015,1167.0,-0.124801,-0.328533541
POLR3H,3481.0,0.444306047,388.0,-0.751335,0.681527193
POLR3K,1023.0,0.473025152,46.0,0.837274,0.679908625
PPA2,660.0,0.432735716,20.0,0.103778,0.40903208
PPIE,4556.0,0.446406574,56.0,-0.259618,0.611740341
PPIL1,1921.0,0.453832883,252.0,0.549813,0.161979387
PPP1R14B,282.0,0.457456004,268.0,-0.393972,-0.383998054
PRC1,1136.0,0.367783806,234.0,1.586358,0.707483847
PRCC,357.0,0.381841119,290.0,0.043794,-0.533317924
PRDX1,303.0,0.414090753,341.0,0.246198,0.308369576
PRDX6,944.0,0.433706552,51.0,-0.296941,0.282262164
PREB,658.0,0.378530018,403.0,0.057205,-0.732853292
PREP,579.0,0.425974009,233.0,0.139583,-0.296703414
PRG4,784.0,0.366727173,51.0,0.771268,-0.151065178
PRIM2,1166.0,0.350864643,125.0,0.827316,0.085915139
PRKAB1,1305.0,0.365943644,289.0,-0.148399,0.146130739
PRKAR2A,5019.0,0.427443141,254.0,0.078704,0.037596715
PRKCB,5795.0,0.38010529,197.0,-0.226729,-0.357017161
PRKCD,451.0,0.404392693,469.0,0.007549,-0.594471474
PRKRA,683.0,0.420894136,659.0,-0.790734,-0.23825186
PRKRIP1,3224.0,0.453589322,55.0,-0.867428,0.524543875
PRMT5,393.0,0.386451423,508.0,-0.044949,-0.24028609
PRMT7,3655.0,0.450088803,850.0,0.153875,-0.003007695
PROCR,549.0,0.357872186,218.0,0.324274,0.252194356
PRPS1,3908.0,0.466551451,409.0,-0.777448,-0.168492837
PRPSAP1,2056.0,0.390811115,688.0,0.853395,0.40210885
PRRC1,3173.0,0.409170839,188.0,0.290073,0.522422337
PSMA5,2997.0,0.446573967,225.0,-0.149089,0.386541806
PSMA6,187.0,0.423632682,445.0,0.604152,0.071497981
PSMB10,58.0,0.455018511,128.0,-0.167099,0.096058103
PSMB2,3775.0,0.389848815,412.0,0.117681,-0.128238181
PSMB8,242.0,0.411206622,522.0,0.514752,0.285429794
PSMB9,5497.0,0.431095699,69.0,0.924088,0.381542925
PSMC3,66.0,0.485654947,194.0,0.716076,0.432646705
PSMD11,2567.0,0.390095635,61.0,1.398675,0.193508274
PSMD13,384.0,0.437236365,242.0,0.070339,-0.425559761
PSMD8,450.0,0.458928351,52.0,-0.459631,-0.122403647
PSME2,53.0,0.443656162,65.0,0.222381,-0.445056299
PSMG1,5308.0,0.427553471,578.0,0.105166,0.031365548
PSTPIP2,1923.0,0.429639796,96.0,-1.147761,-0.588435551
PTBP1,1504.0,0.473818895,106.0,0.376752,0.471782771
PTDSS1,3765.0,0.367954205,423.0,-0.240171,-1.862043283
PTGS1,3346.0,0.37260918,633.0,-0.540202,-0.456907637
PTP4A1,3419.0,0.421202001,1153.0,0.550722,-0.104593537
PTPMT1,1899.0,0.450492628,193.0,0.130108,0.095589747
PTPN18,2185.0,0.381656528,101.0,-0.008216,0.312851235
PTPN7,1593.0,0.440747449,781.0,-0.165374,0.17981138
PTPRE,2994.0,0.426620112,1843.0,0.442277,-0.243116075
PTPRF,4571.0,0.452810321,356.0,-0.029604,0.336572221
PTRH2,3186.0,0.370743372,1544.0,0.495427,-0.920159638
PYCR2,578.0,0.474148407,230.0,0.489183,0.594692339
PYGL,175.0,0.392036998,127.0,0.086283,-0.360363328
QARS,97.0,0.458996209,396.0,-1.015354,-0.591987028
RAB11FIP1,4277.0,0.380614122,56.0,1.559879,0.798772148
RAB12,1120.0,0.38483812,283.0,-0.46245,-0.340340371
RAB21,5246.0,0.435367738,267.0,-0.228863,-0.407351397
RAB31,3231.0,0.437498832,175.0,0.541521,0.091382415
RAB35,2172.0,0.408841719,189.0,0.048927,-0.690130513
RAB7A,1376.0,0.419395127,232.0,-0.055882,-0.394808119
RAB8B,4163.0,0.425956778,96.0,0.096949,-1.032578742
RAB9A,1716.0,0.417525007,283.0,0.034724,-0.204903078
RABGGTA,77.0,0.387342734,512.0,-0.168505,-0.176117709
RABGGTB,440.0,0.409412379,78.0,0.11952,-0.478833881
RABIF,4760.0,0.447399225,159.0,0.316355,0.543804966
RACGAP1,1895.0,0.366370127,354.0,1.065803,0.361040639
RAD9A,924.0,0.444046557,185.0,-0.048759,0.62031962
RAE1,1112.0,0.432613552,365.0,0.037296,0.297008257
RAI1,1472.0,0.455620822,469.0,0.003602,-0.360113486
RAN,2043.0,0.442855294,361.0,0.048074,0.160578033
RANBP10,3359.0,0.379453562,1256.0,0.33346,0.294572603
RANGAP1,3145.0,0.481547647,765.0,-0.624029,-0.504645916
RAPGEF1,2727.0,0.425793135,159.0,-0.313227,-0.207422251
RARS,114.0,0.423508657,41.0,0.198142,-0.531685443
RASGRP2,183.0,0.381671176,582.0,-0.003271,-0.24992345
RBBP4,6506.0,0.404056961,164.0,0.364044,-0.10748156
RBBP5,3098.0,0.421849625,474.0,0.763678,-0.023682827
RBKS,251.0,0.392307233,1371.0,-0.277754,0.252196533
RBM12,3599.0,0.375183789,304.0,0.48025,0.155510223
RBM14,3443.0,0.468008211,139.0,-0.160142,-0.875670771
RBM4B,5277.0,0.396841232,170.0,0.332728,0.574549872
RBMX,1201.0,0.353737079,210.0,0.200494,-0.635964224
RBPJ,4223.0,0.4178224,518.0,-0.448718,-0.25590806
RBX1,821.0,0.46562919,52.0,-1.023196,0.005043754
RC3H1,7637.0,0.410085914,87.0,-0.028696,0.359467148
RCCD1,1773.0,0.374130224,280.0,0.304957,-0.123216694
RCOR1,4070.0,0.439565312,228.0,0.144395,0.563864695
REEP4,591.0,0.460338979,469.0,-0.178405,-0.742490548
REEP5,2962.0,0.457536941,144.0,0.17438,-2.175056767
RELB,408.0,0.418226182,131.0,-1.013531,-0.187143059
REPIN1,2683.0,0.45080531,489.0,-0.51551,-1.385746442
RFC4,89.0,0.411167541,282.0,0.866533,0.445196632
RFK,1882.0,0.429285662,357.0,0.821089,0.657222028
RFX5,1546.0,0.386685917,221.0,0.435268,0.374411519
RFXAP,1850.0,0.421314391,156.0,0.599767,0.176262959
RHBDF2,740.0,0.423256567,294.0,-0.14006,-0.18307215
RHOT2,568.0,0.454546166,881.0,-0.133365,-0.218985036
RNASEH1,4369.0,0.404567903,700.0,-0.232791,0.610747436
RNASEH2B,3930.0,0.37625722,399.0,-0.542053,0.103782346
RNASET2,1070.0,0.374792559,407.0,-0.786135,0.278751483
RNF114,1751.0,0.459950313,36.0,-0.060308,0.049326828
RNF20,5226.0,0.396317502,92.0,0.568012,-0.109043463
RNF213,5288.0,0.417718743,150.0,1.664733,-0.663345202
RNF25,102.0,0.375620157,88.0,-0.714417,-0.208703756
RNF31,88.0,0.389352607,358.0,-0.684393,-0.119885549
RNLS,1252.0,0.416402283,135.0,0.422177,0.414966408
RNMT,4581.0,0.415128602,241.0,-0.452073,0.15418139
RNPEP,463.0,0.447181346,896.0,-0.288189,-0.610293236
RP9,437.0,0.42869019,18.0,-0.579142,-0.572438842
RPA1,2907.0,0.381710028,170.0,1.17289,0.145193488
RPA2,639.0,0.400070522,793.0,-0.084981,0.860288209
RPAIN,471.0,0.394698889,570.0,0.020421,-0.212214649
RPL11,461.0,0.442317923,45.0,-0.550293,0.581989958
RPL14,5208.0,0.496792394,133.0,-0.977562,0.340621706
RPL23,3146.0,0.464880603,90.0,0.051231,0.135437314
RPL26,53.0,0.427802183,389.0,-0.495573,-1.050498155
RPL31,1260.0,0.451994935,87.0,-0.926113,-0.11641951
RPL34,1350.0,0.436455219,198.0,-0.366764,-0.84634342
RPL5,1058.0,0.451564158,75.0,-0.931859,-0.657536746
RPL7,1077.0,0.460258279,707.0,-0.938567,-0.020782283
RPS11,373.0,0.483080585,92.0,-0.749724,-1.078564078
RPS24,4247.0,0.430653047,142.0,-0.18867,0.183625761
RPS25,109.0,0.467193878,63.0,-0.615363,-0.580735069
RPS27A,743.0,0.450449292,321.0,-0.320506,-0.027309643
RPS3A,306.0,0.426765211,80.0,-0.360807,-0.42191324
RPS4X,629.0,0.442998752,96.0,-1.109391,-0.109486693
RPS6,2723.0,0.413925579,42.0,-1.131362,0.403527249
RPS6KA1,828.0,0.389798854,163.0,-0.723587,-0.695649731
RPS6KA4,735.0,0.38455359,226.0,-0.215991,-1.019716803
RPS7,66.0,0.428822459,109.0,-0.974514,0.280098197
RPTOR,2341.0,0.385169267,805.0,0.587774,-0.126677605
RREB1,3012.0,0.456825357,492.0,0.005897,-0.787067498
RRM1,2304.0,0.437568848,689.0,1.545415,0.473383953
RRP8,5071.0,0.446233376,148.0,-0.213194,-0.626534464
RRS1,978.0,0.468289248,104.0,-0.603035,0.050855124
RTN3,1690.0,0.358048129,187.0,0.887941,-1.246290224
RTN4IP1,1108.0,0.372133716,477.0,0.264247,0.16793792
RUNX1,4334.0,0.416076551,1578.0,0.229164,0.650378689
RUNX3,2611.0,0.405217602,439.0,-0.718386,0.276341227
RWDD1,6365.0,0.401367905,746.0,-0.082971,-0.162297033
S100A8,71.0,0.444112716,170.0,5.168326,0.13835275
S100A9,189.0,0.439508357,43.0,4.734753,0.038800228
SAMD9,1815.0,0.395660052,270.0,2.462466,0.178553829
SAMD9L,1162.0,0.396305952,1248.0,1.180299,-0.123140834
SAMM50,150.0,0.345249646,197.0,-0.696833,-0.389448204
SAMSN1,684.0,0.407246581,430.0,0.241324,0.702874657
SAP18,1754.0,0.427429047,39.0,-0.589361,0.824089334
SAP30BP,1541.0,0.449617255,257.0,0.342656,0.142261717
SAR1A,5213.0,0.411769389,203.0,0.245414,0.476871648
SAR1B,5806.0,0.392367964,253.0,0.21457,0.059477104
SARS,1054.0,0.40098191,100.0,-0.319039,-0.223456555
SASH3,1369.0,0.387406112,182.0,-0.516368,-0.028444744
SCAMP4,1741.0,0.472519575,351.0,0.429182,-0.909157774
SCO1,8645.0,0.407339367,61.0,-0.506338,-0.448288743
SDCCAG8,307.0,0.360606297,1542.0,0.338369,-0.560284489
SEC11C,205.0,0.423646802,92.0,-0.779954,-0.425431739
SEC13,332.0,0.457264526,210.0,-0.228285,0.592077738
SEC14L1,2986.0,0.420320088,665.0,0.232454,-0.0923944
SEC24B,1221.0,0.400931805,155.0,0.442452,-0.005705744
SEC24D,2115.0,0.386600041,297.0,0.934804,0.339959938
SEMA3F,960.0,0.38837398,318.0,-0.437745,0.747492614
SEMA4A,755.0,0.412797256,345.0,0.169852,-0.710230976
SEMA4D,2318.0,0.393173667,572.0,0.091844,-0.343821657
SERPINA1,1707.0,0.420489385,573.0,-2.15902,-0.129655552
SERPINB8,2096.0,0.38524815,520.0,-0.524953,0.008258794
SETMAR,321.0,0.414235412,398.0,-0.382615,-0.267034714
SF1,2419.0,0.374481437,721.0,-0.013454,0.244224881
SF3B2,563.0,0.453902675,40.0,0.260368,-0.440076458
SFXN4,500.0,0.402513841,45.0,-0.133715,0.145988738
SH3BP1,433.0,0.395530944,313.0,-0.002341,-0.270203207
SH3PXD2B,4870.0,0.420952884,171.0,0.791445,0.182010507
SHMT1,4335.0,0.394510245,509.0,-0.153312,-0.425627277
SIGLEC1,1590.0,0.42099348,0.0,-0.268655,-0.167295496
SIPA1,2933.0,0.437718847,296.0,-0.645353,0.054106571
SIRPA,3027.0,0.429235057,360.0,-0.786594,0.069180381
SKP1,8791.0,0.433886974,179.0,0.209164,-0.35654967
SLBP,3046.0,0.391438372,553.0,0.004528,0.846767922
SLC25A10,1929.0,0.386184273,191.0,0.32324,0.368796107
SLC25A20,787.0,0.382641976,199.0,-0.108311,0.075475119
SLC25A3,504.0,0.383836987,354.0,-0.548888,-1.349889562
SLC25A6,450.0,0.487227384,137.0,-0.748046,-0.076743176
SLC27A3,163.0,0.439664345,91.0,0.62113,-0.4099174
SLC39A10,2661.0,0.346494338,214.0,0.04772,-0.020053806
SLC44A1,8291.0,0.4365497,264.0,0.605882,-1.570629581
SLC9A3R1,709.0,0.400889529,235.0,1.74232,0.28605868
SMAP2,1225.0,0.404145004,415.0,0.057413,0.160780134
SMC1A,5954.0,0.490702048,340.0,0.947664,-0.350491892
SMG5,1363.0,0.383248033,540.0,-0.35184,-0.609294191
SMS,2660.0,0.417677888,252.0,0.069153,-0.373652809
SMYD3,223.0,0.378821529,130.0,0.123335,-0.631565375
SNRNP200,676.0,0.454045162,132.0,-0.247934,-0.548088
SNRPC,474.0,0.427936125,450.0,0.053128,0.774098381
SNRPD1,4386.0,0.384326147,161.0,-0.344316,0.013939944
SNRPN,279.0,0.390283395,1145.0,0.250651,-0.083607316
SNX24,5071.0,0.338464018,185.0,0.121899,0.673702726
SNX30,6144.0,0.426743352,148.0,0.356871,0.279701876
SNX33,5086.0,0.383330712,96.0,-0.414137,0.119458013
SOD1,353.0,0.438546885,148.0,0.445499,1.155790711
SOD2,13436.0,0.435065133,1828.0,-0.257403,0.096943724
SP110,3922.0,0.401738483,258.0,1.909306,0.37054935
SPC24,1691.0,0.381793277,320.0,2.394069,0.350672366
SPC25,540.0,0.373816265,131.0,1.8819,0.890914571
SPCS1,3333.0,0.417439524,205.0,-0.484253,-1.334242445
SPI1,383.0,0.406748349,223.0,-1.080187,-0.165219943
SPRYD4,1406.0,0.430591965,75.0,0.183309,0.051879665
SQSTM1,1485.0,0.412192979,360.0,0.167333,0.207195475
SRC,2671.0,0.437602812,449.0,0.215218,0.161308269
SRGAP2,3018.0,0.377689891,542.0,0.810963,-0.310822402
SRI,5365.0,0.424260151,79.0,0.186569,0.16577556
SRP19,2645.0,0.430943803,189.0,0.075141,0.452524119
SRPRB,1784.0,0.427990824,285.0,-0.011071,-0.769514049
SRR,1392.0,0.393840903,354.0,-0.063755,0.217046125
SRXN1,2099.0,0.37663928,185.0,-0.264395,0.504779924
SSH1,5298.0,0.373517564,146.0,-0.148879,0.290087219
SSH3,2595.0,0.376349937,178.0,0.098406,0.192338828
SSR2,592.0,0.425839932,80.0,-0.557296,0.81065963
SSR4,87.0,0.444947593,150.0,-1.091236,-0.212965023
SSRP1,422.0,0.394601844,267.0,0.566171,-0.190093757
SSU72,400.0,0.445120823,325.0,-0.856818,0.321271114
ST13,3666.0,0.439823793,468.0,-0.541168,-0.440130184
ST14,553.0,0.454138745,193.0,-1.239645,-0.271731375
ST3GAL4,594.0,0.39537481,557.0,0.465972,0.473446137
STARD10,1682.0,0.427301627,944.0,0.924646,0.743319345
STAT1,3294.0,0.408136156,388.0,0.57637,-0.678546257
STAT2,1791.0,0.409862748,203.0,0.045258,-0.045019331
STAT6,1168.0,0.380869476,499.0,-0.524396,-0.082564938
STMN1,1138.0,0.394107416,364.0,0.386019,-0.064832397
STOM,2222.0,0.387137797,117.0,0.228044,-0.641051172
STOML2,531.0,0.456962681,143.0,-1.05523,-0.563755898
STX11,4481.0,0.457080677,192.0,-0.298203,0.462637701
STX3,5058.0,0.403902965,547.0,0.544279,-0.640410111
STX7,14891.0,0.417568039,327.0,0.066643,0.090516531
STX8,107.0,0.378438911,150.0,-0.618828,0.110804666
SUCLG1,223.0,0.43877655,193.0,0.319576,-0.498121738
SUFU,3380.0,0.361614756,191.0,0.141362,0.551104851
SUMF1,999.0,0.37076871,37.0,-0.991307,0.547599585
SUPT4H1,1112.0,0.438747077,103.0,0.504413,0.052126406
SURF2,1720.0,0.440503417,48.0,0.382117,0.176990054
SURF4,2281.0,0.385472445,476.0,-0.046507,-0.844577458
SURF6,4908.0,0.42467207,78.0,-0.067487,-1.378486451
SYTL1,80.0,0.364244725,197.0,-0.519356,-0.354640737
TACC3,165.0,0.385699108,155.0,0.059202,0.205129005
TADA2B,3064.0,0.464060586,151.0,-0.787658,-1.59552696
TAP2,5256.0,0.374969764,175.0,0.443758,-0.594953151
TATDN2,2040.0,0.415810908,581.0,0.271681,0.900802249
TBC1D20,3109.0,0.435441414,148.0,-0.935961,0.213073645
TBC1D9B,1396.0,0.395340616,37.0,0.04993,-0.330448123
TBCC,556.0,0.434161456,73.0,-0.472846,0.526162301
TCEAL3,260.0,0.368171822,262.0,1.533542,-0.462130956
TCEAL4,3020.0,0.432120515,489.0,1.354246,-0.315221078
TCOF1,1640.0,0.41523122,108.0,0.192603,-0.286285981
TDP1,1721.0,0.418036689,317.0,-0.103887,-0.221427006
TDRD7,242.0,0.375852104,234.0,1.502636,0.215700958
TDRKH,973.0,0.419795099,182.0,1.111482,1.062707072
TEP1,2777.0,0.379550228,40.0,-0.479527,-0.67467803
TFE3,1431.0,0.379068139,541.0,-0.340687,1.161848165
TFEB,621.0,0.429366592,302.0,-0.999377,-0.398809342
THADA,112.0,0.415199561,352.0,-0.436086,-0.629282437
THBD,2144.0,0.448063145,160.0,-1.31721,0.923162058
THUMPD1,2715.0,0.455087735,225.0,0.222857,-0.129333506
THYN1,205.0,0.377954149,484.0,-0.53369,-0.461825804
TIMM50,3932.0,0.424829064,722.0,-0.496391,0.091501786
TIMM8B,2046.0,0.447942532,30.0,0.173433,0.463204736
TK2,3965.0,0.360054507,593.0,-0.404766,0.378885504
TLE1,571.0,0.374791795,1295.0,-0.164225,0.059785549
TM9SF2,2020.0,0.372522209,233.0,1.190487,-0.440862376
TMED3,1710.0,0.439016102,188.0,-1.236989,-0.107703857
TMED9,708.0,0.44685712,67.0,-0.493374,-0.182887769
TMEM126A,52.0,0.406087664,295.0,-0.031067,0.916486281
TMEM199,2431.0,0.370998168,90.0,0.784025,-0.618977168
TMEM63A,1407.0,0.385482014,622.0,-0.234259,-1.102385227
TMOD1,2050.0,0.392927141,213.0,0.976592,0.017378289
TMSB10,278.0,0.470652003,95.0,-0.259478,-0.793246535
TNFAIP2,2079.0,0.44214387,131.0,1.012027,0.027680151
TNFAIP3,1995.0,0.416242917,370.0,0.081894,-0.633288426
TNFAIP8L2,497.0,0.440670719,126.0,-1.073597,0.327747747
TNIP1,770.0,0.448321216,241.0,0.137885,-0.386799497
TNK2,822.0,0.420245651,543.0,-1.010685,0.056313409
TNPO2,2070.0,0.408799881,358.0,0.537883,-0.407181865
TNRC18,1316.0,0.449521205,349.0,-0.13384,0.111758599
TOMM5,518.0,0.441712708,107.0,-0.556854,-0.612317685
TOMM6,1957.0,0.431553434,255.0,-0.233631,0.894550658
TOP2A,1003.0,0.364102812,159.0,2.674452,-0.346009795
TOR1A,3160.0,0.446121485,77.0,0.40755,0.402829648
TPD52L2,1600.0,0.385071878,138.0,-0.316327,-0.280459139
TPI1,620.0,0.479135356,527.0,0.022605,0.454444927
TPM1,757.0,0.403626605,257.0,-0.400666,-0.183654133
TRAF1,7433.0,0.438949906,572.0,-0.534039,-0.570578561
TRAF6,6100.0,0.426668941,381.0,-0.185069,0.127059326
TRAPPC3,634.0,0.441060625,519.0,-0.382451,-0.131298101
TRAPPC5,42.0,0.453352607,241.0,0.282883,0.025520951
TRAPPC6B,2539.0,0.437369008,335.0,0.332424,-0.310928041
TRAPPC9,3079.0,0.431357199,134.0,-0.337187,-0.264329775
TRIM11,3522.0,0.453298916,255.0,0.371733,0.299658002
TRIM14,3117.0,0.369225689,165.0,0.953215,0.612611864
TRIM22,1215.0,0.424423711,379.0,0.364056,0.520016891
TRIM26,1431.0,0.384319522,565.0,0.416067,-0.607624514
TRIM27,2956.0,0.441704825,359.0,0.081329,0.168412552
TRIM41,1657.0,0.454716896,737.0,0.496418,0.016552922
TRIM5,2312.0,0.426412011,303.0,0.866378,0.354554722
TRIP12,3739.0,0.40441217,297.0,-0.234067,-1.050737673
TRIP13,2852.0,0.433721983,145.0,1.324128,-0.218818661
TRMT5,3660.0,0.405137655,572.0,0.174346,-0.104644117
TRUB2,4655.0,0.434714666,759.0,0.128778,-0.881691347
TSFM,1390.0,0.429356434,57.0,-0.122316,-0.167992382
TSPYL1,7303.0,0.373212405,287.0,0.211618,-0.700482874
TSR2,1366.0,0.464925113,443.0,-0.218704,0.19096065
TTC39C,3394.0,0.378954091,452.0,-1.379722,-0.891270454
TTC7A,2213.0,0.393400181,1272.0,-0.286725,-0.394365117
TTPAL,5319.0,0.425556123,145.0,0.182634,-0.192835447
TUBA1C,110.0,0.451729991,576.0,-0.019397,-0.032956971
TUBA4A,644.0,0.402818439,556.0,-2.304293,-0.786959048
TUBB,1030.0,0.390058461,509.0,0.539165,-0.015961965
TUBB6,2302.0,0.468445054,1139.0,-1.091983,0.278860274
TUSC1,1294.0,0.429789613,537.0,-0.709411,-0.445201641
TXNL4A,3129.0,0.472736328,466.0,-0.701365,-0.221996611
TYMP,18.0,0.429537249,376.0,0.486869,0.211823215
TYMS,581.0,0.364557025,159.0,0.716316,0.083383633
TYROBP,168.0,0.417048036,81.0,-1.009986,-0.142458268
UBAP2L,353.0,0.367068802,167.0,0.468379,0.644352155
UBE2B,4002.0,0.405496028,420.0,0.046789,0.557916979
UBE2L3,2365.0,0.455573936,198.0,-0.736007,0.320096231
UBE2L6,703.0,0.431638779,653.0,0.795153,1.102887439
UBE4B,1283.0,0.418913915,688.0,-0.123201,-0.341832887
UBR4,797.0,0.387393976,4.0,0.439742,-0.74347045
UBTF,2209.0,0.400105612,296.0,0.390945,-0.694602075
UBXN1,220.0,0.422601268,194.0,-0.162916,-0.190096852
UCK2,4043.0,0.447469338,640.0,0.120312,0.719862124
UGGT1,5935.0,0.374564832,178.0,0.397734,-0.349638422
UHRF1BP1,5130.0,0.373569339,234.0,0.519589,-0.335080665
UNC45A,377.0,0.475530537,1022.0,-0.065754,-0.155768537
UNG,1024.0,0.368897526,209.0,0.457291,-0.518157139
UNK,1388.0,0.447315534,42.0,0.694888,-0.154783598
UQCR11,4379.0,0.470309826,75.0,0.268561,1.290851987
UQCRC1,129.0,0.462829321,45.0,-0.733645,0.465754007
UQCRH,193.0,0.365128489,320.0,-0.340493,0.104777982
UROD,171.0,0.391539164,133.0,-0.867008,-0.224725674
UROS,3849.0,0.422413435,266.0,0.166542,0.204412414
USP18,580.0,0.434940763,338.0,1.550373,0.40584752
USP39,571.0,0.39295741,223.0,-0.442376,-0.852421389
UTP6,2466.0,0.429918331,83.0,0.783126,-0.480586276
VAC14,489.0,0.396517204,827.0,-0.420891,-0.349719979
VAMP8,451.0,0.398153421,156.0,-1.014579,-1.74986466
VASP,824.0,0.388921088,342.0,-0.898731,-0.244188253
VAT1,1456.0,0.406330787,120.0,0.268382,0.326280915
VDAC3,475.0,0.440388181,210.0,0.284107,0.476452258
VGLL4,2489.0,0.432812067,506.0,0.166103,-0.539995551
VIM,431.0,0.411136971,462.0,-0.729196,0.610936333
VPS28,291.0,0.476756313,109.0,-0.831146,0.496414552
VPS33B,559.0,0.447669729,583.0,-0.177275,-0.289264765
VPS39,2053.0,0.440628838,173.0,-0.032574,0.267189706
VPS52,2870.0,0.393546356,887.0,0.164008,-0.328291856
WASF2,4090.0,0.365213822,245.0,-0.575746,-0.123885894
WBP2,1040.0,0.392225719,515.0,0.423765,0.992963595
WDFY2,7044.0,0.36603015,340.0,-0.436594,-0.98064326
WDR1,1039.0,0.393247178,368.0,-0.745963,-0.128782892
WDR36,3619.0,0.40459335,117.0,0.192236,-0.345194262
WDR37,8068.0,0.365587877,173.0,-0.966166,-0.251045515
WDR4,293.0,0.380589271,581.0,-0.209696,-0.036398713
WDR47,1216.0,0.402106333,376.0,0.653656,0.661440325
WDR48,1924.0,0.419028298,472.0,-0.311805,-0.392967976
WDR5,1979.0,0.401607191,171.0,-0.190032,0.228724477
WDR54,97.0,0.394793766,128.0,1.058042,0.388885233
WDR61,197.0,0.411764619,310.0,-0.070435,0.301163527
WDR77,4184.0,0.412330102,139.0,-0.08207,0.383943659
WDR91,4946.0,0.380864599,823.0,-0.047712,0.589264885
WDR92,2520.0,0.427217839,117.0,0.185569,0.323724138
YTHDF1,1279.0,0.384821843,294.0,-0.164653,0.141280214
YTHDF3,3082.0,0.406652071,509.0,0.008152,0.175509657
YY1,5192.0,0.440120149,480.0,-0.025151,-0.645879328
ZBED1,2221.0,0.457533868,282.0,-0.259835,0.009730356
ZBTB8OS,1087.0,0.406816332,276.0,-0.21136,0.253262058
ZC3H12A,768.0,0.421626239,1056.0,1.1902,-0.026692628
ZC3H4,2169.0,0.436042942,38.0,0.213511,0.29033293
ZFP36L1,2846.0,0.395541595,976.0,-0.623399,-0.464207593
ZMAT2,1942.0,0.460376067,101.0,0.185517,-0.824105087
ZMYM3,1292.0,0.378831729,749.0,-0.397294,-0.846046073
ZNF207,13817.0,0.386696564,148.0,0.670407,0.090766876
ZNF414,113.0,0.422835658,118.0,0.339549,0.790411075
ZNF511,243.0,0.452392726,55.0,-0.077057,0.466589281
ZNF516,4816.0,0.393186692,318.0,0.651126,0.563177791
ZNF622,1298.0,0.463753859,120.0,-0.041751,-0.088881037
ZNHIT2,49.0,0.440612513,85.0,-0.170876,0.488465854
ZWINT,4585.0,0.411772707,37.0,1.566576,-0.853301717
