,3prime,tAI,max_5_UTR_length,TCGA-C8-A131,TCGA-C8-A131.1
AAK1,17874.0,0.380718848,505.0,0.005492,0.249852276
AATF,207.0,0.367011205,251.0,-0.080802,-0.4367681
ABCC1,1793.0,0.393368456,175.0,0.11085,0.128226446
ABCF3,5726.0,0.387768135,869.0,-0.054478,-0.180721177
ABHD12,654.0,0.374654709,279.0,0.831663,-0.006290315
ABHD6,1639.0,0.384216096,505.0,0.25417,0.248490085
ABR,2562.0,0.39474042,600.0,-0.344879,0.228523844
ABT1,2092.0,0.423473096,40.0,0.409144,0.047158407
ACADVL,176.0,0.46877374,457.0,-0.387924,-0.054014533
ACBD6,155.0,0.433964845,621.0,0.453628,0.129819759
ACIN1,584.0,0.404933544,328.0,-0.043359,-0.02944701
ACO1,4661.0,0.37721508,227.0,0.116833,0.173087784
ACOT11,1220.0,0.392289045,176.0,-1.048285,-0.173009454
ACOT9,4514.0,0.358892202,225.0,0.559271,0.134190985
ACP2,814.0,0.411581374,548.0,0.003545,0.147184301
ACSF2,1484.0,0.405139059,501.0,0.388273,-0.239593074
ACSL1,1530.0,0.417966714,990.0,1.008496,0.22329498
ACSL5,1022.0,0.380976548,307.0,0.361813,0.658004841
ACTB,613.0,0.469768794,192.0,1.34578,0.322697973
ACTL6A,452.0,0.409046191,387.0,0.122328,-0.095205533
ACTR1A,3151.0,0.432463663,108.0,0.60445,0.070523649
ADA,312.0,0.444091501,440.0,0.002719,0.271436179
ADAMDEC1,715.0,0.41564171,547.0,0.327567,-0.24337683
ADD1,1928.0,0.439806775,863.0,-0.459064,0.217264921
ADPRH,2067.0,0.380088169,541.0,-0.303048,-0.054865376
ADSSL1,320.0,0.393141878,776.0,0.672288,-0.06121551
AGAP3,508.0,0.436856677,1584.0,0.79139,0.100234835
AHNAK,842.0,0.382138706,300.0,-2.013878,-0.275967407
AHSA1,225.0,0.374296292,431.0,0.781671,0.015652503
AIF1,121.0,0.4069451,222.0,0.32188,0.237487719
AIFM2,1911.0,0.447982482,217.0,-0.593568,-0.278981016
AK1,1528.0,0.389481519,153.0,0.136301,-0.048290449
AK2,2893.0,0.384271636,345.0,0.96434,0.129538922
AKR1C2,3804.0,0.449591167,413.0,-3.666962,-1.526789708
AKR7A2,10996.0,0.385600504,22.0,-0.158557,-0.222762013
ALDH18A1,838.0,0.380333742,511.0,0.332595,-0.090773049
ALDH3A2,2525.0,0.42484639,221.0,-3.165592,-0.879412557
ALDH6A1,4647.0,0.38708374,724.0,-1.810377,-0.489428637
ALG1,2498.0,0.432230555,181.0,-0.105161,0.144017587
ALG5,380.0,0.362014155,67.0,-0.272568,-0.051187821
ALG9,4217.0,0.365461171,1107.0,0.229658,0.055627826
ALOX5AP,976.0,0.392577632,248.0,0.549472,0.47783045
AMBRA1,1041.0,0.36170155,362.0,-0.101122,0.491466584
AMPD2,903.0,0.389224108,566.0,-0.006778,0.303810943
AMPD3,1695.0,0.423686063,472.0,0.084119,0.501961221
ANAPC13,1361.0,0.393644021,731.0,0.259061,0.719664566
ANAPC5,235.0,0.390209877,197.0,-0.70726,-0.022147534
ANKLE2,1737.0,0.418251419,90.0,-0.617101,0.084266699
ANKRD16,135.0,0.465649334,543.0,0.299071,-0.151438593
ANKRD35,249.0,0.402949835,108.0,-0.640453,0.117341179
ANXA2,496.0,0.429738522,160.0,0.753445,0.18958527
ANXA5,1441.0,0.418050335,165.0,0.753156,-0.085561113
AP1B1,1153.0,0.424070668,187.0,0.046284,0.257618041
AP1M1,914.0,0.463388599,173.0,0.409512,0.386916845
APBA1,3797.0,0.387421148,276.0,-0.156491,-0.014955715
APIP,427.0,0.433104693,127.0,-0.969661,-0.437067213
APOBEC3B,339.0,0.43450554,55.0,-1.103899,-0.455325085
APOBEC3C,1979.0,0.381716897,103.0,-1.059782,-0.409349677
APOBEC3G,322.0,0.410940579,404.0,-1.092967,-0.360247788
APOL2,1195.0,0.42932248,477.0,-0.446251,-0.159982001
ARF6,2971.0,0.462806813,621.0,0.319336,0.003060914
ARFIP2,2430.0,0.403729309,291.0,0.335506,-0.120033014
ARHGAP17,2624.0,0.371011524,117.0,0.020454,0.157955174
ARHGAP30,773.0,0.384451823,645.0,-0.438549,0.333871755
ARHGEF10,1378.0,0.370244255,202.0,-0.70631,0.078545735
ARID2,3145.0,0.362288628,128.0,-0.963787,-0.252694779
ARID3A,3881.0,0.411693449,290.0,1.396422,0.41217812
ARIH2,3112.0,0.397061561,878.0,-0.387554,0.066891793
ARL8A,1065.0,0.409602486,171.0,0.790831,0.006995743
ARRB1,6041.0,0.39512759,224.0,-0.892402,-0.373592488
ASF1B,950.0,0.395794233,172.0,1.34969,0.073093165
ASS1,1357.0,0.394201053,356.0,0.568706,-0.356900679
ATPAF1,3039.0,0.439253133,510.0,-0.221284,-0.51164771
ATRIP,162.0,0.417082642,462.0,-0.532929,-0.360920408
AXL,1863.0,0.417061167,376.0,-1.026601,-0.812580958
B4GALT7,4483.0,0.433879574,93.0,-0.128475,0.056990612
BAG1,2764.0,0.431693656,501.0,-0.535564,-0.381756731
BAG3,537.0,0.387438444,306.0,1.00884,-0.08931074
BASP1,971.0,0.520859146,259.0,0.15432,0.663189448
BBS7,1531.0,0.408023089,184.0,0.285402,-0.25622267
BCAT2,364.0,0.445598481,657.0,-0.76113,-0.720990206
BCKDHB,3082.0,0.419736544,88.0,-0.473868,-0.353184364
BCL2,5279.0,0.374049285,493.0,-4.234922,-1.198400277
BCL2L13,4109.0,0.411790332,769.0,-0.467143,-0.240569025
BID,4193.0,0.428633517,498.0,0.848078,0.350523276
BLVRA,3376.0,0.414260839,177.0,0.629723,-0.067218855
BOLA2,40.0,0.43059393,513.0,1.259779,0.402134657
BOLA3,383.0,0.406657227,38.0,0.551609,-0.099093226
BRD2,787.0,0.377809737,2066.0,-0.416867,-0.049447977
BRD3,3285.0,0.401150236,188.0,-0.176793,-0.051651373
BSPRY,1091.0,0.380011644,48.0,-0.698914,-0.479867407
BST2,411.0,0.444557266,81.0,1.265742,-0.224864308
BUB3,1535.0,0.421992618,242.0,-0.399567,-0.094115074
C1QB,152.0,0.436596666,340.0,-1.012855,0.324068076
C1QC,327.0,0.41150294,283.0,-0.487283,0.279516886
C2CD3,671.0,0.360398895,227.0,-0.413489,-0.254041496
C3,5088.0,0.430632158,93.0,-1.763732,0.007285287
CAP1,1134.0,0.406948565,416.0,0.790769,0.405566473
CAPN1,720.0,0.455130071,197.0,0.42661,0.146590312
CAPRIN1,5632.0,0.374918508,189.0,-0.490851,-0.142871195
CAPZB,5180.0,0.446052528,622.0,0.731081,0.213798066
CARD16,437.0,0.41300235,27.0,0.171381,0.58926166
CARHSP1,4898.0,0.362100245,360.0,0.998657,0.265549834
CASC3,1778.0,0.370720542,295.0,-0.78664,-0.211774989
CASP1,750.0,0.424742838,44.0,0.009041,0.192197929
CASP8,1794.0,0.376118708,303.0,0.235395,0.178212281
CAT,629.0,0.397270122,89.0,-1.329426,0.676616244
CBL,8368.0,0.375957197,142.0,-0.062016,0.368189748
CBLL1,3286.0,0.400851504,467.0,-0.597721,-0.002758167
CBR3,54.0,0.445176236,228.0,0.528775,-0.350936203
CBS,4385.0,0.477784031,626.0,-3.790406,-1.002268606
CBX5,10815.0,0.390902295,318.0,-0.059869,-0.151282233
CBX8,2504.0,0.36735217,118.0,-0.381669,-0.39001229
CCDC115,2169.0,0.385110507,452.0,0.331448,0.076173264
CCDC125,2554.0,0.359965106,322.0,-1.941709,-0.024205749
CCDC58,2462.0,0.421830022,75.0,1.001117,0.006979572
CCDC88C,1302.0,0.396031427,154.0,-0.630519,-0.220350948
CCL5,886.0,0.462166288,68.0,0.727089,-0.069030414
CCNA2,1206.0,0.409154498,373.0,0.978803,0.498326774
CCNB2,168.0,0.374401461,184.0,1.893668,0.480437868
CCNDBP1,2336.0,0.44393643,231.0,-0.798031,0.438798308
CCS,4244.0,0.460896681,43.0,0.560819,-0.122156721
CCT3,238.0,0.457984718,231.0,0.625241,-0.092318728
CCT4,1361.0,0.393363555,164.0,0.315892,-0.007432961
CD14,128.0,0.416321757,392.0,0.460271,0.028404921
CD209,3046.0,0.440000747,67.0,-0.219287,0.075458506
CD33,331.0,0.428315036,40.0,-0.363597,0.190475513
CD36,2894.0,0.410517795,414.0,-1.161823,-0.403182964
CD40,982.0,0.429065654,90.0,-0.635727,-0.385045365
CD44,3115.0,0.39995987,434.0,0.655495,0.36262437
CD63,923.0,0.512738356,403.0,0.832475,0.155148776
CD74,635.0,0.427357309,187.0,0.399592,0.054483221
CDC25C,437.0,0.364786128,387.0,0.001662,-0.329490695
CDC26,271.0,0.395637029,359.0,-0.278734,-0.081688509
CDC34,560.0,0.46431386,199.0,1.41038,0.270072467
CDC42EP3,3941.0,0.420378821,1009.0,1.726948,0.441390627
CDCA3,816.0,0.351209268,820.0,1.607277,0.138172296
CDCA8,1353.0,0.384295288,290.0,1.618488,0.133515858
CDIPT,1864.0,0.442654716,541.0,0.115929,-0.476329317
CDK1,2313.0,0.398329505,154.0,1.09346,0.066634152
CDK19,4557.0,0.421511824,180.0,-0.284722,-0.255577604
CDK2AP1,766.0,0.439144625,522.0,1.757244,0.166897845
CDK5RAP2,367.0,0.371069462,192.0,-0.098268,-0.012508488
CDK5RAP3,284.0,0.469750898,1791.0,-0.83883,-0.091630803
CDKAL1,1365.0,0.417875209,167.0,0.07069,0.109074755
CDKN2AIPNL,3639.0,0.409801696,53.0,-0.573417,0.005950588
CDKN2C,2247.0,0.381912025,1216.0,0.271957,-0.064566375
CEBPD,1714.0,0.430497143,44.0,1.95534,0.169397813
CENPH,1478.0,0.418392258,87.0,0.270697,-0.124890846
CENPV,301.0,0.385948267,62.0,-0.446938,-0.406421873
CEP55,939.0,0.397841874,304.0,1.756474,0.213859335
CES3,2100.0,0.377378956,446.0,3.359829,0.216340725
CETN2,868.0,0.433727498,47.0,0.218105,-0.226867791
CFL1,677.0,0.502791,234.0,1.066635,0.076623954
CHAC2,786.0,0.395629742,277.0,1.31466,0.096366088
CHCHD4,3528.0,0.445497334,326.0,-0.728534,-0.352823968
CHMP4A,296.0,0.447100154,262.0,-0.106033,-0.037878766
CHMP5,1241.0,0.442987983,200.0,-0.399688,-0.156233889
CHMP6,980.0,0.489861105,78.0,0.016881,0.27789898
CHTF8,2425.0,0.424551152,142.0,-0.194235,0.547924287
CIAPIN1,1024.0,0.451663323,242.0,0.818628,0.289274015
CISD2,5376.0,0.433298698,107.0,0.885887,0.022921326
CKAP4,2872.0,0.386259817,84.0,0.808929,0.579067571
CKS2,300.0,0.317949998,98.0,1.165201,-0.179314883
CLCC1,5185.0,0.369704467,150.0,-0.813389,-0.252660396
CLCN7,1698.0,0.459147749,110.0,0.257807,0.565967627
CLIC1,290.0,0.4571302,573.0,0.550051,0.143696602
CLK2,350.0,0.410673686,925.0,0.475771,0.151789034
CLK3,1233.0,0.4268607,461.0,0.310994,-0.067198156
CLPTM1,458.0,0.383990827,351.0,0.595668,-0.066939105
CLTA,288.0,0.450950874,514.0,0.792783,0.086410505
CLTB,319.0,0.48548545,210.0,0.289553,-0.063450475
CLTC,3104.0,0.384957863,443.0,-0.885624,0.030153816
CNBP,6850.0,0.433298698,206.0,-0.159513,-0.106201954
CNPY2,123.0,0.392778455,553.0,0.316274,0.085040548
CNPY3,1042.0,0.459231502,584.0,1.252338,0.304639219
COG3,1967.0,0.414689223,142.0,0.260321,0.001947472
COMMD1,306.0,0.423842833,138.0,0.934954,0.296689984
COMMD3,431.0,0.360487018,35.0,0.118269,0.291875054
COMMD5,498.0,0.445713337,399.0,0.664224,0.276238792
COMMD6,1375.0,0.396967837,328.0,0.414094,0.105396813
COMMD9,2340.0,0.418062772,89.0,0.772613,0.132096342
COPB1,446.0,0.381738818,307.0,-0.293745,0.182423798
COPE,165.0,0.478760693,55.0,0.935747,0.207885981
COQ6,671.0,0.374062527,159.0,0.184431,-0.282877694
COQ7,5700.0,0.42379098,133.0,-0.063098,-0.055920727
CORO1A,112.0,0.457388252,435.0,-0.011394,0.492498115
COX17,1735.0,0.484254073,86.0,0.339452,-0.662766879
COX5A,860.0,0.429944966,140.0,0.495921,-0.144611119
COX7A2,302.0,0.441893926,98.0,-0.152716,0.052945664
CPM,5262.0,0.406054343,75.0,-0.835057,-0.059860029
CPSF4,923.0,0.452412439,277.0,0.007774,-0.065882855
CPT1A,2761.0,0.374132033,170.0,-0.77315,-0.130236008
CPT2,602.0,0.431256564,515.0,-0.307425,-0.118378395
CRCP,8457.0,0.390198146,145.0,-0.374057,-0.289844397
CRKL,3904.0,0.422225684,509.0,-0.27883,0.016909938
CRTAP,5601.0,0.446308827,120.0,-0.480462,0.756732159
CRTC3,3205.0,0.355982524,186.0,-0.539769,-0.013237184
CRYL1,462.0,0.386242786,79.0,0.787331,0.435390786
CSRP1,1183.0,0.493833101,217.0,0.252704,-0.160550363
CST3,2762.0,0.475763324,186.0,-1.318611,-0.475788771
CSTF2,1931.0,0.372934478,58.0,0.272746,0.139741607
CTBP1,800.0,0.464034004,393.0,0.906362,0.178074133
CTNNA1,1216.0,0.412513324,1103.0,-0.832986,-0.185904443
CTNNB1,1106.0,0.432073699,448.0,0.16094,0.057884511
CTNNBIP1,2448.0,0.394834327,307.0,1.039181,0.349997301
CTPS2,1870.0,0.416273085,744.0,-0.531695,-0.307889772
CTSG,119.0,0.369503415,37.0,-0.867922,1.381412867
CTSH,1072.0,0.446467856,1192.0,0.847346,0.295668579
CUEDC1,2047.0,0.374410739,719.0,0.153336,0.230285539
CUX1,1040.0,0.395555213,127.0,0.2019,0.199136825
CXCL10,814.0,0.410287201,105.0,0.350292,-0.820639871
CXCL9,2323.0,0.403736618,74.0,0.162793,-1.054090869
CYBB,2544.0,0.418993019,61.0,-0.304456,0.985254137
CYTH4,1837.0,0.406296106,377.0,-0.455542,0.398017952
DAB2,1757.0,0.368483127,531.0,0.872163,0.930695035
DAGLB,721.0,0.377719723,170.0,0.311498,0.256768352
DAP3,768.0,0.366492687,184.0,-0.460367,-0.324139028
DAPP1,2082.0,0.348655603,90.0,0.141854,0.131961431
DBI,233.0,0.467027529,479.0,0.984694,-0.169850697
DCAF12,1967.0,0.42050769,342.0,-0.485359,0.990215344
DCAF8,1877.0,0.380310979,212.0,-0.696568,-0.105256461
DCP1A,4153.0,0.411936399,381.0,-0.126142,-0.012627081
DCPS,4731.0,0.375605648,329.0,1.30563,-0.020464754
DCTN5,10597.0,0.443116252,177.0,0.034458,0.020410664
DDAH2,653.0,0.361046801,1104.0,0.300048,-0.232850204
DDB2,1223.0,0.43604051,195.0,-0.634407,-0.165304278
DDX23,713.0,0.445931172,91.0,-0.58348,-0.165939116
DDX31,1870.0,0.361830896,544.0,-0.638605,0.0651179
DDX47,438.0,0.379294484,22.0,-0.501829,-0.33369456
DDX54,1704.0,0.467316231,28.0,-0.022986,0.333539426
DDX56,586.0,0.438032149,643.0,0.469144,-0.196739581
DDX59,217.0,0.413095257,243.0,0.077788,-0.098213766
DHODH,3463.0,0.371608285,21.0,0.768304,0.06836813
DHPS,121.0,0.474111752,121.0,-0.144432,-0.598428373
DHX15,459.0,0.379133957,168.0,0.022362,0.119939681
DHX34,591.0,0.384465978,349.0,-0.078134,-0.197303862
DHX58,357.0,0.440330409,223.0,-1.993638,-0.31817235
DIABLO,719.0,0.425893605,1182.0,0.138282,-0.403414791
DMAP1,63.0,0.471306,301.0,0.51758,-0.111594947
DMXL2,1274.0,0.389901613,225.0,-1.482326,0.232427785
DNAJA4,1736.0,0.398301408,169.0,0.015171,-0.084487846
DNAJC14,1509.0,0.37755465,204.0,-0.442269,-0.124669788
DNAJC19,1326.0,0.403482491,259.0,-0.72849,-0.416210686
DNAJC25,1212.0,0.430964931,56.0,-0.31581,0.065717978
DNAJC8,969.0,0.416719859,33.0,0.525266,-0.078239366
DNM1,1255.0,0.393835111,116.0,-0.033833,0.321673146
DNTTIP2,3564.0,0.408096853,58.0,-0.273558,-0.141633167
DOCK11,3681.0,0.373818855,63.0,-0.966698,0.245392008
DOCK2,524.0,0.446250827,52.0,-0.922316,0.282515239
DOK2,438.0,0.384043737,481.0,0.771415,0.175048128
DPCD,197.0,0.459155016,389.0,1.224101,0.085253284
DPF2,2501.0,0.393394442,133.0,0.003107,-0.222274558
DPH1,1310.0,0.448716064,341.0,-0.616618,-0.004477067
DPH5,784.0,0.413363166,165.0,-0.546453,-0.317071748
DPY30,562.0,0.438431353,279.0,0.790902,-0.271785956
DPYSL2,2472.0,0.430530829,431.0,-0.78356,-0.203644712
DRAP1,142.0,0.432809908,245.0,0.57936,-0.418804482
DRG1,4594.0,0.444150091,131.0,0.386522,0.26021966
DSN1,5330.0,0.392894937,373.0,0.372426,0.01385896
DSTN,2786.0,0.375776803,438.0,-0.139376,-0.263479953
DTL,2265.0,0.372315747,921.0,0.328406,0.171160829
DTX3L,3456.0,0.408848169,89.0,-0.722674,-0.374493673
DUSP12,374.0,0.419884133,34.0,0.00797,-0.113020688
DUT,1937.0,0.36471409,109.0,0.924683,0.225096238
DYNLT1,514.0,0.420362019,78.0,1.102712,0.508270396
EBAG9,1437.0,0.39438748,402.0,0.240766,-0.174986989
ECH1,191.0,0.389477111,85.0,0.267908,-0.55880561
ECHDC2,2269.0,0.400166641,752.0,0.898922,0.05323213
ECM1,322.0,0.43792189,199.0,0.319597,-0.076466175
EDEM2,76.0,0.379021051,100.0,0.350158,0.103934123
EEA1,5374.0,0.405861636,265.0,-1.214497,0.018220937
EEF1A2,286.0,0.417272363,329.0,-3.473893,-1.567987817
EFTUD2,1331.0,0.444646836,398.0,-0.314258,-0.061994313
EHD1,3363.0,0.446314898,447.0,1.03567,0.308094363
EIF2AK2,8063.0,0.394727306,557.0,-0.147352,-0.288944034
EIF2B3,1058.0,0.383118637,239.0,0.383947,-0.059481419
EIF3F,5840.0,0.435728237,33.0,0.137862,0.010565566
EIF3L,1718.0,0.380710116,245.0,-0.16622,0.035830194
EIF4A3,1120.0,0.381528282,222.0,0.016804,-0.099622224
ELAVL1,4910.0,0.437605432,167.0,0.593652,-0.114922428
EMG1,248.0,0.433768095,143.0,0.220445,-0.382521333
EMILIN2,2605.0,0.379592019,159.0,-0.463071,-0.054221042
ENDOD1,7728.0,0.376426787,118.0,-0.395947,0.255615425
ENOSF1,2904.0,0.382279782,622.0,0.807635,0.233144599
ENY2,2576.0,0.41756619,146.0,1.262095,-0.0401486
EPSTI1,2106.0,0.391777705,469.0,-0.829523,-0.118344982
ERCC1,2342.0,0.45058755,188.0,0.016904,-0.244351767
ERCC6L,4809.0,0.354829683,623.0,1.095577,0.188589566
ERH,415.0,0.383837906,71.0,0.889612,0.049068357
ERLIN1,2041.0,0.444737514,478.0,-0.727706,-0.136254094
ERP29,1277.0,0.401191178,118.0,1.345396,0.484718323
ETV6,4356.0,0.398240844,274.0,0.230414,0.029750592
EXOC4,1232.0,0.388187525,35.0,-0.303569,0.190321149
EXOC8,6907.0,0.436106501,127.0,-0.825641,0.057384029
EXOSC1,536.0,0.430105347,451.0,0.339472,0.0724856
EXOSC2,3902.0,0.431273517,32.0,-0.402977,0.027023361
F8A1,571.0,0.46317284,15.0,0.355615,0.2329003
FAAH,2043.0,0.384592892,82.0,-0.249724,-0.220438921
FAF1,4425.0,0.401181969,453.0,0.511406,0.052050401
FAM122A,4542.0,0.40477622,33.0,-0.644648,-0.043558062
FAM168A,6285.0,0.395008865,285.0,-1.317799,0.114629431
FAM177A1,2165.0,0.411149627,459.0,-0.264441,-0.167037772
FAM192A,1824.0,0.379195199,1475.0,0.63477,-0.038052362
FAM20B,4428.0,0.4357945,293.0,-0.365838,0.003371033
FAM32A,1091.0,0.408676074,42.0,0.430321,-0.131750668
FAM50A,286.0,0.482889735,110.0,0.709895,-0.182144772
FBP1,248.0,0.397353747,331.0,0.345547,-0.369679355
FBXL20,9338.0,0.383104745,254.0,-0.661768,-0.169192195
FBXO4,526.0,0.393825218,58.0,-0.390038,-0.065423344
FBXO6,503.0,0.42307306,166.0,-0.550492,-0.724363304
FCER1G,305.0,0.4202976,25.0,-0.051073,0.736935422
FCGRT,309.0,0.433069976,486.0,0.359959,0.613241733
FDPS,72.0,0.456397562,392.0,0.605517,0.09802278
FDXR,596.0,0.384661194,188.0,-0.866261,-0.792723822
FEN1,1340.0,0.407867196,413.0,0.610991,-0.093525531
FERMT3,399.0,0.435119014,149.0,0.189482,0.558509159
FGD2,907.0,0.441856308,171.0,-1.008873,-0.055335356
FGFR1OP2,1663.0,0.396595515,353.0,-0.719809,0.185517677
FGL2,3460.0,0.40966218,40.0,-1.55968,-0.646397318
FKBP1A,1132.0,0.428443098,174.0,0.512716,-0.055393276
FKBPL,24.0,0.377510344,270.0,1.140644,0.19287031
FLOT1,422.0,0.472159534,339.0,0.872252,-0.007208672
FN3K,442.0,0.389857108,61.0,-1.042551,-0.68193543
FN3KRP,3667.0,0.380720834,50.0,-0.113109,-0.10669321
FOXJ3,3176.0,0.401878681,312.0,-0.222733,-0.192454024
FOXK2,3108.0,0.440496276,171.0,0.012115,-0.160026383
FOXRED1,443.0,0.438630908,167.0,0.402465,0.020464574
FSCN1,1184.0,0.396100853,132.0,1.048102,0.360964382
FTH1,530.0,0.425357612,235.0,0.68964,0.30265062
FTL,1031.0,0.428438948,199.0,0.970704,0.787729948
FTSJ1,638.0,0.457521275,569.0,0.347566,0.039251987
FTSJ3,698.0,0.388239396,646.0,-0.641199,0.166228456
FXN,6365.0,0.40465004,220.0,-0.075523,-0.398839505
GABARAPL2,564.0,0.431291441,136.0,0.143389,-0.448839386
GABPB1,1320.0,0.423118524,469.0,-0.076447,0.006019429
GALK1,292.0,0.455574511,63.0,-0.139657,-0.234340238
GANAB,989.0,0.425909644,1027.0,-0.005325,0.156759741
GAS6,315.0,0.393865445,183.0,-1.228088,-0.243416907
GAS7,6619.0,0.423630168,311.0,-1.168693,0.121816741
GBE1,708.0,0.404013874,283.0,0.218651,0.17614336
GBP1,1735.0,0.42614962,220.0,0.015058,-0.010274891
GBP2,5058.0,0.440134196,314.0,2.068294,0.518784517
GBP4,4106.0,0.42983554,116.0,-1.117258,-0.249794769
GBP5,1753.0,0.421901204,537.0,1.96616,-0.417706275
GCH1,2011.0,0.419329122,161.0,0.814823,-0.132992273
GFOD2,622.0,0.396604754,295.0,1.389075,0.41589241
GGA2,5408.0,0.377812588,83.0,-0.828157,-0.192877206
GGCX,5211.0,0.417836117,106.0,1.114053,0.37542971
GIGYF1,2212.0,0.443456438,1210.0,-0.341729,-0.030320879
GINS3,1415.0,0.387351931,208.0,1.684286,0.124782165
GLA,1699.0,0.378726947,110.0,-0.109859,-0.10469797
GLE1,1357.0,0.383457083,114.0,-1.003091,0.036488285
GLRX,1188.0,0.430296645,211.0,-0.254976,-0.140392069
GLRX3,3557.0,0.41418463,539.0,0.347541,-0.027715766
GLUD1,1558.0,0.392454008,1132.0,-0.22282,-0.267326554
GLYR1,2033.0,0.39940414,57.0,-0.077312,-0.016276153
GMEB1,4582.0,0.43446142,142.0,-0.33576,-0.064300394
GMPPA,198.0,0.434966364,375.0,0.987895,0.098209997
GMPR,3984.0,0.435743929,114.0,-2.473686,-0.183949764
GMPR2,464.0,0.453637396,704.0,-0.737693,-0.375061523
GNAI1,1947.0,0.435804474,356.0,-0.138485,0.116849362
GNG7,3803.0,0.398730372,237.0,-1.270811,0.176649783
GNPDA1,1360.0,0.395964134,67.0,-0.791615,-0.105949046
GOLGA2,1243.0,0.401070546,13.0,0.008694,-0.063962246
GON4L,926.0,0.418089888,175.0,-0.699573,0.176313274
GOSR1,5968.0,0.408103421,237.0,-0.627321,0.008667746
GOSR2,3258.0,0.374298057,541.0,-0.490026,-0.017493493
GOT2,1054.0,0.444803236,129.0,0.124067,-0.339273827
GPS2,97.0,0.431122181,76.0,0.022999,0.036020212
GPSM2,4697.0,0.401967226,496.0,0.981881,0.092837228
GPX7,626.0,0.395840774,39.0,0.739262,0.999232204
GRAMD1A,299.0,0.411657297,748.0,-0.33419,0.06517032
GRB2,2292.0,0.4413596,358.0,-0.812854,-0.01317569
GSTM4,2467.0,0.390909061,314.0,-0.144739,-0.803987033
GTF2A2,1070.0,0.420716795,404.0,0.964964,0.005532848
GTF2E2,604.0,0.365750105,273.0,0.25878,-0.24320702
GTF3C2,932.0,0.372227001,397.0,0.07876,-0.171395751
GTPBP1,2894.0,0.424954603,154.0,-0.056787,-0.089964502
GTPBP3,1032.0,0.436547413,95.0,-0.060038,-0.086568279
GTSE1,680.0,0.368527868,212.0,1.01911,-0.801070974
GTSF1,222.0,0.36097632,86.0,0.528502,0.323987826
HADH,818.0,0.383558671,219.0,-0.28394,-0.319150474
HADHA,615.0,0.383558671,130.0,-0.357656,-0.133926667
HAUS5,3319.0,0.378752573,51.0,0.481371,0.150855027
HAUS8,346.0,0.37535995,111.0,1.600489,0.072998163
HCCS,1274.0,0.398607648,275.0,-0.004605,-0.080676291
HCK,337.0,0.440224323,364.0,0.269977,0.662293502
HDAC1,591.0,0.390040122,63.0,-0.853468,-0.509448704
HDDC3,763.0,0.387287166,29.0,-0.039596,-0.267001589
HDGF,1342.0,0.465394593,322.0,1.411558,0.077329059
HDLBP,2343.0,0.397687311,375.0,0.194675,0.402756895
HEATR3,1385.0,0.384091545,883.0,0.227774,0.175248553
HEBP2,9119.0,0.359416339,297.0,1.353115,0.126196248
HECA,3704.0,0.443714129,285.0,0.276132,-0.014013401
HECTD3,3914.0,0.446742268,98.0,0.616143,0.105175661
HERC2,726.0,0.429958504,109.0,-0.852271,0.046767786
HERC5,379.0,0.393838904,153.0,-1.833584,-0.223320409
HERC6,651.0,0.398146132,183.0,-2.594184,-1.098060411
HIP1,4874.0,0.430847644,52.0,-0.69355,0.198732895
HLA-A,4150.0,0.424443523,84.0,0.337515,-0.079476871
HLA-C,420.0,0.421684519,65.0,0.631653,0.246353394
HLA-DRA,409.0,0.420807891,109.0,0.755606,0.131492334
HLA-E,1459.0,0.413523771,126.0,-0.498353,-0.011108288
HLA-F,121.0,0.407256461,124.0,-0.755296,-0.396517955
HMBOX1,3560.0,0.369177113,482.0,-0.566878,0.349633775
HMBS,266.0,0.451934812,299.0,0.93716,0.12161486
HMGB2,3775.0,0.450826504,193.0,0.923426,-0.221602182
HMGCS1,3661.0,0.374424323,345.0,1.123845,0.774920673
HMOX1,616.0,0.436401717,107.0,0.535957,1.157083222
HNRNPA0,7504.0,0.386421138,284.0,-0.46746,-0.449316222
HNRNPD,1688.0,0.420386111,318.0,0.817241,-0.025676918
HNRNPL,1102.0,0.449817015,176.0,0.417924,-0.061216469
HNRNPU,4156.0,0.432126199,218.0,0.196985,-0.052945092
HNRNPUL1,2135.0,0.394022965,339.0,0.411379,-0.080043682
HNRNPUL2,2674.0,0.436897081,229.0,0.065545,-0.169759998
HSBP1,3274.0,0.4454546,174.0,1.184531,0.124803341
HSD11B1,4482.0,0.426649415,154.0,-1.227649,-0.008932351
HSD17B7,398.0,0.431983247,99.0,0.559236,0.187454698
HSP90AB1,313.0,0.39509298,251.0,0.223907,-0.001378717
HSPA1L,428.0,0.464100714,183.0,0.069144,-0.014456064
HSPA4L,7877.0,0.413794867,342.0,-0.606746,-0.430252195
HSPB11,107.0,0.34538245,284.0,0.375245,-0.292336967
HTRA2,571.0,0.421976635,602.0,0.614005,0.015623623
HTT,3901.0,0.373695076,145.0,-0.636858,0.017229464
HUS1,2068.0,0.374612864,131.0,0.281991,-0.226919737
HYI,310.0,0.378597605,196.0,1.754084,0.136783255
HYOU1,1409.0,0.403839016,234.0,0.835475,0.221817439
ICAM1,1537.0,0.426062071,319.0,0.952172,0.276850454
IER3IP1,3342.0,0.438740024,97.0,0.302801,0.221659958
IFI16,254.0,0.415211655,290.0,-0.307879,0.189041921
IFI30,213.0,0.431523306,62.0,0.589835,0.79376313
IFI35,160.0,0.418462024,223.0,-1.636852,-0.391383468
IFI44,267.0,0.403888008,124.0,-1.206172,-0.63977899
IFI44L,5058.0,0.403608012,200.0,-2.446115,-0.930137045
IFIH1,121.0,0.412344512,377.0,-1.747386,-0.567844379
IFIT1,2775.0,0.411248073,495.0,-1.908029,-0.997146363
IFIT2,1901.0,0.420797646,175.0,-1.198105,-0.706520973
IFIT3,843.0,0.417440574,529.0,-1.4203,-0.894199948
IFIT5,2354.0,0.414819429,231.0,-1.710199,-0.593858985
IFITM1,159.0,0.431550176,180.0,1.322243,0.220717538
IFT27,109.0,0.4030938,426.0,0.707223,-0.073246933
IGFBP3,1605.0,0.43060006,132.0,0.16373,-0.123676619
IGFBP7,558.0,0.392734536,34.0,0.304688,-0.121957029
IKBKE,745.0,0.435100597,714.0,0.950052,0.517597663
IL16,3965.0,0.367979445,2395.0,-0.980217,0.216207297
IL17RA,5874.0,0.376798811,133.0,-0.643539,0.823371641
IL1RN,1145.0,0.411881061,408.0,1.252503,0.030131676
IL4I1,16.0,0.4139018,621.0,0.873012,-0.348475663
ILF2,656.0,0.426220446,239.0,0.708126,-0.11489673
IMPA2,2898.0,0.383680893,242.0,0.44678,0.236273284
INO80,5209.0,0.374025479,351.0,-0.604458,-0.145560622
INPP1,263.0,0.395712795,700.0,-0.180364,0.016540022
INPP5D,1195.0,0.436077769,512.0,-0.652766,0.31172243
INSR,4801.0,0.380857973,411.0,-0.182404,-0.135782335
IPO5,2508.0,0.381335948,180.0,0.050479,0.15376823
IRF7,92.0,0.423538356,367.0,0.15207,-0.326446419
IRF8,1327.0,0.384714127,507.0,-0.923411,0.247756268
IRF9,369.0,0.432057622,127.0,-0.568551,-0.546523294
IRGQ,7659.0,0.399674011,156.0,0.500957,0.034987888
ISCU,607.0,0.454630229,1331.0,-0.634915,-0.137863647
ISG15,62.0,0.419522688,77.0,0.118221,-0.867632393
ISG20,952.0,0.419932377,2368.0,0.072242,-0.286501058
ISOC1,1056.0,0.418535314,18.0,-2.228448,-0.938243728
ITGB2,415.0,0.457304004,395.0,0.322572,0.832884453
ITPKB,2981.0,0.440250717,340.0,0.191101,0.219560453
JUNB,496.0,0.414023332,276.0,2.011001,0.444265338
JUP,157.0,0.458302936,298.0,0.277943,-0.257276892
KANK2,2291.0,0.394238955,361.0,-0.073716,-0.010899963
KARS,4202.0,0.383913431,144.0,0.917466,0.058673651
KCNN4,560.0,0.425737469,396.0,2.79841,0.780169332
KDM1A,327.0,0.428444011,149.0,-0.025501,-0.056141537
KDM2A,3716.0,0.372295488,864.0,-0.206098,-0.099142594
KDM2B,2488.0,0.393022165,407.0,-0.481702,0.12014711
KDM3B,1327.0,0.37791414,200.0,-1.350336,-0.337658508
KDM4A,1148.0,0.378142374,166.0,0.412683,-0.018747107
KHSRP,1024.0,0.456900489,110.0,0.361614,0.057045772
KIAA2013,727.0,0.385456054,191.0,0.106149,-0.034472493
KIF20A,757.0,0.371463873,496.0,0.450623,0.060302796
KIF22,75.0,0.392489541,388.0,0.912148,0.245736572
KIF2C,588.0,0.387865377,395.0,1.946532,0.538018683
KIF3B,3792.0,0.390782105,180.0,-0.200176,-0.096139606
KIF3C,2392.0,0.403852971,657.0,0.338961,0.031034037
KIF5B,3198.0,0.418236129,470.0,0.181837,0.071080954
KLHL7,3616.0,0.41595405,521.0,0.539224,0.081469578
KTI12,594.0,0.370414154,39.0,-0.071111,0.014641919
LAMP1,1311.0,0.390985106,281.0,1.226599,0.615519478
LANCL2,2422.0,0.433733517,578.0,0.424118,-0.179864935
LAP3,503.0,0.426841798,162.0,-1.150681,-0.619585369
LDHD,1826.0,0.398770776,52.0,1.438564,0.432157469
LENG1,560.0,0.445950324,48.0,0.330438,-0.152642758
LGALS3,159.0,0.420172221,88.0,0.219041,-0.216861119
LGALS3BP,1225.0,0.419930622,179.0,-1.044745,-0.744296746
LGALS9,641.0,0.410654931,118.0,-0.140471,0.125809082
LIN54,4893.0,0.441729058,383.0,0.003428,0.060049084
LPCAT1,2228.0,0.380803123,133.0,0.253241,0.215150719
LPCAT4,239.0,0.432241557,94.0,0.313249,0.610155365
LPXN,1776.0,0.432350833,254.0,0.772318,0.184008407
LRPPRC,2376.0,0.377375074,58.0,-0.067815,0.145754331
LRRC25,843.0,0.434491636,642.0,-0.008895,0.248055045
LRRC41,465.0,0.438391248,44.0,-0.330107,-0.29792771
LRRC59,1755.0,0.423067849,236.0,0.125944,0.072487998
LSM1,486.0,0.409616526,410.0,-0.323966,-0.282441312
LSM6,1871.0,0.435100303,139.0,0.567904,0.001831379
LTA4H,391.0,0.355044638,145.0,-1.001051,-0.099955613
LYN,4058.0,0.418972994,282.0,0.171132,0.594253742
LYPLAL1,1137.0,0.3973742,157.0,0.536984,-0.0374063
LYRM4,6830.0,0.366844497,217.0,0.679974,-0.284933512
LYSMD2,596.0,0.394037378,501.0,-0.988183,-0.264783703
M6PR,1457.0,0.379162834,275.0,-1.023722,-0.049212233
MAD2L1,4528.0,0.407191351,124.0,0.671802,-0.028212558
MAFB,2032.0,0.405989564,390.0,0.365805,-0.590599523
MAGED2,327.0,0.466698843,233.0,-0.699528,-0.695068415
MAGOH,153.0,0.416054235,162.0,0.643129,-0.152803859
MAN2B1,128.0,0.381728903,76.0,0.652019,0.412792304
MANF,717.0,0.420319188,97.0,1.532376,0.508642217
MAP4K1,170.0,0.374128007,140.0,-0.132614,0.092938361
MARCKSL1,768.0,0.468216312,206.0,0.655862,0.080578949
MAX,2676.0,0.337149475,479.0,-0.312184,-0.194456676
MBD2,3723.0,0.420256858,229.0,0.384963,0.029558445
MBP,4041.0,0.393290432,264.0,-2.4892,-0.282976496
MCM2,662.0,0.460999542,110.0,0.146326,0.103158237
MCM4,2618.0,0.371821308,942.0,0.083596,0.0684503
MCM5,3214.0,0.470488076,94.0,0.878593,0.157709824
MDC1,658.0,0.415783633,440.0,-0.088598,-0.142570457
MDH1,210.0,0.381672323,435.0,0.25679,-0.120881168
ME1,1535.0,0.411214685,265.0,-0.254227,-0.249929553
ME3,171.0,0.395156177,377.0,0.683854,-0.063733153
MECR,1365.0,0.445670958,612.0,0.676044,-0.033340955
MED17,2631.0,0.366528813,275.0,-0.111257,-0.088193582
MED19,934.0,0.439623042,93.0,0.085628,-0.11818471
MED28,10307.0,0.440157501,27.0,0.213373,0.014148346
MED29,4550.0,0.464327351,57.0,-0.519541,-0.139579121
MEF2C,6848.0,0.41426337,654.0,-0.267532,0.736665543
MEN1,824.0,0.454590692,504.0,0.116309,-0.101282766
METTL13,961.0,0.396264071,347.0,-0.323752,-0.06405037
MGST3,1295.0,0.374563048,428.0,-0.002348,-0.428572238
MIF4GD,787.0,0.397877071,137.0,-0.756662,-0.03735165
MINK1,774.0,0.455972684,525.0,-0.743872,0.015568886
MIS12,1334.0,0.420723459,745.0,0.241815,0.063700773
MLEC,5319.0,0.43043384,173.0,-0.599244,-0.183112129
MLLT10,2252.0,0.36295117,1568.0,-0.554912,0.405270877
MLX,1636.0,0.386664187,65.0,0.292065,0.326893875
MMACHC,1852.0,0.382684622,371.0,0.163846,0.476838032
MMADHC,5382.0,0.406207656,205.0,0.159924,-0.013649055
MMGT1,4451.0,0.406300672,388.0,-1.042532,0.012780111
MMP1,502.0,0.392399458,189.0,7.040767,1.084722229
MMP14,1722.0,0.419367787,285.0,1.042952,0.366460032
MMP9,193.0,0.404253633,19.0,1.620486,1.922163069
MORC3,2052.0,0.406702124,375.0,-0.686693,-0.0821872
MORF4L1,1066.0,0.420719378,454.0,-0.176523,-0.119734411
MOV10,619.0,0.412681236,1415.0,-0.587323,-0.201970534
MPDU1,797.0,0.440676037,216.0,0.71623,0.095647666
MPHOSPH10,87.0,0.404440607,352.0,0.530753,-0.247924113
MRI1,2018.0,0.459301832,75.0,-0.737461,-0.372324202
MRPL13,1075.0,0.395373051,313.0,0.811344,-0.44559973
MRPL15,1888.0,0.407701507,63.0,0.454025,-0.406834076
MRPL16,212.0,0.368940255,214.0,0.043904,-0.274341921
MRPL17,6554.0,0.424450505,105.0,0.816784,-0.523657586
MRPL2,580.0,0.458698472,164.0,0.601043,-0.342609205
MRPL20,187.0,0.445765675,96.0,0.149278,-0.334814981
MRPL21,55.0,0.417448467,293.0,0.848683,-0.357589797
MRPL27,2133.0,0.436300758,31.0,0.332524,-0.372777707
MRPL40,113.0,0.406843086,653.0,-0.157943,-0.370860023
MRPL46,1889.0,0.422788385,25.0,-0.188645,-0.265569428
MRPL48,1284.0,0.368940255,212.0,0.935017,-0.276092979
MRPL51,2069.0,0.35376587,169.0,0.476437,-0.224963382
MRPL53,198.0,0.441261883,155.0,0.18619,-0.449602867
MRPL9,407.0,0.432679379,437.0,0.538446,-0.432704017
MRPS11,2793.0,0.477818717,1491.0,0.387047,-0.104148006
MRPS15,468.0,0.440649404,164.0,1.110895,0.219864153
MRPS17,1334.0,0.413812124,30.0,1.2325,-0.215302983
MRPS18B,936.0,0.408462865,157.0,-0.289419,-0.196277202
MRPS36,933.0,0.3748339,84.0,-0.71259,-0.242780581
MRPS7,453.0,0.455992019,233.0,-0.268211,-0.265311588
MSI2,5168.0,0.366385762,173.0,-1.003362,-0.723557766
MSTO1,694.0,0.421389639,1152.0,0.132522,-0.096764065
MT1E,291.0,0.588704726,179.0,1.855676,0.768180451
MT2A,316.0,0.576670685,123.0,3.150286,1.079775608
MTA2,684.0,0.459443446,761.0,0.657214,0.128883419
MTFMT,1550.0,0.414190941,26.0,-0.158206,-0.125624867
MTHFS,1663.0,0.434592403,179.0,0.340614,-0.597703698
MTMR1,2442.0,0.424163835,319.0,-0.868853,-0.044974474
MTMR14,421.0,0.371137969,151.0,0.177311,-0.025204094
MVP,50.0,0.435053297,193.0,-0.124818,-0.024342548
MX1,456.0,0.433488503,982.0,-1.368237,-1.020792991
MX2,1812.0,0.430094961,104.0,-1.17555,-0.206643484
MYADM,2833.0,0.384589896,681.0,-0.100758,0.025047655
MYCBP,3972.0,0.381803634,73.0,0.0444,-0.08991761
MYL12A,812.0,0.453450746,478.0,0.733832,0.324568315
MYO18A,3647.0,0.395788337,484.0,-0.375215,0.073161556
MYO9B,1401.0,0.398943925,152.0,0.226066,0.405837197
N6AMT1,5137.0,0.427535625,28.0,-0.149068,-0.210956849
NAA40,3212.0,0.389371031,261.0,0.852634,0.380013578
NAB1,2433.0,0.361024962,572.0,0.451133,0.171224938
NADK,1672.0,0.3959688,563.0,-0.434334,0.102833347
NADSYN1,464.0,0.447848979,126.0,0.113927,0.027990229
NAGK,1297.0,0.42527382,474.0,0.294444,0.009273617
NANS,37.0,0.458552255,132.0,0.364881,-0.32970929
NAPA,1862.0,0.477781443,318.0,0.408074,-0.013912807
NAT10,4915.0,0.387474071,245.0,-0.459769,-0.072333277
NBAS,140.0,0.414580543,44.0,-0.457227,0.247937975
NCALD,2767.0,0.374888213,460.0,1.604462,0.679815365
NCAPD3,2971.0,0.431957579,606.0,-0.209193,-0.14855925
NCAPG2,3501.0,0.41630572,200.0,0.202349,-0.343832164
NCF1,2381.0,0.415579251,70.0,0.496914,0.8293046
NCK2,1267.0,0.457831152,276.0,1.268248,0.362908795
NCKIPSD,4981.0,0.449411541,126.0,-0.036669,-0.14230561
NCOA5,1332.0,0.416761948,402.0,0.001079,-1.2e-05
NCOA7,3259.0,0.404217869,470.0,-0.272846,-0.029406742
NDC80,61.0,0.356199389,182.0,1.869187,0.333963295
NDRG2,841.0,0.376266446,941.0,-1.162455,-0.579870122
NDUFA4,1685.0,0.439642808,129.0,-0.350541,-0.095436111
NEU1,667.0,0.413226082,156.0,-0.016112,-0.127948555
NFATC2IP,3242.0,0.412267479,15.0,-0.133445,-0.339169998
NFKB1,708.0,0.4099683,467.0,-0.323336,-0.106500797
NFKB2,153.0,0.424806573,563.0,0.928753,0.139982597
NFKBIE,1053.0,0.409138176,25.0,0.867546,-0.16176799
NGDN,1255.0,0.423783924,27.0,0.068701,-0.029838749
NGRN,1679.0,0.414477409,50.0,0.440077,-0.276516359
NINJ1,5217.0,0.455972644,71.0,-0.089682,-0.47892277
NIP7,1593.0,0.443769116,318.0,0.665141,-0.196588311
NIT2,2351.0,0.432361565,74.0,-0.827912,-0.603403238
NMNAT3,2689.0,0.397393877,1228.0,-6.248023,-1.403796498
NMT1,3377.0,0.454689408,31.0,-0.451358,-0.302207605
NONO,1092.0,0.432928506,710.0,0.046197,-0.029842192
NOP14,912.0,0.38067473,187.0,-0.461428,-0.046686911
NOP2,785.0,0.393538298,198.0,-0.073295,0.217227937
NOTCH2,6062.0,0.409327653,297.0,-1.025859,0.110626665
NPTN,1068.0,0.388989686,197.0,-0.059748,0.289810795
NR2C2,6271.0,0.390767743,362.0,-0.59762,0.027650555
NRBF2,883.0,0.43605128,224.0,0.625668,0.558318785
NRF1,1901.0,0.447602651,500.0,-0.195732,-0.165273879
NRGN,833.0,0.413631862,152.0,1.490757,0.474935843
NRP1,3846.0,0.416817106,523.0,0.668428,0.378258079
NSFL1C,1587.0,0.42738001,868.0,0.355915,-0.10608948
NSMAF,602.0,0.358586884,214.0,-0.39796,0.171516983
NTAN1,178.0,0.344459601,320.0,0.565221,0.041735709
NUBP1,246.0,0.455923678,142.0,0.45867,-0.082228309
NUCKS1,5461.0,0.359398328,271.0,0.386945,-0.088405098
NUDC,716.0,0.476401948,127.0,0.330002,-0.233958621
NUDT16,5489.0,0.428387545,75.0,-0.328837,-0.027075688
NUMA1,663.0,0.474508115,436.0,-0.585422,-0.326356896
NUP93,5678.0,0.382018893,495.0,1.48146,0.075536543
NXF1,2943.0,0.375826754,136.0,-0.337698,-0.197970758
OCIAD2,4872.0,0.363821488,322.0,1.038644,0.084411659
OGDH,1071.0,0.396078149,159.0,0.014394,-0.213890845
OPA3,7233.0,0.475004358,100.0,0.075772,0.026593323
OSBPL2,2363.0,0.383456763,571.0,-0.240445,-0.008245063
OSBPL5,1099.0,0.381371042,158.0,0.464291,0.177040595
OVCA2,792.0,0.429983078,65.0,0.173831,0.090636403
P2RX4,573.0,0.442596273,304.0,-0.991243,-0.082309096
PAAF1,509.0,0.376143366,341.0,-0.043079,-0.048782821
PACSIN2,1591.0,0.413490434,405.0,0.192213,0.246338617
PARK7,451.0,0.457171775,163.0,0.057568,-0.326146713
PARP1,769.0,0.460215809,171.0,-0.338734,-0.422128961
PARP10,332.0,0.422654659,200.0,-0.74718,-0.384271613
PARP12,816.0,0.416480622,874.0,-0.87995,-0.143436272
PARP14,2243.0,0.414355918,59.0,-0.926127,-0.104120402
PARP9,451.0,0.418102187,327.0,-0.861575,-0.423088681
PARVG,2043.0,0.383803232,484.0,-0.110577,0.32152313
PBK,750.0,0.413339119,464.0,-0.276041,-0.377329866
PCNA,338.0,0.425000199,239.0,0.802912,0.046150692
PDAP1,2007.0,0.464659554,134.0,0.455249,-0.161686669
PDCD2,155.0,0.440448783,111.0,-0.211739,0.251355321
PDCD2L,48.0,0.433436103,33.0,0.668001,-0.000746398
PDCD6IP,3211.0,0.388727459,158.0,-0.567241,-0.098666968
PDHA1,2054.0,0.402514578,145.0,0.151374,-0.143824299
PDHB,2974.0,0.442593378,43.0,-0.001038,-0.179730271
PDLIM1,357.0,0.379179626,233.0,0.558222,0.021529577
PDXDC1,2055.0,0.375670185,335.0,-0.114454,-0.241043909
PDXK,6244.0,0.398158884,198.0,1.659224,0.255867398
PEBP1,796.0,0.360152166,326.0,0.282104,-0.424229543
PEF1,769.0,0.441759403,424.0,-0.092629,-0.119291392
PELO,5222.0,0.385240523,985.0,-0.201282,0.154104002
PEPD,395.0,0.450896903,133.0,0.383502,0.040074199
PEX16,585.0,0.43213601,312.0,0.203314,0.135546546
PEX6,946.0,0.370078344,93.0,-1.050298,-0.20202171
PEX7,2294.0,0.407005497,102.0,0.378648,0.039462899
PFDN5,124.0,0.497062947,117.0,0.017481,-0.094173784
PFDN6,574.0,0.470152145,222.0,0.595281,-0.212428727
PGM1,570.0,0.393980016,681.0,0.135776,0.161085938
PHB,988.0,0.45268542,190.0,-0.143125,-0.346924128
PHF10,104.0,0.365149381,79.0,-0.181124,-0.169764382
PI4K2A,2692.0,0.385068362,57.0,0.116269,0.259788279
PIAS1,3626.0,0.396022529,741.0,0.323534,-0.007869414
PIK3AP1,3866.0,0.407313024,128.0,-0.458475,0.339928637
PIR,205.0,0.385796208,485.0,-0.382416,-0.488178531
PITPNC1,4686.0,0.369070722,874.0,1.188447,0.057035601
PLA2G4C,585.0,0.406173977,398.0,0.414029,0.215182244
PLA2G7,1187.0,0.402486321,269.0,-0.502065,0.318577598
PLAUR,323.0,0.418467601,226.0,1.265004,0.566896292
PLCB2,818.0,0.468984469,301.0,-0.274451,0.257086024
PLCG1,3987.0,0.454806205,121.0,0.145047,0.232826353
PLD4,273.0,0.377985619,192.0,-1.702696,-0.141576245
PLEKHO1,5192.0,0.424698037,839.0,1.272365,-0.005457911
PLEKHO2,2119.0,0.429714475,134.0,-0.183749,0.430203268
PLSCR1,10376.0,0.415598704,388.0,-1.607256,-0.046889435
PML,3324.0,0.431306474,140.0,0.186439,0.045309903
POLR1C,1131.0,0.439933821,86.0,0.217988,-0.229494234
POLR1D,1469.0,0.427162265,456.0,0.32627,-0.219130659
POLR2F,1600.0,0.47244007,250.0,1.010919,0.121774376
POLR2H,1065.0,0.427596015,1167.0,0.465679,-0.049331866
POLR3H,3481.0,0.444306047,388.0,0.156261,-0.194599616
POLR3K,1023.0,0.473025152,46.0,-0.200797,-0.181227649
PPA2,660.0,0.432735716,20.0,0.224136,-0.114806885
PPIE,4556.0,0.446406574,56.0,0.493625,-0.14493958
PPIL1,1921.0,0.453832883,252.0,-0.025197,-0.020925929
PPP1R14B,282.0,0.457456004,268.0,2.412958,0.549141398
PRC1,1136.0,0.367783806,234.0,0.948826,0.105909436
PRCC,357.0,0.381841119,290.0,0.28087,-0.048383423
PRDX1,303.0,0.414090753,341.0,0.552189,-0.206741027
PRDX6,944.0,0.433706552,51.0,0.001399,-0.100031798
PREB,658.0,0.378530018,403.0,0.519747,0.117176334
PREP,579.0,0.425974009,233.0,-0.141093,-0.463181903
PRG4,784.0,0.366727173,51.0,-4.143907,0.41096929
PRIM2,1166.0,0.350864643,125.0,0.386396,-0.276308246
PRKAB1,1305.0,0.365943644,289.0,-0.661008,-0.243464097
PRKAR2A,5019.0,0.427443141,254.0,-2.002602,-0.089865338
PRKCB,5795.0,0.38010529,197.0,-0.642154,0.499033896
PRKCD,451.0,0.404392693,469.0,0.944378,0.343709662
PRKRA,683.0,0.420894136,659.0,0.107629,-0.041032474
PRKRIP1,3224.0,0.453589322,55.0,0.170905,-0.40288759
PRMT5,393.0,0.386451423,508.0,-0.938018,-0.230480588
PRMT7,3655.0,0.450088803,850.0,0.539793,0.313495058
PROCR,549.0,0.357872186,218.0,0.098953,-0.081507761
PRPS1,3908.0,0.466551451,409.0,-0.642319,0.070615164
PRPSAP1,2056.0,0.390811115,688.0,-0.846848,-0.252778591
PRRC1,3173.0,0.409170839,188.0,-0.70676,-0.191813526
PSMA5,2997.0,0.446573967,225.0,-0.085169,-0.16601692
PSMA6,187.0,0.423632682,445.0,0.393704,-0.06408504
PSMB10,58.0,0.455018511,128.0,0.181031,-0.281777831
PSMB2,3775.0,0.389848815,412.0,0.444148,-0.041417948
PSMB8,242.0,0.411206622,522.0,-0.326598,-0.118439099
PSMB9,5497.0,0.431095699,69.0,-0.82331,-0.092593442
PSMC3,66.0,0.485654947,194.0,0.646,0.052665906
PSMD11,2567.0,0.390095635,61.0,-0.022507,0.065937459
PSMD13,384.0,0.437236365,242.0,0.567533,0.127902456
PSMD8,450.0,0.458928351,52.0,0.08741,-0.007769459
PSME2,53.0,0.443656162,65.0,0.08316,-0.314885865
PSMG1,5308.0,0.427553471,578.0,0.812456,-0.106555681
PSTPIP2,1923.0,0.429639796,96.0,0.972953,0.431493215
PTBP1,1504.0,0.473818895,106.0,0.675373,0.026081885
PTDSS1,3765.0,0.367954205,423.0,0.652629,-0.012151887
PTGS1,3346.0,0.37260918,633.0,-0.997933,0.104683519
PTP4A1,3419.0,0.421202001,1153.0,-0.268437,-0.542590695
PTPMT1,1899.0,0.450492628,193.0,0.160983,-0.426288908
PTPN18,2185.0,0.381656528,101.0,-0.031117,0.345991579
PTPN7,1593.0,0.440747449,781.0,0.384376,0.290197699
PTPRE,2994.0,0.426620112,1843.0,0.706702,0.281368833
PTPRF,4571.0,0.452810321,356.0,-0.217796,-0.320739558
PTRH2,3186.0,0.370743372,1544.0,0.052674,-0.629386694
PWWP2B,819.0,0.424412275,29.0,0.838081,0.094066739
PYCR2,578.0,0.474148407,230.0,0.592323,-0.01757658
PYGL,175.0,0.392036998,127.0,0.582959,0.392400873
QARS,97.0,0.458996209,396.0,0.372025,0.162031895
RAB11FIP1,4277.0,0.380614122,56.0,-1.806772,-0.187033155
RAB12,1120.0,0.38483812,283.0,0.106895,0.191232024
RAB21,5246.0,0.435367738,267.0,-0.72755,-0.266161542
RAB31,3231.0,0.437498832,175.0,0.464429,0.425878433
RAB35,2172.0,0.408841719,189.0,-0.531526,-0.060055105
RAB7A,1376.0,0.419395127,232.0,0.127459,0.060035782
RAB8B,4163.0,0.425956778,96.0,-0.216443,0.507300438
RAB9A,1716.0,0.417525007,283.0,-0.518262,-0.043659423
RABGGTA,77.0,0.387342734,512.0,0.476352,0.11143521
RABGGTB,440.0,0.409412379,78.0,-0.08113,0.009523128
RABIF,4760.0,0.447399225,159.0,0.40027,0.050248161
RACGAP1,1895.0,0.366370127,354.0,0.063367,0.007922707
RAD9A,924.0,0.444046557,185.0,-0.081365,-0.158957519
RAE1,1112.0,0.432613552,365.0,-0.165772,-0.163463731
RAI1,1472.0,0.455620822,469.0,-0.213286,-0.03828675
RAN,2043.0,0.442855294,361.0,0.14006,-0.151181965
RANBP10,3359.0,0.379453562,1256.0,0.417049,0.35927063
RANGAP1,3145.0,0.481547647,765.0,1.136498,0.06467859
RAPGEF1,2727.0,0.425793135,159.0,-0.799204,-0.067812758
RARS,114.0,0.423508657,41.0,-0.788278,-0.125460149
RASGRP2,183.0,0.381671176,582.0,-0.100339,0.506884103
RASGRP4,985.0,0.374724859,214.0,-0.724566,0.704377643
RBBP4,6506.0,0.404056961,164.0,-0.152634,0.015171747
RBBP5,3098.0,0.421849625,474.0,-0.783715,-0.026474314
RBKS,251.0,0.392307233,1371.0,-1.392311,-0.702320339
RBM12,3599.0,0.375183789,304.0,-0.698067,-0.122280608
RBM14,3443.0,0.468008211,139.0,-0.136406,-0.044248796
RBM4B,5277.0,0.396841232,170.0,0.616117,0.056958395
RBMX,1201.0,0.353737079,210.0,-0.184763,-0.360212733
RBPJ,4223.0,0.4178224,518.0,1.084355,-0.009143501
RBX1,821.0,0.46562919,52.0,1.208905,0.367839776
RC3H1,7637.0,0.410085914,87.0,-0.375894,0.062947888
RCCD1,1773.0,0.374130224,280.0,1.080408,0.162437008
RCOR1,4070.0,0.439565312,228.0,0.03517,-0.049483536
REEP4,591.0,0.460338979,469.0,0.253507,-0.005287324
REEP5,2962.0,0.457536941,144.0,-0.652925,-0.300249376
RELB,408.0,0.418226182,131.0,0.800141,0.117921513
REPIN1,2683.0,0.45080531,489.0,-0.146231,-0.189766549
RET,2082.0,0.379562012,357.0,-1.761215,-0.154232887
RFC4,89.0,0.411167541,282.0,0.388704,-0.047715106
RFK,1882.0,0.429285662,357.0,-0.619951,-0.026196755
RFX5,1546.0,0.386685917,221.0,-0.061728,-0.133386134
RFXAP,1850.0,0.421314391,156.0,-0.534535,-0.48879026
RHBDF2,740.0,0.423256567,294.0,0.11999,0.328552495
RHOT2,568.0,0.454546166,881.0,-0.021134,-0.045103151
RINL,1279.0,0.357351373,413.0,0.897039,-0.277833255
RNASE2,179.0,0.384567964,71.0,2.153862,1.062893128
RNASEH1,4369.0,0.404567903,700.0,-0.224705,-0.157730586
RNASEH2B,3930.0,0.37625722,399.0,0.574462,0.027109644
RNASET2,1070.0,0.374792559,407.0,1.230322,0.385009363
RNF114,1751.0,0.459950313,36.0,0.410925,-0.152644981
RNF167,289.0,0.375291206,776.0,0.01882,0.035566662
RNF20,5226.0,0.396317502,92.0,-0.441328,0.141737676
RNF213,5288.0,0.417718743,150.0,-1.41713,-0.414863538
RNF216,2819.0,0.430061571,259.0,-0.397747,-0.215682099
RNF25,102.0,0.375620157,88.0,0.740355,0.14536892
RNF31,88.0,0.389352607,358.0,-0.295896,-0.018777885
RNLS,1252.0,0.416402283,135.0,-1.102813,-0.103777664
RNMT,4581.0,0.415128602,241.0,-0.588673,0.007464551
RNPEP,463.0,0.447181346,896.0,-0.206169,-0.226188502
RP9,437.0,0.42869019,18.0,1.113654,0.378813088
RPA1,2907.0,0.381710028,170.0,-0.477169,-0.19701415
RPA2,639.0,0.400070522,793.0,-0.080456,-0.197374514
RPAIN,471.0,0.394698889,570.0,0.029316,-0.244510005
RPL11,461.0,0.442317923,45.0,-0.098633,0.047490589
RPL14,5208.0,0.496792394,133.0,0.289898,0.7735608
RPL23,3146.0,0.464880603,90.0,-0.104706,0.255252777
RPL26,53.0,0.427802183,389.0,-0.640457,0.317544568
RPL31,1260.0,0.451994935,87.0,1.154772,-0.196968408
RPL34,1350.0,0.436455219,198.0,0.464249,0.411825789
RPL5,1058.0,0.451564158,75.0,-0.312456,0.290334981
RPL7,1077.0,0.460258279,707.0,0.456346,0.859000325
RPS11,373.0,0.483080585,92.0,0.756904,0.183160649
RPS24,4247.0,0.430653047,142.0,0.454341,-0.136887507
RPS25,109.0,0.467193878,63.0,0.674337,-0.103903479
RPS27A,743.0,0.450449292,321.0,0.387602,0.048191365
RPS3A,306.0,0.426765211,80.0,-0.120777,0.335540664
RPS4X,629.0,0.442998752,96.0,-0.018048,0.253113382
RPS6,2723.0,0.413925579,42.0,0.15804,0.989044799
RPS6KA1,828.0,0.389798854,163.0,0.697633,0.159529858
RPS6KA4,735.0,0.38455359,226.0,0.166631,0.125091072
RPS7,66.0,0.428822459,109.0,0.481881,-0.031656327
RPTOR,2341.0,0.385169267,805.0,-0.798118,-0.27361172
RREB1,3012.0,0.456825357,492.0,-0.401811,0.091574101
RRM1,2304.0,0.437568848,689.0,-0.047899,0.076512108
RRP8,5071.0,0.446233376,148.0,-0.211811,-0.336790769
RRS1,978.0,0.468289248,104.0,1.610872,-0.080403511
RTN3,1690.0,0.358048129,187.0,0.030948,0.011473804
RTN4IP1,1108.0,0.372133716,477.0,0.426156,-0.142217262
RUNX1,4334.0,0.416076551,1578.0,-0.381662,0.231172429
RUNX3,2611.0,0.405217602,439.0,-0.672112,0.27132473
RWDD1,6365.0,0.401367905,746.0,0.025046,0.011425966
S100A8,71.0,0.444112716,170.0,9.333166,2.202340212
S100A9,189.0,0.439508357,43.0,8.120954,2.167695597
SAMD9,1815.0,0.395660052,270.0,-1.459556,-0.308550489
SAMD9L,1162.0,0.396305952,1248.0,-1.668112,-0.225041706
SAMM50,150.0,0.345249646,197.0,0.186077,-0.033099333
SAMSN1,684.0,0.407246581,430.0,-0.653749,0.046006309
SAP18,1754.0,0.427429047,39.0,0.650411,-0.191956154
SAP30BP,1541.0,0.449617255,257.0,0.22956,-0.048273977
SAR1A,5213.0,0.411769389,203.0,0.016211,-0.063378564
SAR1B,5806.0,0.392367964,253.0,-0.979299,-0.497338046
SARS,1054.0,0.40098191,100.0,-0.258521,-0.31696872
SASH3,1369.0,0.387406112,182.0,-0.399235,0.070522163
SCAMP4,1741.0,0.472519575,351.0,0.974935,0.449346391
SCO1,8645.0,0.407339367,61.0,-0.624656,0.124202496
SDCCAG8,307.0,0.360606297,1542.0,-0.453722,0.140550147
SEC11C,205.0,0.423646802,92.0,0.145997,-0.31518653
SEC13,332.0,0.457264526,210.0,0.603664,0.083716286
SEC14L1,2986.0,0.420320088,665.0,-0.042759,0.097096783
SEC22A,2559.0,0.422343815,79.0,0.043163,-0.059786746
SEC24B,1221.0,0.400931805,155.0,-0.88326,0.101365021
SEC24D,2115.0,0.386600041,297.0,0.021961,0.333080613
SEC61B,270.0,0.404562259,76.0,0.924726,0.243502832
SEMA3F,960.0,0.38837398,318.0,0.190612,-0.300357523
SEMA4A,755.0,0.412797256,345.0,0.838564,0.077224425
SEMA4D,2318.0,0.393173667,572.0,-0.469709,-0.06749661
SERPINA1,1707.0,0.420489385,573.0,3.559353,0.23767644
SERPINB8,2096.0,0.38524815,520.0,-0.080281,0.091756345
SETMAR,321.0,0.414235412,398.0,0.246241,-0.216468961
SEZ6L2,540.0,0.431800162,245.0,2.229,0.371498285
SF1,2419.0,0.374481437,721.0,-0.159763,-0.049678588
SF3B2,563.0,0.453902675,40.0,0.092963,-0.090440315
SFXN4,500.0,0.402513841,45.0,0.456317,0.05500162
SH3BP1,433.0,0.395530944,313.0,0.979702,0.318682782
SH3PXD2B,4870.0,0.420952884,171.0,0.191509,0.266196256
SHMT1,4335.0,0.394510245,509.0,0.010738,-0.368482522
SIGLEC1,1590.0,0.42099348,0.0,-0.871086,0.485800331
SIPA1,2933.0,0.437718847,296.0,0.579891,0.264809223
SIRPA,3027.0,0.429235057,360.0,-0.683466,0.120393499
SKP1,8791.0,0.433886974,179.0,-1.65056,-0.37553037
SLBP,3046.0,0.391438372,553.0,0.591725,0.170477589
SLC25A10,1929.0,0.386184273,191.0,0.460453,-0.17707737
SLC25A19,477.0,0.386093473,224.0,0.035215,-0.140994347
SLC25A20,787.0,0.382641976,199.0,-0.406887,0.043116619
SLC25A3,504.0,0.383836987,354.0,-0.761968,-0.422237123
SLC25A40,2688.0,0.363984785,375.0,-1.535299,0.278773912
SLC25A42,2156.0,0.366871382,156.0,-0.395109,-0.377952499
SLC25A6,450.0,0.487227384,137.0,0.04096,0.206222361
SLC27A3,163.0,0.439664345,91.0,-0.239341,0.083798199
SLC39A10,2661.0,0.346494338,214.0,-0.764603,-0.116081209
SLC43A2,6357.0,0.437839378,341.0,1.561649,0.414055579
SLC43A3,838.0,0.382351997,447.0,0.899056,-0.965960275
SLC44A1,8291.0,0.4365497,264.0,-0.433392,-0.66109984
SLC9A3R1,709.0,0.400889529,235.0,-1.300197,-0.874480123
SMAP2,1225.0,0.404145004,415.0,-0.365503,0.016881138
SMC1A,5954.0,0.490702048,340.0,-0.60735,-0.1164451
SMG5,1363.0,0.383248033,540.0,-0.158262,0.027534855
SMS,2660.0,0.417677888,252.0,-0.010555,-0.396268736
SMYD3,223.0,0.378821529,130.0,0.906763,-0.383322071
SNRNP200,676.0,0.454045162,132.0,-0.101947,-0.038758876
SNRPC,474.0,0.427936125,450.0,0.3701,0.050185784
SNRPD1,4386.0,0.384326147,161.0,0.631718,0.212715347
SNRPN,279.0,0.390283395,1145.0,0.077375,-0.087047233
SNX24,5071.0,0.338464018,185.0,-1.424994,-0.326041516
SNX30,6144.0,0.426743352,148.0,-0.645429,0.194807969
SNX33,5086.0,0.383330712,96.0,0.012099,0.034127594
SOD1,353.0,0.438546885,148.0,0.536113,-0.406948281
SOD2,13436.0,0.435065133,1828.0,1.392704,0.007298915
SP110,3922.0,0.401738483,258.0,0.24748,-0.189771823
SPC24,1691.0,0.381793277,320.0,1.801462,0.216959341
SPC25,540.0,0.373816265,131.0,1.057469,0.304788626
SPCS1,3333.0,0.417439524,205.0,0.159167,-0.260080303
SPI1,383.0,0.406748349,223.0,0.2783,0.016199105
SPRYD4,1406.0,0.430591965,75.0,0.093579,-0.239547198
SQSTM1,1485.0,0.412192979,360.0,-1.091243,-0.626259991
SRC,2671.0,0.437602812,449.0,1.635262,0.578953975
SRGAP2,3018.0,0.377689891,542.0,0.833578,0.4499018
SRI,5365.0,0.424260151,79.0,-0.562833,-0.236169802
SRP19,2645.0,0.430943803,189.0,-0.108213,-0.167253734
SRPRB,1784.0,0.427990824,285.0,0.21308,-0.02719114
SRR,1392.0,0.393840903,354.0,0.34856,-0.092575681
SRXN1,2099.0,0.37663928,185.0,0.112408,0.096488834
SS18L2,777.0,0.45997865,208.0,1.175328,0.071904713
SSH1,5298.0,0.373517564,146.0,-0.571208,0.221334882
SSH3,2595.0,0.376349937,178.0,-0.510034,-0.41799393
SSR2,592.0,0.425839932,80.0,0.875015,1.026699076
SSR3,3698.0,0.388415977,156.0,-0.003711,-0.433259756
SSR4,87.0,0.444947593,150.0,1.588121,0.04925083
SSRP1,422.0,0.394601844,267.0,0.43463,-0.256014358
SSU72,400.0,0.445120823,325.0,0.522494,0.025308567
ST13,3666.0,0.439823793,468.0,-0.348309,-0.23250068
ST14,553.0,0.454138745,193.0,0.688033,-0.075707714
STARD10,1682.0,0.427301627,944.0,-0.177191,-0.877543707
STAT1,3294.0,0.408136156,388.0,-1.060706,-0.598613115
STAT2,1791.0,0.409862748,203.0,-0.650538,-0.19401378
STAT6,1168.0,0.380869476,499.0,-1.193393,-0.325322531
STMN1,1138.0,0.394107416,364.0,1.375829,-0.135095449
STOM,2222.0,0.387137797,117.0,-0.693776,0.707783316
STOML2,531.0,0.456962681,143.0,0.145865,-0.248463873
STX11,4481.0,0.457080677,192.0,-1.124961,0.426743957
STX3,5058.0,0.403902965,547.0,-0.017187,0.21640387
STX7,14891.0,0.417568039,327.0,0.345922,0.232402251
STX8,107.0,0.378438911,150.0,0.492726,0.355887455
SUCLG1,223.0,0.43877655,193.0,0.567088,0.03450541
SUFU,3380.0,0.361614756,191.0,0.090868,-0.055398613
SUMF1,999.0,0.37076871,37.0,0.907887,0.384637986
SUPT4H1,1112.0,0.438747077,103.0,-0.337582,-0.619965933
SURF2,1720.0,0.440503417,48.0,0.383978,-0.334351356
SURF4,2281.0,0.385472445,476.0,0.433921,-0.045623759
SURF6,4908.0,0.42467207,78.0,0.612304,-0.137350597
SUV39H1,1669.0,0.463566826,266.0,0.145199,0.484241539
SVIP,4195.0,0.357937352,217.0,-0.789477,-0.140174351
SYTL1,80.0,0.364244725,197.0,-0.334205,-0.018302304
TACC3,165.0,0.385699108,155.0,1.801286,0.461379231
TADA2B,3064.0,0.464060586,151.0,-0.047467,-0.230739042
TAF12,689.0,0.435926756,522.0,-0.278825,-0.143976954
TAP2,5256.0,0.374969764,175.0,-0.038548,-0.217176704
TATDN2,2040.0,0.415810908,581.0,-0.404716,-0.154420513
TBC1D20,3109.0,0.435441414,148.0,-0.051051,0.053533552
TBC1D9B,1396.0,0.395340616,37.0,-1.021713,-0.155650815
TBCC,556.0,0.434161456,73.0,0.851962,-0.033409607
TCEAL3,260.0,0.368171822,262.0,-0.831835,-0.768738815
TCEAL4,3020.0,0.432120515,489.0,-0.282581,-0.673414583
TCOF1,1640.0,0.41523122,108.0,0.117241,-0.274857087
TDP1,1721.0,0.418036689,317.0,-0.101497,-0.043033627
TDRD7,242.0,0.375852104,234.0,-1.689865,-0.197921179
TDRKH,973.0,0.419795099,182.0,0.435492,0.303546525
TEP1,2777.0,0.379550228,40.0,-0.687446,-0.224857977
TFE3,1431.0,0.379068139,541.0,-0.172651,-0.154814067
TFEB,621.0,0.429366592,302.0,-0.173381,0.059594669
THADA,112.0,0.415199561,352.0,0.187402,-0.123392192
THBD,2144.0,0.448063145,160.0,0.153193,0.504784755
THUMPD1,2715.0,0.455087735,225.0,-0.326115,-0.330052357
THYN1,205.0,0.377954149,484.0,0.840776,0.025759008
TIMM50,3932.0,0.424829064,722.0,0.560661,-0.092110084
TIMM8B,2046.0,0.447942532,30.0,0.938847,-0.1643389
TK2,3965.0,0.360054507,593.0,0.844499,0.202742478
TLE1,571.0,0.374791795,1295.0,0.131141,-0.170709653
TM9SF2,2020.0,0.372522209,233.0,-0.617051,0.062937882
TMED3,1710.0,0.439016102,188.0,1.783865,0.838676973
TMED9,708.0,0.44685712,67.0,0.010729,-0.011646854
TMEM126A,52.0,0.406087664,295.0,-0.001836,0.095798608
TMEM199,2431.0,0.370998168,90.0,-0.302099,-0.208232977
TMEM63A,1407.0,0.385482014,622.0,0.993459,0.271989059
TMOD1,2050.0,0.392927141,213.0,0.389586,0.165156832
TMSB10,278.0,0.470652003,95.0,2.690511,0.598514252
TNFAIP1,2409.0,0.451408648,449.0,-0.312002,-0.163908171
TNFAIP2,2079.0,0.44214387,131.0,0.227582,-0.146505332
TNFAIP3,1995.0,0.416242917,370.0,-0.120541,0.251413409
TNFAIP8L2,497.0,0.440670719,126.0,0.351717,0.258131405
TNIP1,770.0,0.448321216,241.0,-0.31051,0.027826661
TNK2,822.0,0.420245651,543.0,-0.340271,0.114605612
TNPO2,2070.0,0.408799881,358.0,0.102278,-0.10452532
TNRC18,1316.0,0.449521205,349.0,0.666295,-0.004546316
TOMM5,518.0,0.441712708,107.0,0.429497,0.231602198
TOMM6,1957.0,0.431553434,255.0,0.873641,-0.661114883
TOP2A,1003.0,0.364102812,159.0,0.169831,-0.118056122
TOR1A,3160.0,0.446121485,77.0,-0.402789,-0.101164459
TPD52L2,1600.0,0.385071878,138.0,0.320106,0.103929938
TPI1,620.0,0.479135356,527.0,0.540327,0.01572421
TPM1,757.0,0.403626605,257.0,0.51433,0.166720715
TRAF1,7433.0,0.438949906,572.0,-0.214196,-0.081711156
TRAF3,5716.0,0.386659664,353.0,0.286111,0.385946019
TRAF6,6100.0,0.426668941,381.0,-0.664626,0.040134042
TRAPPC3,634.0,0.441060625,519.0,0.670701,-0.058327823
TRAPPC5,42.0,0.453352607,241.0,0.840497,-0.01321053
TRAPPC6B,2539.0,0.437369008,335.0,-0.13521,0.111233895
TRAPPC9,3079.0,0.431357199,134.0,1.28195,0.072453169
TRIM11,3522.0,0.453298916,255.0,0.751267,0.041883419
TRIM13,5308.0,0.419190719,763.0,0.122708,-0.392432671
TRIM14,3117.0,0.369225689,165.0,-0.561072,-0.112446019
TRIM22,1215.0,0.424423711,379.0,-1.009388,-0.09227534
TRIM26,1431.0,0.384319522,565.0,0.114937,-0.172407903
TRIM27,2956.0,0.441704825,359.0,0.23341,-0.201193578
TRIM41,1657.0,0.454716896,737.0,-1.02064,-0.104600518
TRIM5,2312.0,0.426412011,303.0,0.126946,0.187629513
TRIP12,3739.0,0.40441217,297.0,-0.055248,0.303218614
TRIP13,2852.0,0.433721983,145.0,2.426118,0.464606625
TRMT5,3660.0,0.405137655,572.0,0.17172,-0.413759641
TRUB2,4655.0,0.434714666,759.0,0.314899,-0.347750563
TSFM,1390.0,0.429356434,57.0,-0.144406,-0.397731527
TSPAN14,15147.0,0.398868986,305.0,0.321944,0.650842001
TSPYL1,7303.0,0.373212405,287.0,-1.036376,-0.066835112
TSR2,1366.0,0.464925113,443.0,-0.151303,-0.243286786
TTC39C,3394.0,0.378954091,452.0,-3.21338,-0.525499809
TTC7A,2213.0,0.393400181,1272.0,0.619999,-0.184966983
TTPAL,5319.0,0.425556123,145.0,-0.107184,-0.003734665
TTYH3,3063.0,0.383645273,187.0,2.825842,1.328016703
TUBA1C,110.0,0.451729991,576.0,0.725263,0.272245633
TUBA4A,644.0,0.402818439,556.0,3.087195,0.895396473
TUBB,1030.0,0.390058461,509.0,0.850029,-0.054139554
TUBB6,2302.0,0.468445054,1139.0,0.05866,0.366562407
TUBGCP4,1934.0,0.368175973,296.0,-0.385581,0.110769757
TUSC1,1294.0,0.429789613,537.0,0.198827,-0.018374964
TXNL4A,3129.0,0.472736328,466.0,0.750413,0.012635472
TYMP,18.0,0.429537249,376.0,0.709611,-0.063515341
TYMS,581.0,0.364557025,159.0,1.223529,1.13936565
TYROBP,168.0,0.417048036,81.0,-0.03898,0.384867543
UBAP2L,353.0,0.367068802,167.0,0.32652,0.006075027
UBE2B,4002.0,0.405496028,420.0,-0.587019,-0.03324038
UBE2E1,1034.0,0.417917446,229.0,0.457339,-0.002072707
UBE2E2,1962.0,0.352966355,180.0,-1.06905,-0.423908129
UBE2L3,2365.0,0.455573936,198.0,0.428737,-0.075659529
UBE2L6,703.0,0.431638779,653.0,-1.224175,-0.52974893
UBE4B,1283.0,0.418913915,688.0,-0.534787,0.077986893
UBIAD1,2303.0,0.446280173,334.0,-0.850203,-0.481783816
UBR4,797.0,0.387393976,4.0,-0.41885,0.190323714
UBTF,2209.0,0.400105612,296.0,-0.088098,-0.302884157
UBXN1,220.0,0.422601268,194.0,0.441038,0.001710502
UCK2,4043.0,0.447469338,640.0,0.767859,-0.199987177
UGGT1,5935.0,0.374564832,178.0,0.221729,0.273368077
UHRF1BP1,5130.0,0.373569339,234.0,-1.066105,-0.053021665
UNC45A,377.0,0.475530537,1022.0,0.029077,-0.050698288
UNG,1024.0,0.368897526,209.0,-0.432406,-0.281567362
UNK,1388.0,0.447315534,42.0,-0.472992,-0.242710193
UQCR11,4379.0,0.470309826,75.0,0.868618,-0.208564896
UQCRC1,129.0,0.462829321,45.0,0.622774,-0.051883502
UQCRH,193.0,0.365128489,320.0,1.081847,-0.008426902
UROD,171.0,0.391539164,133.0,0.501306,0.207876904
UROS,3849.0,0.422413435,266.0,0.76964,0.247260026
USP18,580.0,0.434940763,338.0,-0.892431,-0.476812969
USP39,571.0,0.39295741,223.0,1.906416,0.23953595
UTP6,2466.0,0.429918331,83.0,-0.413092,0.098792304
VAC14,489.0,0.396517204,827.0,0.884539,0.185688485
VAMP8,451.0,0.398153421,156.0,1.782182,0.895545497
VASP,824.0,0.388921088,342.0,1.181239,0.405074976
VAT1,1456.0,0.406330787,120.0,0.257407,0.187242754
VDAC3,475.0,0.440388181,210.0,-0.852724,-0.660051431
VDR,3209.0,0.450036866,401.0,0.859619,0.044964514
VGLL4,2489.0,0.432812067,506.0,0.070705,0.100871765
VIM,431.0,0.411136971,462.0,0.23042,0.392605239
VLDLR,6202.0,0.388727284,416.0,1.02861,0.160665509
VPS28,291.0,0.476756313,109.0,0.834722,-0.015996074
VPS33B,559.0,0.447669729,583.0,-0.741637,-0.08614395
VPS39,2053.0,0.440628838,173.0,-0.715705,0.103623638
VPS52,2870.0,0.393546356,887.0,-0.054442,0.016065345
WASF2,4090.0,0.365213822,245.0,0.033688,0.247354581
WBP2,1040.0,0.392225719,515.0,-0.685277,-0.74070536
WDFY2,7044.0,0.36603015,340.0,0.784805,0.258721123
WDR1,1039.0,0.393247178,368.0,0.358894,0.371461822
WDR36,3619.0,0.40459335,117.0,-0.994905,-0.075803455
WDR37,8068.0,0.365587877,173.0,-0.256548,0.133348492
WDR4,293.0,0.380589271,581.0,-0.124349,0.04031852
WDR47,1216.0,0.402106333,376.0,-1.103524,-0.01264756
WDR48,1924.0,0.419028298,472.0,-0.51939,0.091876698
WDR5,1979.0,0.401607191,171.0,-0.000378,-0.164958632
WDR54,97.0,0.394793766,128.0,0.294649,-0.711245298
WDR61,197.0,0.411764619,310.0,-0.109315,-0.184608751
WDR77,4184.0,0.412330102,139.0,0.677456,-0.08009684
WDR91,4946.0,0.380864599,823.0,0.720262,0.368319123
WDR92,2520.0,0.427217839,117.0,0.428593,0.007449075
YTHDF1,1279.0,0.384821843,294.0,-0.08849,-0.066493326
YTHDF3,3082.0,0.406652071,509.0,0.288157,0.411101916
YY1,5192.0,0.440120149,480.0,0.335043,-0.357379405
ZBED1,2221.0,0.457533868,282.0,0.343617,-0.19234316
ZBTB8OS,1087.0,0.406816332,276.0,0.498478,-0.178218748
ZC3H12A,768.0,0.421626239,1056.0,1.640247,-0.105579662
ZC3H4,2169.0,0.436042942,38.0,0.140422,0.087615111
ZCCHC10,81.0,0.361883573,67.0,-0.828089,-0.16131719
ZCCHC2,2006.0,0.404185753,0.0,-0.308742,0.183530071
ZFP36L1,2846.0,0.395541595,976.0,0.301711,0.398828601
ZMAT2,1942.0,0.460376067,101.0,-0.707326,-0.361773484
ZMIZ2,4165.0,0.419562196,128.0,0.330915,-0.038918189
ZMYM3,1292.0,0.378831729,749.0,-0.069553,-0.152855456
ZNF207,13817.0,0.386696564,148.0,-0.017007,-0.23319852
ZNF414,113.0,0.422835658,118.0,0.451014,0.093828968
ZNF511,243.0,0.452392726,55.0,0.953065,-0.201919817
ZNF516,4816.0,0.393186692,318.0,-2.767571,-0.067024518
ZNF622,1298.0,0.463753859,120.0,-0.338111,-0.329840163
ZNHIT2,49.0,0.440612513,85.0,0.800052,-0.153912341
ZNHIT3,419.0,0.425204303,73.0,-0.440151,-0.246830402
ZWINT,4585.0,0.411772707,37.0,0.513803,-0.302557032
