,3prime,tAI,max_5_UTR_length,TCGA-C8-A12Z,TCGA-C8-A12Z.1
AAK1,17874.0,0.380718848,505.0,0.61481,0.473483975
AATF,207.0,0.367011205,251.0,-0.676018,0.67107487
ABCC1,1793.0,0.393368456,175.0,-0.277784,-0.407636908
ABCF3,5726.0,0.387768135,869.0,-0.136088,0.020568877
ABHD12,654.0,0.374654709,279.0,0.602811,-0.795214091
ABHD6,1639.0,0.384216096,505.0,0.798868,1.12318299
ABR,2562.0,0.39474042,600.0,-1.088849,-0.246079329
ABT1,2092.0,0.423473096,40.0,-0.027738,0.172566794
ACADVL,176.0,0.46877374,457.0,-1.576497,0.150999659
ACBD6,155.0,0.433964845,621.0,0.057358,0.184869711
ACIN1,584.0,0.404933544,328.0,-0.099681,-0.507163133
ACO1,4661.0,0.37721508,227.0,0.097408,0.396147066
ACOT11,1220.0,0.392289045,176.0,1.835766,0.0
ACOT9,4514.0,0.358892202,225.0,-0.744634,0.281980574
ACP2,814.0,0.411581374,548.0,-0.482429,0.498047847
ACSF2,1484.0,0.405139059,501.0,-0.484972,0.290579426
ACSL1,1530.0,0.417966714,990.0,2.637405,1.149000214
ACSL5,1022.0,0.380976548,307.0,-0.538864,0.621989526
ACTB,613.0,0.469768794,192.0,0.72294,0.750250339
ACTL6A,452.0,0.409046191,387.0,-0.165992,0.177637359
ACTR1A,3151.0,0.432463663,108.0,0.380246,0.718475555
ADA,312.0,0.444091501,440.0,-0.025561,0.822518662
ADAMDEC1,715.0,0.41564171,547.0,0.440562,1.208906998
ADD1,1928.0,0.439806775,863.0,-0.804192,0.103942041
ADPRH,2067.0,0.380088169,541.0,-0.895952,0.381319331
ADSSL1,320.0,0.393141878,776.0,2.248002,1.899005276
AGAP3,508.0,0.436856677,1584.0,0.162937,-0.506780495
AHNAK,842.0,0.382138706,300.0,0.165445,0.218910415
AHSA1,225.0,0.374296292,431.0,0.57874,0.381600852
AIF1,121.0,0.4069451,222.0,-1.64078,-0.026064203
AIFM2,1911.0,0.447982482,217.0,-1.551417,0.620824484
AK1,1528.0,0.389481519,153.0,0.062427,0.254675101
AK2,2893.0,0.384271636,345.0,-0.356721,0.187547361
AKR1C2,3804.0,0.449591167,413.0,-2.635916,-0.565284891
AKR7A2,10996.0,0.385600504,22.0,-0.444741,-0.07203957
ALDH18A1,838.0,0.380333742,511.0,1.350097,0.748367089
ALDH3A2,2525.0,0.42484639,221.0,-1.266157,-0.478206306
ALDH6A1,4647.0,0.38708374,724.0,0.870713,0.187986284
ALG1,2498.0,0.432230555,181.0,0.629949,-1.081570188
ALG5,380.0,0.362014155,67.0,0.276442,0.458178601
ALG9,4217.0,0.365461171,1107.0,0.534842,-1.629097079
ALOX5AP,976.0,0.392577632,248.0,-0.937785,-0.136438476
AMBRA1,1041.0,0.36170155,362.0,0.444277,0.100833608
AMPD2,903.0,0.389224108,566.0,-0.470443,-0.121312639
AMPD3,1695.0,0.423686063,472.0,-1.132432,-0.431356315
ANAPC5,235.0,0.390209877,197.0,-0.651049,-0.260013371
ANKLE2,1737.0,0.418251419,90.0,-0.776093,-0.421305877
ANKRD16,135.0,0.465649334,543.0,-0.182394,-0.021994898
ANKRD35,249.0,0.402949835,108.0,-2.3293,-0.667449268
ANXA2,496.0,0.429738522,160.0,0.55422,0.583234137
ANXA5,1441.0,0.418050335,165.0,0.594571,0.569758465
AP1B1,1153.0,0.424070668,187.0,0.535836,0.676703343
AP1M1,914.0,0.463388599,173.0,0.325178,0.245849883
APBA1,3797.0,0.387421148,276.0,-1.503949,-0.388885278
APIP,427.0,0.433104693,127.0,-0.581129,-0.190713091
APOBEC3B,339.0,0.43450554,55.0,-5.207689,-0.544610878
APOBEC3C,1979.0,0.381716897,103.0,-2.29343,-0.034302286
APOBEC3G,322.0,0.410940579,404.0,-2.502487,0.042446411
APOL2,1195.0,0.42932248,477.0,0.548093,-0.844242921
ARF6,2971.0,0.462806813,621.0,0.305162,0.454199582
ARFIP2,2430.0,0.403729309,291.0,1.276159,1.274181304
ARHGAP17,2624.0,0.371011524,117.0,-0.214567,0.320357495
ARHGAP30,773.0,0.384451823,645.0,-1.323469,-0.368712173
ARHGEF10,1378.0,0.370244255,202.0,-0.204393,0.812263366
ARID2,3145.0,0.362288628,128.0,0.428757,-0.120112425
ARID3A,3881.0,0.411693449,290.0,0.300096,-1.760371851
ARIH2,3112.0,0.397061561,878.0,-0.041953,0.026756535
ARL8A,1065.0,0.409602486,171.0,-0.030245,0.236590962
ARRB1,6041.0,0.39512759,224.0,0.201289,0.447141271
ASF1B,950.0,0.395794233,172.0,-0.080231,0.042234383
ASS1,1357.0,0.394201053,356.0,3.22013,2.282094462
ATPAF1,3039.0,0.439253133,510.0,2.179044,2.044349645
ATRIP,162.0,0.417082642,462.0,-0.209243,0.638337598
AXL,1863.0,0.417061167,376.0,-0.633247,1.196788342
BAG1,2764.0,0.431693656,501.0,-0.917483,0.308436428
BAG3,537.0,0.387438444,306.0,0.3008,-0.832474848
BASP1,971.0,0.520859146,259.0,-1.055931,-1.025682666
BBS7,1531.0,0.408023089,184.0,0.201388,-0.40560382
BCAT2,364.0,0.445598481,657.0,-0.868637,0.000588866
BCKDHB,3082.0,0.419736544,88.0,-0.276165,0.500632824
BCL2,5279.0,0.374049285,493.0,-4.21999,-0.59739622
BCL2L13,4109.0,0.411790332,769.0,0.327348,0.066901411
BID,4193.0,0.428633517,498.0,0.625002,1.37234814
BLVRA,3376.0,0.414260839,177.0,-0.325649,0.381995064
BOLA2,40.0,0.43059393,513.0,-0.084504,-0.144048871
BOLA3,383.0,0.406657227,38.0,0.117386,-0.419569985
BRD2,787.0,0.377809737,2066.0,0.089793,-0.276447409
BRD3,3285.0,0.401150236,188.0,0.543318,-0.493756755
BSPRY,1091.0,0.380011644,48.0,0.688526,0.271426662
BST2,411.0,0.444557266,81.0,-0.063596,-0.791460458
BUB3,1535.0,0.421992618,242.0,0.248878,0.188875061
C1QB,152.0,0.436596666,340.0,-1.89379,0.741576342
C1QC,327.0,0.41150294,283.0,-1.802057,0.362915304
C2CD3,671.0,0.360398895,227.0,0.304388,-0.13565475
C3,5088.0,0.430632158,93.0,-0.043307,0.763238644
CAP1,1134.0,0.406948565,416.0,0.23147,-0.055615719
CAPN1,720.0,0.455130071,197.0,0.078841,0.333184996
CAPRIN1,5632.0,0.374918508,189.0,0.683129,0.108754949
CAPZB,5180.0,0.446052528,622.0,-0.320101,0.067532052
CARD16,437.0,0.41300235,27.0,-0.198585,-0.894114838
CARHSP1,4898.0,0.362100245,360.0,-0.602514,-0.587377719
CASC3,1778.0,0.370720542,295.0,2.68931,-1.116830452
CASP1,750.0,0.424742838,44.0,0.357657,0.667066929
CASP8,1794.0,0.376118708,303.0,0.91349,1.040349111
CAT,629.0,0.397270122,89.0,0.341762,0.256742937
CBL,8368.0,0.375957197,142.0,-0.030085,0.575455086
CBLL1,3286.0,0.400851504,467.0,-0.200881,-0.398423813
CBR3,54.0,0.445176236,228.0,1.753299,1.568900002
CBS,4385.0,0.477784031,626.0,-0.045112,-1.406102658
CBX5,10815.0,0.390902295,318.0,1.657145,-0.030796052
CBX8,2504.0,0.36735217,118.0,-0.504739,-0.305990888
CCDC115,2169.0,0.385110507,452.0,-1.089229,-0.564724024
CCDC125,2554.0,0.359965106,322.0,1.110778,-1.391557765
CCDC58,2462.0,0.421830022,75.0,0.43408,0.435796647
CCDC88C,1302.0,0.396031427,154.0,0.348758,-0.620336791
CCL5,886.0,0.462166288,68.0,-2.431159,-0.449319368
CCNA2,1206.0,0.409154498,373.0,1.283174,-0.890777087
CCNDBP1,2336.0,0.44393643,231.0,-0.212171,-1.009581029
CCS,4244.0,0.460896681,43.0,-0.766299,0.091739222
CCT3,238.0,0.457984718,231.0,1.050915,0.370619396
CCT4,1361.0,0.393363555,164.0,1.035775,0.825628275
CD14,128.0,0.416321757,392.0,-1.028271,0.61031205
CD209,3046.0,0.440000747,67.0,-2.222173,0.722675114
CD33,331.0,0.428315036,40.0,-1.632105,-0.921039638
CD36,2894.0,0.410517795,414.0,-1.383402,-0.066599086
CD40,982.0,0.429065654,90.0,-1.521685,-0.59683265
CD44,3115.0,0.39995987,434.0,-0.98592,-0.745414292
CD63,923.0,0.512738356,403.0,0.722091,-0.686281821
CD74,635.0,0.427357309,187.0,-0.949262,-0.131903065
CDC26,271.0,0.395637029,359.0,0.53582,-1.108920417
CDC34,560.0,0.46431386,199.0,-0.436754,-0.320672579
CDC42EP3,3941.0,0.420378821,1009.0,-0.311594,0.68457244
CDCA3,816.0,0.351209268,820.0,0.130246,-1.285774423
CDCA8,1353.0,0.384295288,290.0,0.092902,-0.560090417
CDIPT,1864.0,0.442654716,541.0,-0.608943,-0.379354238
CDK1,2313.0,0.398329505,154.0,1.032728,0.414948608
CDK19,4557.0,0.421511824,180.0,-0.54991,-0.245473021
CDK2AP1,766.0,0.439144625,522.0,0.431532,0.423974313
CDK5RAP2,367.0,0.371069462,192.0,0.578367,-0.293294761
CDK5RAP3,284.0,0.469750898,1791.0,-1.459663,0.651524572
CDKAL1,1365.0,0.417875209,167.0,-0.486562,0.180476956
CDKN2AIPNL,3639.0,0.409801696,53.0,-0.267623,-0.1300802
CDKN2C,2247.0,0.381912025,1216.0,-0.607722,-0.520247313
CENPH,1478.0,0.418392258,87.0,-0.158095,-0.688558323
CENPV,301.0,0.385948267,62.0,-2.759026,-0.62366109
CEP55,939.0,0.397841874,304.0,1.193316,-1.425559241
CES3,2100.0,0.377378956,446.0,2.727462,0.644412566
CETN2,868.0,0.433727498,47.0,0.167964,-0.123511104
CFL1,677.0,0.502791,234.0,0.355517,-0.408791807
CHAC2,786.0,0.395629742,277.0,0.904116,1.022773548
CHCHD4,3528.0,0.445497334,326.0,0.216104,0.222723127
CHMP4A,296.0,0.447100154,262.0,-1.179245,-0.738968349
CHMP5,1241.0,0.442987983,200.0,0.013807,-0.329497954
CHMP6,980.0,0.489861105,78.0,-1.30716,-0.10945165
CHST11,4211.0,0.430763246,498.0,-0.26573,-0.683202844
CHTF8,2425.0,0.424551152,142.0,0.115195,0.843768597
CIAPIN1,1024.0,0.451663323,242.0,0.006841,-0.298543435
CISD2,5376.0,0.433298698,107.0,0.272505,0.495618935
CKAP4,2872.0,0.386259817,84.0,0.745912,-0.005804522
CKS2,300.0,0.317949998,98.0,0.27965,0.295114028
CLCC1,5185.0,0.369704467,150.0,-0.667293,-1.002269998
CLCN7,1698.0,0.459147749,110.0,-0.020908,-1.384689479
CLIC1,290.0,0.4571302,573.0,-0.027919,0.545541739
CLK2,350.0,0.410673686,925.0,0.381407,-0.636203374
CLK3,1233.0,0.4268607,461.0,0.088261,0.093300325
CLPTM1,458.0,0.383990827,351.0,-0.689632,-0.697147575
CLTA,288.0,0.450950874,514.0,0.120404,-0.274829319
CLTB,319.0,0.48548545,210.0,-0.558603,-0.731699391
CLTC,3104.0,0.384957863,443.0,1.515497,0.306657564
CNBP,6850.0,0.433298698,206.0,0.016174,-0.878373448
CNPY2,123.0,0.392778455,553.0,1.374736,0.99865061
CNPY3,1042.0,0.459231502,584.0,-0.673813,-0.207533
COG3,1967.0,0.414689223,142.0,0.936197,0.556541766
COMMD1,306.0,0.423842833,138.0,-0.507352,0.321497806
COMMD3,431.0,0.360487018,35.0,-0.017905,0.98654696
COMMD5,498.0,0.445713337,399.0,-0.459026,0.535107977
COMMD6,1375.0,0.396967837,328.0,0.006982,1.01925266
COMMD9,2340.0,0.418062772,89.0,-0.284935,0.623471367
COPB1,446.0,0.381738818,307.0,1.157231,0.580979692
COPE,165.0,0.478760693,55.0,-0.064361,0.935385986
COQ6,671.0,0.374062527,159.0,-0.224125,-0.055419234
COQ7,5700.0,0.42379098,133.0,-0.353626,-0.451596386
CORO1A,112.0,0.457388252,435.0,-1.80103,-0.209552089
COX17,1735.0,0.484254073,86.0,0.068228,-1.133039231
COX5A,860.0,0.429944966,140.0,0.397532,0.264651631
COX7A2,302.0,0.441893926,98.0,0.151748,1.000577676
CPM,5262.0,0.406054343,75.0,-1.40482,-0.030432533
CPSF4,923.0,0.452412439,277.0,-0.033016,0.514269921
CPT1A,2761.0,0.374132033,170.0,1.272733,0.182957667
CPT2,602.0,0.431256564,515.0,1.170074,0.088607092
CRCP,8457.0,0.390198146,145.0,0.037438,0.480913577
CRKL,3904.0,0.422225684,509.0,0.634187,0.745081055
CRTAP,5601.0,0.446308827,120.0,-0.301183,0.601809618
CRTC3,3205.0,0.355982524,186.0,-0.178417,0.156746384
CRYL1,462.0,0.386242786,79.0,-0.221826,0.211552572
CSRP1,1183.0,0.493833101,217.0,0.644383,-0.598191491
CST3,2762.0,0.475763324,186.0,-2.827353,-0.071908483
CSTF2,1931.0,0.372934478,58.0,0.06698,-0.429859452
CTBP1,800.0,0.464034004,393.0,-0.671265,0.415796455
CTNNA1,1216.0,0.412513324,1103.0,0.625893,0.10838159
CTNNB1,1106.0,0.432073699,448.0,-0.036146,-0.474849632
CTNNBIP1,2448.0,0.394834327,307.0,-0.671043,0.486524354
CTPS2,1870.0,0.416273085,744.0,0.309697,0.701407788
CTSG,119.0,0.369503415,37.0,-3.296307,-0.53916104
CTSH,1072.0,0.446467856,1192.0,-0.64054,0.254800064
CUEDC1,2047.0,0.374410739,719.0,0.347414,-0.055521949
CUX1,1040.0,0.395555213,127.0,-0.50518,-0.444009603
CXCL10,814.0,0.410287201,105.0,-0.963066,-0.023016447
CXCL9,2323.0,0.403736618,74.0,-0.42373,-0.861996604
CYBB,2544.0,0.418993019,61.0,-1.698735,-0.88879991
CYP2S1,1051.0,0.420869286,58.0,-1.446363,-0.708919501
CYTH4,1837.0,0.406296106,377.0,-1.671973,0.637372937
DAB2,1757.0,0.368483127,531.0,-0.212304,0.83915399
DAGLB,721.0,0.377719723,170.0,-0.232295,-0.143762189
DAP3,768.0,0.366492687,184.0,0.469372,0.561401606
DAPP1,2082.0,0.348655603,90.0,1.335056,0.377921816
DBI,233.0,0.467027529,479.0,0.619095,0.094876585
DCAF8,1877.0,0.380310979,212.0,0.20712,0.211350821
DCP1A,4153.0,0.411936399,381.0,0.310211,0.578102711
DCPS,4731.0,0.375605648,329.0,0.327394,0.522286961
DCTN5,10597.0,0.443116252,177.0,0.519052,-0.000325003
DDAH2,653.0,0.361046801,1104.0,-1.048974,0.203050779
DDB2,1223.0,0.43604051,195.0,-0.320254,-0.166086793
DDX23,713.0,0.445931172,91.0,0.463345,-0.08013578
DDX31,1870.0,0.361830896,544.0,0.72249,-0.140766241
DDX47,438.0,0.379294484,22.0,0.081766,0.129295984
DDX54,1704.0,0.467316231,28.0,-0.733289,-0.538486631
DDX56,586.0,0.438032149,643.0,0.326717,-0.037936229
DDX59,217.0,0.413095257,243.0,0.242497,0.677721944
DHODH,3463.0,0.371608285,21.0,-1.224046,0.355974368
DHPS,121.0,0.474111752,121.0,-0.921401,0.296272778
DHX15,459.0,0.379133957,168.0,-0.116685,0.169283125
DHX34,591.0,0.384465978,349.0,-1.049853,-0.038042612
DHX58,357.0,0.440330409,223.0,0.084721,0.03620936
DIABLO,719.0,0.425893605,1182.0,-0.443886,-0.028959703
DMAP1,63.0,0.471306,301.0,-1.390748,-0.344606208
DMXL2,1274.0,0.389901613,225.0,0.467945,0.589070765
DNAJA4,1736.0,0.398301408,169.0,0.596474,-0.068297374
DNAJC14,1509.0,0.37755465,204.0,1.027362,-1.730873263
DNAJC19,1326.0,0.403482491,259.0,-0.531748,-0.727174882
DNAJC25,1212.0,0.430964931,56.0,-0.489447,0.226220905
DNAJC8,969.0,0.416719859,33.0,-0.857976,-1.140605398
DNM1,1255.0,0.393835111,116.0,-1.024721,0.719284314
DNTTIP2,3564.0,0.408096853,58.0,-0.44456,-0.266689425
DOCK11,3681.0,0.373818855,63.0,-1.736985,-0.176435898
DOCK2,524.0,0.446250827,52.0,-0.916862,0.54668349
DOK2,438.0,0.384043737,481.0,-1.730965,0.432201817
DPCD,197.0,0.459155016,389.0,0.846572,0.090880119
DPF2,2501.0,0.393394442,133.0,-0.040676,0.024123163
DPH1,1310.0,0.448716064,341.0,-1.061322,-0.326381635
DPH5,784.0,0.413363166,165.0,-0.062915,0.530844009
DPY30,562.0,0.438431353,279.0,0.081535,0.761551239
DPYSL2,2472.0,0.430530829,431.0,-1.122239,0.3703751
DRAP1,142.0,0.432809908,245.0,-0.933222,-0.910472758
DRG1,4594.0,0.444150091,131.0,0.544783,0.774627967
DSN1,5330.0,0.392894937,373.0,0.176733,-0.263297866
DSTN,2786.0,0.375776803,438.0,0.652781,-0.105000377
DTL,2265.0,0.372315747,921.0,0.650541,1.308650867
DTX3L,3456.0,0.408848169,89.0,0.260682,-0.308729835
DUSP12,374.0,0.419884133,34.0,0.079732,0.303648259
DUT,1937.0,0.36471409,109.0,-0.11082,0.036678148
DYNLT1,514.0,0.420362019,78.0,0.282421,0.933552243
EBAG9,1437.0,0.39438748,402.0,0.761081,0.583536372
ECH1,191.0,0.389477111,85.0,-1.464412,-1.306665425
ECHDC2,2269.0,0.400166641,752.0,-0.761187,0.762363832
ECM1,322.0,0.43792189,199.0,3.631786,0.350608852
EDEM2,76.0,0.379021051,100.0,-0.132034,0.354683649
EEA1,5374.0,0.405861636,265.0,-0.335906,-0.066422981
EEF1A2,286.0,0.417272363,329.0,1.957404,0.619409941
EFTUD2,1331.0,0.444646836,398.0,-0.431572,0.456965224
EHD1,3363.0,0.446314898,447.0,0.283199,0.766351872
EIF2AK2,8063.0,0.394727306,557.0,0.153753,0.176317785
EIF2B3,1058.0,0.383118637,239.0,-0.562123,0.25688494
EIF3F,5840.0,0.435728237,33.0,0.437287,0.660852078
EIF3L,1718.0,0.380710116,245.0,0.719235,0.332281425
EIF4A3,1120.0,0.381528282,222.0,-0.827321,0.319202258
ELAVL1,4910.0,0.437605432,167.0,-0.223245,-0.063042524
EMG1,248.0,0.433768095,143.0,-1.443209,0.454248133
EMILIN2,2605.0,0.379592019,159.0,-1.23848,0.144185202
ENDOD1,7728.0,0.376426787,118.0,0.690371,0.032836344
ENOSF1,2904.0,0.382279782,622.0,-1.447963,-0.945279342
ENY2,2576.0,0.41756619,146.0,0.920069,-0.434107351
EPSTI1,2106.0,0.391777705,469.0,-1.304823,-0.767471974
ERCC1,2342.0,0.45058755,188.0,-0.854139,0.767381992
ERCC6L,4809.0,0.354829683,623.0,1.506452,1.191648388
ERH,415.0,0.383837906,71.0,0.172892,-0.280331611
ERLIN1,2041.0,0.444737514,478.0,0.197716,-0.237427679
ERP29,1277.0,0.401191178,118.0,-0.46866,0.321003898
ETV6,4356.0,0.398240844,274.0,0.368297,0.133610084
EXOC4,1232.0,0.388187525,35.0,0.346521,0.239275115
EXOC8,6907.0,0.436106501,127.0,0.634002,0.224736314
EXOSC1,536.0,0.430105347,451.0,0.126175,0.798086506
EXOSC2,3902.0,0.431273517,32.0,0.385023,0.367724299
F8A1,571.0,0.46317284,15.0,-0.973508,0.196031028
FAAH,2043.0,0.384592892,82.0,-0.712917,0.47898728
FAF1,4425.0,0.401181969,453.0,1.076889,0.906972147
FAM122A,4542.0,0.40477622,33.0,0.319518,-0.069287761
FAM168A,6285.0,0.395008865,285.0,0.428098,-0.135664972
FAM177A1,2165.0,0.411149627,459.0,-0.249854,0.515085229
FAM192A,1824.0,0.379195199,1475.0,-0.683307,-1.115690883
FAM20B,4428.0,0.4357945,293.0,0.348619,-0.274488302
FAM32A,1091.0,0.408676074,42.0,-0.02319,-0.457021347
FAM50A,286.0,0.482889735,110.0,-0.154188,0.01037312
FBP1,248.0,0.397353747,331.0,-1.825582,-0.226465973
FBXL20,9338.0,0.383104745,254.0,0.127665,-1.764835427
FBXO4,526.0,0.393825218,58.0,-0.114225,0.550534817
FBXO6,503.0,0.42307306,166.0,-1.03576,-1.486114605
FCER1G,305.0,0.4202976,25.0,-0.985462,-1.463087956
FCGRT,309.0,0.433069976,486.0,-2.029942,0.628534523
FCHO1,270.0,0.372951657,283.0,0.668093,-1.314159663
FDPS,72.0,0.456397562,392.0,1.868765,1.214868069
FDXR,596.0,0.384661194,188.0,-1.678187,-0.37200299
FEN1,1340.0,0.407867196,413.0,0.718698,0.711745927
FERMT3,399.0,0.435119014,149.0,-1.420353,0.362566349
FGD2,907.0,0.441856308,171.0,-2.593476,0.153107949
FGFR1OP2,1663.0,0.396595515,353.0,-0.1691,0.8170468
FGL2,3460.0,0.40966218,40.0,-2.257802,-0.127352675
FKBP1A,1132.0,0.428443098,174.0,0.25663,0.549141755
FKBPL,24.0,0.377510344,270.0,0.003097,-0.272231111
FLOT1,422.0,0.472159534,339.0,0.040323,0.047528061
FN3K,442.0,0.389857108,61.0,-1.576048,-1.217412545
FN3KRP,3667.0,0.380720834,50.0,-1.201297,-0.507157648
FOXJ3,3176.0,0.401878681,312.0,-0.060596,-0.577411518
FOXK2,3108.0,0.440496276,171.0,-0.430338,-0.302402818
FOXRED1,443.0,0.438630908,167.0,0.71337,0.101380539
FSCN1,1184.0,0.396100853,132.0,-0.775896,-0.226312262
FTH1,530.0,0.425357612,235.0,0.458872,0.432002584
FTL,1031.0,0.428438948,199.0,-0.612693,0.539715066
FTSJ1,638.0,0.457521275,569.0,0.345471,0.618805084
FTSJ3,698.0,0.388239396,646.0,1.002408,-0.224156529
FXN,6365.0,0.40465004,220.0,0.061141,0.340959258
GABARAPL2,564.0,0.431291441,136.0,-0.592981,0.101115236
GABPB1,1320.0,0.423118524,469.0,0.315217,-0.94604728
GALK1,292.0,0.455574511,63.0,-1.593421,-0.05262067
GANAB,989.0,0.425909644,1027.0,0.426649,0.237942231
GAS6,315.0,0.393865445,183.0,-2.484584,-0.463300654
GAS7,6619.0,0.423630168,311.0,-0.989629,-0.375124755
GBE1,708.0,0.404013874,283.0,0.63606,0.058203848
GBP1,1735.0,0.42614962,220.0,-0.324715,-0.944042126
GBP2,5058.0,0.440134196,314.0,0.364015,0.055084773
GBP4,4106.0,0.42983554,116.0,-1.551046,-0.242673352
GBP5,1753.0,0.421901204,537.0,-1.145126,-0.237783975
GCH1,2011.0,0.419329122,161.0,0.40502,0.038838734
GFOD2,622.0,0.396604754,295.0,-0.056251,-0.39255811
GGA2,5408.0,0.377812588,83.0,-0.396999,-0.379008102
GGCX,5211.0,0.417836117,106.0,0.54982,-0.154049997
GIGYF1,2212.0,0.443456438,1210.0,-1.968159,-0.47169819
GINS3,1415.0,0.387351931,208.0,0.082804,-0.421576009
GLA,1699.0,0.378726947,110.0,-0.89809,0.493244342
GLE1,1357.0,0.383457083,114.0,-0.88099,0.458677992
GLRX,1188.0,0.430296645,211.0,-0.419077,0.132335542
GLRX3,3557.0,0.41418463,539.0,0.395956,0.459536326
GLUD1,1558.0,0.392454008,1132.0,0.415752,0.466398
GLYR1,2033.0,0.39940414,57.0,-0.017319,0.554441164
GMEB1,4582.0,0.43446142,142.0,0.156625,0.612092888
GMPPA,198.0,0.434966364,375.0,0.841704,0.604363949
GMPR,3984.0,0.435743929,114.0,-0.308775,-0.290545363
GMPR2,464.0,0.453637396,704.0,0.177696,0.297227733
GNAI1,1947.0,0.435804474,356.0,-0.880923,0.2105255
GNG7,3803.0,0.398730372,237.0,-1.345368,-0.452519931
GNPDA1,1360.0,0.395964134,67.0,-0.019061,0.727119335
GOLGA2,1243.0,0.401070546,13.0,0.479722,-0.144309351
GON4L,926.0,0.418089888,175.0,0.505454,0.877416399
GOSR1,5968.0,0.408103421,237.0,-0.435622,-0.531704392
GOSR2,3258.0,0.374298057,541.0,-0.708511,-0.417318166
GOT2,1054.0,0.444803236,129.0,-0.050062,0.683766299
GPS2,97.0,0.431122181,76.0,-0.642633,-0.971829344
GPX7,626.0,0.395840774,39.0,-1.201077,0.123970424
GRAMD1A,299.0,0.411657297,748.0,-0.989965,-0.857125614
GRB2,2292.0,0.4413596,358.0,-0.631836,-0.185179587
GSTM4,2467.0,0.390909061,314.0,-0.873125,0.053186724
GTF2A2,1070.0,0.420716795,404.0,0.157965,-1.541859312
GTF2E2,604.0,0.365750105,273.0,-0.386065,-0.566353393
GTF3C2,932.0,0.372227001,397.0,0.540897,0.245608995
GTPBP1,2894.0,0.424954603,154.0,0.254306,0.446013652
GTPBP3,1032.0,0.436547413,95.0,-0.407496,-0.043198096
GTSE1,680.0,0.368527868,212.0,1.513761,-0.903156275
GTSF1,222.0,0.36097632,86.0,-1.440469,0.237297723
HADH,818.0,0.383558671,219.0,0.232051,-0.349628217
HADHA,615.0,0.383558671,130.0,0.190372,0.590025747
HAUS5,3319.0,0.378752573,51.0,-1.208819,0.049695316
HAUS8,346.0,0.37535995,111.0,-0.163073,0.765170753
HCCS,1274.0,0.398607648,275.0,0.630733,-0.352032398
HCK,337.0,0.440224323,364.0,-1.736017,-0.160042518
HDAC1,591.0,0.390040122,63.0,-0.867957,-0.216492525
HDDC3,763.0,0.387287166,29.0,-0.074506,-0.827452074
HDGF,1342.0,0.465394593,322.0,0.66661,0.065462699
HDLBP,2343.0,0.397687311,375.0,1.378969,0.738693177
HEATR3,1385.0,0.384091545,883.0,0.22516,0.080740962
HEBP2,9119.0,0.359416339,297.0,0.129498,0.830809584
HECA,3704.0,0.443714129,285.0,-0.167641,-0.271037559
HECTD3,3914.0,0.446742268,98.0,-0.7667,0.467376924
HERC2,726.0,0.429958504,109.0,0.366369,-0.050209414
HERC5,379.0,0.393838904,153.0,-3.039571,0.015326194
HERC6,651.0,0.398146132,183.0,-2.702682,-1.574946867
HIP1,4874.0,0.430847644,52.0,0.59803,-0.282942054
HLA-A,4150.0,0.424443523,84.0,-0.588939,-0.855114328
HLA-C,420.0,0.421684519,65.0,-0.71002,-0.835587516
HLA-DRA,409.0,0.420807891,109.0,-0.668402,0.403906651
HLA-E,1459.0,0.413523771,126.0,-1.140631,-0.352887817
HLA-F,121.0,0.407256461,124.0,-1.252161,-0.937507123
HMBOX1,3560.0,0.369177113,482.0,0.411004,-0.053312215
HMBS,266.0,0.451934812,299.0,0.384795,0.36336025
HMGB2,3775.0,0.450826504,193.0,0.226112,-0.961824159
HMGCS1,3661.0,0.374424323,345.0,1.020598,0.786090032
HMOX1,616.0,0.436401717,107.0,-0.523069,0.124482465
HNRNPA0,7504.0,0.386421138,284.0,-0.307167,-0.147068652
HNRNPD,1688.0,0.420386111,318.0,-0.21114,-0.518884889
HNRNPL,1102.0,0.449817015,176.0,-0.233191,-0.155910406
HNRNPU,4156.0,0.432126199,218.0,0.274301,0.05270767
HNRNPUL1,2135.0,0.394022965,339.0,-0.493649,-0.196821257
HNRNPUL2,2674.0,0.436897081,229.0,0.044124,0.072409965
HSBP1,3274.0,0.4454546,174.0,-0.825226,0.405171932
HSD11B1,4482.0,0.426649415,154.0,-2.980876,-0.178829843
HSD17B7,398.0,0.431983247,99.0,0.105442,-0.029271186
HSP90AB1,313.0,0.39509298,251.0,0.009909,0.172417404
HSPA1L,428.0,0.464100714,183.0,1.0421,0.577129236
HSPA4L,7877.0,0.413794867,342.0,-0.09416,-0.93404075
HSPB11,107.0,0.34538245,284.0,0.027493,1.092838492
HTRA2,571.0,0.421976635,602.0,-0.000108,0.156607082
HTT,3901.0,0.373695076,145.0,-0.644928,-0.341840148
HUS1,2068.0,0.374612864,131.0,0.631745,-0.098530954
HYI,310.0,0.378597605,196.0,-1.845798,0.29167521
HYOU1,1409.0,0.403839016,234.0,1.052438,0.227632542
ICAM1,1537.0,0.426062071,319.0,0.542411,0.409646096
IER3IP1,3342.0,0.438740024,97.0,-0.003325,0.260418278
IFI16,254.0,0.415211655,290.0,-1.125577,0.012431506
IFI30,213.0,0.431523306,62.0,-0.63044,-0.532250752
IFI35,160.0,0.418462024,223.0,-1.64644,0.244737164
IFI44,267.0,0.403888008,124.0,-1.860022,0.105172767
IFI44L,5058.0,0.403608012,200.0,-2.96155,0.324698321
IFIH1,121.0,0.412344512,377.0,0.187733,0.23683346
IFIT1,2775.0,0.411248073,495.0,-1.779951,-0.624693551
IFIT2,1901.0,0.420797646,175.0,-0.692489,-0.274818186
IFIT3,843.0,0.417440574,529.0,-1.328946,-0.493914478
IFIT5,2354.0,0.414819429,231.0,-0.946918,-0.633722598
IFITM1,159.0,0.431550176,180.0,-0.729541,0.521807986
IFT27,109.0,0.4030938,426.0,0.352801,1.372213048
IGFBP3,1605.0,0.43060006,132.0,-0.731217,-0.212174808
IGFBP7,558.0,0.392734536,34.0,-1.080072,-0.226534687
IKBKE,745.0,0.435100597,714.0,0.31417,0.625082461
IL16,3965.0,0.367979445,2395.0,-1.17909,0.078727167
IL17RA,5874.0,0.376798811,133.0,0.376516,-0.484338551
IL1RN,1145.0,0.411881061,408.0,0.132725,0.852234571
IL4I1,16.0,0.4139018,621.0,-0.410732,0.390306919
ILF2,656.0,0.426220446,239.0,1.067577,-0.001952145
IMPA2,2898.0,0.383680893,242.0,-2.284215,-0.723619071
INO80,5209.0,0.374025479,351.0,0.25407,-1.0327533
INPP1,263.0,0.395712795,700.0,-1.301748,0.477276082
INPP5D,1195.0,0.436077769,512.0,-1.802286,-0.033505448
INSR,4801.0,0.380857973,411.0,-0.423532,-0.808361907
IPO5,2508.0,0.381335948,180.0,0.481024,0.24910906
IRF7,92.0,0.423538356,367.0,-1.238418,-1.748888877
IRF8,1327.0,0.384714127,507.0,-2.345647,0.143581381
IRF9,369.0,0.432057622,127.0,-1.061985,-0.328868212
IRGQ,7659.0,0.399674011,156.0,-0.317989,-0.269306556
ISCU,607.0,0.454630229,1331.0,-1.421118,-0.50994605
ISG15,62.0,0.419522688,77.0,-2.008799,-0.50892637
ISG20,952.0,0.419932377,2368.0,-0.290911,0.569452363
ISOC1,1056.0,0.418535314,18.0,-1.107136,-0.014215735
ITGB2,415.0,0.457304004,395.0,-0.802375,-0.342619908
ITPKB,2981.0,0.440250717,340.0,0.270103,-0.607584994
ITPRIP,5382.0,0.396785481,453.0,-0.269915,-0.276620378
JUNB,496.0,0.414023332,276.0,-0.550273,-0.174954084
JUP,157.0,0.458302936,298.0,1.2015,0.312806308
KANK2,2291.0,0.394238955,361.0,-0.722998,-0.000103589
KARS,4202.0,0.383913431,144.0,-0.298816,0.181500386
KDM1A,327.0,0.428444011,149.0,-0.456699,0.137688749
KDM2A,3716.0,0.372295488,864.0,0.092174,-0.172638449
KDM2B,2488.0,0.393022165,407.0,-0.912707,-0.776961723
KDM3B,1327.0,0.37791414,200.0,0.365709,0.07136694
KDM4A,1148.0,0.378142374,166.0,-0.762319,0.193240475
KHSRP,1024.0,0.456900489,110.0,-0.241711,-0.418620256
KIAA2013,727.0,0.385456054,191.0,-0.76807,0.330509
KIF20A,757.0,0.371463873,496.0,1.438538,-0.459315885
KIF22,75.0,0.392489541,388.0,-0.096209,-0.073313683
KIF2C,588.0,0.387865377,395.0,0.139536,-0.187178441
KIF3B,3792.0,0.390782105,180.0,0.281529,-0.146628218
KIF5B,3198.0,0.418236129,470.0,0.541927,0.037023364
KLHL7,3616.0,0.41595405,521.0,0.184276,0.20778851
KTI12,594.0,0.370414154,39.0,1.120637,0.317024627
LAMP1,1311.0,0.390985106,281.0,0.061809,0.479826694
LANCL2,2422.0,0.433733517,578.0,-0.225382,-0.162166572
LAP3,503.0,0.426841798,162.0,-1.141101,0.246513612
LDHD,1826.0,0.398770776,52.0,-1.796149,-0.023659376
LENG1,560.0,0.445950324,48.0,-1.843024,-0.978679691
LGALS3,159.0,0.420172221,88.0,0.33501,0.192362496
LGALS3BP,1225.0,0.419930622,179.0,-1.652771,0.251674414
LGALS9,641.0,0.410654931,118.0,-0.014829,0.50864078
LIN54,4893.0,0.441729058,383.0,0.522102,-0.197171685
LPCAT1,2228.0,0.380803123,133.0,1.945236,0.542062937
LPXN,1776.0,0.432350833,254.0,-0.611667,0.328308239
LRPPRC,2376.0,0.377375074,58.0,1.171143,0.248117378
LRRC25,843.0,0.434491636,642.0,-0.898183,-0.345693542
LRRC41,465.0,0.438391248,44.0,-0.438763,-0.985081492
LRRC59,1755.0,0.423067849,236.0,1.336255,0.505457264
LSM1,486.0,0.409616526,410.0,-0.532805,0.77287905
LSM6,1871.0,0.435100303,139.0,-0.552774,0.14562696
LTA4H,391.0,0.355044638,145.0,-0.749277,-0.104918957
LYN,4058.0,0.418972994,282.0,-0.631756,0.293147688
LYPLAL1,1137.0,0.3973742,157.0,0.691473,1.007616763
LYRM4,6830.0,0.366844497,217.0,-0.540267,-0.062375517
LYSMD2,596.0,0.394037378,501.0,0.253437,0.436493399
M6PR,1457.0,0.379162834,275.0,-0.159202,-0.621108385
MAD2L1,4528.0,0.407191351,124.0,1.117893,0.420020671
MAFB,2032.0,0.405989564,390.0,-0.512784,-1.835894811
MAGED2,327.0,0.466698843,233.0,-0.218577,-1.111248096
MAGOH,153.0,0.416054235,162.0,0.3408,0.220267091
MAN2B1,128.0,0.381728903,76.0,-1.140525,0.451951322
MANF,717.0,0.420319188,97.0,0.795333,0.310504921
MAP4K1,170.0,0.374128007,140.0,-3.642942,0.616154629
MARCKSL1,768.0,0.468216312,206.0,-0.646498,-1.379165368
MAX,2676.0,0.337149475,479.0,-0.100298,-0.773452171
MBD2,3723.0,0.420256858,229.0,-0.30463,0.722659003
MBP,4041.0,0.393290432,264.0,-2.603864,-1.051541407
MCM2,662.0,0.460999542,110.0,0.272691,-0.071103177
MCM4,2618.0,0.371821308,942.0,0.653817,-0.16112569
MCM5,3214.0,0.470488076,94.0,-0.556246,-0.147795147
MDC1,658.0,0.415783633,440.0,-0.06628,-0.128510987
MDH1,210.0,0.381672323,435.0,0.241002,-0.192563732
ME1,1535.0,0.411214685,265.0,0.82692,0.375920494
ME3,171.0,0.395156177,377.0,-2.830208,0.422589442
MECR,1365.0,0.445670958,612.0,-0.841976,-0.74154081
MED17,2631.0,0.366528813,275.0,0.442647,0.170366671
MED19,934.0,0.439623042,93.0,0.12384,0.753163944
MED28,10307.0,0.440157501,27.0,-0.757687,0.722229254
MED29,4550.0,0.464327351,57.0,-1.08961,-0.000497567
MEF2C,6848.0,0.41426337,654.0,-1.179288,-0.857733809
MEN1,824.0,0.454590692,504.0,0.315162,-0.236204672
METTL13,961.0,0.396264071,347.0,0.21925,0.60948548
MGST3,1295.0,0.374563048,428.0,0.303202,-0.277702055
MIF4GD,787.0,0.397877071,137.0,-0.759953,0.607556875
MINK1,774.0,0.455972684,525.0,-0.751553,-1.061688164
MIS12,1334.0,0.420723459,745.0,0.192317,-0.083117945
MLEC,5319.0,0.43043384,173.0,-0.115145,-0.757346332
MLLT10,2252.0,0.36295117,1568.0,-0.911615,0.044640657
MLX,1636.0,0.386664187,65.0,-0.140281,0.199561099
MMACHC,1852.0,0.382684622,371.0,-0.231604,-0.400183621
MMADHC,5382.0,0.406207656,205.0,0.707591,1.325289516
MMGT1,4451.0,0.406300672,388.0,0.039986,0.661538758
MMP1,502.0,0.392399458,189.0,3.008919,0.55994109
MMP14,1722.0,0.419367787,285.0,0.299224,0.384625308
MMP9,193.0,0.404253633,19.0,0.273076,-1.02651257
MORC3,2052.0,0.406702124,375.0,0.712946,0.624549595
MORF4L1,1066.0,0.420719378,454.0,0.260268,-0.13201759
MOV10,619.0,0.412681236,1415.0,-0.334153,0.260098931
MPDU1,797.0,0.440676037,216.0,-0.083156,0.604711468
MPHOSPH10,87.0,0.404440607,352.0,0.221679,0.128263984
MRI1,2018.0,0.459301832,75.0,-1.481455,-0.369613223
MRPL13,1075.0,0.395373051,313.0,1.587092,0.572797092
MRPL15,1888.0,0.407701507,63.0,0.231251,0.304748619
MRPL16,212.0,0.368940255,214.0,0.19309,0.380453834
MRPL17,6554.0,0.424450505,105.0,0.705832,0.281677323
MRPL2,580.0,0.458698472,164.0,-0.207158,-0.38379809
MRPL20,187.0,0.445765675,96.0,-0.489728,-0.231539455
MRPL21,55.0,0.417448467,293.0,0.756915,0.489683319
MRPL27,2133.0,0.436300758,31.0,0.600497,-0.424743137
MRPL40,113.0,0.406843086,653.0,0.429339,0.195813612
MRPL46,1889.0,0.422788385,25.0,-0.080326,0.401355922
MRPL48,1284.0,0.368940255,212.0,0.004647,-0.033375939
MRPL51,2069.0,0.35376587,169.0,0.009475,-0.110340057
MRPL53,198.0,0.441261883,155.0,-0.122764,0.423419108
MRPL9,407.0,0.432679379,437.0,0.914756,-0.043088266
MRPS11,2793.0,0.477818717,1491.0,0.314705,0.436919918
MRPS15,468.0,0.440649404,164.0,-0.608314,-0.507792899
MRPS17,1334.0,0.413812124,30.0,0.757055,1.066031666
MRPS18B,936.0,0.408462865,157.0,0.188734,0.180484475
MRPS36,933.0,0.3748339,84.0,-0.464802,-0.097359206
MRPS7,453.0,0.455992019,233.0,-1.08275,0.117080303
MSI2,5168.0,0.366385762,173.0,0.849053,0.021569887
MSTO1,694.0,0.421389639,1152.0,0.613788,0.603919021
MT1E,291.0,0.588704726,179.0,-2.552759,-1.267483119
MT2A,316.0,0.576670685,123.0,-0.908013,-0.863001737
MTA2,684.0,0.459443446,761.0,0.037636,-0.018278059
MTFMT,1550.0,0.414190941,26.0,-0.459573,0.43044799
MTHFS,1663.0,0.434592403,179.0,0.272131,-0.482504099
MTMR1,2442.0,0.424163835,319.0,0.098035,0.578202086
MTMR14,421.0,0.371137969,151.0,0.05688,0.861958436
MVP,50.0,0.435053297,193.0,-0.4603,0.321804622
MX1,456.0,0.433488503,982.0,-0.185335,0.140536397
MX2,1812.0,0.430094961,104.0,-1.646997,-0.384766924
MYADM,2833.0,0.384589896,681.0,0.322509,-0.007944182
MYCBP,3972.0,0.381803634,73.0,-0.368812,-0.413194226
MYL12A,812.0,0.453450746,478.0,-0.496139,1.012950809
MYO18A,3647.0,0.395788337,484.0,-0.613445,0.055615922
MYO9B,1401.0,0.398943925,152.0,-0.408251,-0.268661794
N6AMT1,5137.0,0.427535625,28.0,0.221389,0.386429458
NAA40,3212.0,0.389371031,261.0,0.562708,0.07640557
NAB1,2433.0,0.361024962,572.0,-0.782291,-0.386666245
NADK,1672.0,0.3959688,563.0,-0.418078,0.48490605
NADSYN1,464.0,0.447848979,126.0,-1.004049,0.318337085
NAGK,1297.0,0.42527382,474.0,0.009032,0.608356169
NANS,37.0,0.458552255,132.0,0.724016,0.532989784
NAPA,1862.0,0.477781443,318.0,-0.556538,0.54598129
NAT10,4915.0,0.387474071,245.0,0.40916,-0.236612753
NBAS,140.0,0.414580543,44.0,0.673703,0.471707869
NCALD,2767.0,0.374888213,460.0,-0.578295,0.98354595
NCAPD3,2971.0,0.431957579,606.0,1.002503,-0.252283861
NCAPG2,3501.0,0.41630572,200.0,0.308076,-0.383538129
NCF1,2381.0,0.415579251,70.0,-3.096531,0.030148249
NCK2,1267.0,0.457831152,276.0,-0.376788,0.06689305
NCKIPSD,4981.0,0.449411541,126.0,0.362977,0.261137223
NCOA5,1332.0,0.416761948,402.0,0.035769,-0.488465039
NCOA7,3259.0,0.404217869,470.0,2.034057,0.652193432
NDC80,61.0,0.356199389,182.0,0.005779,-0.257593186
NDRG2,841.0,0.376266446,941.0,-0.47179,0.081285214
NDUFA4,1685.0,0.439642808,129.0,-0.778445,-0.508160907
NEU1,667.0,0.413226082,156.0,0.236146,0.52127512
NFATC2IP,3242.0,0.412267479,15.0,-0.074557,0.873791644
NFKB1,708.0,0.4099683,467.0,0.372659,0.412135863
NFKB2,153.0,0.424806573,563.0,0.097084,0.231136961
NFKBIE,1053.0,0.409138176,25.0,-0.182069,0.317948227
NGDN,1255.0,0.423783924,27.0,-0.04008,-0.028544978
NGRN,1679.0,0.414477409,50.0,0.237626,-0.61191504
NINJ1,5217.0,0.455972644,71.0,-0.008485,-0.602652867
NIP7,1593.0,0.443769116,318.0,-0.454366,0.167140514
NIT2,2351.0,0.432361565,74.0,-0.870268,0.131882656
NMNAT3,2689.0,0.397393877,1228.0,-2.73157,-0.784719004
NMT1,3377.0,0.454689408,31.0,-0.546214,-0.56782613
NONO,1092.0,0.432928506,710.0,0.47853,-0.021919849
NOP14,912.0,0.38067473,187.0,-0.716004,-0.450818156
NOP2,785.0,0.393538298,198.0,0.474268,-0.049549867
NOTCH2,6062.0,0.409327653,297.0,0.613983,0.088274901
NPTN,1068.0,0.388989686,197.0,0.52225,-0.948627985
NR2C2,6271.0,0.390767743,362.0,0.511303,0.150986811
NRBF2,883.0,0.43605128,224.0,0.44406,-0.359108954
NRF1,1901.0,0.447602651,500.0,-0.359018,0.730055047
NRGN,833.0,0.413631862,152.0,0.851516,-0.862480143
NRP1,3846.0,0.416817106,523.0,-0.089545,0.857167899
NSFL1C,1587.0,0.42738001,868.0,-0.292549,-0.495598357
NSMAF,602.0,0.358586884,214.0,-0.497967,0.302676109
NTAN1,178.0,0.344459601,320.0,-0.33199,0.940802336
NUBP1,246.0,0.455923678,142.0,-0.523007,0.342257866
NUCKS1,5461.0,0.359398328,271.0,0.681667,-1.763121263
NUDC,716.0,0.476401948,127.0,-0.643898,-0.68324901
NUDT16,5489.0,0.428387545,75.0,-0.362722,1.072352261
NUMA1,663.0,0.474508115,436.0,-0.084741,-0.460918717
NUP93,5678.0,0.382018893,495.0,-0.369624,0.004233674
NXF1,2943.0,0.375826754,136.0,-0.564015,0.234269768
OCIAD2,4872.0,0.363821488,322.0,-0.396657,-0.481995515
OGDH,1071.0,0.396078149,159.0,0.227537,0.086783137
OPA3,7233.0,0.475004358,100.0,-0.802896,-1.374041805
OSBPL2,2363.0,0.383456763,571.0,0.013697,0.145101595
OSBPL5,1099.0,0.381371042,158.0,0.883948,0.454774396
OVCA2,792.0,0.429983078,65.0,-0.197031,0.219050437
P2RX4,573.0,0.442596273,304.0,-0.823035,-1.982226421
PAAF1,509.0,0.376143366,341.0,-2.5e-05,0.067241798
PACSIN2,1591.0,0.413490434,405.0,1.098444,0.433483426
PARK7,451.0,0.457171775,163.0,-0.614053,-0.208296573
PARP1,769.0,0.460215809,171.0,1.57081,0.44592419
PARP10,332.0,0.422654659,200.0,-1.612566,-0.401207864
PARP12,816.0,0.416480622,874.0,0.207407,-0.272992853
PARP14,2243.0,0.414355918,59.0,-0.386296,0.064604007
PARP9,451.0,0.418102187,327.0,0.056222,0.314078544
PARVG,2043.0,0.383803232,484.0,-1.940549,0.755620116
PBK,750.0,0.413339119,464.0,0.465927,0.364235151
PCNA,338.0,0.425000199,239.0,0.105901,0.161534355
PDAP1,2007.0,0.464659554,134.0,-0.506879,-1.036979099
PDCD2,155.0,0.440448783,111.0,0.435938,0.062023084
PDCD2L,48.0,0.433436103,33.0,-0.252036,0.661961914
PDCD6IP,3211.0,0.388727459,158.0,0.244713,0.059699955
PDHA1,2054.0,0.402514578,145.0,0.034535,0.271988015
PDHB,2974.0,0.442593378,43.0,0.06661,0.706026755
PDLIM1,357.0,0.379179626,233.0,0.131719,0.095008839
PDXDC1,2055.0,0.375670185,335.0,0.867739,0.865089678
PDXK,6244.0,0.398158884,198.0,1.311567,0.769484812
PEBP1,796.0,0.360152166,326.0,-0.786536,-0.238135699
PEF1,769.0,0.441759403,424.0,-1.001616,0.090575215
PELO,5222.0,0.385240523,985.0,0.652457,0.205854431
PEPD,395.0,0.450896903,133.0,-0.774436,0.937547153
PEX16,585.0,0.43213601,312.0,-0.286531,-1.59748155
PEX6,946.0,0.370078344,93.0,-1.167904,-0.130016804
PEX7,2294.0,0.407005497,102.0,1.024637,0.714590725
PFDN5,124.0,0.497062947,117.0,0.56929,0.699980477
PFDN6,574.0,0.470152145,222.0,0.106589,0.110578993
PGM1,570.0,0.393980016,681.0,1.230738,0.590463341
PHB,988.0,0.45268542,190.0,0.21842,0.32372512
PHF10,104.0,0.365149381,79.0,-0.43914,-0.205951965
PI4K2A,2692.0,0.385068362,57.0,-0.367476,0.18427186
PIAS1,3626.0,0.396022529,741.0,0.44197,0.921602261
PIGH,1430.0,0.434471606,98.0,-0.170613,-1.566105311
PIK3AP1,3866.0,0.407313024,128.0,-1.030602,0.116012846
PIR,205.0,0.385796208,485.0,0.097137,-0.06192161
PITPNC1,4686.0,0.369070722,874.0,-1.322463,0.589878188
PLA2G7,1187.0,0.402486321,269.0,-1.31107,-1.740723034
PLAUR,323.0,0.418467601,226.0,0.102416,-0.342311136
PLCB2,818.0,0.468984469,301.0,-1.181376,0.021442773
PLCG1,3987.0,0.454806205,121.0,-0.814782,0.060555498
PLD4,273.0,0.377985619,192.0,-4.554294,1.014412233
PLEKHO1,5192.0,0.424698037,839.0,-0.860366,-0.227326679
PLEKHO2,2119.0,0.429714475,134.0,-1.151803,0.016905717
PLSCR1,10376.0,0.415598704,388.0,-1.479727,-0.808248078
PML,3324.0,0.431306474,140.0,-0.482695,-0.050518699
POLR1C,1131.0,0.439933821,86.0,0.136791,0.457224818
POLR1D,1469.0,0.427162265,456.0,0.179163,-0.089408444
POLR2F,1600.0,0.47244007,250.0,-0.229152,-0.24685605
POLR2H,1065.0,0.427596015,1167.0,0.29364,-0.033739875
POLR3H,3481.0,0.444306047,388.0,-0.022978,0.903568448
POLR3K,1023.0,0.473025152,46.0,-0.715354,0.793453626
PPA2,660.0,0.432735716,20.0,0.663496,-0.14898301
PPIE,4556.0,0.446406574,56.0,-0.683619,0.40109839
PPIL1,1921.0,0.453832883,252.0,0.168032,-0.782991646
PPP1R14B,282.0,0.457456004,268.0,0.371548,0.659360267
PPP1R3G,2923.0,0.390061911,0.0,-0.123805,1.12044753
PRC1,1136.0,0.367783806,234.0,0.91789,0.008597166
PRCC,357.0,0.381841119,290.0,0.681966,-0.780836974
PRDX1,303.0,0.414090753,341.0,-0.953651,-0.325573924
PRDX6,944.0,0.433706552,51.0,0.723308,0.792818292
PREB,658.0,0.378530018,403.0,0.289748,0.420560984
PREP,579.0,0.425974009,233.0,0.201403,-0.177398055
PRG4,784.0,0.366727173,51.0,-1.467742,-0.327750845
PRIM2,1166.0,0.350864643,125.0,0.017134,0.643966505
PRKAB1,1305.0,0.365943644,289.0,-1.274013,0.57201161
PRKAR2A,5019.0,0.427443141,254.0,0.793324,0.156406766
PRKCB,5795.0,0.38010529,197.0,-3.327301,-0.033822347
PRKCD,451.0,0.404392693,469.0,0.286929,0.1707676
PRKRA,683.0,0.420894136,659.0,0.149223,0.191828369
PRKRIP1,3224.0,0.453589322,55.0,-0.631121,-0.356190881
PRMT5,393.0,0.386451423,508.0,0.374418,0.172175889
PRMT7,3655.0,0.450088803,850.0,-0.094065,0.500268198
PROCR,549.0,0.357872186,218.0,-1.508396,0.105968599
PRPS1,3908.0,0.466551451,409.0,0.127844,0.059440859
PRPSAP1,2056.0,0.390811115,688.0,-1.361619,0.454429165
PRRC1,3173.0,0.409170839,188.0,1.324547,0.322846085
PSMA5,2997.0,0.446573967,225.0,-0.380652,0.374231456
PSMA6,187.0,0.423632682,445.0,0.116365,0.252271744
PSMB10,58.0,0.455018511,128.0,-0.732387,-0.229888234
PSMB2,3775.0,0.389848815,412.0,-0.465972,0.421605912
PSMB8,242.0,0.411206622,522.0,-0.156382,0.343265642
PSMB9,5497.0,0.431095699,69.0,-0.991237,0.442193063
PSMC3,66.0,0.485654947,194.0,-0.185444,0.393402044
PSMD11,2567.0,0.390095635,61.0,-0.327385,0.391799636
PSMD13,384.0,0.437236365,242.0,0.253615,0.240063183
PSMD8,450.0,0.458928351,52.0,-0.826266,0.321695492
PSME2,53.0,0.443656162,65.0,-0.484597,-0.407817859
PSMG1,5308.0,0.427553471,578.0,0.60396,0.363369584
PSTPIP2,1923.0,0.429639796,96.0,0.813323,-0.354483838
PTBP1,1504.0,0.473818895,106.0,0.097978,0.361670842
PTDSS1,3765.0,0.367954205,423.0,0.076262,-0.909510122
PTGS1,3346.0,0.37260918,633.0,-0.211582,0.164289686
PTP4A1,3419.0,0.421202001,1153.0,0.622633,0.593556975
PTPMT1,1899.0,0.450492628,193.0,-0.52339,0.280023561
PTPN18,2185.0,0.381656528,101.0,0.137479,-0.740981909
PTPN7,1593.0,0.440747449,781.0,-1.830194,-0.031435283
PTPRE,2994.0,0.426620112,1843.0,-0.900094,0.524878647
PTPRF,4571.0,0.452810321,356.0,0.106855,-0.015268465
PTRH2,3186.0,0.370743372,1544.0,0.69435,0.561944304
PWWP2B,819.0,0.424412275,29.0,0.258383,0.032153589
PYCR2,578.0,0.474148407,230.0,0.450039,-0.092457167
PYGL,175.0,0.392036998,127.0,3.101803,0.803207526
QARS,97.0,0.458996209,396.0,0.340684,0.381061959
RAB11FIP1,4277.0,0.380614122,56.0,-0.844899,-0.236219729
RAB12,1120.0,0.38483812,283.0,-1.213381,0.104645442
RAB21,5246.0,0.435367738,267.0,-0.897331,-0.133663222
RAB31,3231.0,0.437498832,175.0,-0.447291,0.258670893
RAB35,2172.0,0.408841719,189.0,-0.428388,-0.779178475
RAB7A,1376.0,0.419395127,232.0,0.248611,0.206861604
RAB8B,4163.0,0.425956778,96.0,-0.279572,-1.683563477
RAB9A,1716.0,0.417525007,283.0,0.189791,0.53257185
RABGGTA,77.0,0.387342734,512.0,-0.185322,0.348354693
RABGGTB,440.0,0.409412379,78.0,0.784157,0.059908935
RABIF,4760.0,0.447399225,159.0,0.807039,1.232058826
RACGAP1,1895.0,0.366370127,354.0,1.425762,0.740113777
RAD9A,924.0,0.444046557,185.0,-0.957113,-0.909851213
RAE1,1112.0,0.432613552,365.0,0.267861,0.128671723
RAI1,1472.0,0.455620822,469.0,-0.119514,-1.091308721
RAN,2043.0,0.442855294,361.0,0.05057,-0.166298451
RANBP10,3359.0,0.379453562,1256.0,-0.35383,-0.035220963
RANGAP1,3145.0,0.481547647,765.0,0.726048,0.611668654
RAPGEF1,2727.0,0.425793135,159.0,-0.636689,-0.028035854
RARS,114.0,0.423508657,41.0,0.706832,0.363214108
RASGRP2,183.0,0.381671176,582.0,-3.274409,-0.005178518
RBBP4,6506.0,0.404056961,164.0,-0.501254,0.103644319
RBBP5,3098.0,0.421849625,474.0,1.023603,0.232550488
RBKS,251.0,0.392307233,1371.0,0.352248,0.061883012
RBM12,3599.0,0.375183789,304.0,0.234087,0.283445374
RBM14,3443.0,0.468008211,139.0,0.236465,-0.330622807
RBM4B,5277.0,0.396841232,170.0,-0.596755,0.10240933
RBMX,1201.0,0.353737079,210.0,0.020191,-0.733465661
RBPJ,4223.0,0.4178224,518.0,-0.582684,0.396737437
RBX1,821.0,0.46562919,52.0,0.003477,1.211591136
RC3H1,7637.0,0.410085914,87.0,-0.334294,-0.180854036
RCCD1,1773.0,0.374130224,280.0,-0.009648,-0.200392853
RCOR1,4070.0,0.439565312,228.0,0.345041,0.868257571
REEP4,591.0,0.460338979,469.0,-0.427496,-1.596996891
REEP5,2962.0,0.457536941,144.0,-0.056511,-1.103966875
RELB,408.0,0.418226182,131.0,-0.754884,0.031855723
REPIN1,2683.0,0.45080531,489.0,0.498358,-1.192798306
RET,2082.0,0.379562012,357.0,2.904416,0.760674047
RFC4,89.0,0.411167541,282.0,0.350314,-0.124997661
RFK,1882.0,0.429285662,357.0,0.250089,0.769044881
RFX5,1546.0,0.386685917,221.0,0.753331,-0.453956766
RFXAP,1850.0,0.421314391,156.0,-0.684812,-0.063460538
RHBDF2,740.0,0.423256567,294.0,-1.28898,-2.587764905
RHOT2,568.0,0.454546166,881.0,-0.614958,0.096399282
RINL,1279.0,0.357351373,413.0,-1.307976,-0.850093801
RNASE2,179.0,0.384567964,71.0,-2.20741,0.099547304
RNASEH2B,3930.0,0.37625722,399.0,-0.394484,-0.689886837
RNASET2,1070.0,0.374792559,407.0,-1.488259,0.33859223
RNF114,1751.0,0.459950313,36.0,0.579729,-0.001845523
RNF167,289.0,0.375291206,776.0,-0.356941,-0.402878305
RNF20,5226.0,0.396317502,92.0,0.45551,0.037947451
RNF213,5288.0,0.417718743,150.0,-0.065421,-0.33913861
RNF25,102.0,0.375620157,88.0,0.148001,0.67888806
RNF31,88.0,0.389352607,358.0,-0.267378,0.272117301
RNLS,1252.0,0.416402283,135.0,0.346955,-0.681700228
RNMT,4581.0,0.415128602,241.0,-0.615294,0.280843449
RNPEP,463.0,0.447181346,896.0,0.059932,0.147192591
RP9,437.0,0.42869019,18.0,-0.772059,0.668806162
RPA1,2907.0,0.381710028,170.0,-0.22608,-0.223534653
RPA2,639.0,0.400070522,793.0,-0.75903,0.399628986
RPAIN,471.0,0.394698889,570.0,-1.243283,0.295703617
RPL11,461.0,0.442317923,45.0,-0.165981,-0.211101953
RPL14,5208.0,0.496792394,133.0,0.154927,-0.364101292
RPL23,3146.0,0.464880603,90.0,1.706342,0.583470731
RPL26,53.0,0.427802183,389.0,-0.21855,-1.448591922
RPL31,1260.0,0.451994935,87.0,-0.041388,-0.42530992
RPL34,1350.0,0.436455219,198.0,0.741403,-1.133531939
RPL5,1058.0,0.451564158,75.0,-0.333304,0.195596809
RPL7,1077.0,0.460258279,707.0,1.159781,0.212723035
RPS11,373.0,0.483080585,92.0,-0.603684,0.168184791
RPS24,4247.0,0.430653047,142.0,0.432348,0.702281576
RPS25,109.0,0.467193878,63.0,0.446792,0.140191437
RPS27A,743.0,0.450449292,321.0,0.5097,-0.37321724
RPS3A,306.0,0.426765211,80.0,0.618975,-0.06444799
RPS4X,629.0,0.442998752,96.0,0.537434,0.441661097
RPS6,2723.0,0.413925579,42.0,0.669833,-0.392067311
RPS6KA1,828.0,0.389798854,163.0,-0.374595,-0.065631486
RPS6KA4,735.0,0.38455359,226.0,-0.319524,-0.413772534
RPS7,66.0,0.428822459,109.0,0.758121,-0.329866629
RPTOR,2341.0,0.385169267,805.0,-0.638332,-0.180825768
RREB1,3012.0,0.456825357,492.0,0.49496,-1.057160358
RRM1,2304.0,0.437568848,689.0,0.843962,0.8993367
RRP8,5071.0,0.446233376,148.0,0.333815,-0.086108519
RRS1,978.0,0.468289248,104.0,-0.491356,-0.310306019
RTN3,1690.0,0.358048129,187.0,0.281116,-0.946292595
RTN4IP1,1108.0,0.372133716,477.0,0.339972,0.653244277
RUNX1,4334.0,0.416076551,1578.0,-0.239404,0.469146855
RUNX3,2611.0,0.405217602,439.0,-1.460977,-1.315744081
RWDD1,6365.0,0.401367905,746.0,-0.022475,0.9116293
S100A8,71.0,0.444112716,170.0,8.095069,1.395902757
S100A9,189.0,0.439508357,43.0,9.093153,1.069006761
SAMD9,1815.0,0.395660052,270.0,0.170564,-0.084618446
SAMD9L,1162.0,0.396305952,1248.0,-1.319903,-0.193338802
SAMM50,150.0,0.345249646,197.0,0.736887,0.33055808
SAMSN1,684.0,0.407246581,430.0,-1.231117,0.934866161
SAP18,1754.0,0.427429047,39.0,0.21,-1.072321725
SAP30BP,1541.0,0.449617255,257.0,-1.145877,-0.225233458
SAR1A,5213.0,0.411769389,203.0,0.500619,0.698494989
SAR1B,5806.0,0.392367964,253.0,0.704224,0.483161025
SARS,1054.0,0.40098191,100.0,-0.552141,0.126639334
SASH3,1369.0,0.387406112,182.0,-1.990707,0.622780288
SCAMP4,1741.0,0.472519575,351.0,-0.480363,0.132641661
SCO1,8645.0,0.407339367,61.0,-0.358009,-0.401200473
SDCCAG8,307.0,0.360606297,1542.0,-0.19461,-0.77873065
SEC11C,205.0,0.423646802,92.0,-0.610469,-0.316716515
SEC13,332.0,0.457264526,210.0,0.666832,0.832579452
SEC14L1,2986.0,0.420320088,665.0,-0.751221,-0.239768936
SEC22A,2559.0,0.422343815,79.0,0.316831,-0.441450207
SEC24B,1221.0,0.400931805,155.0,0.696039,0.553870152
SEC24D,2115.0,0.386600041,297.0,1.56346,0.960823753
SEC61B,270.0,0.404562259,76.0,0.557027,-1.305223395
SEMA3F,960.0,0.38837398,318.0,0.354874,0.959947028
SEMA4A,755.0,0.412797256,345.0,-0.201076,0.231245431
SEMA4D,2318.0,0.393173667,572.0,-0.626885,-0.637468157
SERPINA1,1707.0,0.420489385,573.0,-0.85976,0.742868753
SERPINB8,2096.0,0.38524815,520.0,-0.544329,-0.116976052
SETMAR,321.0,0.414235412,398.0,0.190489,0.412774388
SF1,2419.0,0.374481437,721.0,0.382223,0.07729715
SF3B2,563.0,0.453902675,40.0,0.256767,-0.137903944
SFXN4,500.0,0.402513841,45.0,0.412766,-0.677190316
SH3BP1,433.0,0.395530944,313.0,-0.700674,0.410509937
SH3PXD2B,4870.0,0.420952884,171.0,0.304908,-0.112267712
SHMT1,4335.0,0.394510245,509.0,-0.819584,-0.078852141
SIGLEC1,1590.0,0.42099348,0.0,-1.979822,-0.709515009
SIPA1,2933.0,0.437718847,296.0,-0.87049,-0.093569921
SIRPA,3027.0,0.429235057,360.0,-1.130864,-0.597969258
SKP1,8791.0,0.433886974,179.0,0.033136,-0.499504783
SLBP,3046.0,0.391438372,553.0,-0.508934,-0.451953405
SLC25A10,1929.0,0.386184273,191.0,-0.399639,0.154665106
SLC25A19,477.0,0.386093473,224.0,-0.704791,-1.271648934
SLC25A20,787.0,0.382641976,199.0,-0.054925,0.046605434
SLC25A3,504.0,0.383836987,354.0,-0.142729,-1.08096484
SLC25A40,2688.0,0.363984785,375.0,-0.147236,-0.35032397
SLC25A6,450.0,0.487227384,137.0,-0.183169,-1.026256309
SLC27A3,163.0,0.439664345,91.0,-0.370682,0.206443865
SLC39A10,2661.0,0.346494338,214.0,-0.127095,0.083642532
SLC43A2,6357.0,0.437839378,341.0,-1.52204,-1.972678363
SLC43A3,838.0,0.382351997,447.0,0.424576,-0.982862274
SLC44A1,8291.0,0.4365497,264.0,-0.602725,-0.372172589
SLC9A3R1,709.0,0.400889529,235.0,-0.290477,-0.647966048
SMAP2,1225.0,0.404145004,415.0,-0.233884,-0.12783146
SMC1A,5954.0,0.490702048,340.0,0.627017,-0.397959913
SMG5,1363.0,0.383248033,540.0,0.086863,0.272102154
SMS,2660.0,0.417677888,252.0,-0.343679,0.097605869
SMYD3,223.0,0.378821529,130.0,0.819563,0.116704563
SNRNP200,676.0,0.454045162,132.0,0.885837,0.279749716
SNRPC,474.0,0.427936125,450.0,0.242837,-0.24279967
SNRPD1,4386.0,0.384326147,161.0,-0.390438,0.629086559
SNRPN,279.0,0.390283395,1145.0,-0.551917,0.441330549
SNX24,5071.0,0.338464018,185.0,-2.030434,-0.604922341
SNX30,6144.0,0.426743352,148.0,0.454875,0.484350602
SNX33,5086.0,0.383330712,96.0,0.366916,0.831731474
SOD1,353.0,0.438546885,148.0,0.226335,0.379910681
SOD2,13436.0,0.435065133,1828.0,-0.123104,1.059457417
SP110,3922.0,0.401738483,258.0,-0.145524,-0.654460745
SPC24,1691.0,0.381793277,320.0,-0.01548,-0.681307906
SPC25,540.0,0.373816265,131.0,0.434847,0.520588302
SPCS1,3333.0,0.417439524,205.0,0.452832,-0.35041708
SPI1,383.0,0.406748349,223.0,-1.692242,0.491513918
SPRYD4,1406.0,0.430591965,75.0,1.044309,0.626156352
SQSTM1,1485.0,0.412192979,360.0,1.036517,0.201617119
SRC,2671.0,0.437602812,449.0,-0.002227,0.442514005
SRGAP2,3018.0,0.377689891,542.0,-0.625024,-0.015209731
SRI,5365.0,0.424260151,79.0,-0.415095,0.565011377
SRP19,2645.0,0.430943803,189.0,0.385896,0.443022366
SRPRB,1784.0,0.427990824,285.0,0.680505,0.353509799
SRR,1392.0,0.393840903,354.0,-0.622416,0.166094651
SRXN1,2099.0,0.37663928,185.0,0.751011,0.724489746
SS18L2,777.0,0.45997865,208.0,-0.097117,-0.387668124
SSH1,5298.0,0.373517564,146.0,0.150328,0.521746679
SSH3,2595.0,0.376349937,178.0,0.544893,0.579580823
SSR2,592.0,0.425839932,80.0,1.245567,-0.486297955
SSR3,3698.0,0.388415977,156.0,0.783535,-2.521030256
SSR4,87.0,0.444947593,150.0,0.091514,0.028120179
SSRP1,422.0,0.394601844,267.0,0.495416,0.173325165
SSU72,400.0,0.445120823,325.0,-0.411345,0.128931358
ST13,3666.0,0.439823793,468.0,0.271009,-0.058794794
ST14,553.0,0.454138745,193.0,0.927901,-0.324623871
STARD10,1682.0,0.427301627,944.0,-0.617438,-0.169997681
STAT1,3294.0,0.408136156,388.0,-0.543832,-0.161517617
STAT2,1791.0,0.409862748,203.0,0.177397,0.633584639
STAT6,1168.0,0.380869476,499.0,-0.481473,-0.10895251
STMN1,1138.0,0.394107416,364.0,-0.545204,-0.750311056
STOM,2222.0,0.387137797,117.0,0.852495,0.118726735
STOML2,531.0,0.456962681,143.0,0.561255,-0.205818249
STX11,4481.0,0.457080677,192.0,-2.093909,-1.352723461
STX3,5058.0,0.403902965,547.0,0.709568,-0.829555419
STX7,14891.0,0.417568039,327.0,0.110663,-0.320657019
STX8,107.0,0.378438911,150.0,-0.96818,0.353461094
SUCLG1,223.0,0.43877655,193.0,0.392689,-0.243039079
SUFU,3380.0,0.361614756,191.0,0.124832,0.11469111
SUMF1,999.0,0.37076871,37.0,-0.288938,0.06473029
SUPT4H1,1112.0,0.438747077,103.0,0.103803,0.474768163
SURF2,1720.0,0.440503417,48.0,0.269715,-0.633360101
SURF4,2281.0,0.385472445,476.0,0.698739,0.638266304
SURF6,4908.0,0.42467207,78.0,0.4001,-0.898828384
SUV39H1,1669.0,0.463566826,266.0,-0.04848,-1.350893714
SVIP,4195.0,0.357937352,217.0,-0.487654,-0.450119649
SYTL1,80.0,0.364244725,197.0,-0.756996,0.077107231
TACC3,165.0,0.385699108,155.0,-0.349717,-0.618410851
TADA2B,3064.0,0.464060586,151.0,-0.551876,1.220319395
TAF12,689.0,0.435926756,522.0,-0.435505,-0.295723585
TAP2,5256.0,0.374969764,175.0,-0.761731,-1.287181577
TATDN2,2040.0,0.415810908,581.0,-0.216253,-0.744760814
TBC1D20,3109.0,0.435441414,148.0,-0.104179,-0.885112471
TBC1D9B,1396.0,0.395340616,37.0,0.183207,-0.018758752
TBCC,556.0,0.434161456,73.0,-0.251756,0.416972386
TCEAL3,260.0,0.368171822,262.0,-0.783708,-1.590221779
TCEAL4,3020.0,0.432120515,489.0,-1.156537,-1.849867669
TCOF1,1640.0,0.41523122,108.0,-0.074485,-0.924995911
TDP1,1721.0,0.418036689,317.0,0.402781,0.070929613
TDRD7,242.0,0.375852104,234.0,-0.654209,-0.1557798
TDRKH,973.0,0.419795099,182.0,1.500596,0.631381087
TEP1,2777.0,0.379550228,40.0,0.911501,0.831897662
TFE3,1431.0,0.379068139,541.0,-0.243449,-0.605048841
TFEB,621.0,0.429366592,302.0,-1.558285,-0.849902258
THADA,112.0,0.415199561,352.0,0.485318,0.449275342
THBD,2144.0,0.448063145,160.0,-1.548815,-1.458504659
THUMPD1,2715.0,0.455087735,225.0,-0.372511,-0.186751029
THYN1,205.0,0.377954149,484.0,-0.660933,-0.433646829
TIMM50,3932.0,0.424829064,722.0,-1.010201,-0.851926327
TIMM8B,2046.0,0.447942532,30.0,0.423631,-0.536365565
TK2,3965.0,0.360054507,593.0,-0.138452,0.061219725
TLE1,571.0,0.374791795,1295.0,1.158347,0.051897677
TM9SF2,2020.0,0.372522209,233.0,0.946667,-0.163884764
TMED3,1710.0,0.439016102,188.0,1.102554,0.099677853
TMED9,708.0,0.44685712,67.0,0.300128,0.114851867
TMEM126A,52.0,0.406087664,295.0,-0.202233,0.362227171
TMEM199,2431.0,0.370998168,90.0,-0.841094,-2.01068777
TMEM63A,1407.0,0.385482014,622.0,0.207726,-0.517850859
TMOD1,2050.0,0.392927141,213.0,-1.133162,0.246940858
TMSB10,278.0,0.470652003,95.0,0.641859,-1.574149637
TNFAIP1,2409.0,0.451408648,449.0,-0.543889,-0.281413913
TNFAIP2,2079.0,0.44214387,131.0,0.539674,0.353446862
TNFAIP3,1995.0,0.416242917,370.0,-1.045731,-0.05972639
TNFAIP8L2,497.0,0.440670719,126.0,-2.009546,-0.275917208
TNIP1,770.0,0.448321216,241.0,-0.297361,-0.167466234
TNK2,822.0,0.420245651,543.0,-0.222397,0.499691659
TNPO2,2070.0,0.408799881,358.0,-0.643016,0.110184848
TNRC18,1316.0,0.449521205,349.0,-0.172892,-1.700312503
TOMM5,518.0,0.441712708,107.0,0.618101,-1.00692466
TOMM6,1957.0,0.431553434,255.0,0.000409,-0.801162235
TOP2A,1003.0,0.364102812,159.0,2.401326,0.483879454
TOR1A,3160.0,0.446121485,77.0,0.212907,0.949452605
TPD52L2,1600.0,0.385071878,138.0,0.02618,-0.01951299
TPI1,620.0,0.479135356,527.0,0.54321,0.294090301
TPM1,757.0,0.403626605,257.0,1.291462,-0.056704436
TRAF1,7433.0,0.438949906,572.0,-1.667126,-0.02257745
TRAF3,5716.0,0.386659664,353.0,0.399905,0.614246625
TRAF6,6100.0,0.426668941,381.0,0.046548,0.324127014
TRAPPC3,634.0,0.441060625,519.0,-0.544599,-0.369240976
TRAPPC5,42.0,0.453352607,241.0,-0.813523,0.712554679
TRAPPC6B,2539.0,0.437369008,335.0,-0.127847,0.58031877
TRAPPC9,3079.0,0.431357199,134.0,-0.421203,0.542352723
TRIM11,3522.0,0.453298916,255.0,0.653996,-0.948205018
TRIM13,5308.0,0.419190719,763.0,0.3649,-3.52382018
TRIM14,3117.0,0.369225689,165.0,0.083196,0.518294484
TRIM22,1215.0,0.424423711,379.0,-1.934333,0.009419743
TRIM26,1431.0,0.384319522,565.0,0.298645,0.494992931
TRIM27,2956.0,0.441704825,359.0,0.24513,0.370508938
TRIM41,1657.0,0.454716896,737.0,-0.215344,-0.554716744
TRIM5,2312.0,0.426412011,303.0,0.377096,-0.221482564
TRIP12,3739.0,0.40441217,297.0,0.841826,0.232393842
TRIP13,2852.0,0.433721983,145.0,0.453005,0.559317217
TRMT5,3660.0,0.405137655,572.0,0.363765,0.685495244
TRUB2,4655.0,0.434714666,759.0,-0.152784,-0.762810592
TSFM,1390.0,0.429356434,57.0,0.052291,0.187960193
TSPAN14,15147.0,0.398868986,305.0,0.147116,-0.888087545
TSPYL1,7303.0,0.373212405,287.0,0.037393,-0.265898667
TSR2,1366.0,0.464925113,443.0,-0.526609,-0.658126321
TTC39C,3394.0,0.378954091,452.0,-1.487019,0.020794847
TTC7A,2213.0,0.393400181,1272.0,-0.373052,-0.531334499
TTPAL,5319.0,0.425556123,145.0,0.11384,0.138370121
TTYH3,3063.0,0.383645273,187.0,1.42069,-1.773228142
TUBA1C,110.0,0.451729991,576.0,0.054431,0.708327566
TUBA4A,644.0,0.402818439,556.0,0.204994,0.886892943
TUBB,1030.0,0.390058461,509.0,-0.232076,0.279981337
TUBB6,2302.0,0.468445054,1139.0,-0.877836,0.667556664
TUBGCP4,1934.0,0.368175973,296.0,0.300124,0.527071146
TUSC1,1294.0,0.429789613,537.0,-1.080783,-0.825982572
TXNL4A,3129.0,0.472736328,466.0,-0.307397,0.852743199
TYMP,18.0,0.429537249,376.0,-0.052379,0.453694958
TYMS,581.0,0.364557025,159.0,-1.082654,-0.480823282
TYROBP,168.0,0.417048036,81.0,-1.547023,-0.956644373
UBAP2L,353.0,0.367068802,167.0,0.586458,-0.123160231
UBE2B,4002.0,0.405496028,420.0,-0.348314,0.486690009
UBE2E1,1034.0,0.417917446,229.0,0.171771,0.412246236
UBE2L3,2365.0,0.455573936,198.0,0.367194,0.382332128
UBE2L6,703.0,0.431638779,653.0,0.641591,0.675822033
UBE4B,1283.0,0.418913915,688.0,-0.407925,0.275910837
UBIAD1,2303.0,0.446280173,334.0,-0.443683,-0.130456092
UBR4,797.0,0.387393976,4.0,0.20507,0.117841514
UBTF,2209.0,0.400105612,296.0,-0.544916,-0.435680723
UBXN1,220.0,0.422601268,194.0,-0.407028,-0.509681435
UCK2,4043.0,0.447469338,640.0,0.954766,0.40157864
UGGT1,5935.0,0.374564832,178.0,0.929649,0.632335649
UHRF1BP1,5130.0,0.373569339,234.0,0.425506,-0.583180362
UNC45A,377.0,0.475530537,1022.0,0.0772,0.276771324
UNG,1024.0,0.368897526,209.0,-0.362099,-0.542452916
UNK,1388.0,0.447315534,42.0,-1.194926,-0.780686408
UQCR11,4379.0,0.470309826,75.0,-0.887622,0.775992028
UQCRC1,129.0,0.462829321,45.0,-0.142116,0.28367265
UQCRH,193.0,0.365128489,320.0,-0.623282,0.147473884
UROD,171.0,0.391539164,133.0,-1.293095,0.585060089
UROS,3849.0,0.422413435,266.0,0.44437,0.825850553
USP18,580.0,0.434940763,338.0,0.273701,0.080631552
USP39,571.0,0.39295741,223.0,0.485882,-0.427836898
UTP6,2466.0,0.429918331,83.0,-0.25374,-0.068506561
VAC14,489.0,0.396517204,827.0,-0.590231,0.287863161
VAMP8,451.0,0.398153421,156.0,-0.399087,-1.072368204
VASP,824.0,0.388921088,342.0,-0.571112,-0.486052808
VAT1,1456.0,0.406330787,120.0,-0.409621,0.588503048
VDAC3,475.0,0.440388181,210.0,-0.643188,0.359304433
VDR,3209.0,0.450036866,401.0,0.81561,-1.158788418
VGLL4,2489.0,0.432812067,506.0,0.306935,-0.253020729
VIM,431.0,0.411136971,462.0,-0.81417,0.175801138
VLDLR,6202.0,0.388727284,416.0,0.464384,-1.88193571
VPS28,291.0,0.476756313,109.0,-0.854822,0.218902949
VPS33B,559.0,0.447669729,583.0,-0.058151,0.339803899
VPS39,2053.0,0.440628838,173.0,-0.146148,0.709153562
VPS52,2870.0,0.393546356,887.0,0.300127,0.272746301
WASF2,4090.0,0.365213822,245.0,-0.460599,-0.536930174
WBP2,1040.0,0.392225719,515.0,-1.177505,-0.093889456
WDFY2,7044.0,0.36603015,340.0,0.532955,0.508895633
WDR1,1039.0,0.393247178,368.0,-0.442974,-0.123186586
WDR36,3619.0,0.40459335,117.0,0.485556,0.177321795
WDR37,8068.0,0.365587877,173.0,0.077286,-0.346377065
WDR4,293.0,0.380589271,581.0,0.436865,0.31354097
WDR47,1216.0,0.402106333,376.0,-0.345133,0.303127009
WDR48,1924.0,0.419028298,472.0,-0.345128,0.522695556
WDR5,1979.0,0.401607191,171.0,-0.040151,0.466902693
WDR54,97.0,0.394793766,128.0,0.406514,0.850375625
WDR61,197.0,0.411764619,310.0,0.039544,0.80584076
WDR77,4184.0,0.412330102,139.0,-0.332189,0.331565458
WDR91,4946.0,0.380864599,823.0,0.065219,-0.101922552
WDR92,2520.0,0.427217839,117.0,-0.225637,-0.048700447
YTHDF1,1279.0,0.384821843,294.0,0.571415,-0.257480463
YTHDF3,3082.0,0.406652071,509.0,0.477528,-0.318225371
YY1,5192.0,0.440120149,480.0,0.750531,-1.344112851
ZBED1,2221.0,0.457533868,282.0,-0.420911,-0.064604199
ZBTB8OS,1087.0,0.406816332,276.0,-0.455488,0.168189661
ZC3H12A,768.0,0.421626239,1056.0,-1.011734,-0.675315978
ZC3H4,2169.0,0.436042942,38.0,-0.208428,-0.534973733
ZCCHC10,81.0,0.361883573,67.0,0.064708,-1.775500995
ZFP36L1,2846.0,0.395541595,976.0,0.03181,0.005063741
ZMAT2,1942.0,0.460376067,101.0,-0.154181,-1.081162284
ZMIZ2,4165.0,0.419562196,128.0,-0.789665,-0.704065374
ZMYM3,1292.0,0.378831729,749.0,0.311858,-0.382024768
ZNF207,13817.0,0.386696564,148.0,-0.362,-0.06066465
ZNF414,113.0,0.422835658,118.0,-1.182015,-0.473633391
ZNF511,243.0,0.452392726,55.0,0.327807,1.340217762
ZNF516,4816.0,0.393186692,318.0,-0.481166,-2.272581827
ZNF622,1298.0,0.463753859,120.0,0.170382,-0.719648202
ZNHIT2,49.0,0.440612513,85.0,0.229698,0.087132732
ZNHIT3,419.0,0.425204303,73.0,-1.017853,0.310180546
ZWINT,4585.0,0.411772707,37.0,0.573426,-0.49022521
