,3prime,tAI,max_5_UTR_length,TCGA-AR-A0TV,TCGA-AR-A0TV.1
AAK1,17874.0,0.380718848,505.0,0.683553,0.38129869
AATF,207.0,0.367011205,251.0,0.649233,0.216458425
ABCC1,1793.0,0.393368456,175.0,0.922279,0.201383225
ABCF3,5726.0,0.387768135,869.0,0.31059,0.37009543
ABHD12,654.0,0.374654709,279.0,0.995033,0.254339256
ABHD6,1639.0,0.384216096,505.0,0.025573,0.061693524
ABR,2562.0,0.39474042,600.0,0.088008,0.064858021
ABT1,2092.0,0.423473096,40.0,0.106601,0.118974124
ACADVL,176.0,0.46877374,457.0,0.58696,-0.000998927
ACBD6,155.0,0.433964845,621.0,-0.547802,-0.03054209
ACIN1,584.0,0.404933544,328.0,0.434413,0.027379076
ACO1,4661.0,0.37721508,227.0,0.028754,-0.21186727
ACOT11,1220.0,0.392289045,176.0,3.216802,0.776116089
ACOT9,4514.0,0.358892202,225.0,-1.745374,-0.503319338
ACP2,814.0,0.411581374,548.0,-0.690812,-0.577885144
ACSF2,1484.0,0.405139059,501.0,-0.073382,-0.405828998
ACSL1,1530.0,0.417966714,990.0,1.914148,0.79761973
ACSL5,1022.0,0.380976548,307.0,0.494383,-0.354588949
ACTB,613.0,0.469768794,192.0,-0.643177,-0.612296649
ACTL6A,452.0,0.409046191,387.0,-0.470882,-0.161761446
ACTR1A,3151.0,0.432463663,108.0,-0.375633,-0.168094214
ADA,312.0,0.444091501,440.0,-0.006583,0.082674861
ADAMDEC1,715.0,0.41564171,547.0,3.351909,-0.863692
ADD1,1928.0,0.439806775,863.0,0.167766,-0.0180626
ADPRH,2067.0,0.380088169,541.0,0.565699,0.048217041
ADSSL1,320.0,0.393141878,776.0,-1.043189,-0.561494959
AGAP3,508.0,0.436856677,1584.0,-2.267396,-0.572696839
AHNAK,842.0,0.382138706,300.0,-2.252682,-0.613012211
AHSA1,225.0,0.374296292,431.0,0.092527,0.000811959
AIF1,121.0,0.4069451,222.0,0.280486,0.048285889
AIFM2,1911.0,0.447982482,217.0,0.944066,-0.043443807
AK1,1528.0,0.389481519,153.0,0.757623,-0.215460029
AK2,2893.0,0.384271636,345.0,0.345996,0.223735156
AKR1C2,3804.0,0.449591167,413.0,-6.585991,-1.371114281
AKR7A2,10996.0,0.385600504,22.0,0.393384,-0.354117278
ALDH18A1,838.0,0.380333742,511.0,0.163485,-0.279769102
ALDH3A2,2525.0,0.42484639,221.0,0.34228,-0.191406109
ALDH6A1,4647.0,0.38708374,724.0,-0.880357,-0.512097266
ALG1,2498.0,0.432230555,181.0,1.183338,0.295949147
ALG5,380.0,0.362014155,67.0,-0.852145,-0.357730701
ALG9,4217.0,0.365461171,1107.0,-0.381667,0.144630643
ALOX5AP,976.0,0.392577632,248.0,-0.472745,0.025420163
AMBRA1,1041.0,0.36170155,362.0,-0.73091,0.111169261
AMPD2,903.0,0.389224108,566.0,0.566705,0.135664002
AMPD3,1695.0,0.423686063,472.0,0.852463,0.363351215
ANAPC5,235.0,0.390209877,197.0,0.170048,0.229684762
ANKLE2,1737.0,0.418251419,90.0,0.357454,0.033253552
ANKRD16,135.0,0.465649334,543.0,1.038684,0.192406497
ANKRD35,249.0,0.402949835,108.0,-1.819929,0.232845145
ANXA2,496.0,0.429738522,160.0,-0.510126,-0.61882795
ANXA5,1441.0,0.418050335,165.0,-1.754841,-0.732009825
AP1B1,1153.0,0.424070668,187.0,1.124713,-0.121461027
AP1M1,914.0,0.463388599,173.0,0.189906,0.156223518
APBA1,3797.0,0.387421148,276.0,-0.272113,-0.185098178
APIP,427.0,0.433104693,127.0,-0.870609,-0.601264265
APOBEC3B,339.0,0.43450554,55.0,2.19043,0.084727046
APOBEC3C,1979.0,0.381716897,103.0,0.157148,0.593739267
APOBEC3G,322.0,0.410940579,404.0,0.933107,0.064046738
APOL2,1195.0,0.42932248,477.0,1.897786,0.497325983
ARF6,2971.0,0.462806813,621.0,0.230182,0.29493111
ARFIP2,2430.0,0.403729309,291.0,-0.606726,-0.238288122
ARHGAP17,2624.0,0.371011524,117.0,0.272719,0.033849115
ARHGAP30,773.0,0.384451823,645.0,0.578216,0.428476718
ARHGEF10,1378.0,0.370244255,202.0,-0.854347,-0.058762947
ARID2,3145.0,0.362288628,128.0,0.171483,0.229969173
ARID3A,3881.0,0.411693449,290.0,1.015916,0.206594198
ARIH2,3112.0,0.397061561,878.0,0.13534,-0.005659775
ARL8A,1065.0,0.409602486,171.0,-0.286684,0.130555965
ARRB1,6041.0,0.39512759,224.0,0.675759,-0.454465165
ASF1B,950.0,0.395794233,172.0,0.924833,-0.296638329
ASS1,1357.0,0.394201053,356.0,-3.103838,-1.422265743
ATPAF1,3039.0,0.439253133,510.0,0.874854,0.227343328
ATRIP,162.0,0.417082642,462.0,0.526559,0.319555654
AXL,1863.0,0.417061167,376.0,-0.45799,0.020378662
BAG1,2764.0,0.431693656,501.0,-0.491821,-0.39740149
BAG3,537.0,0.387438444,306.0,-1.186681,-0.121625009
BASP1,971.0,0.520859146,259.0,-1.146335,-0.211336692
BBS7,1531.0,0.408023089,184.0,0.194661,0.456135771
BCAT2,364.0,0.445598481,657.0,0.067357,-0.220115955
BCKDHB,3082.0,0.419736544,88.0,-0.509237,-0.119144323
BCL2,5279.0,0.374049285,493.0,1.57062,0.272779782
BCL2L13,4109.0,0.411790332,769.0,1.336747,1.166895226
BID,4193.0,0.428633517,498.0,-1.254851,-0.438700261
BLVRA,3376.0,0.414260839,177.0,0.259389,-0.461553291
BOLA2,40.0,0.43059393,513.0,0.837264,-0.00137775
BOLA3,383.0,0.406657227,38.0,0.795745,0.944911944
BRD2,787.0,0.377809737,2066.0,0.26645,0.213411872
BRD3,3285.0,0.401150236,188.0,-0.405805,0.02199607
BSPRY,1091.0,0.380011644,48.0,-0.820381,-0.356438407
BST2,411.0,0.444557266,81.0,0.332815,0.509667993
BUB3,1535.0,0.421992618,242.0,0.088526,-0.092060094
C1QB,152.0,0.436596666,340.0,0.7954,-0.667808204
C1QC,327.0,0.41150294,283.0,0.515799,-0.628756706
C2CD3,671.0,0.360398895,227.0,-0.636139,0.392540415
C3,5088.0,0.430632158,93.0,-0.523197,-0.530548414
CAP1,1134.0,0.406948565,416.0,-0.233423,-0.204003779
CAPN1,720.0,0.455130071,197.0,-0.837494,-0.59233407
CAPRIN1,5632.0,0.374918508,189.0,-0.653769,-0.230174291
CAPZB,5180.0,0.446052528,622.0,-0.197244,-0.157372981
CARD16,437.0,0.41300235,27.0,0.266264,0.697278328
CARHSP1,4898.0,0.362100245,360.0,-0.400193,-0.163464923
CASC3,1778.0,0.370720542,295.0,0.594092,0.370153048
CASP1,750.0,0.424742838,44.0,-0.317399,0.018521064
CASP8,1794.0,0.376118708,303.0,-0.270639,-0.432265975
CAT,629.0,0.397270122,89.0,-1.035264,-0.801493749
CBL,8368.0,0.375957197,142.0,-0.561659,-0.130224516
CBLL1,3286.0,0.400851504,467.0,-0.796462,-0.050481467
CBR3,54.0,0.445176236,228.0,1.101863,-0.288148291
CBS,4385.0,0.477784031,626.0,1.298191,-1.254268505
CBX5,10815.0,0.390902295,318.0,0.507543,0.084900438
CBX8,2504.0,0.36735217,118.0,-0.071606,0.230078559
CCDC115,2169.0,0.385110507,452.0,-0.227071,-0.165178219
CCDC125,2554.0,0.359965106,322.0,-0.468179,-0.16301621
CCDC58,2462.0,0.421830022,75.0,0.06722,0.13100594
CCDC88C,1302.0,0.396031427,154.0,-1.418807,-0.442851053
CCL5,886.0,0.462166288,68.0,1.437436,0.743881215
CCNA2,1206.0,0.409154498,373.0,0.869218,0.614428574
CCNDBP1,2336.0,0.44393643,231.0,-0.00144,0.159463138
CCS,4244.0,0.460896681,43.0,0.921439,-0.06134811
CCT3,238.0,0.457984718,231.0,-0.137079,-0.100558247
CCT4,1361.0,0.393363555,164.0,0.73764,-0.133215801
CD14,128.0,0.416321757,392.0,-0.153314,-0.321359807
CD209,3046.0,0.440000747,67.0,-0.446916,-0.218034422
CD33,331.0,0.428315036,40.0,0.392762,0.267751657
CD36,2894.0,0.410517795,414.0,-2.214739,-0.850209228
CD40,982.0,0.429065654,90.0,0.264098,-0.301685729
CD44,3115.0,0.39995987,434.0,0.487754,0.177601578
CD63,923.0,0.512738356,403.0,-0.308537,-0.422338648
CD74,635.0,0.427357309,187.0,0.323287,-0.185285987
CDC26,271.0,0.395637029,359.0,0.410374,0.349685276
CDC34,560.0,0.46431386,199.0,0.077914,-0.016029814
CDC42EP3,3941.0,0.420378821,1009.0,-1.427565,-0.244723252
CDCA3,816.0,0.351209268,820.0,1.316097,0.596701253
CDCA8,1353.0,0.384295288,290.0,1.099813,-0.114056476
CDIPT,1864.0,0.442654716,541.0,1.231168,0.582138926
CDK1,2313.0,0.398329505,154.0,0.980515,0.247153586
CDK19,4557.0,0.421511824,180.0,0.371382,0.32335191
CDK2AP1,766.0,0.439144625,522.0,-0.552369,-0.889119569
CDK5RAP2,367.0,0.371069462,192.0,0.286185,0.198704329
CDK5RAP3,284.0,0.469750898,1791.0,0.650919,0.295945563
CDKAL1,1365.0,0.417875209,167.0,0.19459,0.234093942
CDKN2AIPNL,3639.0,0.409801696,53.0,0.448439,-0.28085473
CDKN2C,2247.0,0.381912025,1216.0,0.98571,-0.169379136
CENPH,1478.0,0.418392258,87.0,-0.617216,0.137778228
CENPV,301.0,0.385948267,62.0,3.270412,1.766454946
CEP55,939.0,0.397841874,304.0,0.629846,0.026751906
CES3,2100.0,0.377378956,446.0,0.747944,-0.344143312
CETN2,868.0,0.433727498,47.0,0.577751,0.191526832
CFL1,677.0,0.502791,234.0,0.263651,0.067170659
CHAC2,786.0,0.395629742,277.0,0.237453,-0.301121626
CHCHD4,3528.0,0.445497334,326.0,0.498063,0.156168398
CHMP4A,296.0,0.447100154,262.0,0.212464,0.029271974
CHMP5,1241.0,0.442987983,200.0,0.15841,0.149351175
CHMP6,980.0,0.489861105,78.0,-0.003678,-0.017279454
CHST11,4211.0,0.430763246,498.0,0.112678,-0.467467742
CHTF8,2425.0,0.424551152,142.0,-0.590894,-0.542898997
CIAPIN1,1024.0,0.451663323,242.0,-0.189736,-0.05996272
CISD2,5376.0,0.433298698,107.0,0.524065,0.010860685
CKAP4,2872.0,0.386259817,84.0,-0.127168,-0.518827617
CKS2,300.0,0.317949998,98.0,0.887043,-0.193305144
CLCC1,5185.0,0.369704467,150.0,0.230496,0.490761175
CLCN7,1698.0,0.459147749,110.0,0.460179,-0.024665664
CLIC1,290.0,0.4571302,573.0,0.145683,-0.242400242
CLK2,350.0,0.410673686,925.0,-0.431323,-0.759081693
CLK3,1233.0,0.4268607,461.0,-0.523562,-0.083564911
CLPTM1,458.0,0.383990827,351.0,0.499919,0.310201861
CLTA,288.0,0.450950874,514.0,-0.780392,-0.44427543
CLTB,319.0,0.48548545,210.0,0.570485,0.460290955
CLTC,3104.0,0.384957863,443.0,0.174809,-0.130551393
CNBP,6850.0,0.433298698,206.0,0.449026,-0.23255509
CNPY2,123.0,0.392778455,553.0,0.090054,-0.440773291
CNPY3,1042.0,0.459231502,584.0,0.833628,0.035595902
COG3,1967.0,0.414689223,142.0,-0.322166,0.132183562
COMMD1,306.0,0.423842833,138.0,0.394505,0.148570339
COMMD3,431.0,0.360487018,35.0,-0.037177,-0.216412956
COMMD5,498.0,0.445713337,399.0,-0.372046,-0.464206517
COMMD6,1375.0,0.396967837,328.0,-0.968576,-0.545379619
COMMD9,2340.0,0.418062772,89.0,-0.512936,-0.169413796
COPB1,446.0,0.381738818,307.0,-0.34674,-0.104807294
COPE,165.0,0.478760693,55.0,0.569734,-0.222113342
COQ6,671.0,0.374062527,159.0,-1.075048,0.217288406
COQ7,5700.0,0.42379098,133.0,0.5634,0.346833708
CORO1A,112.0,0.457388252,435.0,0.582152,0.209582105
COX17,1735.0,0.484254073,86.0,0.796216,0.861088133
COX5A,860.0,0.429944966,140.0,0.343485,0.177214523
COX7A2,302.0,0.441893926,98.0,0.870142,-0.412313576
CPM,5262.0,0.406054343,75.0,0.61593,-0.441068571
CPSF4,923.0,0.452412439,277.0,-1.17855,-0.027923025
CPT1A,2761.0,0.374132033,170.0,1.945741,0.8254177
CPT2,602.0,0.431256564,515.0,0.95432,0.502699665
CRCP,8457.0,0.390198146,145.0,-0.795206,-0.462574542
CRKL,3904.0,0.422225684,509.0,0.511802,0.104614606
CRTAP,5601.0,0.446308827,120.0,-0.196365,-0.569460647
CRTC3,3205.0,0.355982524,186.0,-0.005119,0.193645024
CRYL1,462.0,0.386242786,79.0,0.158654,-0.312229353
CSRP1,1183.0,0.493833101,217.0,-1.1169,-0.690522992
CST3,2762.0,0.475763324,186.0,0.897186,0.229541855
CSTF2,1931.0,0.372934478,58.0,-0.186832,0.092277634
CTBP1,800.0,0.464034004,393.0,-0.104161,-0.179484385
CTNNA1,1216.0,0.412513324,1103.0,-1.103076,0.125658401
CTNNB1,1106.0,0.432073699,448.0,-0.633517,-0.28447044
CTNNBIP1,2448.0,0.394834327,307.0,-0.248026,-0.6840545
CTPS2,1870.0,0.416273085,744.0,-0.765897,-0.570259929
CTSG,119.0,0.369503415,37.0,-3.464968,-1.271098861
CTSH,1072.0,0.446467856,1192.0,0.744698,-0.166930383
CUEDC1,2047.0,0.374410739,719.0,0.922459,0.069311188
CUX1,1040.0,0.395555213,127.0,-0.923397,-0.1306469
CXCL10,814.0,0.410287201,105.0,1.346626,-0.633345105
CXCL9,2323.0,0.403736618,74.0,3.350462,0.609593528
CYBB,2544.0,0.418993019,61.0,1.46527,0.137503924
CYP2S1,1051.0,0.420869286,58.0,0.94015,0.191374431
CYTH4,1837.0,0.406296106,377.0,0.220443,0.274791786
DAB2,1757.0,0.368483127,531.0,-0.833048,-0.044828798
DAGLB,721.0,0.377719723,170.0,-1.007106,-0.183265046
DAP3,768.0,0.366492687,184.0,-0.033765,0.195159752
DAPP1,2082.0,0.348655603,90.0,-0.117101,0.043965836
DBI,233.0,0.467027529,479.0,-0.623376,-0.663694978
DCAF8,1877.0,0.380310979,212.0,-0.406471,-0.222116295
DCP1A,4153.0,0.411936399,381.0,-0.444881,-0.111209415
DCPS,4731.0,0.375605648,329.0,-1.255602,-0.712015096
DCTN5,10597.0,0.443116252,177.0,0.577331,-0.019828253
DDAH2,653.0,0.361046801,1104.0,0.268476,-0.217319213
DDB2,1223.0,0.43604051,195.0,-1.089143,-0.329684402
DDX23,713.0,0.445931172,91.0,-0.041027,0.072390695
DDX31,1870.0,0.361830896,544.0,0.474207,0.575512471
DDX47,438.0,0.379294484,22.0,0.296905,0.436438146
DDX54,1704.0,0.467316231,28.0,0.38747,0.367893537
DDX56,586.0,0.438032149,643.0,0.176643,0.175831213
DDX59,217.0,0.413095257,243.0,0.142921,0.025030933
DHODH,3463.0,0.371608285,21.0,-0.227327,-0.520819341
DHPS,121.0,0.474111752,121.0,0.359988,-0.236448017
DHX15,459.0,0.379133957,168.0,0.083659,-0.234778259
DHX34,591.0,0.384465978,349.0,0.81815,0.539352642
DHX58,357.0,0.440330409,223.0,1.384247,0.394529845
DIABLO,719.0,0.425893605,1182.0,-0.071674,-0.252725787
DMAP1,63.0,0.471306,301.0,0.198232,0.264076356
DMXL2,1274.0,0.389901613,225.0,0.44769,0.24449057
DNAJA4,1736.0,0.398301408,169.0,1.600118,0.701519098
DNAJC14,1509.0,0.37755465,204.0,0.285474,0.257706529
DNAJC19,1326.0,0.403482491,259.0,0.379158,0.232708423
DNAJC25,1212.0,0.430964931,56.0,0.774783,0.716724764
DNAJC8,969.0,0.416719859,33.0,0.146851,0.390199066
DNM1,1255.0,0.393835111,116.0,-2.393512,-0.381430684
DNTTIP2,3564.0,0.408096853,58.0,-0.045682,0.354166402
DOCK11,3681.0,0.373818855,63.0,-0.601233,0.117132758
DOCK2,524.0,0.446250827,52.0,0.66623,0.296847898
DOK2,438.0,0.384043737,481.0,0.989909,0.541304891
DPCD,197.0,0.459155016,389.0,0.409814,0.272286929
DPF2,2501.0,0.393394442,133.0,-0.779429,0.078032975
DPH1,1310.0,0.448716064,341.0,1.441662,0.39313283
DPH5,784.0,0.413363166,165.0,0.322518,0.089290922
DPY30,562.0,0.438431353,279.0,0.556902,-0.326134972
DPYSL2,2472.0,0.430530829,431.0,-1.346805,-0.44320479
DRAP1,142.0,0.432809908,245.0,1.203226,0.308978007
DRG1,4594.0,0.444150091,131.0,1.115633,0.040651717
DSN1,5330.0,0.392894937,373.0,1.244723,0.281828623
DSTN,2786.0,0.375776803,438.0,-0.093311,-0.245840635
DTL,2265.0,0.372315747,921.0,0.824813,-0.376088039
DTX3L,3456.0,0.408848169,89.0,0.464655,0.254503758
DUSP12,374.0,0.419884133,34.0,-0.597149,-0.209523602
DUT,1937.0,0.36471409,109.0,0.100832,0.160587743
DYNLT1,514.0,0.420362019,78.0,0.467209,-0.00686798
EBAG9,1437.0,0.39438748,402.0,1.676683,0.882133236
ECH1,191.0,0.389477111,85.0,0.215945,-0.018731977
ECHDC2,2269.0,0.400166641,752.0,0.41872,-0.18807388
ECM1,322.0,0.43792189,199.0,-2.107126,-0.634963997
EDEM2,76.0,0.379021051,100.0,0.485369,0.291687619
EEA1,5374.0,0.405861636,265.0,-0.020495,0.064475597
EEF1A2,286.0,0.417272363,329.0,2.495563,0.487365908
EFTUD2,1331.0,0.444646836,398.0,-0.027502,0.140438037
EHD1,3363.0,0.446314898,447.0,-0.541088,-0.286059739
EIF2AK2,8063.0,0.394727306,557.0,0.578158,0.437175645
EIF2B3,1058.0,0.383118637,239.0,0.384074,-0.058323655
EIF3F,5840.0,0.435728237,33.0,-0.553757,0.00035861
EIF3L,1718.0,0.380710116,245.0,0.569192,0.147686245
EIF4A3,1120.0,0.381528282,222.0,-0.182691,0.086102821
ELAVL1,4910.0,0.437605432,167.0,0.024108,-0.065536919
EMG1,248.0,0.433768095,143.0,0.22447,0.050454562
EMILIN2,2605.0,0.379592019,159.0,0.351355,0.47914851
ENDOD1,7728.0,0.376426787,118.0,0.192394,-0.458618817
ENOSF1,2904.0,0.382279782,622.0,0.607394,0.121263476
ENY2,2576.0,0.41756619,146.0,0.955223,0.154407352
EPSTI1,2106.0,0.391777705,469.0,0.851023,0.212417606
ERCC1,2342.0,0.45058755,188.0,-0.081624,0.333663877
ERCC6L,4809.0,0.354829683,623.0,0.946523,-0.104922983
ERH,415.0,0.383837906,71.0,-0.543827,-0.287931581
ERLIN1,2041.0,0.444737514,478.0,-0.203516,-0.382126239
ERP29,1277.0,0.401191178,118.0,0.911727,-0.259683866
ETV6,4356.0,0.398240844,274.0,-0.849456,-0.212451524
EXOC4,1232.0,0.388187525,35.0,-0.251517,-0.102570488
EXOC8,6907.0,0.436106501,127.0,-0.435,-0.075048278
EXOSC1,536.0,0.430105347,451.0,-0.755904,-0.223527388
EXOSC2,3902.0,0.431273517,32.0,0.572939,-0.311901046
F8A1,571.0,0.46317284,15.0,0.207864,-0.328407383
FAAH,2043.0,0.384592892,82.0,0.407177,-0.309683928
FAF1,4425.0,0.401181969,453.0,0.120723,0.027173537
FAM122A,4542.0,0.40477622,33.0,0.215323,0.364953405
FAM168A,6285.0,0.395008865,285.0,-1.221986,-0.313918233
FAM177A1,2165.0,0.411149627,459.0,1.694483,0.679028311
FAM192A,1824.0,0.379195199,1475.0,-0.252135,-0.132167357
FAM20B,4428.0,0.4357945,293.0,0.099405,-0.206927398
FAM32A,1091.0,0.408676074,42.0,-0.098204,-0.120968879
FAM50A,286.0,0.482889735,110.0,0.754505,0.131775901
FBP1,248.0,0.397353747,331.0,1.051102,-0.029133786
FBXL20,9338.0,0.383104745,254.0,0.067926,0.102513101
FBXO4,526.0,0.393825218,58.0,1.018691,0.248780212
FBXO6,503.0,0.42307306,166.0,1.785447,0.944960698
FCER1G,305.0,0.4202976,25.0,0.532418,0.204593058
FCGRT,309.0,0.433069976,486.0,0.633384,-0.025220461
FCHO1,270.0,0.372951657,283.0,2.4807,-0.822825073
FDPS,72.0,0.456397562,392.0,-0.519875,-0.674344612
FDXR,596.0,0.384661194,188.0,-0.115707,-0.250227381
FEN1,1340.0,0.407867196,413.0,-0.226411,-0.404909551
FERMT3,399.0,0.435119014,149.0,0.863413,0.060249516
FGD2,907.0,0.441856308,171.0,0.473447,0.085176052
FGFR1OP2,1663.0,0.396595515,353.0,0.133298,-0.070424542
FGL2,3460.0,0.40966218,40.0,0.349436,0.195431216
FKBP1A,1132.0,0.428443098,174.0,-0.490664,-0.189333128
FKBPL,24.0,0.377510344,270.0,0.148192,-0.235463385
FLOT1,422.0,0.472159534,339.0,0.454134,0.623443967
FN3K,442.0,0.389857108,61.0,0.414199,-0.187392447
FN3KRP,3667.0,0.380720834,50.0,-0.332386,-0.421220683
FOXJ3,3176.0,0.401878681,312.0,0.135222,0.580581835
FOXK2,3108.0,0.440496276,171.0,0.27721,0.056680071
FOXRED1,443.0,0.438630908,167.0,-0.143761,0.186354259
FSCN1,1184.0,0.396100853,132.0,-0.919587,-0.572915852
FTH1,530.0,0.425357612,235.0,-0.838124,-0.125530515
FTL,1031.0,0.428438948,199.0,-0.022583,0.265126926
FTSJ1,638.0,0.457521275,569.0,0.206101,0.185218053
FTSJ3,698.0,0.388239396,646.0,-0.148171,0.088258704
FXN,6365.0,0.40465004,220.0,0.703377,0.664249248
GABARAPL2,564.0,0.431291441,136.0,0.012832,-0.02825591
GABPB1,1320.0,0.423118524,469.0,-0.310855,0.173431431
GALK1,292.0,0.455574511,63.0,0.231031,-0.155542947
GANAB,989.0,0.425909644,1027.0,-0.621612,-0.527620838
GAS6,315.0,0.393865445,183.0,-0.577838,0.003070393
GAS7,6619.0,0.423630168,311.0,-0.988771,-0.020455836
GBE1,708.0,0.404013874,283.0,-0.343305,-0.277107061
GBP1,1735.0,0.42614962,220.0,2.404961,0.251056927
GBP2,5058.0,0.440134196,314.0,0.643084,0.067785472
GBP4,4106.0,0.42983554,116.0,1.056964,0.212773931
GBP5,1753.0,0.421901204,537.0,2.172184,0.484982273
GCH1,2011.0,0.419329122,161.0,-0.743346,-0.128093629
GFOD2,622.0,0.396604754,295.0,-0.190856,-0.367964772
GGA2,5408.0,0.377812588,83.0,1.697888,0.94041538
GGCX,5211.0,0.417836117,106.0,0.585564,0.159882771
GIGYF1,2212.0,0.443456438,1210.0,-0.7384,-0.007720186
GINS3,1415.0,0.387351931,208.0,0.207221,-0.014452961
GLA,1699.0,0.378726947,110.0,-0.367379,-0.502465338
GLE1,1357.0,0.383457083,114.0,0.220581,0.010597666
GLRX,1188.0,0.430296645,211.0,-0.950466,-0.558828535
GLRX3,3557.0,0.41418463,539.0,-0.310182,-0.373228633
GLUD1,1558.0,0.392454008,1132.0,0.001154,0.247943465
GLYR1,2033.0,0.39940414,57.0,0.170845,0.191623414
GMEB1,4582.0,0.43446142,142.0,-0.270867,0.193329956
GMPPA,198.0,0.434966364,375.0,0.112033,-0.053408563
GMPR,3984.0,0.435743929,114.0,2.299114,0.662202186
GMPR2,464.0,0.453637396,704.0,0.435491,-0.065446235
GNAI1,1947.0,0.435804474,356.0,-2.208497,-0.239461811
GNG7,3803.0,0.398730372,237.0,-1.517728,-0.375001686
GNPDA1,1360.0,0.395964134,67.0,-0.202423,-0.200703926
GOLGA2,1243.0,0.401070546,13.0,0.836711,0.47247551
GON4L,926.0,0.418089888,175.0,-0.253785,-0.394753587
GOSR1,5968.0,0.408103421,237.0,0.161255,0.177054788
GOSR2,3258.0,0.374298057,541.0,0.533737,-0.160179391
GOT2,1054.0,0.444803236,129.0,0.086023,-0.686953649
GPS2,97.0,0.431122181,76.0,0.453259,0.028402634
GPX7,626.0,0.395840774,39.0,0.046012,-0.561993445
GRAMD1A,299.0,0.411657297,748.0,0.147592,0.138287557
GRB2,2292.0,0.4413596,358.0,1.164756,0.319855542
GSTM4,2467.0,0.390909061,314.0,-0.127016,-0.405792154
GTF2A2,1070.0,0.420716795,404.0,-0.213613,0.018990567
GTF2E2,604.0,0.365750105,273.0,-0.242747,0.190696476
GTF3C2,932.0,0.372227001,397.0,-0.25308,0.047275868
GTPBP1,2894.0,0.424954603,154.0,0.653431,0.378371247
GTPBP3,1032.0,0.436547413,95.0,0.526894,0.064079432
GTSE1,680.0,0.368527868,212.0,1.256437,0.071035113
GTSF1,222.0,0.36097632,86.0,1.31684,-0.133266423
HADH,818.0,0.383558671,219.0,0.591816,0.267434131
HADHA,615.0,0.383558671,130.0,0.079645,0.076414785
HAUS5,3319.0,0.378752573,51.0,0.571131,-0.309206924
HAUS8,346.0,0.37535995,111.0,-0.192257,-0.100567127
HCCS,1274.0,0.398607648,275.0,0.55993,0.544773686
HCK,337.0,0.440224323,364.0,0.782703,0.138061508
HDAC1,591.0,0.390040122,63.0,0.37542,0.070924457
HDDC3,763.0,0.387287166,29.0,0.519511,0.427709563
HDGF,1342.0,0.465394593,322.0,0.098569,0.179564679
HDLBP,2343.0,0.397687311,375.0,0.389966,0.127787241
HEATR3,1385.0,0.384091545,883.0,-0.297893,-0.185755047
HEBP2,9119.0,0.359416339,297.0,-0.72454,-0.702489303
HECA,3704.0,0.443714129,285.0,0.141381,0.28069787
HECTD3,3914.0,0.446742268,98.0,-0.380098,0.015263395
HERC2,726.0,0.429958504,109.0,-0.089218,0.753030584
HERC5,379.0,0.393838904,153.0,-0.312416,0.180322099
HERC6,651.0,0.398146132,183.0,-0.829179,-0.185756268
HIP1,4874.0,0.430847644,52.0,-0.738669,-0.244671955
HLA-A,4150.0,0.424443523,84.0,1.061346,0.070247545
HLA-C,420.0,0.421684519,65.0,1.029512,1.349002172
HLA-DRA,409.0,0.420807891,109.0,0.563172,-0.148585279
HLA-E,1459.0,0.413523771,126.0,0.303513,0.09744458
HLA-F,121.0,0.407256461,124.0,0.764122,-0.67393809
HMBOX1,3560.0,0.369177113,482.0,-0.337746,-0.52401177
HMBS,266.0,0.451934812,299.0,-0.329001,-0.359969376
HMGB2,3775.0,0.450826504,193.0,1.210851,0.603235911
HMGCS1,3661.0,0.374424323,345.0,0.565958,-0.266832156
HMOX1,616.0,0.436401717,107.0,0.77483,-0.308721831
HNRNPA0,7504.0,0.386421138,284.0,-0.747346,-0.298386963
HNRNPD,1688.0,0.420386111,318.0,0.258733,0.18067162
HNRNPL,1102.0,0.449817015,176.0,0.221802,0.069113512
HNRNPU,4156.0,0.432126199,218.0,-0.128603,0.02497753
HNRNPUL1,2135.0,0.394022965,339.0,0.624766,0.261246107
HNRNPUL2,2674.0,0.436897081,229.0,-0.76366,-0.329455624
HSBP1,3274.0,0.4454546,174.0,-0.400529,0.017095055
HSD11B1,4482.0,0.426649415,154.0,2.013212,0.622525498
HSD17B7,398.0,0.431983247,99.0,0.195031,-0.550726776
HSP90AB1,313.0,0.39509298,251.0,1.145427,0.115404319
HSPA1L,428.0,0.464100714,183.0,0.79331,0.230942559
HSPA4L,7877.0,0.413794867,342.0,1.340181,0.606198986
HSPB11,107.0,0.34538245,284.0,0.64439,-0.142223861
HTRA2,571.0,0.421976635,602.0,0.197003,-0.334702858
HTT,3901.0,0.373695076,145.0,0.360126,0.256443296
HUS1,2068.0,0.374612864,131.0,-0.147676,0.276747175
HYI,310.0,0.378597605,196.0,0.867112,-0.28086022
HYOU1,1409.0,0.403839016,234.0,0.048473,-0.579167721
ICAM1,1537.0,0.426062071,319.0,0.109531,-0.341505392
IER3IP1,3342.0,0.438740024,97.0,9e-06,-0.888707832
IFI16,254.0,0.415211655,290.0,-0.592195,0.065493658
IFI30,213.0,0.431523306,62.0,0.482323,-0.508476999
IFI35,160.0,0.418462024,223.0,0.762053,-0.41681263
IFI44,267.0,0.403888008,124.0,2.149158,1.060211519
IFI44L,5058.0,0.403608012,200.0,2.828101,1.265784378
IFIH1,121.0,0.412344512,377.0,0.339495,-0.11816581
IFIT1,2775.0,0.411248073,495.0,1.732347,-0.309872073
IFIT2,1901.0,0.420797646,175.0,1.562904,0.073866825
IFIT3,843.0,0.417440574,529.0,1.410478,-0.093271657
IFIT5,2354.0,0.414819429,231.0,0.416499,0.121643364
IFITM1,159.0,0.431550176,180.0,-0.640836,0.143700865
IFT27,109.0,0.4030938,426.0,0.989234,0.578935889
IGFBP3,1605.0,0.43060006,132.0,-2.101479,-0.631180052
IGFBP7,558.0,0.392734536,34.0,-0.821018,-0.458025089
IKBKE,745.0,0.435100597,714.0,-0.468488,0.014497066
IL16,3965.0,0.367979445,2395.0,-0.153072,0.277087288
IL17RA,5874.0,0.376798811,133.0,0.367889,0.002902385
IL1RN,1145.0,0.411881061,408.0,-1.115097,-0.931634799
IL4I1,16.0,0.4139018,621.0,1.267277,-0.358918989
ILF2,656.0,0.426220446,239.0,-0.182732,0.032321597
IMPA2,2898.0,0.383680893,242.0,1.144196,0.103775289
INO80,5209.0,0.374025479,351.0,-0.023649,0.401969768
INPP1,263.0,0.395712795,700.0,0.548543,0.173650946
INPP5D,1195.0,0.436077769,512.0,-0.001868,0.194385883
INSR,4801.0,0.380857973,411.0,1.067514,0.548244505
IPO5,2508.0,0.381335948,180.0,-0.503191,0.296249334
IRF7,92.0,0.423538356,367.0,-0.432843,0.107425116
IRF8,1327.0,0.384714127,507.0,0.585903,0.287803215
IRF9,369.0,0.432057622,127.0,1.567818,0.816033025
IRGQ,7659.0,0.399674011,156.0,-0.061591,-0.368471132
ISCU,607.0,0.454630229,1331.0,0.165669,0.831263817
ISG15,62.0,0.419522688,77.0,2.886673,0.701946513
ISG20,952.0,0.419932377,2368.0,0.918897,0.237566613
ISOC1,1056.0,0.418535314,18.0,0.575669,-0.391246413
ITGB2,415.0,0.457304004,395.0,0.946428,0.167375123
ITPKB,2981.0,0.440250717,340.0,-2.024085,-0.38543864
ITPRIP,5382.0,0.396785481,453.0,-1.24483,0.207103436
JUNB,496.0,0.414023332,276.0,0.198177,-0.201213522
JUP,157.0,0.458302936,298.0,-0.174768,-0.704501592
KANK2,2291.0,0.394238955,361.0,-0.426783,-0.467825573
KARS,4202.0,0.383913431,144.0,-0.449632,-0.163052669
KDM1A,327.0,0.428444011,149.0,0.360453,-0.257511728
KDM2A,3716.0,0.372295488,864.0,0.520516,0.318296376
KDM2B,2488.0,0.393022165,407.0,-0.094638,-0.072604902
KDM3B,1327.0,0.37791414,200.0,-0.780733,0.043710288
KDM4A,1148.0,0.378142374,166.0,-0.336361,0.206945481
KHSRP,1024.0,0.456900489,110.0,0.047405,0.221724962
KIAA2013,727.0,0.385456054,191.0,-0.113457,-0.381069538
KIF20A,757.0,0.371463873,496.0,0.30283,0.065824575
KIF22,75.0,0.392489541,388.0,0.526278,0.137133494
KIF2C,588.0,0.387865377,395.0,1.402607,0.204198744
KIF3B,3792.0,0.390782105,180.0,0.608914,0.254275808
KIF5B,3198.0,0.418236129,470.0,0.223822,0.126494047
KLHL7,3616.0,0.41595405,521.0,0.11895,-0.019728347
KTI12,594.0,0.370414154,39.0,-0.1233,-0.207498964
LAMP1,1311.0,0.390985106,281.0,-0.775789,-0.682196661
LANCL2,2422.0,0.433733517,578.0,-0.424979,-0.643571421
LAP3,503.0,0.426841798,162.0,0.42234,0.179924027
LDHD,1826.0,0.398770776,52.0,0.353927,0.075706929
LENG1,560.0,0.445950324,48.0,0.39082,0.360957156
LGALS3,159.0,0.420172221,88.0,-1.930968,-0.7183748
LGALS3BP,1225.0,0.419930622,179.0,0.132004,-0.458681472
LGALS9,641.0,0.410654931,118.0,-0.239687,-0.204061112
LIN54,4893.0,0.441729058,383.0,0.90407,0.430347988
LPCAT1,2228.0,0.380803123,133.0,0.918518,-0.161417458
LPXN,1776.0,0.432350833,254.0,0.429045,0.139421183
LRPPRC,2376.0,0.377375074,58.0,-0.141099,0.204040902
LRRC25,843.0,0.434491636,642.0,0.139406,0.290734847
LRRC41,465.0,0.438391248,44.0,0.103435,0.334088141
LRRC59,1755.0,0.423067849,236.0,0.714748,0.032934317
LSM1,486.0,0.409616526,410.0,-0.442103,-0.063068961
LSM6,1871.0,0.435100303,139.0,-0.540267,-0.085789394
LTA4H,391.0,0.355044638,145.0,0.372657,0.116026397
LYN,4058.0,0.418972994,282.0,-0.135434,-0.362494725
LYPLAL1,1137.0,0.3973742,157.0,-0.936862,-0.322797298
LYRM4,6830.0,0.366844497,217.0,0.165554,0.812949101
LYSMD2,596.0,0.394037378,501.0,0.680344,-0.003226132
M6PR,1457.0,0.379162834,275.0,0.30381,0.41426808
MAD2L1,4528.0,0.407191351,124.0,0.934731,0.137233915
MAFB,2032.0,0.405989564,390.0,-1.47519,-1.384795331
MAGED2,327.0,0.466698843,233.0,0.288396,0.238236084
MAGOH,153.0,0.416054235,162.0,0.049983,-0.154429385
MAN2B1,128.0,0.381728903,76.0,0.075935,0.215053646
MANF,717.0,0.420319188,97.0,0.602688,-0.07488645
MAP4K1,170.0,0.374128007,140.0,2.241474,0.445259963
MARCKSL1,768.0,0.468216312,206.0,-1.729967,-0.455122785
MAX,2676.0,0.337149475,479.0,-0.540553,-0.061259203
MBD2,3723.0,0.420256858,229.0,-0.972303,-0.301167071
MBP,4041.0,0.393290432,264.0,0.236466,-0.46212979
MCM2,662.0,0.460999542,110.0,0.900075,-0.006280082
MCM4,2618.0,0.371821308,942.0,0.055958,0.021078199
MCM5,3214.0,0.470488076,94.0,1.210866,0.329452802
MDC1,658.0,0.415783633,440.0,1.041375,0.671793275
MDH1,210.0,0.381672323,435.0,0.269989,-0.302673692
ME1,1535.0,0.411214685,265.0,2.927454,0.935244509
ME3,171.0,0.395156177,377.0,-2.293358,-0.521740422
MECR,1365.0,0.445670958,612.0,-0.124975,-0.053468743
MED17,2631.0,0.366528813,275.0,-0.12623,0.067690858
MED19,934.0,0.439623042,93.0,-0.609965,-0.617893204
MED28,10307.0,0.440157501,27.0,-0.71212,0.209036209
MED29,4550.0,0.464327351,57.0,0.4175,0.476770504
MEF2C,6848.0,0.41426337,654.0,-0.926302,-0.681621864
MEN1,824.0,0.454590692,504.0,-0.470659,0.046535033
METTL13,961.0,0.396264071,347.0,-0.512733,-0.25488738
MGST3,1295.0,0.374563048,428.0,-0.677457,0.527012229
MIF4GD,787.0,0.397877071,137.0,0.566627,-0.227244239
MINK1,774.0,0.455972684,525.0,0.441457,0.477203627
MIS12,1334.0,0.420723459,745.0,0.50524,0.295072017
MLEC,5319.0,0.43043384,173.0,0.689066,0.355188124
MLLT10,2252.0,0.36295117,1568.0,-0.117378,-0.463999587
MLX,1636.0,0.386664187,65.0,0.505485,-0.969573432
MMACHC,1852.0,0.382684622,371.0,0.513253,0.008770504
MMADHC,5382.0,0.406207656,205.0,-0.171856,-0.207157756
MMGT1,4451.0,0.406300672,388.0,0.145708,0.538648978
MMP1,502.0,0.392399458,189.0,1.548442,-0.386697465
MMP14,1722.0,0.419367787,285.0,-1.429854,-0.280756781
MMP9,193.0,0.404253633,19.0,1.386458,-0.919683645
MORC3,2052.0,0.406702124,375.0,0.165711,0.346424584
MORF4L1,1066.0,0.420719378,454.0,-0.340652,0.170779625
MOV10,619.0,0.412681236,1415.0,0.570169,0.855497429
MPDU1,797.0,0.440676037,216.0,0.64572,-0.228269624
MPHOSPH10,87.0,0.404440607,352.0,-0.005704,0.30316153
MRI1,2018.0,0.459301832,75.0,0.533249,0.231515466
MRPL13,1075.0,0.395373051,313.0,0.521249,0.610805017
MRPL15,1888.0,0.407701507,63.0,0.068477,0.277141436
MRPL16,212.0,0.368940255,214.0,-0.48763,0.481846833
MRPL17,6554.0,0.424450505,105.0,0.019987,0.207290549
MRPL2,580.0,0.458698472,164.0,0.402001,0.358151408
MRPL20,187.0,0.445765675,96.0,0.434169,0.535435898
MRPL21,55.0,0.417448467,293.0,1.195339,0.324716999
MRPL27,2133.0,0.436300758,31.0,0.100423,0.576636126
MRPL40,113.0,0.406843086,653.0,1.390715,0.506456866
MRPL46,1889.0,0.422788385,25.0,-0.153157,0.277689574
MRPL48,1284.0,0.368940255,212.0,-0.446559,0.201823076
MRPL51,2069.0,0.35376587,169.0,0.333262,0.631989401
MRPL53,198.0,0.441261883,155.0,0.70856,0.692643908
MRPL9,407.0,0.432679379,437.0,-0.207851,0.245034221
MRPS11,2793.0,0.477818717,1491.0,0.351387,-0.051207898
MRPS15,468.0,0.440649404,164.0,0.212705,0.155555318
MRPS17,1334.0,0.413812124,30.0,0.136735,-0.046915919
MRPS18B,936.0,0.408462865,157.0,0.7051,0.241260505
MRPS36,933.0,0.3748339,84.0,-0.969675,0.099739063
MRPS7,453.0,0.455992019,233.0,0.86829,0.487395883
MSI2,5168.0,0.366385762,173.0,1.767098,0.890026185
MSTO1,694.0,0.421389639,1152.0,-0.003264,-0.166305449
MT1E,291.0,0.588704726,179.0,1.946285,1.775257558
MT2A,316.0,0.576670685,123.0,1.458746,1.222872722
MTA2,684.0,0.459443446,761.0,-0.934235,-0.166943319
MTFMT,1550.0,0.414190941,26.0,-0.073822,0.268720172
MTHFS,1663.0,0.434592403,179.0,0.361717,0.350570161
MTMR1,2442.0,0.424163835,319.0,0.417579,0.336571974
MTMR14,421.0,0.371137969,151.0,-0.062764,0.067564932
MVP,50.0,0.435053297,193.0,-0.686024,-0.40088047
MX1,456.0,0.433488503,982.0,1.256191,0.105892295
MX2,1812.0,0.430094961,104.0,-0.674558,0.021959383
MYADM,2833.0,0.384589896,681.0,0.714938,1.351956228
MYCBP,3972.0,0.381803634,73.0,0.276949,0.505168121
MYL12A,812.0,0.453450746,478.0,-0.432567,-1.016944153
MYO18A,3647.0,0.395788337,484.0,0.262812,-0.002557933
MYO9B,1401.0,0.398943925,152.0,-0.334743,-0.07315713
N6AMT1,5137.0,0.427535625,28.0,0.064894,-0.289533642
NAA40,3212.0,0.389371031,261.0,-0.585839,-0.211889736
NAB1,2433.0,0.361024962,572.0,-0.377729,-0.04605778
NADK,1672.0,0.3959688,563.0,0.351187,0.225147026
NADSYN1,464.0,0.447848979,126.0,-1.213375,-0.192101478
NAGK,1297.0,0.42527382,474.0,0.062484,-0.067269597
NANS,37.0,0.458552255,132.0,0.629092,-0.441482484
NAPA,1862.0,0.477781443,318.0,0.602404,0.064816901
NAT10,4915.0,0.387474071,245.0,-0.115237,0.242397155
NBAS,140.0,0.414580543,44.0,0.122842,-0.217768238
NCALD,2767.0,0.374888213,460.0,-0.544233,-0.841730536
NCAPD3,2971.0,0.431957579,606.0,-0.323886,0.027970919
NCAPG2,3501.0,0.41630572,200.0,0.405355,0.217633752
NCF1,2381.0,0.415579251,70.0,1.591648,0.422185409
NCK2,1267.0,0.457831152,276.0,-0.288458,-0.294177816
NCKIPSD,4981.0,0.449411541,126.0,0.672942,-0.035992597
NCOA5,1332.0,0.416761948,402.0,0.151392,0.330073804
NCOA7,3259.0,0.404217869,470.0,0.626917,0.596981474
NDC80,61.0,0.356199389,182.0,1.662829,0.75422766
NDRG2,841.0,0.376266446,941.0,0.642948,-0.291768881
NDUFA4,1685.0,0.439642808,129.0,-0.278657,0.370949341
NEU1,667.0,0.413226082,156.0,0.622485,0.15802188
NFATC2IP,3242.0,0.412267479,15.0,0.821589,0.533300273
NFKB1,708.0,0.4099683,467.0,0.465014,0.006498977
NFKB2,153.0,0.424806573,563.0,-0.113927,-0.281257022
NFKBIE,1053.0,0.409138176,25.0,0.373787,-0.164241161
NGDN,1255.0,0.423783924,27.0,0.304877,0.507277873
NGRN,1679.0,0.414477409,50.0,0.55919,0.346594363
NINJ1,5217.0,0.455972644,71.0,0.415361,0.367669638
NIP7,1593.0,0.443769116,318.0,-0.357289,0.011905044
NIT2,2351.0,0.432361565,74.0,0.773984,-0.032730244
NMNAT3,2689.0,0.397393877,1228.0,0.419595,0.283691229
NMT1,3377.0,0.454689408,31.0,0.45101,0.305312095
NONO,1092.0,0.432928506,710.0,0.310763,-0.0510771
NOP14,912.0,0.38067473,187.0,0.678557,0.286299459
NOP2,785.0,0.393538298,198.0,0.199045,0.042535496
NOTCH2,6062.0,0.409327653,297.0,-0.04516,-0.067495466
NPTN,1068.0,0.388989686,197.0,1.090489,0.353935826
NR2C2,6271.0,0.390767743,362.0,-0.102395,0.371954062
NRBF2,883.0,0.43605128,224.0,-0.520166,0.021668665
NRF1,1901.0,0.447602651,500.0,0.149219,-0.168294132
NRGN,833.0,0.413631862,152.0,-0.112185,0.070232956
NRP1,3846.0,0.416817106,523.0,-1.401579,-0.492524654
NSFL1C,1587.0,0.42738001,868.0,0.781992,0.443906643
NSMAF,602.0,0.358586884,214.0,-0.296005,-0.078951969
NTAN1,178.0,0.344459601,320.0,-0.708801,-0.507956272
NUBP1,246.0,0.455923678,142.0,0.919789,0.080129351
NUCKS1,5461.0,0.359398328,271.0,-0.304987,-0.43650745
NUDC,716.0,0.476401948,127.0,0.717108,0.303894629
NUDT16,5489.0,0.428387545,75.0,0.297853,-0.258550748
NUMA1,663.0,0.474508115,436.0,-0.516078,-0.10679635
NUP93,5678.0,0.382018893,495.0,-0.592464,-0.145166665
NXF1,2943.0,0.375826754,136.0,-0.401325,-0.079254835
OCIAD2,4872.0,0.363821488,322.0,1.125592,1.062199188
OGDH,1071.0,0.396078149,159.0,0.360247,-0.158782969
OPA3,7233.0,0.475004358,100.0,-0.229941,-0.318758875
OSBPL2,2363.0,0.383456763,571.0,0.713619,0.1042528
OSBPL5,1099.0,0.381371042,158.0,-0.477822,-0.13594029
OVCA2,792.0,0.429983078,65.0,0.530211,0.047124275
P2RX4,573.0,0.442596273,304.0,-0.096267,-0.166625601
PAAF1,509.0,0.376143366,341.0,-0.338483,-0.057805732
PACSIN2,1591.0,0.413490434,405.0,1.549613,0.530079172
PARK7,451.0,0.457171775,163.0,0.937207,0.188787064
PARP1,769.0,0.460215809,171.0,0.497059,0.440127532
PARP10,332.0,0.422654659,200.0,0.32459,-0.054416935
PARP12,816.0,0.416480622,874.0,1.326923,0.92044894
PARP14,2243.0,0.414355918,59.0,0.844969,0.367710928
PARP9,451.0,0.418102187,327.0,0.769136,0.003458206
PARVG,2043.0,0.383803232,484.0,0.386654,0.167920873
PBK,750.0,0.413339119,464.0,0.670373,-0.939218091
PCNA,338.0,0.425000199,239.0,-0.436439,-0.597328725
PDAP1,2007.0,0.464659554,134.0,-0.34993,-0.370972395
PDCD2,155.0,0.440448783,111.0,-0.055405,0.126255884
PDCD2L,48.0,0.433436103,33.0,-0.048654,-0.271638645
PDCD6IP,3211.0,0.388727459,158.0,0.108246,-0.01771468
PDHA1,2054.0,0.402514578,145.0,-0.228417,-0.108106717
PDHB,2974.0,0.442593378,43.0,0.142669,-0.139652016
PDLIM1,357.0,0.379179626,233.0,-2.928836,-1.066388347
PDXDC1,2055.0,0.375670185,335.0,1.10405,0.224160328
PDXK,6244.0,0.398158884,198.0,0.072056,-0.416932014
PEBP1,796.0,0.360152166,326.0,0.36327,-0.11643359
PEF1,769.0,0.441759403,424.0,-0.130874,-0.440968291
PELO,5222.0,0.385240523,985.0,1.125215,0.421796149
PEPD,395.0,0.450896903,133.0,-0.367125,-0.713164901
PEX16,585.0,0.43213601,312.0,-0.874358,-0.181151631
PEX6,946.0,0.370078344,93.0,-0.879189,0.018802433
PEX7,2294.0,0.407005497,102.0,0.593536,-0.230606554
PFDN5,124.0,0.497062947,117.0,-0.174078,-0.044628507
PFDN6,574.0,0.470152145,222.0,0.646193,-0.075502162
PGM1,570.0,0.393980016,681.0,0.569634,-0.007984137
PHB,988.0,0.45268542,190.0,0.02266,-0.187649074
PHF10,104.0,0.365149381,79.0,0.542924,0.285469268
PI4K2A,2692.0,0.385068362,57.0,0.053283,0.151941002
PIAS1,3626.0,0.396022529,741.0,-0.19454,-0.125851315
PIGH,1430.0,0.434471606,98.0,0.585886,0.617043285
PIK3AP1,3866.0,0.407313024,128.0,0.438003,-0.148352653
PIR,205.0,0.385796208,485.0,1.942108,0.963163592
PITPNC1,4686.0,0.369070722,874.0,-2.161016,-0.34944068
PLA2G7,1187.0,0.402486321,269.0,2.232401,0.143262558
PLAUR,323.0,0.418467601,226.0,-0.552033,-0.577357661
PLCB2,818.0,0.468984469,301.0,0.280806,0.05845872
PLCG1,3987.0,0.454806205,121.0,-0.018617,-0.056579623
PLD4,273.0,0.377985619,192.0,-0.316997,-0.048991457
PLEKHO1,5192.0,0.424698037,839.0,-0.270563,0.04733626
PLEKHO2,2119.0,0.429714475,134.0,-0.047389,-0.115285571
PLSCR1,10376.0,0.415598704,388.0,0.121845,0.27666514
PML,3324.0,0.431306474,140.0,-0.560585,-0.241404746
POLR1C,1131.0,0.439933821,86.0,0.844406,0.199409799
POLR1D,1469.0,0.427162265,456.0,-0.204071,0.261149227
POLR2F,1600.0,0.47244007,250.0,1.382237,0.140544417
POLR2H,1065.0,0.427596015,1167.0,0.104097,0.241585557
POLR3H,3481.0,0.444306047,388.0,1.74175,0.20576325
POLR3K,1023.0,0.473025152,46.0,1.364646,-0.223565654
PPA2,660.0,0.432735716,20.0,-0.622972,-0.312639441
PPIE,4556.0,0.446406574,56.0,0.383536,-0.242381609
PPIL1,1921.0,0.453832883,252.0,0.953493,0.476025246
PPP1R14B,282.0,0.457456004,268.0,-1.92938,-0.875695129
PPP1R3G,2923.0,0.390061911,0.0,-2.488917,-0.517601315
PRC1,1136.0,0.367783806,234.0,1.126208,0.296714405
PRCC,357.0,0.381841119,290.0,-0.332455,-0.125822548
PRDX1,303.0,0.414090753,341.0,0.6856,0.127082808
PRDX6,944.0,0.433706552,51.0,0.050526,-0.177406048
PREB,658.0,0.378530018,403.0,0.693899,-0.268498237
PREP,579.0,0.425974009,233.0,0.234965,-0.345873151
PRG4,784.0,0.366727173,51.0,-5.155877,-0.243942788
PRIM2,1166.0,0.350864643,125.0,-0.010741,-0.072050115
PRKAB1,1305.0,0.365943644,289.0,0.017356,0.199296953
PRKAR2A,5019.0,0.427443141,254.0,0.313705,0.239239881
PRKCB,5795.0,0.38010529,197.0,1.232687,0.188539679
PRKCD,451.0,0.404392693,469.0,0.316986,0.297638646
PRKRA,683.0,0.420894136,659.0,-0.241289,-0.105559296
PRKRIP1,3224.0,0.453589322,55.0,-0.868722,0.047565586
PRMT5,393.0,0.386451423,508.0,0.503373,0.06106969
PRMT7,3655.0,0.450088803,850.0,-0.484955,-0.340395541
PROCR,549.0,0.357872186,218.0,0.369329,0.093008681
PRPS1,3908.0,0.466551451,409.0,0.286072,0.063849199
PRPSAP1,2056.0,0.390811115,688.0,0.701128,-0.235858354
PRRC1,3173.0,0.409170839,188.0,-0.567433,-0.422359587
PSMA5,2997.0,0.446573967,225.0,0.031812,-0.179257974
PSMA6,187.0,0.423632682,445.0,1.588619,-0.322113185
PSMB10,58.0,0.455018511,128.0,-0.026205,0.181279327
PSMB2,3775.0,0.389848815,412.0,0.384448,-0.295148954
PSMB8,242.0,0.411206622,522.0,1.312981,-0.204141388
PSMB9,5497.0,0.431095699,69.0,1.352328,-0.141641604
PSMC3,66.0,0.485654947,194.0,-0.435067,-0.184185684
PSMD11,2567.0,0.390095635,61.0,1.178954,0.074317099
PSMD13,384.0,0.437236365,242.0,-0.21354,0.116526656
PSMD8,450.0,0.458928351,52.0,0.622547,-0.009289918
PSME2,53.0,0.443656162,65.0,0.482815,-0.179021421
PSMG1,5308.0,0.427553471,578.0,0.628731,-0.295227267
PSTPIP2,1923.0,0.429639796,96.0,1.093137,0.475282936
PTBP1,1504.0,0.473818895,106.0,0.153181,0.027174066
PTDSS1,3765.0,0.367954205,423.0,1.831202,1.499843877
PTGS1,3346.0,0.37260918,633.0,0.052998,-0.34591116
PTP4A1,3419.0,0.421202001,1153.0,0.330928,0.3026073
PTPMT1,1899.0,0.450492628,193.0,-0.229825,0.412393182
PTPN18,2185.0,0.381656528,101.0,0.866076,0.38009002
PTPN7,1593.0,0.440747449,781.0,1.243958,-0.08611167
PTPRE,2994.0,0.426620112,1843.0,-0.810668,0.138798998
PTPRF,4571.0,0.452810321,356.0,-0.831422,-0.177888902
PTRH2,3186.0,0.370743372,1544.0,0.283714,-0.126634479
PWWP2B,819.0,0.424412275,29.0,-0.33561,-0.33289343
PYCR2,578.0,0.474148407,230.0,0.3281,-0.111271606
PYGL,175.0,0.392036998,127.0,2.790285,1.369301387
QARS,97.0,0.458996209,396.0,-0.18055,-0.083181482
RAB11FIP1,4277.0,0.380614122,56.0,-0.813148,-0.133376027
RAB12,1120.0,0.38483812,283.0,-0.905168,-0.244922711
RAB21,5246.0,0.435367738,267.0,0.081231,0.108999435
RAB31,3231.0,0.437498832,175.0,1.981898,0.800821598
RAB35,2172.0,0.408841719,189.0,-0.030372,-0.130544636
RAB7A,1376.0,0.419395127,232.0,0.067515,-0.247320412
RAB8B,4163.0,0.425956778,96.0,-0.193854,0.305613118
RAB9A,1716.0,0.417525007,283.0,-0.327909,0.008810198
RABGGTA,77.0,0.387342734,512.0,-0.112578,-0.216468427
RABGGTB,440.0,0.409412379,78.0,1.102482,0.426699402
RABIF,4760.0,0.447399225,159.0,-0.41858,-0.63037134
RACGAP1,1895.0,0.366370127,354.0,1.256087,0.231039161
RAD9A,924.0,0.444046557,185.0,0.427438,0.150322777
RAE1,1112.0,0.432613552,365.0,-0.087006,-0.006400705
RAI1,1472.0,0.455620822,469.0,0.469452,0.118105682
RAN,2043.0,0.442855294,361.0,0.355176,-0.058932855
RANBP10,3359.0,0.379453562,1256.0,-0.078069,0.289369581
RANGAP1,3145.0,0.481547647,765.0,0.929269,-0.231305753
RAPGEF1,2727.0,0.425793135,159.0,0.254542,0.150677131
RARS,114.0,0.423508657,41.0,-0.759475,-0.245450246
RASGRP2,183.0,0.381671176,582.0,0.076268,0.556882144
RBBP4,6506.0,0.404056961,164.0,0.260412,0.038722869
RBBP5,3098.0,0.421849625,474.0,-0.302116,-0.06150199
RBKS,251.0,0.392307233,1371.0,0.86398,-0.361805018
RBM12,3599.0,0.375183789,304.0,0.243463,0.519576393
RBM14,3443.0,0.468008211,139.0,0.220856,0.015284344
RBM4B,5277.0,0.396841232,170.0,0.116972,-0.313620082
RBMX,1201.0,0.353737079,210.0,-0.19483,0.143232379
RBPJ,4223.0,0.4178224,518.0,-0.074118,0.076696281
RBX1,821.0,0.46562919,52.0,0.999299,-0.70399115
RC3H1,7637.0,0.410085914,87.0,-0.031296,0.027837534
RCCD1,1773.0,0.374130224,280.0,0.329031,0.040472776
RCOR1,4070.0,0.439565312,228.0,-0.958895,-0.301230475
REEP4,591.0,0.460338979,469.0,0.03341,-0.415090168
REEP5,2962.0,0.457536941,144.0,-0.473613,-0.648337628
RELB,408.0,0.418226182,131.0,-0.600454,-0.259761338
REPIN1,2683.0,0.45080531,489.0,-3.274308,-0.787477394
RET,2082.0,0.379562012,357.0,-1.241753,-0.421456993
RFC4,89.0,0.411167541,282.0,0.407779,0.264915203
RFK,1882.0,0.429285662,357.0,-0.44967,-0.355622785
RFX5,1546.0,0.386685917,221.0,-0.090786,0.149005579
RFXAP,1850.0,0.421314391,156.0,0.700196,0.127296055
RHBDF2,740.0,0.423256567,294.0,-0.253784,-0.078517594
RHOT2,568.0,0.454546166,881.0,0.243227,0.422348273
RINL,1279.0,0.357351373,413.0,2.004161,1.186722053
RNASE2,179.0,0.384567964,71.0,0.208851,-0.106293854
RNASEH2B,3930.0,0.37625722,399.0,-0.042257,-0.07846493
RNASET2,1070.0,0.374792559,407.0,0.054328,-0.054660622
RNF114,1751.0,0.459950313,36.0,0.521244,0.140982355
RNF167,289.0,0.375291206,776.0,0.953006,0.314853841
RNF20,5226.0,0.396317502,92.0,0.685335,0.255570197
RNF213,5288.0,0.417718743,150.0,0.393392,0.314630723
RNF25,102.0,0.375620157,88.0,0.02272,-0.180764701
RNF31,88.0,0.389352607,358.0,0.063505,-0.302567743
RNLS,1252.0,0.416402283,135.0,-1.132705,-0.17600261
RNMT,4581.0,0.415128602,241.0,0.062013,0.233770267
RNPEP,463.0,0.447181346,896.0,-0.066725,-0.219102573
RP9,437.0,0.42869019,18.0,0.262771,0.006789656
RPA1,2907.0,0.381710028,170.0,0.368784,0.195714643
RPA2,639.0,0.400070522,793.0,0.470552,0.154973318
RPAIN,471.0,0.394698889,570.0,0.222263,0.219588246
RPL11,461.0,0.442317923,45.0,-0.165717,-0.080747502
RPL14,5208.0,0.496792394,133.0,0.013723,-0.674107003
RPL23,3146.0,0.464880603,90.0,-0.20809,-0.130360559
RPL26,53.0,0.427802183,389.0,-0.354053,-0.473060938
RPL31,1260.0,0.451994935,87.0,-0.242231,-0.103923923
RPL34,1350.0,0.436455219,198.0,-0.722557,-0.7381342
RPL5,1058.0,0.451564158,75.0,-0.401772,-0.075326549
RPL7,1077.0,0.460258279,707.0,-1.216416,-0.47739512
RPS11,373.0,0.483080585,92.0,-0.041696,-0.20198344
RPS24,4247.0,0.430653047,142.0,0.031129,-0.107733029
RPS25,109.0,0.467193878,63.0,-0.533584,-0.190922598
RPS27A,743.0,0.450449292,321.0,0.019884,0.191151496
RPS3A,306.0,0.426765211,80.0,-0.042504,-0.153455963
RPS4X,629.0,0.442998752,96.0,-0.24568,-0.086530017
RPS6,2723.0,0.413925579,42.0,-0.866036,-0.342121204
RPS6KA1,828.0,0.389798854,163.0,0.56879,-0.148286234
RPS6KA4,735.0,0.38455359,226.0,-0.603808,-0.128022393
RPS7,66.0,0.428822459,109.0,-0.092351,0.170879505
RPTOR,2341.0,0.385169267,805.0,0.469023,-0.096324196
RREB1,3012.0,0.456825357,492.0,-1.223423,-0.060395925
RRM1,2304.0,0.437568848,689.0,-0.154741,-0.048056758
RRP8,5071.0,0.446233376,148.0,-0.75746,-0.068114933
RRS1,978.0,0.468289248,104.0,1.473312,0.731768634
RTN3,1690.0,0.358048129,187.0,0.065431,-0.162504188
RTN4IP1,1108.0,0.372133716,477.0,-0.083546,-0.183956139
RUNX1,4334.0,0.416076551,1578.0,-2.817042,-0.578213163
RUNX3,2611.0,0.405217602,439.0,1.232963,0.761586783
RWDD1,6365.0,0.401367905,746.0,0.327365,0.084079012
S100A8,71.0,0.444112716,170.0,-0.085931,-1.562373265
S100A9,189.0,0.439508357,43.0,-0.464062,-1.770136461
SAMD9,1815.0,0.395660052,270.0,-0.949831,-0.368112326
SAMD9L,1162.0,0.396305952,1248.0,-0.829785,-0.093295118
SAMM50,150.0,0.345249646,197.0,0.803868,0.371630136
SAMSN1,684.0,0.407246581,430.0,0.413604,0.307628734
SAP18,1754.0,0.427429047,39.0,-0.286335,0.107344757
SAP30BP,1541.0,0.449617255,257.0,-0.00479,-0.060293005
SAR1A,5213.0,0.411769389,203.0,-0.016996,-0.249182831
SAR1B,5806.0,0.392367964,253.0,-0.248933,-0.229530052
SARS,1054.0,0.40098191,100.0,-0.081649,-0.267761331
SASH3,1369.0,0.387406112,182.0,0.667676,0.401888904
SCAMP4,1741.0,0.472519575,351.0,0.000399,0.088008312
SCO1,8645.0,0.407339367,61.0,0.426948,0.061468222
SDCCAG8,307.0,0.360606297,1542.0,0.140123,0.21506069
SEC11C,205.0,0.423646802,92.0,0.843138,0.731217706
SEC13,332.0,0.457264526,210.0,0.309704,-0.178588597
SEC14L1,2986.0,0.420320088,665.0,-0.284512,-0.27799581
SEC22A,2559.0,0.422343815,79.0,0.121537,0.334783794
SEC24B,1221.0,0.400931805,155.0,0.157968,0.133888609
SEC24D,2115.0,0.386600041,297.0,0.26486,-0.261544127
SEC61B,270.0,0.404562259,76.0,0.239261,0.247491451
SEMA3F,960.0,0.38837398,318.0,-1.071052,-0.495316627
SEMA4A,755.0,0.412797256,345.0,1.314141,-0.395581244
SEMA4D,2318.0,0.393173667,572.0,0.895651,0.290393279
SERPINA1,1707.0,0.420489385,573.0,1.364189,-0.356734488
SERPINB8,2096.0,0.38524815,520.0,-0.525099,0.229490876
SETMAR,321.0,0.414235412,398.0,-0.28285,-0.031714264
SF1,2419.0,0.374481437,721.0,-0.394548,-0.170675891
SF3B2,563.0,0.453902675,40.0,0.868075,0.222322912
SFXN4,500.0,0.402513841,45.0,0.943469,0.97456374
SH3BP1,433.0,0.395530944,313.0,1.076105,0.07713264
SH3PXD2B,4870.0,0.420952884,171.0,-0.553284,-0.290067136
SHMT1,4335.0,0.394510245,509.0,0.088748,-0.407900866
SIGLEC1,1590.0,0.42099348,0.0,0.503094,-0.256390663
SIPA1,2933.0,0.437718847,296.0,1.010776,-0.014064704
SIRPA,3027.0,0.429235057,360.0,-0.315993,-0.278041979
SKP1,8791.0,0.433886974,179.0,-0.567558,0.03054495
SLBP,3046.0,0.391438372,553.0,0.778939,0.202516238
SLC25A10,1929.0,0.386184273,191.0,0.085841,-0.360009131
SLC25A19,477.0,0.386093473,224.0,0.758099,0.682466262
SLC25A20,787.0,0.382641976,199.0,0.814631,0.144916911
SLC25A3,504.0,0.383836987,354.0,-0.051029,0.53803326
SLC25A40,2688.0,0.363984785,375.0,-0.327248,-0.076249551
SLC25A6,450.0,0.487227384,137.0,0.341154,0.932358108
SLC27A3,163.0,0.439664345,91.0,-0.484437,-0.520795389
SLC39A10,2661.0,0.346494338,214.0,-1.149123,0.042400757
SLC43A2,6357.0,0.437839378,341.0,-0.959521,0.271143382
SLC43A3,838.0,0.382351997,447.0,-0.174378,-0.441016738
SLC44A1,8291.0,0.4365497,264.0,-0.247799,0.030099828
SLC9A3R1,709.0,0.400889529,235.0,0.695801,-0.648325554
SMAP2,1225.0,0.404145004,415.0,0.847488,0.284795075
SMC1A,5954.0,0.490702048,340.0,0.324929,0.254725156
SMG5,1363.0,0.383248033,540.0,-0.349092,-0.106135724
SMS,2660.0,0.417677888,252.0,0.772051,0.081524557
SMYD3,223.0,0.378821529,130.0,0.413517,-0.302209766
SNRNP200,676.0,0.454045162,132.0,-0.039422,0.118954842
SNRPC,474.0,0.427936125,450.0,0.542049,0.006016529
SNRPD1,4386.0,0.384326147,161.0,0.072048,0.331478331
SNRPN,279.0,0.390283395,1145.0,-0.069556,-0.017249389
SNX24,5071.0,0.338464018,185.0,-0.285617,0.216772788
SNX30,6144.0,0.426743352,148.0,0.403016,-0.137385727
SNX33,5086.0,0.383330712,96.0,-0.877895,-0.156788723
SOD1,353.0,0.438546885,148.0,1.479096,0.459451513
SOD2,13436.0,0.435065133,1828.0,0.767062,-0.015971472
SP110,3922.0,0.401738483,258.0,0.928699,0.623160312
SPC24,1691.0,0.381793277,320.0,1.756922,0.660220178
SPC25,540.0,0.373816265,131.0,0.746535,0.245565421
SPCS1,3333.0,0.417439524,205.0,0.823631,0.325097145
SPI1,383.0,0.406748349,223.0,0.512648,0.087394864
SPRYD4,1406.0,0.430591965,75.0,0.829853,0.139662672
SQSTM1,1485.0,0.412192979,360.0,1.536134,0.887011651
SRC,2671.0,0.437602812,449.0,0.255871,0.054536387
SRGAP2,3018.0,0.377689891,542.0,-0.100298,0.002539753
SRI,5365.0,0.424260151,79.0,-0.842883,-0.640211121
SRP19,2645.0,0.430943803,189.0,-0.289784,0.4668072
SRPRB,1784.0,0.427990824,285.0,0.837195,-0.132865765
SRR,1392.0,0.393840903,354.0,0.256298,0.587158503
SRXN1,2099.0,0.37663928,185.0,0.901997,-0.431144334
SS18L2,777.0,0.45997865,208.0,-0.076396,0.070283584
SSH1,5298.0,0.373517564,146.0,-0.268969,0.100607866
SSH3,2595.0,0.376349937,178.0,-0.114439,-0.334397578
SSR2,592.0,0.425839932,80.0,-0.004884,-0.126218721
SSR3,3698.0,0.388415977,156.0,0.550327,0.216931824
SSR4,87.0,0.444947593,150.0,0.065581,0.39314374
SSRP1,422.0,0.394601844,267.0,-0.332699,-0.226968669
SSU72,400.0,0.445120823,325.0,0.527185,0.027813277
ST13,3666.0,0.439823793,468.0,0.863962,0.268861529
ST14,553.0,0.454138745,193.0,-1.157137,-0.76373771
STARD10,1682.0,0.427301627,944.0,-1.151923,-1.292493578
STAT1,3294.0,0.408136156,388.0,1.693484,0.228031605
STAT2,1791.0,0.409862748,203.0,-0.032114,0.0697316
STAT6,1168.0,0.380869476,499.0,-0.789111,-0.351681947
STMN1,1138.0,0.394107416,364.0,0.969272,-0.099506961
STOM,2222.0,0.387137797,117.0,1.571919,0.601933689
STOML2,531.0,0.456962681,143.0,-0.338655,-0.210592454
STX11,4481.0,0.457080677,192.0,0.403905,-0.014212391
STX3,5058.0,0.403902965,547.0,-0.736021,-0.148987457
STX7,14891.0,0.417568039,327.0,-0.311857,-0.305255744
STX8,107.0,0.378438911,150.0,-0.345192,0.17296476
SUCLG1,223.0,0.43877655,193.0,0.008616,0.572024268
SUFU,3380.0,0.361614756,191.0,-0.322816,-0.06049858
SUMF1,999.0,0.37076871,37.0,0.402574,-0.445435944
SUPT4H1,1112.0,0.438747077,103.0,0.281724,-0.253395367
SURF2,1720.0,0.440503417,48.0,0.431918,-0.219845761
SURF4,2281.0,0.385472445,476.0,0.209556,-0.332653189
SURF6,4908.0,0.42467207,78.0,0.225702,0.44709767
SUV39H1,1669.0,0.463566826,266.0,0.196214,-0.194885268
SVIP,4195.0,0.357937352,217.0,-0.493593,-0.403846503
SYTL1,80.0,0.364244725,197.0,0.809879,0.11086467
TACC3,165.0,0.385699108,155.0,0.986102,0.417530231
TADA2B,3064.0,0.464060586,151.0,-0.552199,-0.334985783
TAF12,689.0,0.435926756,522.0,0.5065,0.211821112
TAP2,5256.0,0.374969764,175.0,1.513611,0.122004952
TATDN2,2040.0,0.415810908,581.0,0.705937,0.374635984
TBC1D20,3109.0,0.435441414,148.0,0.155714,-0.019798021
TBC1D9B,1396.0,0.395340616,37.0,0.213434,0.010689487
TBCC,556.0,0.434161456,73.0,0.140883,-0.175461375
TCEAL3,260.0,0.368171822,262.0,0.77734,-0.032042072
TCEAL4,3020.0,0.432120515,489.0,0.082733,0.215692674
TCOF1,1640.0,0.41523122,108.0,-0.602234,-0.083117313
TDP1,1721.0,0.418036689,317.0,-0.570736,-0.241031841
TDRD7,242.0,0.375852104,234.0,0.707107,0.521595891
TDRKH,973.0,0.419795099,182.0,-0.892455,-0.169231093
TEP1,2777.0,0.379550228,40.0,-0.413277,-0.175344884
TFE3,1431.0,0.379068139,541.0,0.161873,0.439175073
TFEB,621.0,0.429366592,302.0,-0.544685,-0.258302962
THADA,112.0,0.415199561,352.0,0.148013,0.322865178
THBD,2144.0,0.448063145,160.0,-1.204505,-0.441670715
THUMPD1,2715.0,0.455087735,225.0,0.044153,0.078786728
THYN1,205.0,0.377954149,484.0,-0.78275,-0.323262577
TIMM50,3932.0,0.424829064,722.0,0.364118,0.415192806
TIMM8B,2046.0,0.447942532,30.0,-0.483663,0.637083648
TK2,3965.0,0.360054507,593.0,-0.347749,-0.114097374
TLE1,571.0,0.374791795,1295.0,-4.120507,-0.605188469
TM9SF2,2020.0,0.372522209,233.0,-0.589139,-0.195685374
TMED3,1710.0,0.439016102,188.0,0.127682,0.196201074
TMED9,708.0,0.44685712,67.0,0.371724,0.125240758
TMEM126A,52.0,0.406087664,295.0,-0.478624,-0.073667129
TMEM199,2431.0,0.370998168,90.0,0.627345,0.250892848
TMEM63A,1407.0,0.385482014,622.0,-0.922367,-0.833471063
TMOD1,2050.0,0.392927141,213.0,-1.22469,-0.595978523
TMSB10,278.0,0.470652003,95.0,-1.836628,-0.716968921
TNFAIP1,2409.0,0.451408648,449.0,-0.76692,0.068111952
TNFAIP2,2079.0,0.44214387,131.0,-0.44254,-0.276711063
TNFAIP3,1995.0,0.416242917,370.0,-0.066247,-0.149858869
TNFAIP8L2,497.0,0.440670719,126.0,0.38518,-0.168344909
TNIP1,770.0,0.448321216,241.0,-0.887554,0.094022592
TNK2,822.0,0.420245651,543.0,0.903058,0.227977371
TNPO2,2070.0,0.408799881,358.0,0.379004,0.279466821
TNRC18,1316.0,0.449521205,349.0,-1.075435,0.125230932
TOMM5,518.0,0.441712708,107.0,0.595264,0.811932071
TOMM6,1957.0,0.431553434,255.0,0.627231,0.34586418
TOP2A,1003.0,0.364102812,159.0,1.281493,0.502675875
TOR1A,3160.0,0.446121485,77.0,0.367002,0.013251718
TPD52L2,1600.0,0.385071878,138.0,0.017578,-0.213721783
TPI1,620.0,0.479135356,527.0,0.109417,-0.711351038
TPM1,757.0,0.403626605,257.0,-1.565707,-0.852433536
TRAF1,7433.0,0.438949906,572.0,0.475161,0.276402033
TRAF3,5716.0,0.386659664,353.0,0.269477,-0.222581987
TRAF6,6100.0,0.426668941,381.0,-0.897134,-0.200048205
TRAPPC3,634.0,0.441060625,519.0,0.41226,0.380022675
TRAPPC5,42.0,0.453352607,241.0,0.289421,-0.106663238
TRAPPC6B,2539.0,0.437369008,335.0,-0.097827,0.039218629
TRAPPC9,3079.0,0.431357199,134.0,-0.712822,-0.082530556
TRIM11,3522.0,0.453298916,255.0,-0.447932,0.139493737
TRIM13,5308.0,0.419190719,763.0,-0.975065,-0.161197982
TRIM14,3117.0,0.369225689,165.0,0.697181,0.530956525
TRIM22,1215.0,0.424423711,379.0,-0.471851,-0.244923114
TRIM26,1431.0,0.384319522,565.0,0.432104,0.192723824
TRIM27,2956.0,0.441704825,359.0,0.297776,-0.132240914
TRIM41,1657.0,0.454716896,737.0,-0.576803,0.333733304
TRIM5,2312.0,0.426412011,303.0,-1.389965,-0.281406816
TRIP12,3739.0,0.40441217,297.0,-0.456589,-0.068647566
TRIP13,2852.0,0.433721983,145.0,1.604894,0.469864491
TRMT5,3660.0,0.405137655,572.0,-0.757344,-0.35283814
TRUB2,4655.0,0.434714666,759.0,0.771765,0.627433622
TSFM,1390.0,0.429356434,57.0,0.379085,0.459831052
TSPAN14,15147.0,0.398868986,305.0,-0.781983,-0.575047876
TSPYL1,7303.0,0.373212405,287.0,0.285702,0.263766557
TSR2,1366.0,0.464925113,443.0,0.707125,-0.686210833
TTC39C,3394.0,0.378954091,452.0,0.262501,0.076987617
TTC7A,2213.0,0.393400181,1272.0,0.002241,0.153354656
TTPAL,5319.0,0.425556123,145.0,0.60435,0.099881206
TTYH3,3063.0,0.383645273,187.0,-0.997192,0.039755309
TUBA1C,110.0,0.451729991,576.0,0.315961,-0.204758373
TUBA4A,644.0,0.402818439,556.0,-0.549453,-0.197159553
TUBB,1030.0,0.390058461,509.0,0.437081,0.003631201
TUBB6,2302.0,0.468445054,1139.0,0.41075,-0.195633018
TUBGCP4,1934.0,0.368175973,296.0,0.5871,-0.295981383
TUSC1,1294.0,0.429789613,537.0,-0.119288,-0.172788813
TXNL4A,3129.0,0.472736328,466.0,0.68799,0.152757867
TYMP,18.0,0.429537249,376.0,1.558113,-0.208197096
TYMS,581.0,0.364557025,159.0,1.557875,0.009344594
TYROBP,168.0,0.417048036,81.0,0.330059,-0.277320913
UBAP2L,353.0,0.367068802,167.0,-0.01176,0.052070619
UBE2B,4002.0,0.405496028,420.0,-0.749008,-0.325688861
UBE2E1,1034.0,0.417917446,229.0,0.26966,0.191561437
UBE2L3,2365.0,0.455573936,198.0,0.813758,0.486923056
UBE2L6,703.0,0.431638779,653.0,0.649132,0.164467829
UBE4B,1283.0,0.418913915,688.0,0.869919,0.268774411
UBIAD1,2303.0,0.446280173,334.0,1.20151,0.684483926
UBR4,797.0,0.387393976,4.0,0.092601,0.215805805
UBTF,2209.0,0.400105612,296.0,0.040315,0.058470758
UBXN1,220.0,0.422601268,194.0,-0.827912,-0.426899778
UCK2,4043.0,0.447469338,640.0,0.420426,0.337210352
UGGT1,5935.0,0.374564832,178.0,-0.524422,-0.402810317
UHRF1BP1,5130.0,0.373569339,234.0,0.950548,0.640941469
UNC45A,377.0,0.475530537,1022.0,0.357784,-0.060355177
UNG,1024.0,0.368897526,209.0,0.837281,0.738815977
UNK,1388.0,0.447315534,42.0,0.049943,0.068963011
UQCR11,4379.0,0.470309826,75.0,0.256727,0.100211828
UQCRC1,129.0,0.462829321,45.0,0.130384,-0.200460394
UQCRH,193.0,0.365128489,320.0,0.210674,-0.679140339
UROD,171.0,0.391539164,133.0,0.090132,-0.078272719
UROS,3849.0,0.422413435,266.0,-0.593369,-0.346585293
USP18,580.0,0.434940763,338.0,1.962571,0.736589814
USP39,571.0,0.39295741,223.0,0.277946,0.15105955
UTP6,2466.0,0.429918331,83.0,0.044362,0.375645843
VAC14,489.0,0.396517204,827.0,-0.225664,-0.013663794
VAMP8,451.0,0.398153421,156.0,0.567867,0.589955317
VASP,824.0,0.388921088,342.0,-0.65344,-0.388132511
VAT1,1456.0,0.406330787,120.0,-0.197922,-0.345677266
VDAC3,475.0,0.440388181,210.0,-0.515624,-0.657459863
VDR,3209.0,0.450036866,401.0,-1.506949,0.143118789
VGLL4,2489.0,0.432812067,506.0,-0.612792,-0.208991189
VIM,431.0,0.411136971,462.0,-0.965395,-0.470477367
VLDLR,6202.0,0.388727284,416.0,-3.756329,0.122826661
VPS28,291.0,0.476756313,109.0,-0.135747,-0.157336986
VPS33B,559.0,0.447669729,583.0,-0.252958,-0.06498144
VPS39,2053.0,0.440628838,173.0,-0.05036,0.087126955
VPS52,2870.0,0.393546356,887.0,0.224067,-0.078409184
WASF2,4090.0,0.365213822,245.0,0.165982,-0.079203449
WBP2,1040.0,0.392225719,515.0,0.222443,-0.005392762
WDFY2,7044.0,0.36603015,340.0,-0.504642,-0.186389356
WDR1,1039.0,0.393247178,368.0,-0.272812,-0.260976993
WDR36,3619.0,0.40459335,117.0,-0.966021,0.015849585
WDR37,8068.0,0.365587877,173.0,-0.250407,0.132991371
WDR4,293.0,0.380589271,581.0,0.330626,-0.103013015
WDR47,1216.0,0.402106333,376.0,0.07347,0.369965658
WDR48,1924.0,0.419028298,472.0,0.43341,0.222728239
WDR5,1979.0,0.401607191,171.0,0.266055,-0.131472693
WDR54,97.0,0.394793766,128.0,0.550503,-0.036042334
WDR61,197.0,0.411764619,310.0,-0.003726,-0.114637808
WDR77,4184.0,0.412330102,139.0,0.213266,-0.023395174
WDR91,4946.0,0.380864599,823.0,-0.695278,-0.096258928
WDR92,2520.0,0.427217839,117.0,0.256158,0.093172212
YTHDF1,1279.0,0.384821843,294.0,0.10942,-0.169929004
YTHDF3,3082.0,0.406652071,509.0,-0.629179,-0.164710759
YY1,5192.0,0.440120149,480.0,-0.699339,0.049392999
ZBED1,2221.0,0.457533868,282.0,-0.576559,-0.247169064
ZBTB8OS,1087.0,0.406816332,276.0,0.371032,-0.12343661
ZC3H12A,768.0,0.421626239,1056.0,0.022865,0.107012478
ZC3H4,2169.0,0.436042942,38.0,0.028519,0.162448686
ZCCHC10,81.0,0.361883573,67.0,-0.540192,0.166102126
ZFP36L1,2846.0,0.395541595,976.0,-2.108426,-0.353438656
ZMAT2,1942.0,0.460376067,101.0,-0.420999,-0.089646253
ZMIZ2,4165.0,0.419562196,128.0,-0.276596,0.031636925
ZMYM3,1292.0,0.378831729,749.0,0.38598,0.180840585
ZNF207,13817.0,0.386696564,148.0,0.022092,-0.073065141
ZNF414,113.0,0.422835658,118.0,0.38455,-0.060695112
ZNF511,243.0,0.452392726,55.0,0.251006,-0.340046357
ZNF516,4816.0,0.393186692,318.0,-3.376014,-0.851097434
ZNF622,1298.0,0.463753859,120.0,1.557038,0.410976085
ZNHIT2,49.0,0.440612513,85.0,-0.440158,-0.217339882
ZNHIT3,419.0,0.425204303,73.0,0.508036,-0.049086428
ZWINT,4585.0,0.411772707,37.0,1.760232,0.469932578
