,3prime,tAI,max_5_UTR_length,TCGA-A2-A0SX,TCGA-A2-A0SX.1
AAK1,17874.0,0.380718848,505.0,0.307215,0.247076292
AATF,207.0,0.367011205,251.0,0.204796,0.329556319
ABCC1,1793.0,0.393368456,175.0,0.089189,-0.418595183
ABCF3,5726.0,0.387768135,869.0,0.187315,-0.125752963
ABHD12,654.0,0.374654709,279.0,0.050088,-0.384480212
ABHD6,1639.0,0.384216096,505.0,-0.222156,0.16264587
ABR,2562.0,0.39474042,600.0,0.398898,0.237344545
ABT1,2092.0,0.423473096,40.0,0.078795,-0.156679154
ACADVL,176.0,0.46877374,457.0,-0.28031,0.326432567
ACBD6,155.0,0.433964845,621.0,-0.141282,0.243239002
ACIN1,584.0,0.404933544,328.0,0.129382,0.046002536
ACO1,4661.0,0.37721508,227.0,0.07107,0.620394107
ACOT11,1220.0,0.392289045,176.0,1.799766,0.029526243
ACOT9,4514.0,0.358892202,225.0,0.657712,0.411821447
ACP2,814.0,0.411581374,548.0,-0.385904,0.240718669
ACSF2,1484.0,0.405139059,501.0,0.353935,0.193956685
ACSL1,1530.0,0.417966714,990.0,0.960708,0.8927923
ACSL5,1022.0,0.380976548,307.0,1.100422,0.304191806
ACTB,613.0,0.469768794,192.0,-0.047979,0.086097413
ACTL6A,452.0,0.409046191,387.0,1.488619,0.026228819
ACTR1A,3151.0,0.432463663,108.0,0.204818,0.321293021
ADA,312.0,0.444091501,440.0,1.084612,1.141222568
ADAMDEC1,715.0,0.41564171,547.0,2.563343,-0.161754121
ADD1,1928.0,0.439806775,863.0,-0.102857,0.764728378
ADPRH,2067.0,0.380088169,541.0,0.636104,0.399172581
ADSSL1,320.0,0.393141878,776.0,-2.022791,0.036767362
AHNAK,842.0,0.382138706,300.0,0.001941,0.270554124
AHSA1,225.0,0.374296292,431.0,-0.072792,-0.102424258
AIF1,121.0,0.4069451,222.0,0.335815,0.665015035
AIFM2,1911.0,0.447982482,217.0,0.22601,1.078477388
AK1,1528.0,0.389481519,153.0,-0.062632,0.240284448
AK2,2893.0,0.384271636,345.0,0.477056,-0.057765847
AKR1C2,3804.0,0.449591167,413.0,1.609692,1.509121701
AKR7A2,10996.0,0.385600504,22.0,-0.931887,-0.454731346
ALDH18A1,838.0,0.380333742,511.0,0.038254,-0.644628524
ALDH3A2,2525.0,0.42484639,221.0,1.375731,0.005942365
ALDH6A1,4647.0,0.38708374,724.0,-0.915125,-0.099698964
ALG1,2498.0,0.432230555,181.0,-1.260644,-0.579667485
ALG5,380.0,0.362014155,67.0,-0.348629,0.111775577
ALOX5AP,976.0,0.392577632,248.0,0.677681,-0.712775992
AMBRA1,1041.0,0.36170155,362.0,-0.311144,-0.104726014
AMPD2,903.0,0.389224108,566.0,0.45921,0.05504423
AMPD3,1695.0,0.423686063,472.0,0.858223,0.585611545
ANAPC13,1361.0,0.393644021,731.0,-0.50884,0.091009783
ANAPC5,235.0,0.390209877,197.0,0.309845,-0.181350067
ANKLE2,1737.0,0.418251419,90.0,0.982455,-0.170064154
ANKRD16,135.0,0.465649334,543.0,-0.464688,-0.205574615
ANXA2,496.0,0.429738522,160.0,0.749666,0.391759162
ANXA5,1441.0,0.418050335,165.0,0.11006,0.263568294
AP1B1,1153.0,0.424070668,187.0,-0.091836,-0.138173406
AP1M1,914.0,0.463388599,173.0,0.903488,-0.153221811
APIP,427.0,0.433104693,127.0,-0.195325,0.357458706
APOBEC3B,339.0,0.43450554,55.0,2.965186,-0.306287147
APOBEC3C,1979.0,0.381716897,103.0,1.552285,0.376422649
APOBEC3G,322.0,0.410940579,404.0,1.21934,0.668627487
APOL2,1195.0,0.42932248,477.0,0.114254,0.372148748
ARF6,2971.0,0.462806813,621.0,0.046568,-0.88183661
ARFIP2,2430.0,0.403729309,291.0,-1.086414,-0.598150258
ARHGAP17,2624.0,0.371011524,117.0,-0.287987,0.501953389
ARHGAP30,773.0,0.384451823,645.0,1.947375,0.751994469
ARHGEF10,1378.0,0.370244255,202.0,-0.569991,-0.175548738
ARID2,3145.0,0.362288628,128.0,0.24942,0.123142694
ARID3A,3881.0,0.411693449,290.0,0.07814,1.699672719
ARIH2,3112.0,0.397061561,878.0,-0.332359,0.112000934
ARL8A,1065.0,0.409602486,171.0,0.122561,-0.57041338
ARRB1,6041.0,0.39512759,224.0,-0.875097,0.011024484
ASF1B,950.0,0.395794233,172.0,1.067679,0.251763063
ASS1,1357.0,0.394201053,356.0,0.937054,0.157212008
ATPAF1,3039.0,0.439253133,510.0,-1.025849,-0.417343883
AXL,1863.0,0.417061167,376.0,0.352088,0.730272398
BAG1,2764.0,0.431693656,501.0,-0.415567,-0.352065401
BAG3,537.0,0.387438444,306.0,-0.991583,-0.101015956
BASP1,971.0,0.520859146,259.0,0.645208,0.799667758
BBS7,1531.0,0.408023089,184.0,-0.08812,-0.277530361
BCAT2,364.0,0.445598481,657.0,-1.589881,-0.582403284
BCKDHB,3082.0,0.419736544,88.0,-0.570613,-0.212220095
BCL2,5279.0,0.374049285,493.0,-0.772645,-0.391986302
BCL2L13,4109.0,0.411790332,769.0,-0.910786,-0.554241512
BID,4193.0,0.428633517,498.0,0.62405,0.030858484
BLVRA,3376.0,0.414260839,177.0,-1.051007,-0.392422902
BOLA2,40.0,0.43059393,513.0,-0.707853,-0.366486468
BOLA3,383.0,0.406657227,38.0,-0.293782,0.439426306
BRD2,787.0,0.377809737,2066.0,0.165223,0.206432713
BRD3,3285.0,0.401150236,188.0,0.403136,0.183593882
BSPRY,1091.0,0.380011644,48.0,-0.961851,-1.127402034
BST2,411.0,0.444557266,81.0,-0.874108,-0.421509011
BUB3,1535.0,0.421992618,242.0,-0.164287,0.029008607
C1QB,152.0,0.436596666,340.0,0.347141,0.339039301
C1QC,327.0,0.41150294,283.0,0.470842,0.31309156
C2CD3,671.0,0.360398895,227.0,0.274469,2.107707514
C3,5088.0,0.430632158,93.0,2.597256,0.881557685
CAP1,1134.0,0.406948565,416.0,0.333456,0.539582517
CAPN1,720.0,0.455130071,197.0,0.655149,-0.329357661
CAPRIN1,5632.0,0.374918508,189.0,0.071595,-0.394657953
CAPZB,5180.0,0.446052528,622.0,0.161169,0.231694154
CARD16,437.0,0.41300235,27.0,0.53869,0.996916026
CARHSP1,4898.0,0.362100245,360.0,-0.112954,-0.068741214
CASC3,1778.0,0.370720542,295.0,0.234931,0.130670682
CASP1,750.0,0.424742838,44.0,0.791182,0.506300762
CASP8,1794.0,0.376118708,303.0,0.224327,0.147552975
CAT,629.0,0.397270122,89.0,-0.488648,1.001125683
CBL,8368.0,0.375957197,142.0,0.775909,0.196037621
CBLL1,3286.0,0.400851504,467.0,0.310705,0.058923333
CBR3,54.0,0.445176236,228.0,0.317771,-0.172315858
CBS,4385.0,0.477784031,626.0,1.634445,-0.93074535
CBX5,10815.0,0.390902295,318.0,0.690492,0.110568724
CBX8,2504.0,0.36735217,118.0,-0.572622,-0.536394144
CCDC115,2169.0,0.385110507,452.0,0.0248,-0.44320343
CCDC58,2462.0,0.421830022,75.0,0.164925,0.065363314
CCDC88C,1302.0,0.396031427,154.0,0.400427,-0.269316935
CCL5,886.0,0.462166288,68.0,2.058417,1.221888158
CCNA2,1206.0,0.409154498,373.0,1.145175,-0.167911824
CCNDBP1,2336.0,0.44393643,231.0,-0.374285,0.078664133
CCS,4244.0,0.460896681,43.0,-0.736054,0.374474117
CCT3,238.0,0.457984718,231.0,0.196933,-0.234926456
CCT4,1361.0,0.393363555,164.0,0.626573,-0.147759235
CD14,128.0,0.416321757,392.0,0.389372,0.374625973
CD209,3046.0,0.440000747,67.0,1.176018,0.67204169
CD36,2894.0,0.410517795,414.0,1.232778,2.035201846
CD40,982.0,0.429065654,90.0,1.21752,1.399194179
CD44,3115.0,0.39995987,434.0,-0.284574,0.201032012
CD63,923.0,0.512738356,403.0,-0.631464,-0.466378957
CD74,635.0,0.427357309,187.0,0.519345,0.376261577
CDC25C,437.0,0.364786128,387.0,-0.17261,0.127605346
CDC26,271.0,0.395637029,359.0,0.078513,0.052321434
CDC42EP3,3941.0,0.420378821,1009.0,0.653795,0.666020486
CDCA8,1353.0,0.384295288,290.0,1.130072,-0.086925531
CDIPT,1864.0,0.442654716,541.0,-0.811771,-1.282923204
CDK1,2313.0,0.398329505,154.0,1.239067,-0.034193864
CDK19,4557.0,0.421511824,180.0,0.715806,0.797624757
CDK2AP1,766.0,0.439144625,522.0,0.400247,0.16357865
CDK5RAP2,367.0,0.371069462,192.0,0.058133,-0.255753848
CDK5RAP3,284.0,0.469750898,1791.0,-0.188203,0.167832135
CDKAL1,1365.0,0.417875209,167.0,0.314685,-0.302637488
CDKN2AIPNL,3639.0,0.409801696,53.0,-0.702107,0.184415373
CDKN2C,2247.0,0.381912025,1216.0,0.803722,0.595680532
CENPV,301.0,0.385948267,62.0,0.91858,-0.192481363
CEP55,939.0,0.397841874,304.0,1.650769,-0.030911531
CETN2,868.0,0.433727498,47.0,-1.269818,-0.488632488
CFL1,677.0,0.502791,234.0,-0.05999,0.1936747
CHAC2,786.0,0.395629742,277.0,0.619195,-0.405880824
CHCHD4,3528.0,0.445497334,326.0,-0.616839,-0.084589416
CHMP4A,296.0,0.447100154,262.0,-0.283455,0.291975303
CHMP5,1241.0,0.442987983,200.0,0.045836,0.375402971
CHMP6,980.0,0.489861105,78.0,-0.818621,-0.040358471
CIAPIN1,1024.0,0.451663323,242.0,0.28071,-0.05262584
CISD2,5376.0,0.433298698,107.0,0.055272,-0.495969271
CKAP4,2872.0,0.386259817,84.0,0.163974,-0.414827903
CKS2,300.0,0.317949998,98.0,0.186268,0.81084526
CLCC1,5185.0,0.369704467,150.0,-0.100197,-0.024532749
CLCN7,1698.0,0.459147749,110.0,-0.511687,-0.979615762
CLIC1,290.0,0.4571302,573.0,-0.230215,-0.095064036
CLK2,350.0,0.410673686,925.0,0.390792,0.287159267
CLK3,1233.0,0.4268607,461.0,-0.271007,0.610544395
CLTA,288.0,0.450950874,514.0,0.526808,0.656667321
CLTB,319.0,0.48548545,210.0,-0.244027,0.103349158
CLTC,3104.0,0.384957863,443.0,-0.166018,-0.40900099
CNBP,6850.0,0.433298698,206.0,0.106098,0.006624786
CNPY2,123.0,0.392778455,553.0,-0.663587,-0.379633947
CNPY3,1042.0,0.459231502,584.0,0.151322,0.275234284
COG3,1967.0,0.414689223,142.0,0.169623,-0.541299281
COMMD1,306.0,0.423842833,138.0,-0.972483,0.365414685
COMMD3,431.0,0.360487018,35.0,0.128953,0.214292332
COMMD5,498.0,0.445713337,399.0,-0.446722,0.71464298
COMMD6,1375.0,0.396967837,328.0,-0.218341,0.287582254
COMMD9,2340.0,0.418062772,89.0,-0.160178,-0.071703146
COPB1,446.0,0.381738818,307.0,-0.2026,-0.416799358
COPE,165.0,0.478760693,55.0,0.107206,-0.238354254
COQ6,671.0,0.374062527,159.0,-0.615155,0.253494985
COQ7,5700.0,0.42379098,133.0,-0.890706,0.434981133
CORO1A,112.0,0.457388252,435.0,1.602043,1.334595131
COX17,1735.0,0.484254073,86.0,-0.826413,-0.196453778
COX5A,860.0,0.429944966,140.0,-0.33706,-0.005018616
COX7A2,302.0,0.441893926,98.0,-0.664278,0.309636296
CPM,5262.0,0.406054343,75.0,0.864412,0.228476966
CPSF4,923.0,0.452412439,277.0,0.009163,-0.039331719
CPT1A,2761.0,0.374132033,170.0,-0.405164,-0.432060793
CPT2,602.0,0.431256564,515.0,-0.380442,-0.435813779
CRKL,3904.0,0.422225684,509.0,-0.123185,-0.077023011
CRTAP,5601.0,0.446308827,120.0,-0.529614,0.136428643
CRTC3,3205.0,0.355982524,186.0,-0.162128,0.511349038
CRY2,2337.0,0.383442872,132.0,-0.964631,0.073368491
CRYL1,462.0,0.386242786,79.0,-0.766341,0.333624158
CSRP1,1183.0,0.493833101,217.0,-0.165564,-0.224039167
CST3,2762.0,0.475763324,186.0,-0.223396,0.335664401
CSTF2,1931.0,0.372934478,58.0,-0.260944,0.039655297
CTBP1,800.0,0.464034004,393.0,0.849385,0.397856819
CTNNA1,1216.0,0.412513324,1103.0,-0.139012,-0.631846324
CTNNB1,1106.0,0.432073699,448.0,-1.345116,-0.861133511
CTNNBIP1,2448.0,0.394834327,307.0,0.539357,0.068920372
CTPS2,1870.0,0.416273085,744.0,0.030448,-0.489779576
CTSG,119.0,0.369503415,37.0,-1.156042,0.920115041
CTSH,1072.0,0.446467856,1192.0,0.181029,0.392469575
CUEDC1,2047.0,0.374410739,719.0,-0.43615,-0.362642804
CUX1,1040.0,0.395555213,127.0,-0.554728,-0.304120796
CXCL9,2323.0,0.403736618,74.0,3.756106,0.709286944
CYBB,2544.0,0.418993019,61.0,1.655785,0.709660268
CYTH4,1837.0,0.406296106,377.0,1.076088,0.420831215
DAB2,1757.0,0.368483127,531.0,0.368994,0.52770084
DAGLB,721.0,0.377719723,170.0,-0.478434,-0.468689077
DAP3,768.0,0.366492687,184.0,-0.214674,-0.446054184
DAPP1,2082.0,0.348655603,90.0,0.687565,0.45994482
DBI,233.0,0.467027529,479.0,-0.548164,-0.672458299
DCAF8,1877.0,0.380310979,212.0,-0.296806,-0.224471802
DCP1A,4153.0,0.411936399,381.0,-0.107025,-0.157026819
DCPS,4731.0,0.375605648,329.0,-0.174339,-0.006090979
DCTN5,10597.0,0.443116252,177.0,-0.72838,0.083351989
DDAH2,653.0,0.361046801,1104.0,0.009057,0.396754482
DDB2,1223.0,0.43604051,195.0,-0.184428,0.036950577
DDX23,713.0,0.445931172,91.0,0.05592,-0.050926622
DDX31,1870.0,0.361830896,544.0,0.300975,0.130158836
DDX47,438.0,0.379294484,22.0,0.174879,0.123456489
DDX54,1704.0,0.467316231,28.0,0.166217,0.171677046
DDX56,586.0,0.438032149,643.0,-0.804123,-0.239545759
DDX59,217.0,0.413095257,243.0,0.065016,0.122705914
DHODH,3463.0,0.371608285,21.0,-0.360971,0.373256065
DHPS,121.0,0.474111752,121.0,-0.138747,-0.07839917
DHX15,459.0,0.379133957,168.0,0.7818,0.279103084
DHX34,591.0,0.384465978,349.0,-0.352574,-0.305238469
DHX58,357.0,0.440330409,223.0,-0.656646,-0.195390889
DIABLO,719.0,0.425893605,1182.0,0.190483,-0.203571611
DMAP1,63.0,0.471306,301.0,0.001803,-0.229902408
DMXL2,1274.0,0.389901613,225.0,0.034945,0.383839737
DNAJA4,1736.0,0.398301408,169.0,-0.793596,-0.520760831
DNAJC19,1326.0,0.403482491,259.0,-0.017469,-0.126978686
DNAJC25,1212.0,0.430964931,56.0,-0.828703,0.306168771
DNAJC8,969.0,0.416719859,33.0,0.033863,0.307639071
DNM1,1255.0,0.393835111,116.0,0.362033,0.51007779
DNTTIP2,3564.0,0.408096853,58.0,0.30373,0.037053114
DOCK11,3681.0,0.373818855,63.0,1.911351,0.736146511
DOCK2,524.0,0.446250827,52.0,1.860301,0.982200395
DOK2,438.0,0.384043737,481.0,1.716338,1.093113661
DPCD,197.0,0.459155016,389.0,-0.203567,-0.417073573
DPF2,2501.0,0.393394442,133.0,0.07732,-0.281770549
DPH1,1310.0,0.448716064,341.0,-0.159009,-0.351584865
DPH5,784.0,0.413363166,165.0,-0.020817,-0.096941706
DPY30,562.0,0.438431353,279.0,-0.093499,0.009097708
DPYSL2,2472.0,0.430530829,431.0,0.60764,0.450603837
DRAP1,142.0,0.432809908,245.0,-0.317944,0.05859783
DRG1,4594.0,0.444150091,131.0,-0.384288,0.001626281
DSN1,5330.0,0.392894937,373.0,0.784309,0.332727132
DSTN,2786.0,0.375776803,438.0,-0.191379,-0.745331842
DTX3L,3456.0,0.408848169,89.0,1.013899,0.213482244
DUSP12,374.0,0.419884133,34.0,0.208668,0.401542109
DUT,1937.0,0.36471409,109.0,0.015912,-0.491167365
DYNLT1,514.0,0.420362019,78.0,0.036647,0.052380144
EBAG9,1437.0,0.39438748,402.0,-0.350795,0.157584674
ECH1,191.0,0.389477111,85.0,0.410827,0.226875747
ECHDC2,2269.0,0.400166641,752.0,-0.46572,-0.097571331
ECM1,322.0,0.43792189,199.0,-0.041911,0.408186158
EDEM2,76.0,0.379021051,100.0,0.152812,1.400777386
EEA1,5374.0,0.405861636,265.0,0.390565,0.29289907
EEF1A2,286.0,0.417272363,329.0,-7.516913,-1.020317311
EFTUD2,1331.0,0.444646836,398.0,0.354854,-0.199950084
EHD1,3363.0,0.446314898,447.0,0.466959,0.497206522
EIF2AK2,8063.0,0.394727306,557.0,0.843952,0.193290011
EIF2B3,1058.0,0.383118637,239.0,-0.172808,-0.192679234
EIF3F,5840.0,0.435728237,33.0,-0.001384,-0.123649243
EIF3L,1718.0,0.380710116,245.0,-0.100019,-0.082141754
EIF4A3,1120.0,0.381528282,222.0,-0.118218,-0.279519494
ELAVL1,4910.0,0.437605432,167.0,0.613628,0.04274946
EMG1,248.0,0.433768095,143.0,-0.295027,0.120725834
EMILIN2,2605.0,0.379592019,159.0,1.415382,0.385765079
ENDOD1,7728.0,0.376426787,118.0,-0.674593,-0.577336201
ENOSF1,2904.0,0.382279782,622.0,-0.902014,-0.545963705
ENY2,2576.0,0.41756619,146.0,-0.333377,-0.160528598
EPSTI1,2106.0,0.391777705,469.0,2.216377,0.791710701
ERCC1,2342.0,0.45058755,188.0,1.20544,-0.318014382
ERCC6L,4809.0,0.354829683,623.0,0.077908,0.123420634
ERH,415.0,0.383837906,71.0,-0.280071,0.000776816
ERLIN1,2041.0,0.444737514,478.0,-0.27772,0.151444427
ERP29,1277.0,0.401191178,118.0,-0.152908,-0.012392911
ETV6,4356.0,0.398240844,274.0,1.234991,-0.156333566
EXOC4,1232.0,0.388187525,35.0,-0.042476,-0.123953237
EXOC8,6907.0,0.436106501,127.0,0.434206,-0.19526436
EXOSC1,536.0,0.430105347,451.0,0.017219,0.078083577
EXOSC2,3902.0,0.431273517,32.0,-0.246164,-0.063142261
F8A1,571.0,0.46317284,15.0,-0.166383,0.08593966
FAAH,2043.0,0.384592892,82.0,-1.817105,-1.454715104
FAF1,4425.0,0.401181969,453.0,0.550748,-0.157513099
FAM122A,4542.0,0.40477622,33.0,-0.301346,-0.107223836
FAM168A,6285.0,0.395008865,285.0,0.231849,0.152185446
FAM177A1,2165.0,0.411149627,459.0,-0.344123,-0.356062376
FAM192A,1824.0,0.379195199,1475.0,0.321438,0.212762073
FAM20B,4428.0,0.4357945,293.0,0.008679,-0.973515528
FAM32A,1091.0,0.408676074,42.0,0.576132,-0.161809146
FAM50A,286.0,0.482889735,110.0,-0.376965,-0.06373297
FBP1,248.0,0.397353747,331.0,-1.571153,-0.830281419
FBXL20,9338.0,0.383104745,254.0,-0.085941,-0.35213582
FBXO4,526.0,0.393825218,58.0,-0.589908,-0.406724449
FBXO6,503.0,0.42307306,166.0,0.131768,-1.366059659
FCER1G,305.0,0.4202976,25.0,0.576461,-0.084294773
FCGRT,309.0,0.433069976,486.0,-0.858669,0.312165966
FCHO1,270.0,0.372951657,283.0,2.239176,1.080687194
FDPS,72.0,0.456397562,392.0,0.167814,-0.351906363
FDXR,596.0,0.384661194,188.0,-1.09118,-0.643669035
FEN1,1340.0,0.407867196,413.0,0.219047,0.240199252
FERMT3,399.0,0.435119014,149.0,1.605909,0.584010259
FGD2,907.0,0.441856308,171.0,2.058077,0.46166642
FGFR1OP2,1663.0,0.396595515,353.0,0.167247,0.389088531
FGL2,3460.0,0.40966218,40.0,1.239629,0.797566122
FKBP1A,1132.0,0.428443098,174.0,-0.024266,0.482435746
FKBPL,24.0,0.377510344,270.0,0.03185,-0.017943756
FLOT1,422.0,0.472159534,339.0,-0.97232,-0.123786053
FN3K,442.0,0.389857108,61.0,-0.689151,-0.605906518
FN3KRP,3667.0,0.380720834,50.0,-0.67348,1.77e-05
FOXJ3,3176.0,0.401878681,312.0,0.267484,-0.036442969
FOXK2,3108.0,0.440496276,171.0,0.41134,0.219795862
FOXRED1,443.0,0.438630908,167.0,-0.764622,-0.176243244
FSCN1,1184.0,0.396100853,132.0,1.175392,0.146385562
FTH1,530.0,0.425357612,235.0,-0.473651,0.199857326
FTL,1031.0,0.428438948,199.0,0.052201,-0.240317581
FTSJ1,638.0,0.457521275,569.0,0.034881,-0.231639595
FTSJ3,698.0,0.388239396,646.0,0.129858,0.042400189
FXN,6365.0,0.40465004,220.0,-0.458256,-0.67822846
GABARAPL2,564.0,0.431291441,136.0,-0.219988,0.465723751
GABPB1,1320.0,0.423118524,469.0,0.290836,0.119628199
GALK1,292.0,0.455574511,63.0,0.220796,-0.156945522
GANAB,989.0,0.425909644,1027.0,0.107005,-0.305995136
GAS6,315.0,0.393865445,183.0,-0.199737,0.592830094
GAS7,6619.0,0.423630168,311.0,0.663338,0.447263114
GBE1,708.0,0.404013874,283.0,0.006582,0.240191172
GBP1,1735.0,0.42614962,220.0,2.427922,0.14843073
GBP2,5058.0,0.440134196,314.0,0.686294,0.217401539
GBP4,4106.0,0.42983554,116.0,1.595384,0.749330227
GBP5,1753.0,0.421901204,537.0,2.795883,0.391683785
GFOD2,622.0,0.396604754,295.0,0.147508,-0.115898157
GGA2,5408.0,0.377812588,83.0,0.109102,0.327971226
GGCX,5211.0,0.417836117,106.0,-0.192694,-0.57266109
GIGYF1,2212.0,0.443456438,1210.0,0.380624,0.115741949
GLA,1699.0,0.378726947,110.0,-0.749333,-0.445841801
GLE1,1357.0,0.383457083,114.0,0.026101,-0.026096295
GLRX,1188.0,0.430296645,211.0,-0.402603,-0.054982096
GLRX3,3557.0,0.41418463,539.0,0.274623,0.160426683
GLUD1,1558.0,0.392454008,1132.0,-0.216492,-0.077686972
GLYR1,2033.0,0.39940414,57.0,-1.168809,0.088246855
GMEB1,4582.0,0.43446142,142.0,1.042264,0.612658122
GMPPA,198.0,0.434966364,375.0,-0.185321,-0.500714041
GMPR,3984.0,0.435743929,114.0,0.144957,0.253844282
GMPR2,464.0,0.453637396,704.0,-0.514554,-0.038694817
GNAI1,1947.0,0.435804474,356.0,0.522829,0.686740603
GNG7,3803.0,0.398730372,237.0,-1.069018,0.472665996
GNPDA1,1360.0,0.395964134,67.0,-0.520963,0.249739746
GOLGA2,1243.0,0.401070546,13.0,-0.131742,-0.278962011
GOSR1,5968.0,0.408103421,237.0,-0.189596,-0.547238454
GOSR2,3258.0,0.374298057,541.0,-0.18415,0.07344964
GOT2,1054.0,0.444803236,129.0,-0.442534,0.499964313
GPS2,97.0,0.431122181,76.0,0.256829,0.685000803
GPX7,626.0,0.395840774,39.0,1.656716,0.443019073
GRAMD1A,299.0,0.411657297,748.0,1.165044,-0.387758718
GRB2,2292.0,0.4413596,358.0,-0.109282,-0.21797336
GSTM4,2467.0,0.390909061,314.0,-0.382156,-1.499260664
GTF2E2,604.0,0.365750105,273.0,0.18422,0.321479977
GTF3C2,932.0,0.372227001,397.0,0.387739,-0.67892806
GTPBP1,2894.0,0.424954603,154.0,0.604187,0.001577639
GTPBP3,1032.0,0.436547413,95.0,0.665934,0.031854004
GTSE1,680.0,0.368527868,212.0,1.072111,0.892314348
GTSF1,222.0,0.36097632,86.0,0.944916,0.66713601
HADH,818.0,0.383558671,219.0,-0.879548,0.550577912
HADHA,615.0,0.383558671,130.0,-0.159013,0.180058804
HAUS5,3319.0,0.378752573,51.0,1.899709,0.158747974
HAUS8,346.0,0.37535995,111.0,0.617785,-0.203301133
HCCS,1274.0,0.398607648,275.0,-0.071823,-0.60818957
HCK,337.0,0.440224323,364.0,0.96376,0.394518094
HDAC1,591.0,0.390040122,63.0,0.54557,0.155636406
HDDC3,763.0,0.387287166,29.0,-0.54984,0.692151876
HDGF,1342.0,0.465394593,322.0,0.960157,-0.153469413
HDLBP,2343.0,0.397687311,375.0,0.318149,-0.153323819
HEATR3,1385.0,0.384091545,883.0,0.451836,-0.005481884
HEBP2,9119.0,0.359416339,297.0,2.082397,0.225722825
HECA,3704.0,0.443714129,285.0,1.27788,0.726398295
HECTD3,3914.0,0.446742268,98.0,0.392599,0.222542071
HERC2,726.0,0.429958504,109.0,0.536191,0.230621821
HERC5,379.0,0.393838904,153.0,1.432509,0.134583085
HERC6,651.0,0.398146132,183.0,1.563041,1.356728748
HIP1,4874.0,0.430847644,52.0,-0.632281,-0.11947597
HLA-A,4150.0,0.424443523,84.0,1.297666,1.482689521
HLA-C,420.0,0.421684519,65.0,0.611218,-0.346857422
HLA-DRA,409.0,0.420807891,109.0,0.576148,0.885841241
HLA-E,1459.0,0.413523771,126.0,0.844392,0.411207679
HLA-F,121.0,0.407256461,124.0,1.389441,-0.740541965
HMBOX1,3560.0,0.369177113,482.0,-0.036435,0.987864397
HMBS,266.0,0.451934812,299.0,-0.20839,0.220790696
HMGB2,3775.0,0.450826504,193.0,0.613484,0.421629499
HMGCS1,3661.0,0.374424323,345.0,1.543475,0.916569801
HMOX1,616.0,0.436401717,107.0,0.358167,0.154241125
HNRNPA0,7504.0,0.386421138,284.0,0.299242,-0.208049744
HNRNPD,1688.0,0.420386111,318.0,0.056972,-0.076582739
HNRNPL,1102.0,0.449817015,176.0,0.598277,-0.162925211
HNRNPU,4156.0,0.432126199,218.0,0.488263,-0.02272976
HNRNPUL1,2135.0,0.394022965,339.0,2.227588,0.759973587
HNRNPUL2,2674.0,0.436897081,229.0,0.212659,0.081532299
HSBP1,3274.0,0.4454546,174.0,-0.002566,-0.384796652
HSD11B1,4482.0,0.426649415,154.0,2.132426,0.467793628
HSD17B7,398.0,0.431983247,99.0,-0.260082,-0.770340318
HSP90AB1,313.0,0.39509298,251.0,-0.110264,-0.48031011
HSPA4L,7877.0,0.413794867,342.0,-1.08535,-0.468071789
HSPB11,107.0,0.34538245,284.0,-0.055298,0.152730194
HTRA2,571.0,0.421976635,602.0,-0.123997,0.089959847
HTT,3901.0,0.373695076,145.0,0.144255,-0.173169144
HUS1,2068.0,0.374612864,131.0,-0.620492,-0.01997727
HYI,310.0,0.378597605,196.0,-0.807668,0.337948453
HYOU1,1409.0,0.403839016,234.0,-0.127283,-0.521036526
ICAM1,1537.0,0.426062071,319.0,2.215899,0.219243533
IER3IP1,3342.0,0.438740024,97.0,-0.81662,-0.777234271
IFI16,254.0,0.415211655,290.0,1.162262,0.742907082
IFI30,213.0,0.431523306,62.0,0.977423,-0.350920789
IFI35,160.0,0.418462024,223.0,-0.023233,0.316365656
IFI44,267.0,0.403888008,124.0,2.056305,-0.323183478
IFI44L,5058.0,0.403608012,200.0,2.467929,-0.234652482
IFIH1,121.0,0.412344512,377.0,1.484051,0.232324968
IFIT1,2775.0,0.411248073,495.0,1.403321,0.198918775
IFIT2,1901.0,0.420797646,175.0,1.373793,0.291400532
IFIT3,843.0,0.417440574,529.0,1.76544,0.139626625
IFIT5,2354.0,0.414819429,231.0,0.960779,0.431523599
IFITM1,159.0,0.431550176,180.0,0.335017,0.108211974
IFT27,109.0,0.4030938,426.0,-0.391068,-0.480550351
IGFBP3,1605.0,0.43060006,132.0,-0.431477,0.104757859
IGFBP7,558.0,0.392734536,34.0,-0.445931,-0.039378894
IKBKE,745.0,0.435100597,714.0,0.489529,0.799050025
IL16,3965.0,0.367979445,2395.0,1.333623,1.461306022
IL1RN,1145.0,0.411881061,408.0,1.576322,0.25888273
IL4I1,16.0,0.4139018,621.0,2.595779,0.205726275
ILF2,656.0,0.426220446,239.0,1.135667,-0.177459455
IMPA2,2898.0,0.383680893,242.0,0.37492,-0.004597637
INPP1,263.0,0.395712795,700.0,0.293548,0.655491533
INPP5D,1195.0,0.436077769,512.0,1.261602,1.034320623
INSR,4801.0,0.380857973,411.0,0.454773,-0.101940644
IPO5,2508.0,0.381335948,180.0,0.63407,-0.463975993
IRF7,92.0,0.423538356,367.0,0.770506,1.088823813
IRF8,1327.0,0.384714127,507.0,1.984759,0.857974272
IRF9,369.0,0.432057622,127.0,0.897321,-0.153210449
IRGQ,7659.0,0.399674011,156.0,-0.496987,-0.351684394
ISCU,607.0,0.454630229,1331.0,-0.605802,-0.22489698
ISG15,62.0,0.419522688,77.0,1.426875,-0.83292025
ISG20,952.0,0.419932377,2368.0,0.75359,0.776869126
ISOC1,1056.0,0.418535314,18.0,-0.619375,-0.222680838
ITGB2,415.0,0.457304004,395.0,1.750052,0.966059422
ITPKB,2981.0,0.440250717,340.0,0.722844,-0.047604894
ITPRIP,5382.0,0.396785481,453.0,1.05939,0.633861267
JUNB,496.0,0.414023332,276.0,0.696465,0.35749991
JUP,157.0,0.458302936,298.0,0.161353,-0.07363937
KANK2,2291.0,0.394238955,361.0,-0.077477,0.616573449
KARS,4202.0,0.383913431,144.0,0.379799,0.200766957
KDM1A,327.0,0.428444011,149.0,0.843958,-0.330875475
KDM2A,3716.0,0.372295488,864.0,0.158693,-0.255054616
KDM2B,2488.0,0.393022165,407.0,1.344828,0.001375282
KDM3B,1327.0,0.37791414,200.0,-0.261266,-0.095047207
KDM4A,1148.0,0.378142374,166.0,0.245158,0.092666843
KHSRP,1024.0,0.456900489,110.0,0.993592,0.163887185
KIAA2013,727.0,0.385456054,191.0,0.256222,1.546850821
KIF20A,757.0,0.371463873,496.0,1.048669,0.766061812
KIF22,75.0,0.392489541,388.0,-0.516549,-0.148746462
KIF2C,588.0,0.387865377,395.0,1.519428,0.670828078
KIF3B,3792.0,0.390782105,180.0,-0.507205,-0.20978277
KIF3C,2392.0,0.403852971,657.0,1.008351,-0.143561331
KIF5B,3198.0,0.418236129,470.0,-0.007029,-0.357999326
KLHL7,3616.0,0.41595405,521.0,-0.036897,-0.497563085
KTI12,594.0,0.370414154,39.0,-0.050957,0.710125537
LAMP1,1311.0,0.390985106,281.0,0.03763,0.367899025
LANCL2,2422.0,0.433733517,578.0,-0.393977,-0.645592422
LAP3,503.0,0.426841798,162.0,1.064607,0.737694365
LDHD,1826.0,0.398770776,52.0,-1.203447,0.607805515
LGALS3,159.0,0.420172221,88.0,-0.534685,-0.094756243
LGALS3BP,1225.0,0.419930622,179.0,-0.166156,-0.349358357
LGALS9,641.0,0.410654931,118.0,1.092555,0.445144349
LIN54,4893.0,0.441729058,383.0,-0.231948,0.218592877
LPCAT1,2228.0,0.380803123,133.0,-0.044162,-0.149544353
LPXN,1776.0,0.432350833,254.0,1.254512,0.857307308
LRPPRC,2376.0,0.377375074,58.0,-0.018106,-0.69700568
LRRC25,843.0,0.434491636,642.0,0.738253,0.07595928
LRRC41,465.0,0.438391248,44.0,-0.113347,0.030712902
LRRC59,1755.0,0.423067849,236.0,-0.168606,-0.716358666
LSM1,486.0,0.409616526,410.0,-0.459876,0.171557213
LSM6,1871.0,0.435100303,139.0,0.143639,0.07777456
LTA4H,391.0,0.355044638,145.0,0.541426,0.211760008
LYN,4058.0,0.418972994,282.0,1.567239,0.627634596
LYPLAL1,1137.0,0.3973742,157.0,0.411749,-0.007912095
LYRM4,6830.0,0.366844497,217.0,0.319159,-0.153485825
LYSMD2,596.0,0.394037378,501.0,0.642368,0.492347036
M6PR,1457.0,0.379162834,275.0,-0.065562,-0.118033879
MAD2L1,4528.0,0.407191351,124.0,0.313473,-0.338963779
MAFB,2032.0,0.405989564,390.0,0.288866,0.418406651
MAGED2,327.0,0.466698843,233.0,-2.16571,-1.087528701
MAGOH,153.0,0.416054235,162.0,0.511709,0.06229728
MAN2B1,128.0,0.381728903,76.0,1.07655,0.02669823
MANF,717.0,0.420319188,97.0,-0.381055,0.208784743
MAP4K1,170.0,0.374128007,140.0,2.468414,1.60310225
MARCKSL1,768.0,0.468216312,206.0,0.387903,0.045701429
MAX,2676.0,0.337149475,479.0,0.040974,0.373080973
MBD2,3723.0,0.420256858,229.0,-0.315484,0.183949597
MBP,4041.0,0.393290432,264.0,1.258574,0.631689616
MCM2,662.0,0.460999542,110.0,1.383771,-0.175984356
MCM4,2618.0,0.371821308,942.0,1.514495,-0.068895989
MCM5,3214.0,0.470488076,94.0,1.304169,-0.120725602
MDC1,658.0,0.415783633,440.0,0.455867,-0.124474258
MDH1,210.0,0.381672323,435.0,0.113615,0.166111067
ME1,1535.0,0.411214685,265.0,-0.588735,0.202363847
ME3,171.0,0.395156177,377.0,-0.465792,0.414483248
MECR,1365.0,0.445670958,612.0,0.237552,0.332382952
MED17,2631.0,0.366528813,275.0,1.060755,0.288615746
MED19,934.0,0.439623042,93.0,-0.21629,0.326201623
MED28,10307.0,0.440157501,27.0,0.555021,0.054285645
MED29,4550.0,0.464327351,57.0,0.824106,0.273973205
MEF2C,6848.0,0.41426337,654.0,0.270545,0.693939538
MEN1,824.0,0.454590692,504.0,-0.168858,0.299162668
METTL13,961.0,0.396264071,347.0,0.632472,-0.179821347
MGST3,1295.0,0.374563048,428.0,-0.208133,-1.116220077
MIF4GD,787.0,0.397877071,137.0,-0.308331,-0.035300901
MINK1,774.0,0.455972684,525.0,0.215652,0.589970848
MIS12,1334.0,0.420723459,745.0,-0.279557,-0.048537792
MLEC,5319.0,0.43043384,173.0,-0.337572,-0.705577576
MLLT10,2252.0,0.36295117,1568.0,0.570728,0.539652175
MMADHC,5382.0,0.406207656,205.0,0.279241,-0.225203162
MMGT1,4451.0,0.406300672,388.0,0.299008,-0.633814784
MMP1,502.0,0.392399458,189.0,2.382687,-0.317741462
MMP14,1722.0,0.419367787,285.0,0.919129,0.065723364
MMP9,193.0,0.404253633,19.0,3.410114,1.243526626
MORC3,2052.0,0.406702124,375.0,0.393756,0.083829982
MORF4L1,1066.0,0.420719378,454.0,-0.30325,0.303350569
MOV10,619.0,0.412681236,1415.0,0.219951,-0.423606393
MPHOSPH10,87.0,0.404440607,352.0,0.132979,0.139458918
MRI1,2018.0,0.459301832,75.0,-0.018194,-0.165919791
MRPL13,1075.0,0.395373051,313.0,-0.472731,-0.187036173
MRPL15,1888.0,0.407701507,63.0,0.296688,-0.494367252
MRPL16,212.0,0.368940255,214.0,-0.46702,-0.245646424
MRPL17,6554.0,0.424450505,105.0,-0.738775,-0.369819686
MRPL2,580.0,0.458698472,164.0,0.349415,0.008243389
MRPL20,187.0,0.445765675,96.0,-0.662694,-0.293261151
MRPL21,55.0,0.417448467,293.0,-0.640702,-0.443623561
MRPL27,2133.0,0.436300758,31.0,-0.598756,0.079850539
MRPL40,113.0,0.406843086,653.0,-0.998506,-0.279274315
MRPL46,1889.0,0.422788385,25.0,-0.621616,-0.192384559
MRPL48,1284.0,0.368940255,212.0,-0.0545,-0.287368634
MRPL51,2069.0,0.35376587,169.0,-0.483831,-1.458610039
MRPL53,198.0,0.441261883,155.0,-0.602217,-0.42627282
MRPL9,407.0,0.432679379,437.0,0.273171,-0.227231045
MRPS11,2793.0,0.477818717,1491.0,-0.856187,-0.296654467
MRPS15,468.0,0.440649404,164.0,-0.427723,0.27834021
MRPS17,1334.0,0.413812124,30.0,-1.497152,-0.261797022
MRPS18B,936.0,0.408462865,157.0,0.101382,-0.229529337
MRPS36,933.0,0.3748339,84.0,-0.813562,0.04275896
MRPS7,453.0,0.455992019,233.0,-0.694652,-0.634049073
MSI2,5168.0,0.366385762,173.0,-1.165753,-0.781352194
MSTO1,694.0,0.421389639,1152.0,-0.454815,-0.779632664
MTA2,684.0,0.459443446,761.0,0.417419,0.382533822
MTFMT,1550.0,0.414190941,26.0,-0.355248,-0.110048848
MTHFS,1663.0,0.434592403,179.0,-1.317834,-0.278055723
MTMR1,2442.0,0.424163835,319.0,0.290876,-0.035985307
MTMR14,421.0,0.371137969,151.0,-0.065798,0.174385747
MVP,50.0,0.435053297,193.0,-0.523787,-0.074070822
MX1,456.0,0.433488503,982.0,2.199227,0.255967654
MX2,1812.0,0.430094961,104.0,1.686744,0.943086949
MYADM,2833.0,0.384589896,681.0,-0.602486,-0.812382479
MYCBP,3972.0,0.381803634,73.0,-0.685037,-0.175891379
MYL12A,812.0,0.453450746,478.0,-0.178085,0.092747385
MYO18A,3647.0,0.395788337,484.0,0.101493,0.009267613
MYO9B,1401.0,0.398943925,152.0,1.160092,0.174699955
NAA40,3212.0,0.389371031,261.0,0.067275,-1.06580213
NAB1,2433.0,0.361024962,572.0,0.923566,0.585648946
NADK,1672.0,0.3959688,563.0,0.097703,0.39840293
NADSYN1,464.0,0.447848979,126.0,-0.499808,-0.718870253
NAGK,1297.0,0.42527382,474.0,0.479845,-0.072075174
NANS,37.0,0.458552255,132.0,-0.446344,-0.42598998
NAPA,1862.0,0.477781443,318.0,-1.327147,-0.290689942
NAT10,4915.0,0.387474071,245.0,-0.395161,-0.115196501
NBAS,140.0,0.414580543,44.0,0.177201,-0.103758268
NCALD,2767.0,0.374888213,460.0,0.350655,-0.594875831
NCAPD3,2971.0,0.431957579,606.0,-0.084898,-0.111592576
NCAPG2,3501.0,0.41630572,200.0,0.877402,-0.174379412
NCF1,2381.0,0.415579251,70.0,1.658084,0.813703148
NCK2,1267.0,0.457831152,276.0,0.929849,0.00199868
NCKIPSD,4981.0,0.449411541,126.0,-0.879308,-0.251167616
NCOA5,1332.0,0.416761948,402.0,-0.053942,0.258803959
NCOA7,3259.0,0.404217869,470.0,1.021631,0.627623895
NDC80,61.0,0.356199389,182.0,0.767407,0.224999085
NDRG2,841.0,0.376266446,941.0,-0.194344,-0.596388787
NDUFA4,1685.0,0.439642808,129.0,-1.12311,0.165202878
NEU1,667.0,0.413226082,156.0,-0.83504,-0.363731639
NFATC2IP,3242.0,0.412267479,15.0,-0.562122,0.034301441
NFKB1,708.0,0.4099683,467.0,0.407234,0.171573564
NFKB2,153.0,0.424806573,563.0,1.053303,0.386779083
NFKBIE,1053.0,0.409138176,25.0,0.564337,0.318009519
NGDN,1255.0,0.423783924,27.0,-0.001075,0.100591559
NGRN,1679.0,0.414477409,50.0,-0.918003,0.033974613
NIP7,1593.0,0.443769116,318.0,0.445581,0.382388502
NIT2,2351.0,0.432361565,74.0,-0.750886,-0.240108028
NMNAT3,2689.0,0.397393877,1228.0,-0.33337,-0.156055285
NMT1,3377.0,0.454689408,31.0,-0.071138,0.252452371
NONO,1092.0,0.432928506,710.0,0.276699,0.051129156
NOP14,912.0,0.38067473,187.0,0.50376,0.142557499
NOP2,785.0,0.393538298,198.0,0.453158,0.063104529
NOTCH2,6062.0,0.409327653,297.0,0.594977,0.031090504
NPTN,1068.0,0.388989686,197.0,-0.384323,0.467956559
NR2C2,6271.0,0.390767743,362.0,0.313627,0.007116064
NRBF2,883.0,0.43605128,224.0,0.655031,0.577782191
NRF1,1901.0,0.447602651,500.0,0.12257,0.13626857
NRP1,3846.0,0.416817106,523.0,1.842639,0.589351807
NSFL1C,1587.0,0.42738001,868.0,-0.202757,-0.083423118
NSMAF,602.0,0.358586884,214.0,-0.042204,0.265530067
NTAN1,178.0,0.344459601,320.0,-0.454832,0.256370389
NUBP1,246.0,0.455923678,142.0,-0.781142,-0.021609525
NUCKS1,5461.0,0.359398328,271.0,0.757884,-1.129252155
NUDC,716.0,0.476401948,127.0,0.239527,-0.191261718
NUDT16,5489.0,0.428387545,75.0,-0.594551,0.0633082
NUMA1,663.0,0.474508115,436.0,-0.294223,-0.167416079
NUP93,5678.0,0.382018893,495.0,0.988692,-0.176862012
NXF1,2943.0,0.375826754,136.0,-0.146394,0.115242967
OCIAD2,4872.0,0.363821488,322.0,0.230023,-0.568665993
OGDH,1071.0,0.396078149,159.0,0.055615,0.244764878
OSBPL2,2363.0,0.383456763,571.0,0.266845,-0.195760852
OVCA2,792.0,0.429983078,65.0,-0.309162,0.198697324
P2RX4,573.0,0.442596273,304.0,-0.333366,-0.56055095
PAAF1,509.0,0.376143366,341.0,-0.849619,-0.085037508
PACSIN2,1591.0,0.413490434,405.0,-0.392011,-0.263841939
PARK7,451.0,0.457171775,163.0,-0.627076,-0.027441625
PARP1,769.0,0.460215809,171.0,1.045297,0.221976939
PARP10,332.0,0.422654659,200.0,0.66699,0.114813046
PARP12,816.0,0.416480622,874.0,0.471979,0.356042339
PARP14,2243.0,0.414355918,59.0,1.133758,0.410670008
PARP9,451.0,0.418102187,327.0,0.696547,0.19178859
PARVG,2043.0,0.383803232,484.0,1.349753,0.329660974
PBK,750.0,0.413339119,464.0,-0.844507,-0.362923486
PCNA,338.0,0.425000199,239.0,0.522451,-0.57356559
PDAP1,2007.0,0.464659554,134.0,0.132853,0.000347893
PDCD2,155.0,0.440448783,111.0,0.231179,-0.034061788
PDCD2L,48.0,0.433436103,33.0,2.332181,0.246605427
PDCD6IP,3211.0,0.388727459,158.0,0.610105,0.043949335
PDHA1,2054.0,0.402514578,145.0,0.369093,0.362961157
PDHB,2974.0,0.442593378,43.0,-0.599066,0.204510674
PDLIM1,357.0,0.379179626,233.0,-0.100321,-0.054523613
PDXDC1,2055.0,0.375670185,335.0,-1.319904,-1.167392126
PDXK,6244.0,0.398158884,198.0,0.521941,0.314300004
PEBP1,796.0,0.360152166,326.0,-0.674758,-0.255187286
PEF1,769.0,0.441759403,424.0,-0.345236,-0.113860841
PELO,5222.0,0.385240523,985.0,-0.71512,0.099785248
PEPD,395.0,0.450896903,133.0,1.618218,0.479511062
PEX16,585.0,0.43213601,312.0,-0.554953,1.64193084
PEX6,946.0,0.370078344,93.0,-0.868558,-0.106280269
PEX7,2294.0,0.407005497,102.0,-0.098169,-0.200771227
PFDN5,124.0,0.497062947,117.0,-0.400594,-0.169477376
PFDN6,574.0,0.470152145,222.0,-0.275433,0.202351262
PGM1,570.0,0.393980016,681.0,-0.051056,0.002116536
PHB,988.0,0.45268542,190.0,-0.702032,-0.249978087
PHF10,104.0,0.365149381,79.0,0.469997,-0.18123401
PI4K2A,2692.0,0.385068362,57.0,0.307684,-0.140167004
PIAS1,3626.0,0.396022529,741.0,0.009351,0.178827104
PIK3AP1,3866.0,0.407313024,128.0,1.241496,0.583981828
PIR,205.0,0.385796208,485.0,-0.827066,-0.432167444
PITPNC1,4686.0,0.369070722,874.0,-0.293783,-0.058082329
PLA2G7,1187.0,0.402486321,269.0,1.559412,1.125997441
PLAUR,323.0,0.418467601,226.0,0.922056,0.43109312
PLCB2,818.0,0.468984469,301.0,1.272855,0.586311985
PLCG1,3987.0,0.454806205,121.0,0.358935,9.53e-05
PLD4,273.0,0.377985619,192.0,1.04054,1.755649223
PLEKHO1,5192.0,0.424698037,839.0,1.090568,0.689479075
PLEKHO2,2119.0,0.429714475,134.0,0.667125,0.65986224
PLSCR1,10376.0,0.415598704,388.0,2.325327,0.258668169
PML,3324.0,0.431306474,140.0,0.888847,0.25537835
POLR1C,1131.0,0.439933821,86.0,-0.118095,-0.022354726
POLR1D,1469.0,0.427162265,456.0,0.392498,-0.445544546
POLR2F,1600.0,0.47244007,250.0,-0.214873,0.492801811
POLR2H,1065.0,0.427596015,1167.0,0.418912,-0.692909372
POLR3H,3481.0,0.444306047,388.0,-0.656511,0.400629103
POLR3K,1023.0,0.473025152,46.0,-1.31579,-0.481979871
PPA2,660.0,0.432735716,20.0,-1.256836,-0.234265698
PPIE,4556.0,0.446406574,56.0,0.120745,0.235656071
PPIL1,1921.0,0.453832883,252.0,-0.31631,0.108542188
PPP1R14B,282.0,0.457456004,268.0,0.070401,-1.197811663
PRC1,1136.0,0.367783806,234.0,0.408651,-0.319209227
PRCC,357.0,0.381841119,290.0,0.225324,0.007332535
PRDX1,303.0,0.414090753,341.0,-0.406691,-0.297944445
PRDX6,944.0,0.433706552,51.0,-0.418474,0.027848119
PREB,658.0,0.378530018,403.0,-0.078426,-0.321507208
PREP,579.0,0.425974009,233.0,0.446259,-0.383106311
PRG4,784.0,0.366727173,51.0,2.360672,0.376047899
PRIM2,1166.0,0.350864643,125.0,0.39148,-0.027939913
PRKAB1,1305.0,0.365943644,289.0,-0.599247,0.106170236
PRKAR2A,5019.0,0.427443141,254.0,-0.350958,0.080028435
PRKCB,5795.0,0.38010529,197.0,2.520617,1.204951626
PRKCD,451.0,0.404392693,469.0,-0.597146,0.044959132
PRKRA,683.0,0.420894136,659.0,0.362558,-0.33141344
PRKRIP1,3224.0,0.453589322,55.0,-0.045908,-0.261796758
PRMT5,393.0,0.386451423,508.0,-0.116845,-0.383607344
PRMT7,3655.0,0.450088803,850.0,-0.074237,0.452542299
PROCR,549.0,0.357872186,218.0,-0.329997,0.34886179
PRPS1,3908.0,0.466551451,409.0,-0.409372,0.027648591
PRPSAP1,2056.0,0.390811115,688.0,0.000399,7.1e-05
PRRC1,3173.0,0.409170839,188.0,0.070661,-0.551184426
PSMA5,2997.0,0.446573967,225.0,-0.208087,-0.219235903
PSMA6,187.0,0.423632682,445.0,-0.100842,-0.153819344
PSMB10,58.0,0.455018511,128.0,0.433228,0.218008309
PSMB2,3775.0,0.389848815,412.0,0.279057,-0.122081099
PSMB8,242.0,0.411206622,522.0,0.852508,0.307312361
PSMB9,5497.0,0.431095699,69.0,1.336265,0.126406541
PSMC3,66.0,0.485654947,194.0,-0.380483,0.022376703
PSMD11,2567.0,0.390095635,61.0,0.090897,-0.006958833
PSMD13,384.0,0.437236365,242.0,0.0044,-0.110122253
PSMD8,450.0,0.458928351,52.0,1.080319,-0.06191712
PSME2,53.0,0.443656162,65.0,0.031833,-0.013203977
PSMG1,5308.0,0.427553471,578.0,0.552816,-0.467521107
PSTPIP2,1923.0,0.429639796,96.0,-1.112815,-0.25500217
PTBP1,1504.0,0.473818895,106.0,0.161298,-0.125190103
PTDSS1,3765.0,0.367954205,423.0,0.747652,-1.652366436
PTGS1,3346.0,0.37260918,633.0,0.135021,0.248484288
PTP4A1,3419.0,0.421202001,1153.0,-0.059326,0.224610182
PTPMT1,1899.0,0.450492628,193.0,-0.770912,-0.078138311
PTPN18,2185.0,0.381656528,101.0,0.022679,-1.77e-05
PTPN7,1593.0,0.440747449,781.0,2.349988,1.028850638
PTPRE,2994.0,0.426620112,1843.0,0.384116,0.65490731
PTPRF,4571.0,0.452810321,356.0,-0.007314,-0.802056208
PTRH2,3186.0,0.370743372,1544.0,-0.837213,-0.613371976
PYCR2,578.0,0.474148407,230.0,0.099145,-0.664420695
PYGL,175.0,0.392036998,127.0,1.040833,0.652848152
QARS,97.0,0.458996209,396.0,0.073488,-0.188077628
RAB11FIP1,4277.0,0.380614122,56.0,0.08567,-0.234725047
RAB12,1120.0,0.38483812,283.0,-0.089557,0.082447916
RAB21,5246.0,0.435367738,267.0,-0.004827,-0.258152975
RAB31,3231.0,0.437498832,175.0,0.299596,-0.276799095
RAB35,2172.0,0.408841719,189.0,0.580675,0.039365858
RAB7A,1376.0,0.419395127,232.0,0.03341,-0.087478662
RAB8B,4163.0,0.425956778,96.0,0.45045,0.620245223
RAB9A,1716.0,0.417525007,283.0,-0.253124,0.033280741
RABGGTA,77.0,0.387342734,512.0,0.105989,0.0306961
RABGGTB,440.0,0.409412379,78.0,0.013265,-0.179065191
RABIF,4760.0,0.447399225,159.0,0.048959,-0.029331921
RACGAP1,1895.0,0.366370127,354.0,0.990127,0.115834568
RAD9A,924.0,0.444046557,185.0,0.254969,0.456034802
RAE1,1112.0,0.432613552,365.0,0.713232,0.031767144
RAI1,1472.0,0.455620822,469.0,0.302887,-0.266950992
RAN,2043.0,0.442855294,361.0,0.285974,-0.02401588
RANBP10,3359.0,0.379453562,1256.0,0.110926,-0.249744712
RANGAP1,3145.0,0.481547647,765.0,0.33384,-0.003142527
RAPGEF1,2727.0,0.425793135,159.0,0.423049,0.327064051
RARS,114.0,0.423508657,41.0,-0.426621,-0.225618558
RASGRP2,183.0,0.381671176,582.0,1.518475,1.205776108
RBBP4,6506.0,0.404056961,164.0,0.434037,-0.171166759
RBBP5,3098.0,0.421849625,474.0,0.422768,0.250165094
RBKS,251.0,0.392307233,1371.0,-0.773577,-0.246138431
RBM12,3599.0,0.375183789,304.0,0.082697,-0.246191236
RBM14,3443.0,0.468008211,139.0,-0.003271,0.034896836
RBM4B,5277.0,0.396841232,170.0,-0.565019,-0.229759689
RBMX,1201.0,0.353737079,210.0,0.154738,0.145203902
RBPJ,4223.0,0.4178224,518.0,0.609356,0.477762007
RBX1,821.0,0.46562919,52.0,-0.661773,-0.030471581
RC3H1,7637.0,0.410085914,87.0,-0.151659,-0.016928447
RCCD1,1773.0,0.374130224,280.0,0.027061,-0.030505386
RCOR1,4070.0,0.439565312,228.0,-0.133209,-0.237806554
REEP4,591.0,0.460338979,469.0,-0.124585,0.00253208
REEP5,2962.0,0.457536941,144.0,-1.222282,-0.712555191
RELB,408.0,0.418226182,131.0,2.044795,0.389301251
REPIN1,2683.0,0.45080531,489.0,-1.038184,-0.484390006
RFC4,89.0,0.411167541,282.0,1.900087,0.152875775
RFK,1882.0,0.429285662,357.0,-0.325667,-0.129620225
RFX5,1546.0,0.386685917,221.0,-0.101653,0.2096899
RFXAP,1850.0,0.421314391,156.0,0.910014,-0.213410356
RHBDF2,740.0,0.423256567,294.0,0.824117,0.043003723
RHOT2,568.0,0.454546166,881.0,-0.745689,-0.48535769
RNASEH1,4369.0,0.404567903,700.0,0.349592,0.144878428
RNASEH2B,3930.0,0.37625722,399.0,0.372062,0.743286063
RNASET2,1070.0,0.374792559,407.0,-0.294251,-0.137136828
RNF114,1751.0,0.459950313,36.0,0.570941,-0.140873551
RNF20,5226.0,0.396317502,92.0,0.204506,-0.009639003
RNF213,5288.0,0.417718743,150.0,0.569217,-0.301722059
RNF25,102.0,0.375620157,88.0,-0.075581,-0.127160712
RNF31,88.0,0.389352607,358.0,0.215971,0.009379303
RNLS,1252.0,0.416402283,135.0,0.178684,0.382900502
RNMT,4581.0,0.415128602,241.0,-0.015054,0.1451069
RNPEP,463.0,0.447181346,896.0,-0.328224,-0.622684429
RP9,437.0,0.42869019,18.0,0.492545,-0.132213998
RPA1,2907.0,0.381710028,170.0,0.395939,0.130163505
RPA2,639.0,0.400070522,793.0,0.303367,0.195656704
RPAIN,471.0,0.394698889,570.0,0.039495,-1.356510801
RPL11,461.0,0.442317923,45.0,0.724662,-0.100860068
RPL14,5208.0,0.496792394,133.0,-0.554425,0.443937275
RPL23,3146.0,0.464880603,90.0,-0.048054,0.033393978
RPL26,53.0,0.427802183,389.0,0.483915,0.719626378
RPL31,1260.0,0.451994935,87.0,-0.054858,-0.117930666
RPL34,1350.0,0.436455219,198.0,-0.482257,-0.347171739
RPL5,1058.0,0.451564158,75.0,0.198504,0.255846153
RPL7,1077.0,0.460258279,707.0,0.160462,0.024186881
RPS11,373.0,0.483080585,92.0,-0.486953,0.189375056
RPS24,4247.0,0.430653047,142.0,0.29421,0.076371164
RPS25,109.0,0.467193878,63.0,-0.341779,-0.533152011
RPS27A,743.0,0.450449292,321.0,0.280327,-0.149019238
RPS3A,306.0,0.426765211,80.0,-0.296987,0.274376439
RPS4X,629.0,0.442998752,96.0,-0.083088,-0.004325499
RPS6,2723.0,0.413925579,42.0,0.749974,0.415544626
RPS6KA1,828.0,0.389798854,163.0,-0.002297,-0.48797884
RPS6KA4,735.0,0.38455359,226.0,0.64926,0.012185847
RPS7,66.0,0.428822459,109.0,0.290477,0.211425333
RPTOR,2341.0,0.385169267,805.0,-0.2415,0.033959
RREB1,3012.0,0.456825357,492.0,-0.348383,-0.3144982
RRM1,2304.0,0.437568848,689.0,0.294567,-0.296182056
RRP8,5071.0,0.446233376,148.0,-0.407051,0.030504393
RRS1,978.0,0.468289248,104.0,-0.050804,0.013160927
RTN3,1690.0,0.358048129,187.0,-0.024313,-0.172541918
RTN4IP1,1108.0,0.372133716,477.0,0.271628,-0.280391323
RUNX1,4334.0,0.416076551,1578.0,-0.260573,0.195492397
RUNX3,2611.0,0.405217602,439.0,2.294816,0.663244059
RWDD1,6365.0,0.401367905,746.0,-0.30188,0.066352804
S100A8,71.0,0.444112716,170.0,0.021804,1.946853906
S100A9,189.0,0.439508357,43.0,0.645024,1.661595697
SAMD9,1815.0,0.395660052,270.0,1.647934,0.498016345
SAMD9L,1162.0,0.396305952,1248.0,1.179558,0.475021796
SAMM50,150.0,0.345249646,197.0,-0.560235,-0.309544321
SAMSN1,684.0,0.407246581,430.0,1.431754,0.504127608
SAP18,1754.0,0.427429047,39.0,-0.802197,0.185108259
SAP30BP,1541.0,0.449617255,257.0,0.17371,-0.041006356
SAR1A,5213.0,0.411769389,203.0,0.050063,-0.27974432
SAR1B,5806.0,0.392367964,253.0,-1.168499,-0.504557794
SARS,1054.0,0.40098191,100.0,-0.12242,-0.194708441
SASH3,1369.0,0.387406112,182.0,1.719704,0.711015461
SCAMP4,1741.0,0.472519575,351.0,-1.576645,-0.827710184
SCO1,8645.0,0.407339367,61.0,-0.14083,0.274933631
SDCCAG8,307.0,0.360606297,1542.0,0.539582,-0.117057079
SEC11C,205.0,0.423646802,92.0,0.289213,0.702988952
SEC13,332.0,0.457264526,210.0,-0.401934,-0.149483891
SEC14L1,2986.0,0.420320088,665.0,0.479603,-0.21406228
SEC24B,1221.0,0.400931805,155.0,-0.160126,-0.203373696
SEC24D,2115.0,0.386600041,297.0,-0.225329,-0.259712577
SEMA3F,960.0,0.38837398,318.0,-0.945788,0.275663374
SEMA4A,755.0,0.412797256,345.0,-0.336071,0.762011782
SEMA4D,2318.0,0.393173667,572.0,1.032723,0.736425244
SERPINA1,1707.0,0.420489385,573.0,-0.294847,1.037341594
SERPINB8,2096.0,0.38524815,520.0,1.216336,0.839049135
SETMAR,321.0,0.414235412,398.0,-0.901386,0.16324165
SF1,2419.0,0.374481437,721.0,0.220402,-0.102467258
SF3B2,563.0,0.453902675,40.0,0.192685,-0.056371102
SFXN4,500.0,0.402513841,45.0,-0.397195,0.373632197
SH3BP1,433.0,0.395530944,313.0,0.747384,0.809437353
SH3PXD2B,4870.0,0.420952884,171.0,0.798074,-0.067231099
SHMT1,4335.0,0.394510245,509.0,-0.012983,0.195229488
SIGLEC1,1590.0,0.42099348,0.0,1.003734,0.408496881
SIPA1,2933.0,0.437718847,296.0,0.512297,0.579136616
SIRPA,3027.0,0.429235057,360.0,0.544569,0.237437845
SKP1,8791.0,0.433886974,179.0,-0.995057,-0.044274531
SLBP,3046.0,0.391438372,553.0,1.323983,1.019273475
SLC25A10,1929.0,0.386184273,191.0,-1.730544,-0.323087314
SLC25A20,787.0,0.382641976,199.0,-0.631292,0.016977763
SLC25A3,504.0,0.383836987,354.0,0.014721,-0.736646809
SLC25A6,450.0,0.487227384,137.0,0.52032,-0.089296224
SLC27A3,163.0,0.439664345,91.0,-1.024462,-0.58133116
SLC39A10,2661.0,0.346494338,214.0,0.218033,0.888229023
SLC44A1,8291.0,0.4365497,264.0,-0.15284,-0.487907197
SLC9A3R1,709.0,0.400889529,235.0,-1.522059,-0.781341159
SMAP2,1225.0,0.404145004,415.0,0.051737,0.02423969
SMC1A,5954.0,0.490702048,340.0,0.807961,-0.013050151
SMG5,1363.0,0.383248033,540.0,0.745152,-0.076082567
SMS,2660.0,0.417677888,252.0,-0.282213,-0.79335425
SMYD3,223.0,0.378821529,130.0,-0.350582,-0.698555319
SNRNP200,676.0,0.454045162,132.0,0.371663,-0.207130023
SNRPC,474.0,0.427936125,450.0,-0.118725,0.010940742
SNRPD1,4386.0,0.384326147,161.0,-0.439841,-0.060775639
SNRPN,279.0,0.390283395,1145.0,-0.978978,0.339111107
SNX24,5071.0,0.338464018,185.0,-0.079907,-0.193610816
SNX30,6144.0,0.426743352,148.0,0.56071,0.012577106
SNX33,5086.0,0.383330712,96.0,-0.555706,0.286441944
SOD1,353.0,0.438546885,148.0,-1.167192,-0.215062423
SOD2,13436.0,0.435065133,1828.0,1.050175,0.995996787
SP110,3922.0,0.401738483,258.0,0.751424,0.265324622
SPC24,1691.0,0.381793277,320.0,1.891661,-0.204978943
SPC25,540.0,0.373816265,131.0,0.217556,-0.260308968
SPCS1,3333.0,0.417439524,205.0,-0.865999,0.318904523
SPI1,383.0,0.406748349,223.0,1.075676,1.182854257
SPRYD4,1406.0,0.430591965,75.0,-0.958821,-0.565784198
SQSTM1,1485.0,0.412192979,360.0,-0.336581,-0.484207714
SRC,2671.0,0.437602812,449.0,0.351614,-0.027817749
SRGAP2,3018.0,0.377689891,542.0,0.777539,0.099228279
SRI,5365.0,0.424260151,79.0,0.226633,0.105130339
SRP19,2645.0,0.430943803,189.0,-0.137323,0.02321431
SRPRB,1784.0,0.427990824,285.0,-0.49335,-0.529130652
SRR,1392.0,0.393840903,354.0,-1.164939,0.154700849
SRXN1,2099.0,0.37663928,185.0,-0.883989,-0.154650233
SSH1,5298.0,0.373517564,146.0,0.507654,-0.13791829
SSH3,2595.0,0.376349937,178.0,-1.279391,-0.663796879
SSR2,592.0,0.425839932,80.0,-0.350642,0.308666727
SSR4,87.0,0.444947593,150.0,0.190873,-0.421170164
SSRP1,422.0,0.394601844,267.0,0.414407,-0.065706237
SSU72,400.0,0.445120823,325.0,-0.281921,0.329090964
ST13,3666.0,0.439823793,468.0,-0.474731,-0.28874472
ST14,553.0,0.454138745,193.0,0.298602,-0.345420877
ST3GAL4,594.0,0.39537481,557.0,-1.054784,-0.087200332
STARD10,1682.0,0.427301627,944.0,-2.714115,-1.195020762
STAT1,3294.0,0.408136156,388.0,1.941764,0.246686931
STAT2,1791.0,0.409862748,203.0,1.106064,0.021241523
STAT6,1168.0,0.380869476,499.0,0.185009,0.262909346
STMN1,1138.0,0.394107416,364.0,2.170975,0.025109853
STOM,2222.0,0.387137797,117.0,-0.650502,0.634033687
STOML2,531.0,0.456962681,143.0,0.408819,0.180663141
STX11,4481.0,0.457080677,192.0,1.013001,-0.326638546
STX3,5058.0,0.403902965,547.0,0.052964,0.170652214
STX7,14891.0,0.417568039,327.0,0.758368,0.521984851
STX8,107.0,0.378438911,150.0,-0.306963,0.692157337
SUCLG1,223.0,0.43877655,193.0,-0.245164,0.194148709
SUFU,3380.0,0.361614756,191.0,0.301404,-0.082644532
SUMF1,999.0,0.37076871,37.0,-0.969152,0.013211986
SUPT4H1,1112.0,0.438747077,103.0,-0.339091,1.078832295
SURF2,1720.0,0.440503417,48.0,0.07429,-0.011786394
SURF4,2281.0,0.385472445,476.0,-0.133737,-0.290629612
SURF6,4908.0,0.42467207,78.0,0.050457,-0.075719052
SYTL1,80.0,0.364244725,197.0,-0.311556,-0.033904596
TACC3,165.0,0.385699108,155.0,1.15458,0.727808858
TADA2B,3064.0,0.464060586,151.0,-0.594688,0.868706333
TAP2,5256.0,0.374969764,175.0,1.38713,0.105202271
TATDN2,2040.0,0.415810908,581.0,-0.165361,0.16819073
TBC1D20,3109.0,0.435441414,148.0,-0.44344,0.046114766
TBC1D9B,1396.0,0.395340616,37.0,-0.279194,-0.20239403
TBCC,556.0,0.434161456,73.0,-0.273789,-0.447018405
TCEAL3,260.0,0.368171822,262.0,-1.351576,-0.006059707
TCEAL4,3020.0,0.432120515,489.0,-1.522832,-0.141311815
TCOF1,1640.0,0.41523122,108.0,0.519351,0.651088279
TDP1,1721.0,0.418036689,317.0,0.209249,0.138709013
TDRD7,242.0,0.375852104,234.0,0.625132,0.199417326
TDRKH,973.0,0.419795099,182.0,0.524562,0.413894322
TEP1,2777.0,0.379550228,40.0,0.22128,0.163580049
TFE3,1431.0,0.379068139,541.0,-0.208926,-0.619864803
TFEB,621.0,0.429366592,302.0,0.745708,0.847752274
THADA,112.0,0.415199561,352.0,0.152154,-0.288644789
THBD,2144.0,0.448063145,160.0,0.190111,0.009771623
THUMPD1,2715.0,0.455087735,225.0,-0.91126,-0.294200265
THYN1,205.0,0.377954149,484.0,-0.317316,0.548502386
TIMM50,3932.0,0.424829064,722.0,1.570788,-0.255298001
TIMM8B,2046.0,0.447942532,30.0,-0.890674,0.438969783
TK2,3965.0,0.360054507,593.0,-0.606506,0.345760292
TLE1,571.0,0.374791795,1295.0,1.258606,-0.09206225
TM9SF2,2020.0,0.372522209,233.0,0.553442,-1.033327821
TMED3,1710.0,0.439016102,188.0,-1.182505,-0.666812195
TMED9,708.0,0.44685712,67.0,-0.441519,-0.253808457
TMEM126A,52.0,0.406087664,295.0,-0.366279,0.27759959
TMEM199,2431.0,0.370998168,90.0,-0.266847,-0.384512234
TMEM63A,1407.0,0.385482014,622.0,1.600409,-0.232230475
TMOD1,2050.0,0.392927141,213.0,0.239845,0.978231615
TMSB10,278.0,0.470652003,95.0,0.595132,0.461658663
TNFAIP2,2079.0,0.44214387,131.0,0.726381,-0.195093457
TNFAIP3,1995.0,0.416242917,370.0,1.534554,0.719175013
TNFAIP8L2,497.0,0.440670719,126.0,0.805815,0.594789268
TNIP1,770.0,0.448321216,241.0,0.58941,0.263744793
TNK2,822.0,0.420245651,543.0,0.156772,0.243540255
TNPO2,2070.0,0.408799881,358.0,0.66341,-0.587697719
TNRC18,1316.0,0.449521205,349.0,-0.510385,0.087755008
TOMM5,518.0,0.441712708,107.0,0.30952,-0.123541598
TOMM6,1957.0,0.431553434,255.0,-0.666394,1.350251741
TOP2A,1003.0,0.364102812,159.0,0.980223,-0.086121368
TOR1A,3160.0,0.446121485,77.0,-0.12425,0.053562743
TPD52L2,1600.0,0.385071878,138.0,0.267915,-0.048151385
TPI1,620.0,0.479135356,527.0,-0.217658,0.254500965
TPM1,757.0,0.403626605,257.0,0.069355,0.120754998
TRAF1,7433.0,0.438949906,572.0,1.762335,0.584064328
TRAF6,6100.0,0.426668941,381.0,-0.068591,-0.104333818
TRAPPC3,634.0,0.441060625,519.0,0.088702,0.002275153
TRAPPC5,42.0,0.453352607,241.0,-0.494442,0.062632243
TRAPPC6B,2539.0,0.437369008,335.0,0.22002,0.371373585
TRAPPC9,3079.0,0.431357199,134.0,-0.001527,-0.127789019
TRIM11,3522.0,0.453298916,255.0,0.891984,-0.433169544
TRIM14,3117.0,0.369225689,165.0,0.100762,-0.288340572
TRIM22,1215.0,0.424423711,379.0,0.992722,0.427297935
TRIM26,1431.0,0.384319522,565.0,0.101038,0.066873779
TRIM27,2956.0,0.441704825,359.0,0.291546,-0.401660712
TRIM41,1657.0,0.454716896,737.0,-0.273075,0.033816108
TRIM5,2312.0,0.426412011,303.0,-0.160882,0.040622136
TRIP12,3739.0,0.40441217,297.0,0.381078,-0.253162084
TRIP13,2852.0,0.433721983,145.0,0.288678,-0.490774124
TRMT5,3660.0,0.405137655,572.0,-0.04262,-0.052006179
TRUB2,4655.0,0.434714666,759.0,-0.579338,-0.576942791
TSFM,1390.0,0.429356434,57.0,-0.583933,-0.432621907
TSPYL1,7303.0,0.373212405,287.0,-0.849747,-0.463414245
TSR2,1366.0,0.464925113,443.0,-0.541212,0.114687186
TTC39C,3394.0,0.378954091,452.0,-0.594114,-0.076323732
TTC7A,2213.0,0.393400181,1272.0,0.690831,0.152338397
TTPAL,5319.0,0.425556123,145.0,-0.172315,0.2004111
TUBA1C,110.0,0.451729991,576.0,0.717787,-0.292663932
TUBA4A,644.0,0.402818439,556.0,1.125006,0.483974107
TUBB,1030.0,0.390058461,509.0,0.742439,-0.285319453
TUBB6,2302.0,0.468445054,1139.0,0.383551,0.445888419
TUSC1,1294.0,0.429789613,537.0,-0.029916,-0.431351776
TXNL4A,3129.0,0.472736328,466.0,-0.694462,-0.175646813
TYMP,18.0,0.429537249,376.0,0.726719,-0.276061344
TYMS,581.0,0.364557025,159.0,0.877055,0.320366255
TYROBP,168.0,0.417048036,81.0,0.55411,0.266967653
UBAP2L,353.0,0.367068802,167.0,0.33256,-0.27309993
UBE2B,4002.0,0.405496028,420.0,0.164246,-0.016822347
UBE2L3,2365.0,0.455573936,198.0,-0.468945,-0.378846859
UBE2L6,703.0,0.431638779,653.0,0.592444,-0.249850639
UBE4B,1283.0,0.418913915,688.0,0.527161,-0.136702354
UBR4,797.0,0.387393976,4.0,0.786853,-0.182579018
UBTF,2209.0,0.400105612,296.0,0.049212,0.158698065
UBXN1,220.0,0.422601268,194.0,0.483619,0.191243134
UCK2,4043.0,0.447469338,640.0,0.438042,-0.071316817
UGGT1,5935.0,0.374564832,178.0,0.170025,-0.103210614
UHRF1BP1,5130.0,0.373569339,234.0,-0.152289,0.025896816
UNC45A,377.0,0.475530537,1022.0,-0.596004,-0.6545815
UNG,1024.0,0.368897526,209.0,0.428145,0.087241828
UNK,1388.0,0.447315534,42.0,0.049522,0.340137318
UQCR11,4379.0,0.470309826,75.0,-1.160263,-0.289022666
UQCRC1,129.0,0.462829321,45.0,-0.582618,0.169373403
UQCRH,193.0,0.365128489,320.0,0.514396,-0.376038314
UROD,171.0,0.391539164,133.0,-0.186273,-0.080116287
UROS,3849.0,0.422413435,266.0,-0.499628,0.206032923
USP18,580.0,0.434940763,338.0,1.201443,-0.066409927
USP39,571.0,0.39295741,223.0,0.318256,-0.361052376
UTP6,2466.0,0.429918331,83.0,0.463214,-0.151122561
VAC14,489.0,0.396517204,827.0,0.510041,0.066932228
VAMP8,451.0,0.398153421,156.0,-0.356689,-0.456298461
VASP,824.0,0.388921088,342.0,1.073839,0.449751708
VAT1,1456.0,0.406330787,120.0,0.279091,-0.11452292
VDAC3,475.0,0.440388181,210.0,-0.539416,-0.353774183
VGLL4,2489.0,0.432812067,506.0,0.078852,-0.07504449
VIM,431.0,0.411136971,462.0,0.526418,0.691461384
VPS28,291.0,0.476756313,109.0,-0.249067,-0.703127722
VPS33B,559.0,0.447669729,583.0,-0.53076,-0.015872179
VPS39,2053.0,0.440628838,173.0,-0.414914,0.19430649
VPS52,2870.0,0.393546356,887.0,-0.420237,-0.149322802
WASF2,4090.0,0.365213822,245.0,0.980665,0.125156099
WBP2,1040.0,0.392225719,515.0,0.061618,-0.029101902
WDFY2,7044.0,0.36603015,340.0,0.039891,0.465199917
WDR1,1039.0,0.393247178,368.0,0.843253,0.418820765
WDR36,3619.0,0.40459335,117.0,-0.148673,0.113921765
WDR37,8068.0,0.365587877,173.0,0.053707,-0.048364618
WDR4,293.0,0.380589271,581.0,0.570016,0.071814755
WDR47,1216.0,0.402106333,376.0,0.356777,-0.191554283
WDR48,1924.0,0.419028298,472.0,0.142025,0.054555262
WDR5,1979.0,0.401607191,171.0,0.397007,0.069870769
WDR54,97.0,0.394793766,128.0,0.386176,-0.440398879
WDR61,197.0,0.411764619,310.0,-0.944806,-0.03082952
WDR77,4184.0,0.412330102,139.0,0.208905,-0.461687324
WDR91,4946.0,0.380864599,823.0,-0.241941,0.425786169
WDR92,2520.0,0.427217839,117.0,0.330732,0.131198696
YTHDF1,1279.0,0.384821843,294.0,0.187642,-0.039237009
YTHDF3,3082.0,0.406652071,509.0,0.132392,-0.293100115
YY1,5192.0,0.440120149,480.0,0.290814,0.343420197
ZBED1,2221.0,0.457533868,282.0,0.127948,0.133757192
ZBTB8OS,1087.0,0.406816332,276.0,0.109054,-0.199605441
ZC3H12A,768.0,0.421626239,1056.0,-0.556755,0.378207919
ZC3H4,2169.0,0.436042942,38.0,0.052511,0.250311547
ZFP36L1,2846.0,0.395541595,976.0,1.072776,0.61530435
ZMAT2,1942.0,0.460376067,101.0,-0.539965,0.730279962
ZMYM3,1292.0,0.378831729,749.0,-0.279543,-0.274357523
ZNF207,13817.0,0.386696564,148.0,0.220499,-0.308560651
ZNF414,113.0,0.422835658,118.0,0.66279,0.718547437
ZNF511,243.0,0.452392726,55.0,-0.086601,-0.198439372
ZNF516,4816.0,0.393186692,318.0,0.041172,-0.378450032
ZNF622,1298.0,0.463753859,120.0,-0.541566,0.085382051
ZNHIT2,49.0,0.440612513,85.0,-0.43068,-0.440440271
ZWINT,4585.0,0.411772707,37.0,0.316687,0.33874191
