,3prime,tAI,max_5_UTR_length,TCGA-BH-A0BV,TCGA-BH-A0BV.1
AAK1,17874.0,0.380718848,505.0,0.032068,0.153416858
AATF,207.0,0.367011205,251.0,0.582503,-0.168336421
ABCC1,1793.0,0.393368456,175.0,-0.088499,-0.488734737
ABCF3,5726.0,0.387768135,869.0,0.014019,0.144815255
ABHD12,654.0,0.374654709,279.0,0.454509,-0.428172713
ABHD6,1639.0,0.384216096,505.0,0.680181,0.03666175
ABR,2562.0,0.39474042,600.0,0.297463,0.319513926
ABT1,2092.0,0.423473096,40.0,-0.232796,-0.251444824
ACADVL,176.0,0.46877374,457.0,-0.309204,0.09891758
ACBD6,155.0,0.433964845,621.0,-0.044704,0.112498355
ACIN1,584.0,0.404933544,328.0,0.209736,0.064353937
ACO1,4661.0,0.37721508,227.0,0.104106,0.49351839
ACOT11,1220.0,0.392289045,176.0,-0.578457,-0.397758766
ACOT9,4514.0,0.358892202,225.0,-1.030179,-0.171915258
ACP2,814.0,0.411581374,548.0,-0.266217,-0.34714632
ACSF2,1484.0,0.405139059,501.0,0.847175,0.025854951
ACSL1,1530.0,0.417966714,990.0,-0.111324,0.149869689
ACSL5,1022.0,0.380976548,307.0,-0.613459,-0.6506807
ACTB,613.0,0.469768794,192.0,0.174147,-0.039907886
ACTL6A,452.0,0.409046191,387.0,0.352187,0.008875265
ACTR1A,3151.0,0.432463663,108.0,-0.005901,0.365751549
ADA,312.0,0.444091501,440.0,-0.126661,0.122318518
ADD1,1928.0,0.439806775,863.0,0.184892,0.139314758
ADPRH,2067.0,0.380088169,541.0,-0.234017,-0.065088253
ADSSL1,320.0,0.393141878,776.0,0.297148,0.227740648
AGAP3,508.0,0.436856677,1584.0,0.018665,-0.181005351
AHNAK,842.0,0.382138706,300.0,0.08791,0.2201888
AHSA1,225.0,0.374296292,431.0,0.144069,-0.09742823
AIF1,121.0,0.4069451,222.0,0.388456,0.894618699
AIFM2,1911.0,0.447982482,217.0,-1.561979,0.159300936
AK1,1528.0,0.389481519,153.0,0.744098,0.614108878
AK2,2893.0,0.384271636,345.0,-0.524899,-0.087292933
AKR1C2,3804.0,0.449591167,413.0,-2.929484,0.358912456
AKR7A2,10996.0,0.385600504,22.0,0.112716,0.153102925
ALDH18A1,838.0,0.380333742,511.0,0.297656,0.145491704
ALDH3A2,2525.0,0.42484639,221.0,-0.258235,-0.311893843
ALDH6A1,4647.0,0.38708374,724.0,0.644818,0.116653268
ALG1,2498.0,0.432230555,181.0,0.478762,-0.27690358
ALG5,380.0,0.362014155,67.0,-0.336174,-0.245280883
ALG9,4217.0,0.365461171,1107.0,-0.480112,-0.427717344
ALOX5AP,976.0,0.392577632,248.0,1.635871,-0.717823811
AMBRA1,1041.0,0.36170155,362.0,-0.44299,-0.191035475
AMPD2,903.0,0.389224108,566.0,-0.116034,0.227768182
AMPD3,1695.0,0.423686063,472.0,0.070068,0.080706995
ANAPC13,1361.0,0.393644021,731.0,0.003156,-0.269656773
ANAPC5,235.0,0.390209877,197.0,0.295573,-0.119911663
ANKLE2,1737.0,0.418251419,90.0,-0.127263,-0.402186293
ANKRD16,135.0,0.465649334,543.0,-0.143388,0.150766303
ANKRD35,249.0,0.402949835,108.0,-0.645166,0.408776082
ANXA2,496.0,0.429738522,160.0,-0.401225,-0.18179661
ANXA5,1441.0,0.418050335,165.0,0.176705,0.557419855
AP1B1,1153.0,0.424070668,187.0,0.123207,0.032888141
AP1M1,914.0,0.463388599,173.0,0.052955,-0.550180578
APBA1,3797.0,0.387421148,276.0,-1.139178,-0.214417047
APIP,427.0,0.433104693,127.0,0.19538,0.673441875
APOBEC3B,339.0,0.43450554,55.0,-0.147524,-1.387901715
APOBEC3C,1979.0,0.381716897,103.0,0.368773,-0.251969247
APOBEC3G,322.0,0.410940579,404.0,0.12254,0.038672055
APOL2,1195.0,0.42932248,477.0,-0.252745,-0.427587588
ARF6,2971.0,0.462806813,621.0,0.01016,-0.906477799
ARFIP2,2430.0,0.403729309,291.0,-0.004103,0.213823978
ARHGAP17,2624.0,0.371011524,117.0,-0.042141,0.164248752
ARHGAP30,773.0,0.384451823,645.0,0.520469,0.03244739
ARHGEF10,1378.0,0.370244255,202.0,-0.310549,-0.058806412
ARID2,3145.0,0.362288628,128.0,0.784881,0.030682234
ARID3A,3881.0,0.411693449,290.0,-0.021072,0.995802707
ARIH2,3112.0,0.397061561,878.0,0.13503,-0.04172949
ARL8A,1065.0,0.409602486,171.0,0.436974,-0.039298808
ARRB1,6041.0,0.39512759,224.0,-0.405497,-0.10025647
ASS1,1357.0,0.394201053,356.0,-2.449555,-0.85133045
ATPAF1,3039.0,0.439253133,510.0,0.111273,0.029284426
ATRIP,162.0,0.417082642,462.0,0.68828,-0.115333389
AXL,1863.0,0.417061167,376.0,0.515268,0.396255525
B4GALT7,4483.0,0.433879574,93.0,-0.098767,-0.631027939
BAG1,2764.0,0.431693656,501.0,0.445857,0.886935904
BAG3,537.0,0.387438444,306.0,-0.393183,-0.10560517
BASP1,971.0,0.520859146,259.0,0.84331,0.37070824
BBS7,1531.0,0.408023089,184.0,0.028331,-0.097165421
BCAT2,364.0,0.445598481,657.0,0.076073,0.237577811
BCKDHB,3082.0,0.419736544,88.0,-0.512342,-0.257502728
BCL2,5279.0,0.374049285,493.0,0.626063,0.069442625
BCL2L13,4109.0,0.411790332,769.0,-0.571392,-0.312309069
BID,4193.0,0.428633517,498.0,-0.297605,0.133726952
BLVRA,3376.0,0.414260839,177.0,0.908607,0.430060189
BOLA2,40.0,0.43059393,513.0,0.057069,-0.181586421
BOLA3,383.0,0.406657227,38.0,-0.777063,0.692768824
BRD2,787.0,0.377809737,2066.0,0.304223,-0.033334617
BRD3,3285.0,0.401150236,188.0,0.335396,-0.002515889
BSPRY,1091.0,0.380011644,48.0,-0.743701,-0.144870294
BST2,411.0,0.444557266,81.0,-0.297449,-0.588119974
BUB3,1535.0,0.421992618,242.0,-0.652394,0.230637572
C1QB,152.0,0.436596666,340.0,0.619426,0.111586289
C1QC,327.0,0.41150294,283.0,0.799244,0.01528341
C2CD3,671.0,0.360398895,227.0,-0.328176,-0.344364811
C3,5088.0,0.430632158,93.0,0.866584,0.578673661
CAP1,1134.0,0.406948565,416.0,0.254007,0.438178005
CAPN1,720.0,0.455130071,197.0,-0.42413,-0.509468748
CAPRIN1,5632.0,0.374918508,189.0,0.152438,-0.2553452
CAPZB,5180.0,0.446052528,622.0,0.087013,0.201830718
CARD16,437.0,0.41300235,27.0,1.113798,0.961673018
CARHSP1,4898.0,0.362100245,360.0,-0.220531,0.009334025
CASC3,1778.0,0.370720542,295.0,0.516218,0.000346732
CASP1,750.0,0.424742838,44.0,0.265908,0.206481429
CASP8,1794.0,0.376118708,303.0,-0.504514,-0.106424533
CAT,629.0,0.397270122,89.0,0.277835,0.320248042
CBL,8368.0,0.375957197,142.0,-0.271493,-0.19958548
CBLL1,3286.0,0.400851504,467.0,-0.09034,-0.127422678
CBR3,54.0,0.445176236,228.0,-0.881755,-0.319894281
CBS,4385.0,0.477784031,626.0,-0.940463,-1.506290449
CBX5,10815.0,0.390902295,318.0,-0.531499,-0.099227725
CBX8,2504.0,0.36735217,118.0,-0.039004,-0.237456201
CCDC115,2169.0,0.385110507,452.0,0.060728,-0.181020069
CCDC58,2462.0,0.421830022,75.0,-0.010583,0.075227842
CCDC88C,1302.0,0.396031427,154.0,1.114517,-0.029631337
CCL5,886.0,0.462166288,68.0,0.658732,0.49450899
CCNA2,1206.0,0.409154498,373.0,-0.294495,-0.478127267
CCNDBP1,2336.0,0.44393643,231.0,0.138851,0.438280789
CCS,4244.0,0.460896681,43.0,-0.543745,0.19759352
CCT3,238.0,0.457984718,231.0,0.044369,-0.132034979
CCT4,1361.0,0.393363555,164.0,-1.119278,-0.112448942
CD14,128.0,0.416321757,392.0,0.213428,0.116011381
CD209,3046.0,0.440000747,67.0,-0.28569,-0.135111559
CD36,2894.0,0.410517795,414.0,-2.413211,0.871865767
CD40,982.0,0.429065654,90.0,-0.081013,-0.227630779
CD44,3115.0,0.39995987,434.0,-1.535852,-0.778974457
CD63,923.0,0.512738356,403.0,0.447348,-0.058069967
CD74,635.0,0.427357309,187.0,0.421376,0.036620518
CDC25C,437.0,0.364786128,387.0,-0.004579,-0.508310275
CDC26,271.0,0.395637029,359.0,0.228614,-0.225419756
CDC34,560.0,0.46431386,199.0,0.497125,-0.006669926
CDC42EP3,3941.0,0.420378821,1009.0,-0.743387,0.078582732
CDCA8,1353.0,0.384295288,290.0,-0.240374,0.004106866
CDK1,2313.0,0.398329505,154.0,-1.169601,-0.604332004
CDK2AP1,766.0,0.439144625,522.0,-0.709526,-0.733567448
CDK5RAP2,367.0,0.371069462,192.0,-0.556752,-0.109894843
CDK5RAP3,284.0,0.469750898,1791.0,0.09363,0.471108649
CDKAL1,1365.0,0.417875209,167.0,-0.148718,-0.635153156
CDKN2AIPNL,3639.0,0.409801696,53.0,0.06575,-0.265337366
CDKN2C,2247.0,0.381912025,1216.0,-1.056492,0.362153031
CEBPD,1714.0,0.430497143,44.0,-2.059213,0.243599153
CENPV,301.0,0.385948267,62.0,-0.849244,-0.013898423
CEP55,939.0,0.397841874,304.0,-0.601664,-0.183565212
CES3,2100.0,0.377378956,446.0,0.155986,-0.767316376
CETN2,868.0,0.433727498,47.0,0.88698,0.453689309
CFL1,677.0,0.502791,234.0,-0.015854,0.068614384
CHAC2,786.0,0.395629742,277.0,-0.881676,-0.567964451
CHCHD4,3528.0,0.445497334,326.0,0.13878,-0.054155483
CHMP4A,296.0,0.447100154,262.0,-0.504227,0.264331623
CHMP5,1241.0,0.442987983,200.0,-0.047092,0.838485979
CHMP6,980.0,0.489861105,78.0,0.033002,-0.175778751
CHTF8,2425.0,0.424551152,142.0,0.299361,-0.141946801
CIAPIN1,1024.0,0.451663323,242.0,0.211879,-0.079117106
CISD2,5376.0,0.433298698,107.0,-0.291963,-0.613057305
CKAP4,2872.0,0.386259817,84.0,0.344442,0.050603148
CKS2,300.0,0.317949998,98.0,-0.768179,0.066939026
CLCC1,5185.0,0.369704467,150.0,-0.007817,-0.229421863
CLCN7,1698.0,0.459147749,110.0,0.11936,-1.262374044
CLIC1,290.0,0.4571302,573.0,-0.121482,0.087827697
CLK2,350.0,0.410673686,925.0,0.235341,-0.137093244
CLK3,1233.0,0.4268607,461.0,-0.094829,0.01890709
CLPTM1,458.0,0.383990827,351.0,0.388574,-1.272506941
CLTA,288.0,0.450950874,514.0,-0.205554,0.845327699
CLTB,319.0,0.48548545,210.0,-0.056742,0.51401877
CLTC,3104.0,0.384957863,443.0,0.133086,-0.302472395
CNBP,6850.0,0.433298698,206.0,-0.56845,0.001814661
CNPY2,123.0,0.392778455,553.0,0.128722,-0.026639213
CNPY3,1042.0,0.459231502,584.0,0.237934,0.174227081
COG3,1967.0,0.414689223,142.0,-0.327328,0.188708
COMMD1,306.0,0.423842833,138.0,-1.02783,0.186333391
COMMD3,431.0,0.360487018,35.0,-1.131698,-0.026004587
COMMD5,498.0,0.445713337,399.0,-0.135096,0.314488888
COMMD6,1375.0,0.396967837,328.0,-0.795046,0.405661279
COMMD9,2340.0,0.418062772,89.0,0.212343,0.184806102
COPB1,446.0,0.381738818,307.0,0.77755,0.021816869
COPE,165.0,0.478760693,55.0,0.376658,0.174388039
COQ6,671.0,0.374062527,159.0,0.266473,0.043578424
COQ7,5700.0,0.42379098,133.0,-0.026553,-0.133736369
CORO1A,112.0,0.457388252,435.0,0.770593,0.460816947
COX17,1735.0,0.484254073,86.0,0.267084,0.219671993
COX5A,860.0,0.429944966,140.0,-0.11252,-0.446743878
COX7A2,302.0,0.441893926,98.0,0.092117,0.411967056
CPM,5262.0,0.406054343,75.0,0.209315,-0.049744129
CPSF4,923.0,0.452412439,277.0,-0.222983,-0.080044662
CPT1A,2761.0,0.374132033,170.0,0.489701,-0.032442476
CPT2,602.0,0.431256564,515.0,0.049918,0.158513241
CRCP,8457.0,0.390198146,145.0,-0.023817,-0.535293947
CRKL,3904.0,0.422225684,509.0,-0.618471,-0.286759405
CRTAP,5601.0,0.446308827,120.0,0.514004,0.343293784
CRTC3,3205.0,0.355982524,186.0,0.138109,-0.083712479
CRY2,2337.0,0.383442872,132.0,-0.19797,0.313229782
CRYL1,462.0,0.386242786,79.0,0.170973,0.97972108
CSRP1,1183.0,0.493833101,217.0,-0.845743,-0.201609361
CST3,2762.0,0.475763324,186.0,1.024958,1.496646931
CSTF2,1931.0,0.372934478,58.0,0.716517,0.183454857
CTBP1,800.0,0.464034004,393.0,-0.338488,-0.004780476
CTNNA1,1216.0,0.412513324,1103.0,0.084138,-0.054390197
CTNNB1,1106.0,0.432073699,448.0,0.874633,0.11301088
CTNNBIP1,2448.0,0.394834327,307.0,-0.531026,0.11271864
CTPS2,1870.0,0.416273085,744.0,1.696894,1.320710325
CTSG,119.0,0.369503415,37.0,-1.653989,0.089903823
CTSH,1072.0,0.446467856,1192.0,0.35514,1.048970066
CUEDC1,2047.0,0.374410739,719.0,0.363663,-0.296133465
CUX1,1040.0,0.395555213,127.0,1.048071,0.01772947
CXCL10,814.0,0.410287201,105.0,0.866681,-1.112159167
CXCL9,2323.0,0.403736618,74.0,1.049301,-1.286521344
CYBB,2544.0,0.418993019,61.0,1.140787,-0.400961295
CYTH4,1837.0,0.406296106,377.0,0.499387,0.119289054
DAB2,1757.0,0.368483127,531.0,0.263425,0.099561927
DAGLB,721.0,0.377719723,170.0,0.542492,0.313053392
DAP3,768.0,0.366492687,184.0,-0.193449,-0.381130453
DAPP1,2082.0,0.348655603,90.0,0.492194,0.061493149
DBI,233.0,0.467027529,479.0,0.130862,0.232119123
DCAF8,1877.0,0.380310979,212.0,0.254035,0.011634323
DCP1A,4153.0,0.411936399,381.0,0.023622,0.10623501
DCPS,4731.0,0.375605648,329.0,-0.223479,-0.012722541
DCTN5,10597.0,0.443116252,177.0,-0.054644,0.137241188
DDAH2,653.0,0.361046801,1104.0,-0.297334,0.236319617
DDB2,1223.0,0.43604051,195.0,-0.191952,0.512987213
DDX23,713.0,0.445931172,91.0,0.165139,-0.017112158
DDX31,1870.0,0.361830896,544.0,-0.20839,-0.394683085
DDX47,438.0,0.379294484,22.0,-0.260581,-0.336481271
DDX54,1704.0,0.467316231,28.0,0.231207,-0.011772546
DDX56,586.0,0.438032149,643.0,-0.116958,-0.251242199
DDX59,217.0,0.413095257,243.0,0.327275,-0.028740166
DHODH,3463.0,0.371608285,21.0,0.272982,0.293070615
DHPS,121.0,0.474111752,121.0,0.319293,-0.233526299
DHX15,459.0,0.379133957,168.0,-0.212091,-0.04126046
DHX34,591.0,0.384465978,349.0,0.435818,0.216543326
DHX58,357.0,0.440330409,223.0,0.899166,0.065007377
DIABLO,719.0,0.425893605,1182.0,0.344795,0.440183743
DMAP1,63.0,0.471306,301.0,-0.198685,-0.100857287
DMXL2,1274.0,0.389901613,225.0,1.137838,0.08560023
DNAJA4,1736.0,0.398301408,169.0,-1.921011,-0.915950359
DNAJC19,1326.0,0.403482491,259.0,0.656009,0.415466245
DNAJC25,1212.0,0.430964931,56.0,-0.230279,-0.04335564
DNAJC8,969.0,0.416719859,33.0,-0.076819,0.474400244
DNM1,1255.0,0.393835111,116.0,0.065411,0.358788095
DNTTIP2,3564.0,0.408096853,58.0,-0.079915,-0.312418796
DOCK11,3681.0,0.373818855,63.0,0.1628,0.088694597
DOCK2,524.0,0.446250827,52.0,0.699381,0.19980504
DOK2,438.0,0.384043737,481.0,-0.088658,-0.038801505
DPCD,197.0,0.459155016,389.0,0.136976,0.233544079
DPF2,2501.0,0.393394442,133.0,-0.509055,-0.185053957
DPH1,1310.0,0.448716064,341.0,0.192504,-0.937361792
DPH5,784.0,0.413363166,165.0,0.004743,-0.168095881
DPY30,562.0,0.438431353,279.0,-0.73057,0.024344151
DPYSL2,2472.0,0.430530829,431.0,0.109875,0.268859838
DRAP1,142.0,0.432809908,245.0,0.435103,-0.222005823
DRG1,4594.0,0.444150091,131.0,-0.555605,-0.152098062
DSN1,5330.0,0.392894937,373.0,-0.241958,0.076073798
DSTN,2786.0,0.375776803,438.0,-0.293932,-0.067693499
DTL,2265.0,0.372315747,921.0,0.45361,-0.23842201
DTX3L,3456.0,0.408848169,89.0,1.060184,0.204477022
DUSP12,374.0,0.419884133,34.0,-0.535811,0.187852512
DUT,1937.0,0.36471409,109.0,-0.407298,-0.531365987
DYNLT1,514.0,0.420362019,78.0,-0.248311,-0.375525705
EBAG9,1437.0,0.39438748,402.0,-0.1944,0.09589415
ECH1,191.0,0.389477111,85.0,-0.290243,0.094926087
ECHDC2,2269.0,0.400166641,752.0,-0.107903,0.593384872
ECM1,322.0,0.43792189,199.0,0.904651,0.582283499
EDEM2,76.0,0.379021051,100.0,0.155863,-0.113523765
EEA1,5374.0,0.405861636,265.0,0.445886,0.358764524
EEF1A2,286.0,0.417272363,329.0,-0.590115,-1.002707132
EFTUD2,1331.0,0.444646836,398.0,0.481895,-0.156789479
EHD1,3363.0,0.446314898,447.0,0.133497,-0.108107607
EIF2AK2,8063.0,0.394727306,557.0,0.380187,-0.285026369
EIF2B3,1058.0,0.383118637,239.0,-0.454835,-0.069381266
EIF3F,5840.0,0.435728237,33.0,-0.202868,-0.181838987
EIF3L,1718.0,0.380710116,245.0,-0.898238,-0.220847184
EIF4A3,1120.0,0.381528282,222.0,-0.223685,-0.044177581
ELAVL1,4910.0,0.437605432,167.0,0.118096,0.071771263
EMG1,248.0,0.433768095,143.0,-0.037777,-0.173746564
EMILIN2,2605.0,0.379592019,159.0,0.023752,-0.244530686
ENDOD1,7728.0,0.376426787,118.0,0.62035,-0.571484262
ENOSF1,2904.0,0.382279782,622.0,-0.87644,-0.455812847
ENY2,2576.0,0.41756619,146.0,-0.196355,0.100764304
ERCC1,2342.0,0.45058755,188.0,-0.252151,0.190419686
ERCC6L,4809.0,0.354829683,623.0,0.365214,-0.028973764
ERH,415.0,0.383837906,71.0,-0.173931,0.295663999
ERLIN1,2041.0,0.444737514,478.0,-0.04381,0.076060133
ERP29,1277.0,0.401191178,118.0,0.22827,0.250047467
ETV6,4356.0,0.398240844,274.0,-0.230304,-0.463258545
EXOC4,1232.0,0.388187525,35.0,0.195537,-0.065990364
EXOC8,6907.0,0.436106501,127.0,-0.03595,-0.091594315
EXOSC1,536.0,0.430105347,451.0,0.091452,0.109358075
EXOSC2,3902.0,0.431273517,32.0,-0.386443,-0.124677203
F8A1,571.0,0.46317284,15.0,-0.25774,0.065051418
FAAH,2043.0,0.384592892,82.0,1.23099,0.04225348
FAF1,4425.0,0.401181969,453.0,-0.531443,-0.105211846
FAM122A,4542.0,0.40477622,33.0,0.12078,0.198905875
FAM168A,6285.0,0.395008865,285.0,-0.159013,0.437428846
FAM177A1,2165.0,0.411149627,459.0,0.41889,0.107321394
FAM192A,1824.0,0.379195199,1475.0,0.616401,0.243319801
FAM20B,4428.0,0.4357945,293.0,0.25066,0.107849358
FAM32A,1091.0,0.408676074,42.0,-0.029287,-0.784277551
FAM50A,286.0,0.482889735,110.0,0.520071,0.188310429
FBP1,248.0,0.397353747,331.0,-0.15386,-0.196280656
FBXL20,9338.0,0.383104745,254.0,0.822794,-0.383811861
FBXO4,526.0,0.393825218,58.0,-0.21153,-0.142470318
FBXO6,503.0,0.42307306,166.0,0.203119,-1.325163803
FCER1G,305.0,0.4202976,25.0,0.934857,-0.139979889
FCGRT,309.0,0.433069976,486.0,-1.116106,-0.440245855
FCHO1,270.0,0.372951657,283.0,-0.840019,0.609668533
FDPS,72.0,0.456397562,392.0,0.120733,-0.273564874
FDXR,596.0,0.384661194,188.0,0.103669,-0.035527728
FEN1,1340.0,0.407867196,413.0,-0.045567,-0.203565176
FERMT3,399.0,0.435119014,149.0,0.61617,-0.192791617
FGD2,907.0,0.441856308,171.0,0.328251,0.193512565
FGFR1OP2,1663.0,0.396595515,353.0,-0.088271,0.334314932
FGL2,3460.0,0.40966218,40.0,0.367759,0.336942586
FKBP1A,1132.0,0.428443098,174.0,-0.155773,0.37964785
FKBPL,24.0,0.377510344,270.0,-0.474718,-0.215281356
FLOT1,422.0,0.472159534,339.0,0.177251,0.058905028
FN3K,442.0,0.389857108,61.0,0.742254,-0.379689723
FN3KRP,3667.0,0.380720834,50.0,0.052937,-0.081388356
FOXJ3,3176.0,0.401878681,312.0,0.248636,-0.134406687
FOXK2,3108.0,0.440496276,171.0,-0.150514,-0.130441566
FOXRED1,443.0,0.438630908,167.0,-1.121178,-0.557371937
FSCN1,1184.0,0.396100853,132.0,-0.238831,0.076839039
FTH1,530.0,0.425357612,235.0,-0.218845,0.09929609
FTL,1031.0,0.428438948,199.0,0.062944,0.378488864
FTSJ1,638.0,0.457521275,569.0,0.285483,-0.218795937
FTSJ3,698.0,0.388239396,646.0,0.303235,-0.331550466
FXN,6365.0,0.40465004,220.0,0.114234,-0.622828765
GABARAPL2,564.0,0.431291441,136.0,0.644461,0.310338395
GABPB1,1320.0,0.423118524,469.0,-0.115936,0.367232673
GALK1,292.0,0.455574511,63.0,0.229206,-0.162450246
GANAB,989.0,0.425909644,1027.0,0.544475,-0.166315722
GAS6,315.0,0.393865445,183.0,-0.703129,-0.014492297
GAS7,6619.0,0.423630168,311.0,0.469812,0.187790595
GBE1,708.0,0.404013874,283.0,-0.501231,-0.353601241
GBP1,1735.0,0.42614962,220.0,-0.157638,-0.783785446
GBP2,5058.0,0.440134196,314.0,-0.396268,-0.280454765
GBP4,4106.0,0.42983554,116.0,0.097951,-0.36139802
GBP5,1753.0,0.421901204,537.0,0.99775,-0.555162028
GCH1,2011.0,0.419329122,161.0,0.445193,-0.470182489
GFOD2,622.0,0.396604754,295.0,0.059285,-0.161162521
GGA2,5408.0,0.377812588,83.0,0.070892,0.330605111
GGCX,5211.0,0.417836117,106.0,-0.682667,-0.52612339
GIGYF1,2212.0,0.443456438,1210.0,0.084104,0.06447253
GINS3,1415.0,0.387351931,208.0,-0.423213,-0.104447005
GLA,1699.0,0.378726947,110.0,-0.255784,-0.068145456
GLE1,1357.0,0.383457083,114.0,0.065024,-0.052058561
GLRX,1188.0,0.430296645,211.0,1.491944,0.322585834
GLRX3,3557.0,0.41418463,539.0,-0.260556,0.26160632
GLUD1,1558.0,0.392454008,1132.0,-0.510671,-0.094530667
GLYR1,2033.0,0.39940414,57.0,0.369342,0.160965802
GMEB1,4582.0,0.43446142,142.0,0.068278,0.17772303
GMPPA,198.0,0.434966364,375.0,0.186439,-0.128278953
GMPR,3984.0,0.435743929,114.0,-0.747858,-0.924909355
GMPR2,464.0,0.453637396,704.0,0.022122,0.32291645
GNAI1,1947.0,0.435804474,356.0,-0.59723,0.114844688
GNG7,3803.0,0.398730372,237.0,-1.483281,0.346953855
GNPDA1,1360.0,0.395964134,67.0,-0.462165,0.375802886
GOLGA2,1243.0,0.401070546,13.0,0.132616,-0.069782599
GON4L,926.0,0.418089888,175.0,0.373993,0.004697935
GOSR1,5968.0,0.408103421,237.0,0.012612,0.201316381
GOSR2,3258.0,0.374298057,541.0,0.393412,0.621323682
GOT2,1054.0,0.444803236,129.0,0.468864,-0.019686271
GPS2,97.0,0.431122181,76.0,0.664318,0.382783249
GPX7,626.0,0.395840774,39.0,0.165295,0.229983632
GRAMD1A,299.0,0.411657297,748.0,0.587067,-0.402434241
GRB2,2292.0,0.4413596,358.0,-0.085327,-0.263328675
GSTM4,2467.0,0.390909061,314.0,-0.079063,-0.772687473
GTF2A2,1070.0,0.420716795,404.0,-0.220235,-0.026972219
GTF2E2,604.0,0.365750105,273.0,-0.350615,0.073512132
GTF3C2,932.0,0.372227001,397.0,-0.641032,-0.4069874
GTPBP1,2894.0,0.424954603,154.0,-0.308437,-0.123299368
GTPBP3,1032.0,0.436547413,95.0,-0.007535,-0.100025815
GTSF1,222.0,0.36097632,86.0,1.902287,0.483292646
HADH,818.0,0.383558671,219.0,0.007479,0.268310033
HADHA,615.0,0.383558671,130.0,-0.566958,0.143154376
HAUS5,3319.0,0.378752573,51.0,-0.454922,-0.174202107
HAUS8,346.0,0.37535995,111.0,-0.116871,0.143798278
HCCS,1274.0,0.398607648,275.0,0.367946,-0.232133069
HCK,337.0,0.440224323,364.0,-0.473057,-0.463331217
HDAC1,591.0,0.390040122,63.0,-0.124222,0.059975352
HDDC3,763.0,0.387287166,29.0,0.506032,1.116017557
HDGF,1342.0,0.465394593,322.0,-0.341552,0.028193206
HDLBP,2343.0,0.397687311,375.0,0.281779,0.101070598
HEATR3,1385.0,0.384091545,883.0,0.946417,-0.010482957
HEBP2,9119.0,0.359416339,297.0,-0.224783,0.32735916
HECA,3704.0,0.443714129,285.0,0.061616,0.570288391
HECTD3,3914.0,0.446742268,98.0,-0.216017,0.049531391
HERC2,726.0,0.429958504,109.0,0.073043,-0.065425259
HERC5,379.0,0.393838904,153.0,0.191986,-0.144937542
HERC6,651.0,0.398146132,183.0,1.577607,0.353940802
HIP1,4874.0,0.430847644,52.0,0.250912,-0.023231212
HLA-A,4150.0,0.424443523,84.0,1.172691,-0.527541467
HLA-C,420.0,0.421684519,65.0,1.301364,0.477511833
HLA-DRA,409.0,0.420807891,109.0,0.401439,0.151747406
HLA-E,1459.0,0.413523771,126.0,0.205478,-0.065344655
HLA-F,121.0,0.407256461,124.0,0.286586,-0.10141133
HMBOX1,3560.0,0.369177113,482.0,0.043428,0.103852131
HMBS,266.0,0.451934812,299.0,-0.844543,-0.18133332
HMGB2,3775.0,0.450826504,193.0,0.097773,0.012409268
HMGCS1,3661.0,0.374424323,345.0,-0.363988,-0.855523073
HMOX1,616.0,0.436401717,107.0,0.37582,-0.147491913
HNRNPA0,7504.0,0.386421138,284.0,-0.306235,-0.360835464
HNRNPD,1688.0,0.420386111,318.0,-0.043888,0.431019187
HNRNPL,1102.0,0.449817015,176.0,-0.019032,-0.039082201
HNRNPU,4156.0,0.432126199,218.0,0.5068,0.129901941
HNRNPUL1,2135.0,0.394022965,339.0,0.024346,0.314003824
HNRNPUL2,2674.0,0.436897081,229.0,0.070619,-0.087209392
HSBP1,3274.0,0.4454546,174.0,0.412856,0.183292312
HSD11B1,4482.0,0.426649415,154.0,-1.923528,0.561686019
HSD17B7,398.0,0.431983247,99.0,0.824789,-0.105282602
HSP90AB1,313.0,0.39509298,251.0,0.47819,-0.33366901
HSPA1L,428.0,0.464100714,183.0,0.051069,-0.278723791
HSPA4L,7877.0,0.413794867,342.0,-3.076343,-0.556289645
HSPB11,107.0,0.34538245,284.0,-0.443295,0.523412499
HTRA2,571.0,0.421976635,602.0,-0.767221,0.35777396
HTT,3901.0,0.373695076,145.0,0.09846,-0.110489263
HUS1,2068.0,0.374612864,131.0,-0.010797,0.360992593
HYI,310.0,0.378597605,196.0,-0.21359,0.307315534
HYOU1,1409.0,0.403839016,234.0,-0.015759,-0.238137373
ICAM1,1537.0,0.426062071,319.0,-0.128149,-0.558096341
IFI16,254.0,0.415211655,290.0,0.171621,0.195775703
IFI30,213.0,0.431523306,62.0,-0.067834,-0.759196844
IFI35,160.0,0.418462024,223.0,1.286733,-0.190541987
IFI44,267.0,0.403888008,124.0,0.452917,-1.220336451
IFI44L,5058.0,0.403608012,200.0,0.567895,-0.87024195
IFIH1,121.0,0.412344512,377.0,-0.479328,-0.581471388
IFIT1,2775.0,0.411248073,495.0,1.732017,-1.054066524
IFIT2,1901.0,0.420797646,175.0,0.632849,-0.577547997
IFIT3,843.0,0.417440574,529.0,1.146989,-0.933489716
IFIT5,2354.0,0.414819429,231.0,0.562504,0.00305566
IFT27,109.0,0.4030938,426.0,-0.243155,0.08660347
IGFBP3,1605.0,0.43060006,132.0,-0.010958,-0.222066104
IGFBP7,558.0,0.392734536,34.0,0.044445,-0.284279098
IKBKE,745.0,0.435100597,714.0,0.924011,0.392009881
IL16,3965.0,0.367979445,2395.0,0.158416,0.572014602
IL1RN,1145.0,0.411881061,408.0,-1.681893,-0.27509079
IL4I1,16.0,0.4139018,621.0,0.247755,-0.726496132
ILF2,656.0,0.426220446,239.0,0.250877,-0.254696384
IMPA2,2898.0,0.383680893,242.0,-0.65543,-0.284590657
INO80,5209.0,0.374025479,351.0,0.282182,-0.182598938
INPP1,263.0,0.395712795,700.0,-0.781817,0.412505702
INPP5D,1195.0,0.436077769,512.0,0.431568,0.214884844
INSR,4801.0,0.380857973,411.0,0.740977,-0.220112274
IPO5,2508.0,0.381335948,180.0,-0.647686,-0.152741618
IRF7,92.0,0.423538356,367.0,1.170103,0.114130396
IRF8,1327.0,0.384714127,507.0,0.260823,0.19913058
IRF9,369.0,0.432057622,127.0,0.887931,-0.468680756
IRGQ,7659.0,0.399674011,156.0,-0.411648,-0.176304011
ISCU,607.0,0.454630229,1331.0,-0.159249,-0.064097947
ISG15,62.0,0.419522688,77.0,2.664652,-0.979518884
ISG20,952.0,0.419932377,2368.0,0.208918,-0.357987993
ISOC1,1056.0,0.418535314,18.0,-1.357251,-0.414092655
ITGB2,415.0,0.457304004,395.0,0.841975,-0.061031488
ITPKB,2981.0,0.440250717,340.0,-0.008656,0.115566157
ITPRIP,5382.0,0.396785481,453.0,0.168684,0.064293258
JUNB,496.0,0.414023332,276.0,1.249815,0.165022042
JUP,157.0,0.458302936,298.0,-0.183572,-0.438213094
KANK2,2291.0,0.394238955,361.0,0.159713,0.477541003
KARS,4202.0,0.383913431,144.0,0.369962,0.135611903
KDM1A,327.0,0.428444011,149.0,0.132372,0.011490667
KDM2A,3716.0,0.372295488,864.0,0.307206,-0.245024402
KDM3B,1327.0,0.37791414,200.0,0.416836,0.010805213
KDM4A,1148.0,0.378142374,166.0,-0.123412,-0.030008188
KHSRP,1024.0,0.456900489,110.0,0.127999,-0.142208152
KIAA2013,727.0,0.385456054,191.0,0.133708,-0.282410387
KIF20A,757.0,0.371463873,496.0,-0.067351,-0.566108774
KIF22,75.0,0.392489541,388.0,-0.779119,-0.469660268
KIF2C,588.0,0.387865377,395.0,-0.54135,-0.787781224
KIF3B,3792.0,0.390782105,180.0,0.366794,0.145556892
KIF3C,2392.0,0.403852971,657.0,-0.084235,-0.382407903
KIF5B,3198.0,0.418236129,470.0,-0.464667,-0.073879768
KLHL7,3616.0,0.41595405,521.0,0.242974,-0.139199684
KTI12,594.0,0.370414154,39.0,-0.406496,-0.079374218
LAMP1,1311.0,0.390985106,281.0,-0.51907,0.181255396
LANCL2,2422.0,0.433733517,578.0,-0.961894,-0.608467515
LAP3,503.0,0.426841798,162.0,0.021647,-0.041501454
LDHD,1826.0,0.398770776,52.0,0.435487,0.358608695
LENG1,560.0,0.445950324,48.0,-0.025276,-0.032666233
LGALS3,159.0,0.420172221,88.0,-0.011709,0.231090813
LGALS3BP,1225.0,0.419930622,179.0,1.146383,0.02465619
LGALS9,641.0,0.410654931,118.0,0.593827,0.30750244
LIN54,4893.0,0.441729058,383.0,-0.205226,0.0936312
LPCAT1,2228.0,0.380803123,133.0,1.444587,0.939721542
LPXN,1776.0,0.432350833,254.0,0.162585,0.136139797
LRPPRC,2376.0,0.377375074,58.0,-0.634159,-0.581142354
LRRC25,843.0,0.434491636,642.0,1.051672,-0.060951717
LRRC41,465.0,0.438391248,44.0,0.081836,0.2592044
LRRC59,1755.0,0.423067849,236.0,0.397338,-0.661878618
LSM1,486.0,0.409616526,410.0,-0.863566,-0.351033401
LSM6,1871.0,0.435100303,139.0,-0.197568,0.710584878
LTA4H,391.0,0.355044638,145.0,0.154446,-0.004657864
LYN,4058.0,0.418972994,282.0,0.092123,-0.167831045
LYPLAL1,1137.0,0.3973742,157.0,-0.040729,0.388350751
LYRM4,6830.0,0.366844497,217.0,-0.855881,0.101050056
LYSMD2,596.0,0.394037378,501.0,0.396355,0.275523701
M6PR,1457.0,0.379162834,275.0,0.108056,-0.184510551
MAD2L1,4528.0,0.407191351,124.0,-0.627132,-0.241832892
MAGED2,327.0,0.466698843,233.0,1.595192,-0.151799997
MAGOH,153.0,0.416054235,162.0,-0.321288,0.060021332
MAN2B1,128.0,0.381728903,76.0,0.552582,0.098898571
MANF,717.0,0.420319188,97.0,0.556954,0.453276349
MAP4K1,170.0,0.374128007,140.0,0.371926,0.389998693
MARCKSL1,768.0,0.468216312,206.0,0.285732,0.365098583
MAX,2676.0,0.337149475,479.0,0.62563,0.664642976
MBD2,3723.0,0.420256858,229.0,-0.105953,-0.024016627
MBP,4041.0,0.393290432,264.0,0.736736,0.449471385
MCM2,662.0,0.460999542,110.0,0.239428,-0.757566979
MCM4,2618.0,0.371821308,942.0,-1.242259,-0.735619647
MCM5,3214.0,0.470488076,94.0,-0.393584,-0.777311915
MDC1,658.0,0.415783633,440.0,0.529279,-0.448349327
MDH1,210.0,0.381672323,435.0,-0.913223,0.144248282
ME1,1535.0,0.411214685,265.0,0.344643,0.373782241
ME3,171.0,0.395156177,377.0,0.480166,0.333908273
MECR,1365.0,0.445670958,612.0,0.03382,0.28776714
MED17,2631.0,0.366528813,275.0,-0.56675,0.026446885
MED19,934.0,0.439623042,93.0,-0.612842,0.162139755
MED28,10307.0,0.440157501,27.0,-0.457547,0.323491265
MED29,4550.0,0.464327351,57.0,0.368794,-0.095889616
MEN1,824.0,0.454590692,504.0,0.312456,-0.41944691
METTL13,961.0,0.396264071,347.0,0.139116,0.075436483
MGST3,1295.0,0.374563048,428.0,-0.196733,-0.759014859
MIF4GD,787.0,0.397877071,137.0,0.448254,0.010331831
MINK1,774.0,0.455972684,525.0,0.47753,0.106128773
MIS12,1334.0,0.420723459,745.0,0.065253,-0.119554976
MLEC,5319.0,0.43043384,173.0,0.250729,-0.697031715
MMACHC,1852.0,0.382684622,371.0,-0.921494,-0.141407395
MMADHC,5382.0,0.406207656,205.0,-0.304185,-0.187578789
MMGT1,4451.0,0.406300672,388.0,0.031053,-0.277150678
MMP1,502.0,0.392399458,189.0,-3.128043,-0.957297865
MMP14,1722.0,0.419367787,285.0,0.099137,-0.273062176
MMP9,193.0,0.404253633,19.0,1.384727,-0.87631957
MORC3,2052.0,0.406702124,375.0,0.291616,-0.094873668
MORF4L1,1066.0,0.420719378,454.0,-0.509425,-0.139905368
MOV10,619.0,0.412681236,1415.0,0.313516,-0.41615198
MPDU1,797.0,0.440676037,216.0,-0.050525,-0.362418186
MPHOSPH10,87.0,0.404440607,352.0,-0.866379,-0.225977519
MRI1,2018.0,0.459301832,75.0,-0.058986,0.494290359
MRPL13,1075.0,0.395373051,313.0,-0.258404,0.036102468
MRPL15,1888.0,0.407701507,63.0,-0.0156,-0.234132684
MRPL16,212.0,0.368940255,214.0,-0.122444,-0.195536219
MRPL17,6554.0,0.424450505,105.0,0.278496,-0.067535973
MRPL2,580.0,0.458698472,164.0,-0.376759,0.008580656
MRPL20,187.0,0.445765675,96.0,-0.322017,0.086377202
MRPL21,55.0,0.417448467,293.0,2.123912,-0.121256019
MRPL27,2133.0,0.436300758,31.0,-0.178073,0.280958005
MRPL40,113.0,0.406843086,653.0,-0.304903,-0.44406236
MRPL46,1889.0,0.422788385,25.0,-0.451358,-0.171040876
MRPL48,1284.0,0.368940255,212.0,-0.953318,-0.187864706
MRPL51,2069.0,0.35376587,169.0,-0.061774,-1.080076385
MRPL53,198.0,0.441261883,155.0,-0.600548,-0.437687565
MRPL9,407.0,0.432679379,437.0,0.056779,-0.128218981
MRPS11,2793.0,0.477818717,1491.0,-0.097606,0.009724734
MRPS15,468.0,0.440649404,164.0,-0.20454,0.022523963
MRPS17,1334.0,0.413812124,30.0,-0.449845,-0.246862685
MRPS18B,936.0,0.408462865,157.0,-0.125776,-0.149362195
MRPS36,933.0,0.3748339,84.0,-0.340313,-0.01167434
MRPS7,453.0,0.455992019,233.0,-0.29413,-0.294924266
MSI2,5168.0,0.366385762,173.0,1.081952,0.316104546
MSTO1,694.0,0.421389639,1152.0,0.149337,0.119149928
MTA2,684.0,0.459443446,761.0,-0.086405,0.18803394
MTFMT,1550.0,0.414190941,26.0,0.489841,0.52585458
MTHFS,1663.0,0.434592403,179.0,0.275624,-0.152608515
MTMR1,2442.0,0.424163835,319.0,0.630321,0.12775352
MTMR14,421.0,0.371137969,151.0,-0.076574,-0.120994874
MVP,50.0,0.435053297,193.0,0.110975,-0.027555226
MX1,456.0,0.433488503,982.0,1.913069,-1.319865327
MX2,1812.0,0.430094961,104.0,0.210167,-0.176396207
MYADM,2833.0,0.384589896,681.0,-0.415445,-1.321154447
MYCBP,3972.0,0.381803634,73.0,0.07107,-0.224384284
MYL12A,812.0,0.453450746,478.0,-0.18567,-0.201231349
MYO18A,3647.0,0.395788337,484.0,0.30115,0.039399127
MYO9B,1401.0,0.398943925,152.0,0.242165,-0.082830507
N6AMT1,5137.0,0.427535625,28.0,0.352911,0.630123673
NAA40,3212.0,0.389371031,261.0,-0.282312,-0.995909285
NAB1,2433.0,0.361024962,572.0,-0.037565,0.451430537
NADK,1672.0,0.3959688,563.0,0.430154,-0.390971975
NADSYN1,464.0,0.447848979,126.0,2.35014,0.795679225
NAGK,1297.0,0.42527382,474.0,-0.585151,-0.096251927
NANS,37.0,0.458552255,132.0,0.642842,0.792505953
NAPA,1862.0,0.477781443,318.0,0.076458,-0.013093693
NAT10,4915.0,0.387474071,245.0,0.106625,-0.598112121
NBAS,140.0,0.414580543,44.0,-0.141591,-0.01694198
NCALD,2767.0,0.374888213,460.0,-1.248832,-0.775667894
NCAPD3,2971.0,0.431957579,606.0,-0.196538,-0.586279336
NCAPG2,3501.0,0.41630572,200.0,0.281915,-0.761882004
NCF1,2381.0,0.415579251,70.0,1.096956,0.041543377
NCK2,1267.0,0.457831152,276.0,-0.539989,-0.131643428
NCKIPSD,4981.0,0.449411541,126.0,0.204327,-0.27978349
NCOA5,1332.0,0.416761948,402.0,0.221268,0.283361264
NCOA7,3259.0,0.404217869,470.0,-0.347817,0.029078935
NDC80,61.0,0.356199389,182.0,-0.368292,-0.334531959
NDRG2,841.0,0.376266446,941.0,-0.510025,-0.134804812
NDUFA4,1685.0,0.439642808,129.0,-0.146157,0.181308656
NEU1,667.0,0.413226082,156.0,0.457679,-0.344831769
NFATC2IP,3242.0,0.412267479,15.0,0.004138,0.308190963
NFKB1,708.0,0.4099683,467.0,1.089991,0.690315117
NFKB2,153.0,0.424806573,563.0,0.426744,0.698124181
NFKBIE,1053.0,0.409138176,25.0,0.41933,0.467799387
NGDN,1255.0,0.423783924,27.0,-0.220897,0.021317566
NGRN,1679.0,0.414477409,50.0,0.187059,0.453656157
NIP7,1593.0,0.443769116,318.0,0.200253,-0.293805358
NIT2,2351.0,0.432361565,74.0,0.267659,0.249627187
NMNAT3,2689.0,0.397393877,1228.0,-3.373053,-0.485239736
NMT1,3377.0,0.454689408,31.0,-0.029439,0.046845511
NONO,1092.0,0.432928506,710.0,0.611875,0.122305958
NOP14,912.0,0.38067473,187.0,-0.089351,-0.29945452
NOP2,785.0,0.393538298,198.0,0.080221,-0.754752329
NOTCH2,6062.0,0.409327653,297.0,0.712036,0.218378318
NPTN,1068.0,0.388989686,197.0,0.595807,-0.222874799
NR2C2,6271.0,0.390767743,362.0,-0.371179,-0.253309728
NRBF2,883.0,0.43605128,224.0,-0.231024,-0.011178407
NRF1,1901.0,0.447602651,500.0,-0.104867,0.146323531
NRP1,3846.0,0.416817106,523.0,0.412514,0.143545542
NSFL1C,1587.0,0.42738001,868.0,0.282065,0.258214125
NSMAF,602.0,0.358586884,214.0,-0.313768,0.01365855
NTAN1,178.0,0.344459601,320.0,0.09954,0.145604055
NUBP1,246.0,0.455923678,142.0,0.018671,0.01969394
NUCKS1,5461.0,0.359398328,271.0,0.37402,0.382921662
NUDC,716.0,0.476401948,127.0,0.220012,0.026364329
NUDT16,5489.0,0.428387545,75.0,0.071292,0.279416032
NUMA1,663.0,0.474508115,436.0,-0.270128,-0.236864103
NUP93,5678.0,0.382018893,495.0,0.222374,0.039422617
NXF1,2943.0,0.375826754,136.0,-0.077196,0.111539354
OCIAD2,4872.0,0.363821488,322.0,0.714342,0.20928014
OGDH,1071.0,0.396078149,159.0,0.095057,-0.042382853
OSBPL2,2363.0,0.383456763,571.0,-0.12545,-0.19475273
OSBPL5,1099.0,0.381371042,158.0,0.096397,-0.327309726
OVCA2,792.0,0.429983078,65.0,0.577163,0.220377507
P2RX4,573.0,0.442596273,304.0,0.85417,-0.092532519
PAAF1,509.0,0.376143366,341.0,-0.366282,0.13303107
PACSIN2,1591.0,0.413490434,405.0,-0.266354,-0.322214281
PARK7,451.0,0.457171775,163.0,-0.145017,0.309650049
PARP1,769.0,0.460215809,171.0,0.91484,0.366290184
PARP10,332.0,0.422654659,200.0,0.758452,-0.077410051
PARP12,816.0,0.416480622,874.0,0.34731,0.075379364
PARP14,2243.0,0.414355918,59.0,1.182147,0.061261218
PARP9,451.0,0.418102187,327.0,1.006364,0.183257927
PARVG,2043.0,0.383803232,484.0,0.616479,0.051056016
PBK,750.0,0.413339119,464.0,-0.982714,-0.492491547
PCNA,338.0,0.425000199,239.0,-0.005946,-0.375510736
PDAP1,2007.0,0.464659554,134.0,-0.059019,0.188179046
PDCD2,155.0,0.440448783,111.0,-0.323804,-0.054666769
PDCD2L,48.0,0.433436103,33.0,0.579303,0.172062555
PDCD6IP,3211.0,0.388727459,158.0,0.478832,0.414218203
PDHA1,2054.0,0.402514578,145.0,0.27519,0.167331906
PDHB,2974.0,0.442593378,43.0,0.259494,-0.042843189
PDLIM1,357.0,0.379179626,233.0,-1.901685,-0.481010672
PDXDC1,2055.0,0.375670185,335.0,0.337393,0.127569397
PDXK,6244.0,0.398158884,198.0,-0.823436,0.184692573
PEBP1,796.0,0.360152166,326.0,-0.210158,0.07786526
PEF1,769.0,0.441759403,424.0,0.089074,0.223921704
PELO,5222.0,0.385240523,985.0,-0.24986,0.045615551
PEPD,395.0,0.450896903,133.0,0.27253,0.425236738
PEX16,585.0,0.43213601,312.0,0.213454,0.035563245
PEX6,946.0,0.370078344,93.0,-0.5712,-0.371715249
PEX7,2294.0,0.407005497,102.0,-0.665151,-0.186261888
PFDN5,124.0,0.497062947,117.0,-0.133885,0.249223531
PFDN6,574.0,0.470152145,222.0,-0.218271,0.415237594
PGM1,570.0,0.393980016,681.0,-0.377928,0.039661164
PHB,988.0,0.45268542,190.0,-0.120089,-0.230484253
PHF10,104.0,0.365149381,79.0,0.232643,-0.388746031
PI4K2A,2692.0,0.385068362,57.0,0.235896,-0.086784366
PIAS1,3626.0,0.396022529,741.0,0.383675,0.067036394
PIK3AP1,3866.0,0.407313024,128.0,0.3879,-0.070391501
PIR,205.0,0.385796208,485.0,-0.153915,-0.01477146
PITPNC1,4686.0,0.369070722,874.0,0.025558,-0.273492414
PLA2G7,1187.0,0.402486321,269.0,-1.125973,0.500340414
PLAUR,323.0,0.418467601,226.0,0.169688,-0.248265965
PLCB2,818.0,0.468984469,301.0,0.397042,0.342797742
PLCG1,3987.0,0.454806205,121.0,-0.062348,-0.254698347
PLD4,273.0,0.377985619,192.0,1.533034,1.043050529
PLEKHO1,5192.0,0.424698037,839.0,0.420449,0.338858722
PLEKHO2,2119.0,0.429714475,134.0,0.566577,0.261439115
PLSCR1,10376.0,0.415598704,388.0,0.425298,0.080885706
PML,3324.0,0.431306474,140.0,0.040085,-0.158968176
POLR1C,1131.0,0.439933821,86.0,-0.508084,-0.332856167
POLR1D,1469.0,0.427162265,456.0,-0.396497,-0.428723483
POLR2F,1600.0,0.47244007,250.0,-0.714472,0.392145109
POLR2H,1065.0,0.427596015,1167.0,0.024723,-0.424549464
POLR3H,3481.0,0.444306047,388.0,-0.987297,-0.358935174
POLR3K,1023.0,0.473025152,46.0,-0.02513,0.065845128
PPA2,660.0,0.432735716,20.0,-0.279574,0.320634721
PPIE,4556.0,0.446406574,56.0,-0.223365,0.075059258
PPIL1,1921.0,0.453832883,252.0,0.02857,-0.091604928
PPP1R14B,282.0,0.457456004,268.0,-0.466978,0.161394422
PRC1,1136.0,0.367783806,234.0,-0.195449,-0.780261964
PRCC,357.0,0.381841119,290.0,-0.025219,0.168245857
PRDX1,303.0,0.414090753,341.0,-0.160237,0.026048596
PRDX6,944.0,0.433706552,51.0,-0.027347,0.017256029
PREB,658.0,0.378530018,403.0,-0.454121,-0.133751022
PREP,579.0,0.425974009,233.0,-0.280503,-0.615803767
PRG4,784.0,0.366727173,51.0,-2.275089,0.233234818
PRIM2,1166.0,0.350864643,125.0,-0.370156,-0.160680575
PRKAB1,1305.0,0.365943644,289.0,0.234053,-0.081798102
PRKAR2A,5019.0,0.427443141,254.0,0.540094,0.63515885
PRKCB,5795.0,0.38010529,197.0,0.605675,0.244274713
PRKCD,451.0,0.404392693,469.0,0.297128,-0.098714209
PRKRA,683.0,0.420894136,659.0,-0.421358,-0.054015311
PRKRIP1,3224.0,0.453589322,55.0,0.234089,0.231313565
PRMT5,393.0,0.386451423,508.0,0.240168,-0.16188056
PRMT7,3655.0,0.450088803,850.0,0.694684,0.020962908
PROCR,549.0,0.357872186,218.0,-0.281128,-0.181703794
PRPS1,3908.0,0.466551451,409.0,0.764918,0.133737716
PRPSAP1,2056.0,0.390811115,688.0,-0.063795,0.414027013
PRRC1,3173.0,0.409170839,188.0,0.203316,-0.008519768
PSMA5,2997.0,0.446573967,225.0,-0.037172,-0.02527359
PSMA6,187.0,0.423632682,445.0,0.034102,0.205123059
PSMB10,58.0,0.455018511,128.0,0.518123,-0.045221973
PSMB2,3775.0,0.389848815,412.0,-0.226187,-0.057356031
PSMB8,242.0,0.411206622,522.0,0.387428,0.237737229
PSMB9,5497.0,0.431095699,69.0,0.192483,-0.001732819
PSMC3,66.0,0.485654947,194.0,-0.726699,-0.002898414
PSMD11,2567.0,0.390095635,61.0,0.418183,0.242372131
PSMD13,384.0,0.437236365,242.0,-0.131867,0.065402611
PSMD8,450.0,0.458928351,52.0,0.210351,0.088892588
PSME2,53.0,0.443656162,65.0,0.199107,-0.209948839
PSMG1,5308.0,0.427553471,578.0,-0.125982,0.088848358
PSTPIP2,1923.0,0.429639796,96.0,-0.221608,0.269949758
PTBP1,1504.0,0.473818895,106.0,0.111001,0.129660013
PTDSS1,3765.0,0.367954205,423.0,-1.340127,-1.757736253
PTGS1,3346.0,0.37260918,633.0,0.608399,0.011212359
PTPMT1,1899.0,0.450492628,193.0,-0.80542,-0.818169084
PTPN18,2185.0,0.381656528,101.0,0.224213,-0.193496352
PTPN7,1593.0,0.440747449,781.0,0.964933,0.300187815
PTPRE,2994.0,0.426620112,1843.0,-0.123227,-0.05075405
PTPRF,4571.0,0.452810321,356.0,-0.851287,-0.398973189
PTRH2,3186.0,0.370743372,1544.0,-0.427257,-0.965703302
PWWP2B,819.0,0.424412275,29.0,-0.467883,-0.443264802
PYCR2,578.0,0.474148407,230.0,0.531686,0.070597758
PYGL,175.0,0.392036998,127.0,-0.089666,-0.147676034
QARS,97.0,0.458996209,396.0,0.005404,0.09058508
RAB11FIP1,4277.0,0.380614122,56.0,-0.33682,-0.261266246
RAB12,1120.0,0.38483812,283.0,-1.533383,-0.4783419
RAB21,5246.0,0.435367738,267.0,-0.024771,-0.267167649
RAB31,3231.0,0.437498832,175.0,-0.047407,-0.459601276
RAB35,2172.0,0.408841719,189.0,0.334144,0.00105358
RAB7A,1376.0,0.419395127,232.0,0.235185,-0.056019747
RAB8B,4163.0,0.425956778,96.0,-0.110721,0.21724696
RAB9A,1716.0,0.417525007,283.0,0.198386,-0.048039619
RABGGTA,77.0,0.387342734,512.0,0.193234,0.240633443
RABGGTB,440.0,0.409412379,78.0,-0.055511,0.0412575
RABIF,4760.0,0.447399225,159.0,0.373602,0.37807789
RACGAP1,1895.0,0.366370127,354.0,-0.297048,-0.352597582
RAD9A,924.0,0.444046557,185.0,2.12614,0.500752832
RAE1,1112.0,0.432613552,365.0,-0.102639,-0.06954574
RAI1,1472.0,0.455620822,469.0,0.454125,0.03096464
RAN,2043.0,0.442855294,361.0,-0.156794,-0.177675863
RANBP10,3359.0,0.379453562,1256.0,0.40328,0.179166233
RANGAP1,3145.0,0.481547647,765.0,-0.958889,-0.149272397
RAPGEF1,2727.0,0.425793135,159.0,-0.201611,0.138978001
RARS,114.0,0.423508657,41.0,-0.073327,0.06199171
RASGRP2,183.0,0.381671176,582.0,0.092797,0.060303839
RBBP4,6506.0,0.404056961,164.0,-0.074503,-0.628257704
RBBP5,3098.0,0.421849625,474.0,0.837867,0.094248852
RBKS,251.0,0.392307233,1371.0,-0.516645,0.633042658
RBM12,3599.0,0.375183789,304.0,-0.048341,-0.175283764
RBM14,3443.0,0.468008211,139.0,-0.138894,0.208040089
RBM4B,5277.0,0.396841232,170.0,-0.175193,-0.153290532
RBMX,1201.0,0.353737079,210.0,-0.059134,0.407015611
RBPJ,4223.0,0.4178224,518.0,-0.042611,0.050192181
RBX1,821.0,0.46562919,52.0,-0.852187,0.090814149
RC3H1,7637.0,0.410085914,87.0,-0.447106,-0.062806236
RCCD1,1773.0,0.374130224,280.0,-0.272706,-0.278711804
RCOR1,4070.0,0.439565312,228.0,-0.008014,-0.585347306
REEP4,591.0,0.460338979,469.0,0.024019,-0.862447971
REEP5,2962.0,0.457536941,144.0,-0.33156,-0.772580323
RELB,408.0,0.418226182,131.0,0.357464,0.1852552
REPIN1,2683.0,0.45080531,489.0,0.226683,-0.10468429
RFC4,89.0,0.411167541,282.0,-0.175653,-0.022799046
RFK,1882.0,0.429285662,357.0,-0.556646,0.437987576
RFX5,1546.0,0.386685917,221.0,0.073623,0.028177149
RFXAP,1850.0,0.421314391,156.0,-0.65019,0.170747442
RHBDF2,740.0,0.423256567,294.0,0.1572,-0.13644266
RHOT2,568.0,0.454546166,881.0,-0.364663,-0.334174114
RNASE2,179.0,0.384567964,71.0,0.958467,-0.998481534
RNASEH1,4369.0,0.404567903,700.0,-0.504451,-0.359705386
RNASEH2B,3930.0,0.37625722,399.0,-0.028664,0.409023769
RNASET2,1070.0,0.374792559,407.0,0.169643,0.268230185
RNF114,1751.0,0.459950313,36.0,-0.366498,-0.539068051
RNF167,289.0,0.375291206,776.0,0.650041,0.167857207
RNF20,5226.0,0.396317502,92.0,0.254546,-0.022025094
RNF213,5288.0,0.417718743,150.0,0.674167,-0.652086207
RNF216,2819.0,0.430061571,259.0,-0.169848,0.645742266
RNF25,102.0,0.375620157,88.0,-0.056189,0.369588302
RNF31,88.0,0.389352607,358.0,0.184447,0.128861318
RNLS,1252.0,0.416402283,135.0,-1.634774,0.195483735
RNMT,4581.0,0.415128602,241.0,0.107224,0.327071552
RNPEP,463.0,0.447181346,896.0,0.911572,0.308356454
RP9,437.0,0.42869019,18.0,0.073779,0.189592275
RPA1,2907.0,0.381710028,170.0,0.014365,0.076198691
RPA2,639.0,0.400070522,793.0,-0.232052,0.20984474
RPAIN,471.0,0.394698889,570.0,0.086609,-0.051856762
RPL11,461.0,0.442317923,45.0,-0.905142,-0.336999688
RPL14,5208.0,0.496792394,133.0,-0.212879,-0.002460129
RPL23,3146.0,0.464880603,90.0,-1.128909,-0.075186872
RPL26,53.0,0.427802183,389.0,-0.656306,-0.094773296
RPL31,1260.0,0.451994935,87.0,-1.461918,0.316338439
RPL34,1350.0,0.436455219,198.0,-1.454759,0.496719695
RPL5,1058.0,0.451564158,75.0,-1.26667,0.024534225
RPL7,1077.0,0.460258279,707.0,-1.122095,-0.242642456
RPS11,373.0,0.483080585,92.0,-0.516574,0.019502958
RPS24,4247.0,0.430653047,142.0,-1.010593,-0.11360154
RPS25,109.0,0.467193878,63.0,-0.730526,-0.306917181
RPS27A,743.0,0.450449292,321.0,-1.451399,-0.260933262
RPS3A,306.0,0.426765211,80.0,-1.254058,0.0387883
RPS4X,629.0,0.442998752,96.0,-0.746375,-0.057807445
RPS6,2723.0,0.413925579,42.0,-1.078434,-0.083496093
RPS6KA1,828.0,0.389798854,163.0,0.115054,0.013249673
RPS6KA4,735.0,0.38455359,226.0,0.229879,0.064918147
RPS7,66.0,0.428822459,109.0,-1.496224,0.136646886
RPTOR,2341.0,0.385169267,805.0,-0.015099,-0.031284963
RREB1,3012.0,0.456825357,492.0,0.211842,0.193778982
RRM1,2304.0,0.437568848,689.0,0.162068,-0.520342313
RRP8,5071.0,0.446233376,148.0,0.490499,0.114943067
RRS1,978.0,0.468289248,104.0,-0.523574,-0.237193322
RTN3,1690.0,0.358048129,187.0,0.399616,-0.443505834
RTN4IP1,1108.0,0.372133716,477.0,-0.753416,-0.333795412
RUNX1,4334.0,0.416076551,1578.0,0.254874,0.146070779
RUNX3,2611.0,0.405217602,439.0,0.635396,-0.383396865
RWDD1,6365.0,0.401367905,746.0,-0.217337,0.308442486
S100A8,71.0,0.444112716,170.0,-1.997383,-2.088217629
S100A9,189.0,0.439508357,43.0,-1.604473,-2.21130175
SAMD9,1815.0,0.395660052,270.0,1.905101,0.055160728
SAMD9L,1162.0,0.396305952,1248.0,1.389347,-0.418616063
SAMM50,150.0,0.345249646,197.0,-0.602373,-0.397492144
SAMSN1,684.0,0.407246581,430.0,0.795601,0.150058441
SAP18,1754.0,0.427429047,39.0,-0.513025,0.287271855
SAP30BP,1541.0,0.449617255,257.0,0.02879,-0.131642698
SAR1A,5213.0,0.411769389,203.0,0.184016,-0.291997872
SAR1B,5806.0,0.392367964,253.0,0.167559,-0.348250171
SARS,1054.0,0.40098191,100.0,-0.117829,0.228165763
SASH3,1369.0,0.387406112,182.0,0.632004,0.175341769
SCAMP4,1741.0,0.472519575,351.0,0.777511,-0.04474462
SCO1,8645.0,0.407339367,61.0,0.063679,0.105581895
SDCCAG8,307.0,0.360606297,1542.0,0.08101,-0.312056251
SEC11C,205.0,0.423646802,92.0,0.402268,0.529750345
SEC13,332.0,0.457264526,210.0,0.21684,0.360614611
SEC14L1,2986.0,0.420320088,665.0,0.101957,-0.161296019
SEC24B,1221.0,0.400931805,155.0,0.261212,0.082973517
SEC24D,2115.0,0.386600041,297.0,0.652931,0.329660424
SEMA3F,960.0,0.38837398,318.0,0.439777,0.363127992
SEMA4A,755.0,0.412797256,345.0,-1.884967,0.621766336
SEMA4D,2318.0,0.393173667,572.0,0.321031,-0.178986369
SERPINA1,1707.0,0.420489385,573.0,2.606952,0.878782896
SERPINB8,2096.0,0.38524815,520.0,-0.106666,0.268401154
SETMAR,321.0,0.414235412,398.0,-0.635831,0.214494797
SEZ6L2,540.0,0.431800162,245.0,0.692386,0.064538226
SF1,2419.0,0.374481437,721.0,0.107512,-0.141857634
SF3B2,563.0,0.453902675,40.0,0.098489,-0.027181511
SFXN4,500.0,0.402513841,45.0,-0.328958,0.698532451
SH3BP1,433.0,0.395530944,313.0,-0.034841,0.421537676
SH3PXD2B,4870.0,0.420952884,171.0,0.040758,0.172026286
SHMT1,4335.0,0.394510245,509.0,-0.056012,-0.119528362
SIGLEC1,1590.0,0.42099348,0.0,0.720035,-0.346372173
SIPA1,2933.0,0.437718847,296.0,0.344322,0.092736456
SIRPA,3027.0,0.429235057,360.0,0.007776,0.080441156
SKP1,8791.0,0.433886974,179.0,0.145895,0.062762719
SLBP,3046.0,0.391438372,553.0,-0.405428,0.021828606
SLC25A10,1929.0,0.386184273,191.0,-0.363625,0.0561444
SLC25A20,787.0,0.382641976,199.0,-0.416707,-0.285183607
SLC25A3,504.0,0.383836987,354.0,-0.233473,-0.584261206
SLC25A6,450.0,0.487227384,137.0,-0.35574,-0.515929927
SLC27A3,163.0,0.439664345,91.0,-1.412254,-1.194524987
SLC39A10,2661.0,0.346494338,214.0,0.078848,0.120866942
SLC44A1,8291.0,0.4365497,264.0,0.21747,-0.182042416
SLC9A3R1,709.0,0.400889529,235.0,0.788472,-0.019044296
SMAP2,1225.0,0.404145004,415.0,0.001708,0.025580259
SMC1A,5954.0,0.490702048,340.0,1.222242,0.194042953
SMG5,1363.0,0.383248033,540.0,-0.190211,0.185004917
SMS,2660.0,0.417677888,252.0,-0.060813,-0.107303799
SMYD3,223.0,0.378821529,130.0,0.433979,0.245338742
SNRNP200,676.0,0.454045162,132.0,0.045383,-0.156062852
SNRPC,474.0,0.427936125,450.0,0.008362,-0.225922854
SNRPD1,4386.0,0.384326147,161.0,-0.269642,-0.104328051
SNRPN,279.0,0.390283395,1145.0,-0.447185,0.208742753
SNX24,5071.0,0.338464018,185.0,-0.79445,0.600954244
SNX30,6144.0,0.426743352,148.0,0.057124,0.424688434
SNX33,5086.0,0.383330712,96.0,0.134307,0.206522672
SOD1,353.0,0.438546885,148.0,0.436238,0.251455782
SOD2,13436.0,0.435065133,1828.0,-0.812773,0.080231453
SP110,3922.0,0.401738483,258.0,0.892185,-0.410786388
SPC24,1691.0,0.381793277,320.0,0.021106,-0.176808328
SPC25,540.0,0.373816265,131.0,-0.60092,-0.493672801
SPCS1,3333.0,0.417439524,205.0,0.325648,-0.140139832
SPI1,383.0,0.406748349,223.0,0.658338,0.17294198
SPRYD4,1406.0,0.430591965,75.0,-0.812684,-0.301884125
SQSTM1,1485.0,0.412192979,360.0,-0.253003,-0.847006867
SRC,2671.0,0.437602812,449.0,0.025617,-0.019458985
SRGAP2,3018.0,0.377689891,542.0,0.139772,0.008875508
SRI,5365.0,0.424260151,79.0,0.072125,0.250830321
SRP19,2645.0,0.430943803,189.0,0.070933,0.127365599
SRPRB,1784.0,0.427990824,285.0,0.198993,-0.497694106
SRR,1392.0,0.393840903,354.0,0.9997,0.561303138
SRXN1,2099.0,0.37663928,185.0,-0.072177,-0.157570203
SS18L2,777.0,0.45997865,208.0,-0.327015,-0.214384854
SSH3,2595.0,0.376349937,178.0,2.206662,1.265031603
SSR2,592.0,0.425839932,80.0,0.210792,-0.096615842
SSR3,3698.0,0.388415977,156.0,0.561672,-0.709420503
SSR4,87.0,0.444947593,150.0,0.578678,-0.254880814
SSRP1,422.0,0.394601844,267.0,-0.477048,-0.281573741
SSU72,400.0,0.445120823,325.0,-0.362907,-0.160875344
ST13,3666.0,0.439823793,468.0,-0.343569,-0.209099925
ST14,553.0,0.454138745,193.0,-0.261674,-0.495916052
STAP1,541.0,0.398288494,113.0,-0.935348,0.507631958
STARD10,1682.0,0.427301627,944.0,1.189483,0.46474076
STAT1,3294.0,0.408136156,388.0,0.7167,-0.739084092
STAT2,1791.0,0.409862748,203.0,0.240204,-0.155470162
STAT6,1168.0,0.380869476,499.0,0.421055,0.194626139
STMN1,1138.0,0.394107416,364.0,1.3e-05,-0.522719301
STOM,2222.0,0.387137797,117.0,-1.550033,-0.799542228
STOML2,531.0,0.456962681,143.0,-0.149569,0.004999263
STX3,5058.0,0.403902965,547.0,-0.77951,0.341574933
STX7,14891.0,0.417568039,327.0,-0.132463,0.039917953
STX8,107.0,0.378438911,150.0,0.352498,0.54310377
SUCLG1,223.0,0.43877655,193.0,-0.53602,0.240206901
SUFU,3380.0,0.361614756,191.0,0.013431,-0.313395477
SUMF1,999.0,0.37076871,37.0,-0.322568,-0.084472907
SUPT4H1,1112.0,0.438747077,103.0,0.391117,0.513388013
SURF2,1720.0,0.440503417,48.0,0.047248,0.167651994
SURF4,2281.0,0.385472445,476.0,0.114835,-0.287294211
SURF6,4908.0,0.42467207,78.0,-0.245245,0.275744143
SUV39H1,1669.0,0.463566826,266.0,0.239429,0.169532248
SYTL1,80.0,0.364244725,197.0,0.173239,0.650910084
TACC3,165.0,0.385699108,155.0,-0.645232,-0.160175576
TAF12,689.0,0.435926756,522.0,0.24019,0.680695147
TAP2,5256.0,0.374969764,175.0,-0.03011,-1.051369499
TATDN2,2040.0,0.415810908,581.0,-0.007579,0.392289696
TBC1D20,3109.0,0.435441414,148.0,-0.153405,0.090558383
TBC1D9B,1396.0,0.395340616,37.0,0.419972,-0.078234812
TBCC,556.0,0.434161456,73.0,-0.205493,-0.009198886
TCEAL3,260.0,0.368171822,262.0,1.517985,1.371560622
TCEAL4,3020.0,0.432120515,489.0,1.176219,1.485559587
TCOF1,1640.0,0.41523122,108.0,0.90648,0.244270575
TDP1,1721.0,0.418036689,317.0,0.13581,0.140492689
TDRD7,242.0,0.375852104,234.0,0.740599,-0.024362204
TDRKH,973.0,0.419795099,182.0,0.01589,0.133695864
TEP1,2777.0,0.379550228,40.0,-0.007405,-0.194105455
TFEB,621.0,0.429366592,302.0,-0.173138,0.177531905
THADA,112.0,0.415199561,352.0,-0.220523,-0.243644042
THUMPD1,2715.0,0.455087735,225.0,-0.356932,-0.061881089
THYN1,205.0,0.377954149,484.0,-0.047067,0.544821661
TIMM50,3932.0,0.424829064,722.0,-0.139377,-0.442093232
TIMM8B,2046.0,0.447942532,30.0,-0.832904,0.11456825
TK2,3965.0,0.360054507,593.0,0.285365,0.377505962
TLE1,571.0,0.374791795,1295.0,-0.424453,0.000609073
TM9SF2,2020.0,0.372522209,233.0,-0.101301,-0.817216908
TMED3,1710.0,0.439016102,188.0,-0.082059,-0.189389459
TMED9,708.0,0.44685712,67.0,-0.058494,-0.055877081
TMEM126A,52.0,0.406087664,295.0,-0.57338,-0.350687357
TMEM199,2431.0,0.370998168,90.0,0.323985,-0.453482746
TMEM63A,1407.0,0.385482014,622.0,0.307732,-0.161980158
TMOD1,2050.0,0.392927141,213.0,-1.537358,0.168080331
TMSB10,278.0,0.470652003,95.0,-0.355173,-0.69700651
TNFAIP1,2409.0,0.451408648,449.0,-0.092154,0.221029611
TNFAIP2,2079.0,0.44214387,131.0,-0.806716,-0.913146972
TNFAIP3,1995.0,0.416242917,370.0,0.094263,0.297866235
TNFAIP8L2,497.0,0.440670719,126.0,0.65759,-0.283935201
TNIP1,770.0,0.448321216,241.0,0.530795,0.661629835
TNK2,822.0,0.420245651,543.0,-0.638819,0.09690277
TNPO2,2070.0,0.408799881,358.0,-0.219225,-0.48362329
TNRC18,1316.0,0.449521205,349.0,0.641001,-0.211875231
TOMM5,518.0,0.441712708,107.0,-0.385677,0.506662432
TOP2A,1003.0,0.364102812,159.0,0.661877,-0.457640357
TOR1A,3160.0,0.446121485,77.0,0.237068,0.098584295
TPD52L2,1600.0,0.385071878,138.0,-0.280674,-0.201903737
TPI1,620.0,0.479135356,527.0,-0.241029,0.509483245
TPM1,757.0,0.403626605,257.0,-0.461088,0.130625217
TRAF1,7433.0,0.438949906,572.0,-0.26583,-0.053168489
TRAF3,5716.0,0.386659664,353.0,-0.091514,-0.153570284
TRAF6,6100.0,0.426668941,381.0,-0.007755,-0.006911806
TRAPPC3,634.0,0.441060625,519.0,-0.219208,-0.007570395
TRAPPC5,42.0,0.453352607,241.0,0.503971,0.13224086
TRAPPC6B,2539.0,0.437369008,335.0,-0.139924,0.134215508
TRAPPC9,3079.0,0.431357199,134.0,0.473376,-0.101772064
TRIM14,3117.0,0.369225689,165.0,0.007616,0.107639892
TRIM22,1215.0,0.424423711,379.0,0.226663,-0.295548848
TRIM26,1431.0,0.384319522,565.0,-0.131181,0.092594681
TRIM27,2956.0,0.441704825,359.0,-0.266913,-0.267197621
TRIM41,1657.0,0.454716896,737.0,0.240514,-0.065589655
TRIM5,2312.0,0.426412011,303.0,-0.154511,0.325256766
TRIP12,3739.0,0.40441217,297.0,0.368037,-0.175223522
TRIP13,2852.0,0.433721983,145.0,-0.828837,-0.767994704
TRMT5,3660.0,0.405137655,572.0,0.191838,-0.008645894
TRUB2,4655.0,0.434714666,759.0,-0.450125,-0.289298416
TSFM,1390.0,0.429356434,57.0,-0.65138,-0.343097981
TSPYL1,7303.0,0.373212405,287.0,0.381037,-0.66178374
TSR2,1366.0,0.464925113,443.0,0.712863,0.353324425
TTC39C,3394.0,0.378954091,452.0,0.632367,0.319130888
TTC7A,2213.0,0.393400181,1272.0,-1.037563,-0.176725678
TTPAL,5319.0,0.425556123,145.0,-0.001856,0.148849718
TUBA1C,110.0,0.451729991,576.0,-0.131166,-0.011319019
TUBA4A,644.0,0.402818439,556.0,-1.648708,-0.207103618
TUBB,1030.0,0.390058461,509.0,-0.031872,-0.137761921
TUBB6,2302.0,0.468445054,1139.0,-0.737259,0.031279816
TUBGCP4,1934.0,0.368175973,296.0,0.818171,-0.36142653
TUSC1,1294.0,0.429789613,537.0,-0.444502,-0.137301884
TXNL4A,3129.0,0.472736328,466.0,-0.090176,0.139780257
TYMP,18.0,0.429537249,376.0,1.231985,-0.275333899
TYMS,581.0,0.364557025,159.0,-0.234783,-0.228951665
TYROBP,168.0,0.417048036,81.0,0.546662,-0.04182354
UBAP2L,353.0,0.367068802,167.0,0.523069,0.000991911
UBE2B,4002.0,0.405496028,420.0,-0.149928,0.49690625
UBE2E1,1034.0,0.417917446,229.0,-0.37479,1.161223521
UBE2L3,2365.0,0.455573936,198.0,-0.529843,-0.450677279
UBE2L6,703.0,0.431638779,653.0,0.06335,-0.793308205
UBE4B,1283.0,0.418913915,688.0,-0.132663,0.037524462
UBIAD1,2303.0,0.446280173,334.0,0.320135,-0.288191012
UBR4,797.0,0.387393976,4.0,-0.053544,-0.159566756
UBTF,2209.0,0.400105612,296.0,0.010734,-0.010215991
UBXN1,220.0,0.422601268,194.0,0.26563,0.071784211
UCK2,4043.0,0.447469338,640.0,-0.521646,-0.020735585
UGGT1,5935.0,0.374564832,178.0,0.16613,0.023776398
UHRF1BP1,5130.0,0.373569339,234.0,0.308918,-0.081662794
UNC45A,377.0,0.475530537,1022.0,0.030998,-0.456233934
UNG,1024.0,0.368897526,209.0,-0.323109,0.250334781
UNK,1388.0,0.447315534,42.0,-0.101424,0.031382763
UQCR11,4379.0,0.470309826,75.0,0.185415,-0.192993465
UQCRC1,129.0,0.462829321,45.0,0.236559,0.319848993
UQCRH,193.0,0.365128489,320.0,-0.45813,-0.257957934
UROD,171.0,0.391539164,133.0,-0.306226,-0.107169446
UROS,3849.0,0.422413435,266.0,0.325588,0.303233082
USP18,580.0,0.434940763,338.0,0.578253,-1.733889662
USP39,571.0,0.39295741,223.0,-0.044569,-0.527927525
UTP6,2466.0,0.429918331,83.0,0.25842,-0.220413852
VAC14,489.0,0.396517204,827.0,0.305753,-0.012376778
VAMP8,451.0,0.398153421,156.0,0.041963,-0.082397752
VASP,824.0,0.388921088,342.0,-0.125537,0.156097357
VAT1,1456.0,0.406330787,120.0,0.064188,-0.0530603
VDAC3,475.0,0.440388181,210.0,2.403334,1.345313203
VGLL4,2489.0,0.432812067,506.0,-0.275352,0.108796959
VIM,431.0,0.411136971,462.0,-0.172106,0.316917248
VPS28,291.0,0.476756313,109.0,0.010449,-0.405648242
VPS33B,559.0,0.447669729,583.0,-0.126113,0.002520378
VPS39,2053.0,0.440628838,173.0,0.441129,0.039735068
VPS52,2870.0,0.393546356,887.0,0.092006,-0.11630086
WASF2,4090.0,0.365213822,245.0,-0.548063,-0.016458554
WBP2,1040.0,0.392225719,515.0,0.230955,0.272981324
WDFY2,7044.0,0.36603015,340.0,-0.877794,0.043806975
WDR1,1039.0,0.393247178,368.0,0.210121,0.210239295
WDR36,3619.0,0.40459335,117.0,-0.26081,-0.347632452
WDR37,8068.0,0.365587877,173.0,-0.790881,0.013318351
WDR4,293.0,0.380589271,581.0,-0.696614,-0.343344347
WDR47,1216.0,0.402106333,376.0,0.417259,-0.011262047
WDR48,1924.0,0.419028298,472.0,0.91151,0.317828462
WDR5,1979.0,0.401607191,171.0,-0.624064,0.162700707
WDR54,97.0,0.394793766,128.0,-0.061987,0.154141838
WDR61,197.0,0.411764619,310.0,0.059683,0.218777285
WDR77,4184.0,0.412330102,139.0,-0.093239,-0.222752914
WDR91,4946.0,0.380864599,823.0,-0.382307,0.041693132
WDR92,2520.0,0.427217839,117.0,-0.662584,0.010880738
YTHDF1,1279.0,0.384821843,294.0,-0.164978,-0.048752573
YTHDF3,3082.0,0.406652071,509.0,-0.366769,-0.112862775
YY1,5192.0,0.440120149,480.0,-0.208139,0.342484013
ZBED1,2221.0,0.457533868,282.0,0.49707,0.269625285
ZBTB8OS,1087.0,0.406816332,276.0,-0.26444,-0.035622681
ZC3H12A,768.0,0.421626239,1056.0,-0.793638,0.326610964
ZC3H4,2169.0,0.436042942,38.0,0.336334,0.12083253
ZFP36L1,2846.0,0.395541595,976.0,-0.364697,0.184666495
ZMAT2,1942.0,0.460376067,101.0,0.190095,0.220715977
ZMIZ2,4165.0,0.419562196,128.0,0.049981,-1.306412444
ZMYM3,1292.0,0.378831729,749.0,0.523432,0.062904628
ZNF207,13817.0,0.386696564,148.0,-0.089343,-0.015023604
ZNF511,243.0,0.452392726,55.0,-0.110457,0.058262756
ZNF516,4816.0,0.393186692,318.0,0.826753,-0.302711858
ZNF622,1298.0,0.463753859,120.0,0.147969,-0.182147798
ZNHIT2,49.0,0.440612513,85.0,-2.491301,0.076035317
ZWINT,4585.0,0.411772707,37.0,-0.746329,0.012659507
